Peggy,peggy,s,CharNamesNeutral,0
Mohan’s,mohan’s,s,,0
Jahajin,jahajin,s,,0
is,is,s,OtherOrphanedOther,0
a,a,s,NarrTimeShiftNeutral,0
historical,historical,s,NarrTimeShiftNeutral,1
and,and,s,OtherSyntacticComplexityOther,0
semi-autobiographical,semi-autobiographical,s,SpecialTopicsMiscellanyNeutral,0
novel,novel,s,SpecialTopicsMiscellanyNeutral,1
that,that,s,OtherOrphanedOther,0
interweaves,interweaves,s,DescriptVisualNeutral,0
personal,personal,s,SpecialTopicsMiscellanyNeutral,0
narrative,narrative,c,SpecialTopicsMiscellanyNeutral,1
",",",",s,,0
oral,oral,s,ExpoOtherNeutral,0
history,history,s,ExpoOtherNeutral,1
and,and,s,OtherSyntacticComplexityOther,0
cultural,cultural,s,SpecialTopicsMiscellanyNeutral,0
memory,memory,s,CharMentalStatesNeutral,0
to,to,s,OtherOrphanedOther,0
portray,portray,s,DescriptOtherNeutral,0
the,the,s,DescriptOtherNeutral,1
Indian,indian,s,PubLawNeutral,0
indenture,indenture,s,PubLawNeutral,1
experience,experience,s,StratOtherPos,0
in,in,s,StratOtherPos,1
Trinidad,trinidad,c,SpecialTopicsPlaceNeutral,0
",",",",s,,0
with,with,s,CharTraitsNeutral,0
a,a,s,CharTraitsNeutral,1
particular,particular,s,CharTraitsNeutral,2
focus,focus,s,CharTraitsNeutral,3
on,on,s,OtherSyntacticComplexityOther,0
the,the,s,OtherSyntacticComplexityOther,1
journeys,journeys,s,NarrSceneShiftNeutral,0
and,and,s,OtherSyntacticComplexityOther,0
agency,agency,s,PubAdministrationNeutral,0
of,of,s,OtherOrphanedOther,0
women,women,s,CharTypesNeutral,0
known,known,s,NarrActsNeutral,0
as,as,s,NarrActsNeutral,1
jahajins,jahajins,s,,0
(,(,c,OtherOrphanedOther,0
literally,literally,s,MetadiscourseOtherNeutral,0
“,",c,,0
ship-sisters,ship-sisters,c,,0
”,",c,,0
),),c,OtherOrphanedOther,0
.,.,n,,0
Core,core,s,OtherOrphanedOther,0
Premise,premise,c,ReasoningPremiseNeutral,0
:,:,n,,0
The,the,s,SpecialTopicsMiscellanyNeutral,0
story,story,s,SpecialTopicsMiscellanyNeutral,1
is,is,s,OtherOrphanedOther,0
framed,framed,s,OtherOrphanedOther,0
through,through,s,OtherOrphanedOther,0
the,the,s,OtherOrphanedOther,0
perspective,perspective,s,SpecialTopicsMiscellanyNeutral,0
of,of,s,OtherSyntacticComplexityOther,0
a,a,s,OtherSyntacticComplexityOther,1
young,young,s,DescriptVisualNeutral,0
Trinidad-born,trinidad-born,s,NarrBiographyNeutral,0
linguist,linguist,s,CharTypesNeutral,0
of,of,s,CharTypesNeutral,0
Indian,indian,s,CharTypesNeutral,1
descent,descent,s,CharTypesNeutral,2
conducting,conducting,s,ExpoOtherNeutral,0
research,research,s,ExpoOtherNeutral,1
on,on,s,OtherOrphanedOther,0
Bhojpuri,bhojpuri,c,,0
",",",",s,,0
the,the,s,OtherOrphanedOther,0
dialect,dialect,s,SpecialTopicsMiscellanyNeutral,0
brought,brought,s,NarrActsNeutral,0
by,by,s,OtherOrphanedOther,0
Indian,indian,s,CharTypesNeutral,0
migrants,migrants,s,NarrSceneShiftNeutral,0
to,to,s,OtherOrphanedOther,0
the,the,s,OtherOrphanedOther,0
Caribbean,caribbean,c,SpecialTopicsPlaceNeutral,0
.,.,s,,0
In,in,s,NarrSequenceNeutral,0
the,the,s,NarrSequenceNeutral,1
course,course,s,NarrSequenceNeutral,2
of,of,s,NarrSequenceNeutral,3
her,her,s,CharNamesNeutral,0
work,work,s,OtherOrphanedOther,0
she,she,s,CharNamesNeutral,0
interviews,interviews,s,SpecialTopicsMiscellanyNeutral,0
Deeda,deeda,c,,0
",",",",s,,0
a,a,s,OtherOrphanedOther,0
110-year-old,110-year-old,s,CharTypesNeutral,0
jahajin,jahajin,s,,0
who,who,s,OtherOrphanedOther,0
traveled,traveled,s,NarrSceneShiftNeutral,0
from,from,s,NarrSceneShiftNeutral,1
her,her,s,CharNamesNeutral,0
village,village,s,SpecialTopicsPlaceNeutral,0
in,in,s,OtherOrphanedOther,0
Basti,basti,c,,0
",",",",s,,0
northern,northern,s,SpecialTopicsPlaceNeutral,0
India,india,c,SpecialTopicsPlaceNeutral,0
",",",",s,,0
to,to,s,OtherOrphanedOther,0
Trinidad,trinidad,s,SpecialTopicsPlaceNeutral,0
with,with,s,OtherOrphanedOther,0
her,her,s,CharNamesNeutral,0
young,young,s,DescriptVisualNeutral,0
son,son,s,CharTypesNeutral,0
as,as,s,OtherOrphanedOther,0
an,an,s,OtherOrphanedOther,1
indentured,indentured,s,PubLawNeutral,0
laborer,laborer,s,CharTypesNeutral,0
on,on,s,OtherOrphanedOther,0
sugar,sugar,s,DescriptObjectsNeutral,0
plantations,plantations,c,DescriptVisualNeutral,0
.,.,s,,0
Through,through,s,OtherOrphanedOther,0
Deeda’s,deeda’s,s,,0
recollections,recollections,c,CharMentalStatesNeutral,0
",",",",s,,0
the,the,s,OtherOrphanedOther,0
narrator,narrator,s,SpecialTopicsMiscellanyNeutral,0
reconstructs,reconstructs,s,DescriptChangePos,0
the,the,s,OtherOrphanedOther,0
remarkable,remarkable,s,NarrSceneShiftNeutral,0
journey,journey,s,NarrSceneShiftNeutral,1
from,from,s,OtherOrphanedOther,0
India,india,s,SpecialTopicsPlaceNeutral,0
to,to,s,CitationQuotationNeutral,0
“,",c,CitationQuotationNeutral,1
Chini-dad,chini-dad,c,,0
”,",s,,0
(,(,c,OtherOrphanedOther,0
the,the,s,SpecialTopicsMiscellanyNeutral,0
name,name,s,SpecialTopicsMiscellanyNeutral,1
Indians,indians,s,CharTypesNeutral,0
gave,gave,s,OtherOrphanedOther,0
Trinidad,trinidad,s,SpecialTopicsPlaceNeutral,0
for,for,s,OtherOrphanedOther,0
its,its,s,OtherOrphanedOther,0
sugar,sugar,c,DescriptObjectsNeutral,0
),),c,OtherOrphanedOther,0
",",",",s,,0
the,the,s,OtherOrphanedOther,0
settlement,settlement,s,PosRelAgree,0
and,and,s,OtherSyntacticComplexityOther,0
community,community,s,SpecialTopicsMiscellanyNeutral,0
life,life,s,SpecialTopicsMiscellanyNeutral,1
that,that,s,OtherOrphanedOther,0
followed,followed,c,NarrSequenceNeutral,0
",",",",s,,0
and,and,s,OtherSyntacticComplexityOther,0
the,the,s,OtherSyntacticComplexityOther,1
cultural,cultural,s,SpecialTopicsMiscellanyNeutral,0
transformations,transformations,s,DescriptChangeNeutral,0
that,that,s,OtherOrphanedOther,0
unfolded,unfolded,s,DescriptChangeNeutral,0
over,over,s,OtherOrphanedOther,0
generations,generations,c,SpecialTopicsMiscellanyNeutral,0
.,.,n,,0
Narrative,narrative,s,SpecialTopicsMiscellanyNeutral,0
Structure,structure,s,SpecialTopicsMiscellanyNeutral,1
and,and,s,OtherSyntacticComplexityOther,0
Themes,themes,c,SpecialTopicsMiscellanyNeutral,0
:,:,n,,0
Migration,migration,s,NarrSceneShiftNeutral,0
and,and,s,OtherSyntacticComplexityOther,0
Indenture,indenture,c,PubLawNeutral,0
:,:,s,,0
The,the,s,DescriptObjectsNeutral,0
novel,novel,s,DescriptObjectsNeutral,1
opens,opens,s,NarrSequenceNeutral,0
with,with,s,NarrSequenceNeutral,1
the,the,s,DescriptObjectsNeutral,0
train,train,s,DescriptObjectsNeutral,1
ride,ride,s,NarrSceneShiftNeutral,0
from,from,s,NarrSceneShiftNeutral,1
Faizabad,faizabad,s,SpecialTopicsPlaceNeutral,0
to,to,s,OtherOrphanedOther,0
Calcutta,calcutta,c,SpecialTopicsPlaceNeutral,0
",",",",s,,0
followed,followed,s,NarrSequenceNeutral,0
by,by,s,NarrSequenceNeutral,1
a,a,s,NarrSequenceNeutral,2
three-month,three-month,s,NarrSceneShiftNeutral,0
voyage,voyage,s,NarrSceneShiftNeutral,1
around,around,s,DescriptVisualNeutral,0
the,the,s,DescriptVisualNeutral,1
Cape,cape,s,DescriptObjectsNeutral,0
of,of,s,OtherOrphanedOther,0
Good,good,s,PosValuesGoodness,0
Hope,hope,s,FutureOtherPos,0
to,to,s,FutureOtherPos,1
Trinidad,trinidad,s,SpecialTopicsPlaceNeutral,0
—,—,s,,0
a,a,s,OtherOrphanedOther,0
journey,journey,s,NarrSceneShiftNeutral,0
that,that,s,OtherOrphanedOther,0
is,is,s,OtherOrphanedOther,0
both,both,s,OtherSyntacticComplexityOther,0
physically,physically,s,SpecialTopicsMiscellanyNeutral,0
arduous,arduous,s,CharTraitsNeutral,0
and,and,s,OtherSyntacticComplexityOther,0
culturally,culturally,s,SpecialTopicsMiscellanyNeutral,0
dislocating,dislocating,c,NarrSceneShiftNeg,0
.,.,n,,0
Goodreads,goodreads,n,,0
Oral,oral,s,ExpoOtherNeutral,0
History,history,s,ExpoOtherNeutral,1
and,and,s,OtherSyntacticComplexityOther,0
Memory,memory,c,CharMentalStatesNeutral,0
:,:,s,,0
Deeda’s,deeda’s,s,,0
stories,stories,s,NarrSequenceNeutral,0
are,are,s,OtherOrphanedOther,0
rich,rich,s,PosValuesOther,0
in,in,s,PosValuesOther,1
lived,lived,s,StratOtherPos,0
experience,experience,c,StratOtherPos,1
",",",",s,,0
conveying,conveying,s,NarrActsNeutral,0
not,not,s,ForcefulEmphaticNeutral,0
just,just,s,ForcefulEmphaticNeutral,1
historical,historical,s,NarrOtherNeutral,0
events,events,s,NarrOtherNeutral,1
but,but,s,MetadiscourseContrastNeutral,0
the,the,s,OtherOrphanedOther,0
emotions,emotions,c,SpecialTopicsMiscellanyNeutral,0
",",",",s,,0
traditions,traditions,c,NarrOtherNeutral,0
",",",",s,,0
and,and,s,OtherSyntacticComplexityOther,0
everyday,everyday,s,NarrDurationNeutral,0
realities,realities,s,SpecialTopicsMiscellanyNeutral,0
of,of,s,OtherOrphanedOther,0
jahajins,jahajins,c,,0
.,.,n,,0
Folk,folk,s,CharTypesNeutral,0
Narrative,narrative,s,SpecialTopicsMiscellanyNeutral,0
Within,within,s,OtherOrphanedOther,0
Narrative,narrative,c,SpecialTopicsMiscellanyNeutral,0
:,:,s,,0
Embedded,embedded,s,DescriptVisualNeutral,0
within,within,s,DescriptVisualNeutral,1
the,the,s,OtherOrphanedOther,0
real-world,real-world,s,,0
migration,migration,s,NarrSequenceNeutral,0
story,story,s,NarrSequenceNeutral,1
is,is,s,OtherOrphanedOther,0
a,a,s,OtherOrphanedOther,0
dreamlike,dreamlike,s,,0
folk,folk,s,SpecialTopicsMiscellanyNeutral,0
tale,tale,s,SpecialTopicsMiscellanyNeutral,1
about,about,s,OtherOrphanedOther,0
Saranga,saranga,s,,0
and,and,s,OtherSyntacticComplexityOther,0
Sada,sada,s,CharNamesNeutral,0
Birij,birij,c,,0
",",",",s,,0
a,a,s,OtherOrphanedOther,0
mythic,mythic,s,SpecialTopicsMiscellanyNeutral,0
romance,romance,s,SpecialTopicsMiscellanyNeutral,0
that,that,s,OtherOrphanedOther,0
reflects,reflects,s,OtherOrphanedOther,0
themes,themes,s,SpecialTopicsMiscellanyNeutral,0
of,of,s,PosRelOther,0
love,love,c,PosRelOther,1
",",",",s,,0
loss,loss,s,NegEmotionsLoss,0
and,and,s,OtherSyntacticComplexityOther,0
transformation,transformation,c,DescriptChangeNeutral,0
",",",",s,,0
and,and,s,OtherSyntacticComplexityOther,0
functions,functions,s,ExpoOtherNeutral,0
as,as,s,ExpoOtherNeutral,1
a,a,s,OtherOrphanedOther,0
symbolic,symbolic,s,SpecialTopicsMiscellanyNeutral,0
counterpoint,counterpoint,s,NegActsResist,0
to,to,s,OtherOrphanedOther,0
the,the,s,OtherOrphanedOther,0
migrant,migrant,s,NarrSceneShiftNeutral,0
experience,experience,c,NarrActsNeutral,0
.,.,n,,0
Cultural,cultural,s,SpecialTopicsMiscellanyNeutral,0
Identity,identity,s,SpecialTopicsMiscellanyNeutral,1
and,and,s,OtherSyntacticComplexityOther,0
Language,language,c,SpecialTopicsMiscellanyNeutral,0
:,:,s,,0
As,as,s,OtherOrphanedOther,0
a,a,s,OtherOrphanedOther,1
trained,trained,s,,0
linguist,linguist,c,CharTypesNeutral,0
",",",",s,,0
the,the,s,OtherOrphanedOther,0
narrator,narrator,s,SpecialTopicsMiscellanyNeutral,0
is,is,s,PosRelHarmony,0
attuned,attuned,s,PosRelHarmony,1
to,to,s,PosRelHarmony,2
how,how,s,OtherOrphanedOther,0
language,language,s,SpecialTopicsMiscellanyNeutral,0
—,—,s,,0
especially,especially,s,ForcefulEmphaticNeutral,0
Bhojpuri,bhojpuri,s,,0
—,—,s,,0
evolves,evolves,c,DescriptChangePos,0
",",",",s,,0
flourishes,flourishes,s,DescriptChangePos,0
and,and,s,OtherSyntacticComplexityOther,0
fades,fades,s,DescriptChangeNeutral,0
in,in,s,DescriptChangeNeutral,1
diaspora,diaspora,c,SpecialTopicsMiscellanyNeutral,0
.,.,s,,0
The,the,s,SpecialTopicsMiscellanyNeutral,0
book,book,s,SpecialTopicsMiscellanyNeutral,1
traces,traces,s,SpecialTopicsMiscellanyNeutral,2
how,how,s,OtherOrphanedOther,0
linguistic,linguistic,s,SpecialTopicsMiscellanyNeutral,0
change,change,s,DescriptChangeNeutral,0
parallels,parallels,s,ExpoComparisonNeutral,0
cultural,cultural,s,SpecialTopicsMiscellanyNeutral,0
and,and,s,OtherSyntacticComplexityOther,0
generational,generational,s,NarrTurningPointNeutral,0
shifts,shifts,s,NarrTurningPointNeutral,1
among,among,s,OtherSyntacticComplexityOther,0
the,the,s,OtherSyntacticComplexityOther,1
Indo-Trinidadian,indo-trinidadian,s,,0
community,community,c,SpecialTopicsMiscellanyNeutral,0
.,.,n,,0
Women's,women's,s,CharTypesNeutral,0
Writing,writing,s,ResponsibilityAssignNeutral,0
Assignments,assignments,c,ResponsibilityAssignNeutral,1
",",",",s,CitationReferenceNeutral,0
2013,2013,n,CitationReferenceNeutral,1
Women’s,women’s,s,CharTypesNeutral,0
Agency,agency,c,PubAdministrationNeutral,0
:,:,s,,0
While,while,s,NarrDurationNeutral,0
the,the,s,NarrDurationNeutral,1
broader,broader,s,NarrOtherNeutral,0
history,history,s,NarrOtherNeutral,1
of,of,s,OtherOrphanedOther,0
indenture,indenture,s,PubLawNeutral,0
often,often,s,NarrDurationNeutral,0
foregrounds,foregrounds,s,ForcefulEmphaticNeutral,0
male,male,s,CharTypesNeutral,0
experiences,experiences,c,NarrActsNeutral,0
",",",",s,,0
Jahajin,jahajin,s,,0
centers,centers,s,SpecialTopicsMiscellanyNeutral,0
female,female,s,CharTypesNeutral,0
migrants,migrants,s,NarrSceneShiftNeutral,0
and,and,s,OtherSyntacticComplexityOther,0
highlights,highlights,s,SpecialTopicsMiscellanyNeutral,0
their,their,s,CharNamesNeutral,0
resilience,resilience,c,PosActsResilience,0
",",",",s,,0
leadership,leadership,s,StratOtherNeutral,0
and,and,s,OtherSyntacticComplexityOther,0
decisive,decisive,s,ConfidenceHighNeutral,0
roles,roles,s,ConfidenceHighNeutral,1
in,in,s,OtherOrphanedOther,0
building,building,s,NarrActsNeutral,0
new,new,s,NarrImmediacyNeutral,0
lives,lives,s,NarrBiographyNeutral,0
abroad,abroad,c,NarrSceneShiftNeutral,0
.,.,s,,0
The,the,s,OtherOrphanedOther,0
title,title,s,SpecialTopicsMiscellanyNeutral,0
itself,itself,s,ForcefulEmphaticNeutral,0
emphasizes,emphasizes,s,ForcefulEmphaticNeutral,0
the,the,s,ForcefulEmphaticNeutral,1
sisterhood,sisterhood,s,PosRelSisterhood,0
and,and,s,OtherSyntacticComplexityOther,0
shared,shared,s,NarrSceneShiftNeutral,0
journeys,journeys,s,NarrSceneShiftNeutral,1
of,of,s,OtherOrphanedOther,0
these,these,s,OtherOrphanedOther,0
women,women,c,CharTypesNeutral,0
.,.,n,,0
Significance,significance,c,ForcefulSignificantNeutral,0
:,:,n,,0
Jahajin,jahajin,s,,0
serves,serves,s,OtherOrphanedOther,0
as,as,s,OtherOrphanedOther,1
both,both,s,MetadiscourseOtherNeutral,0
a,a,s,MetadiscourseOtherNeutral,1
narrative,narrative,s,SpecialTopicsMiscellanyNeutral,0
of,of,s,OtherOrphanedOther,0
indentured,indentured,s,PubLawNeutral,0
migration,migration,s,NarrSceneShiftNeutral,0
and,and,s,OtherSyntacticComplexityOther,0
a,a,s,OtherSyntacticComplexityOther,1
meditation,meditation,s,CharMentalStatesNeutral,0
on,on,s,OtherOrphanedOther,0
memory,memory,c,CharMentalStatesNeutral,0
",",",",s,,0
language,language,c,SpecialTopicsMiscellanyNeutral,0
",",",",s,,0
gender,gender,s,SpecialTopicsMiscellanyNeutral,0
and,and,s,OtherSyntacticComplexityOther,0
identity,identity,c,SpecialTopicsMiscellanyNeutral,0
.,.,s,,0
Through,through,s,CharSubjectivityNeutral,0
personal,personal,s,CharSubjectivityNeutral,1
testimony,testimony,s,PubAdministrationNeutral,0
and,and,s,OtherSyntacticComplexityOther,0
folk,folk,s,CharTypesNeutral,0
tradition,tradition,c,NarrOtherNeutral,0
",",",",s,,0
Peggy,peggy,s,CharNamesNeutral,0
Mohan,mohan,s,CharNamesNeutral,0
brings,brings,s,DescriptChangePos,0
to,to,s,DescriptChangePos,1
life,life,s,DescriptChangePos,2
the,the,s,OtherOrphanedOther,0
complex,complex,s,SpecialTopicsMiscellanyNeutral,0
interplay,interplay,s,OtherOrphanedOther,0
between,between,s,OtherOrphanedOther,0
historical,historical,s,NarrOtherNeutral,0
forces,forces,s,SpecialTopicsMiscellanyNeutral,0
and,and,s,OtherSyntacticComplexityOther,0
intimate,intimate,s,PosRelIntimate,0
human,human,s,SpecialTopicsMiscellanyNeutral,0
experience,experience,c,NarrActsNeutral,0
",",",",s,,0
especially,especially,s,ExpoOtherNeutral,0
the,the,s,ExpoOtherNeutral,1
contributions,contributions,s,PosValuesOther,0
and,and,s,OtherSyntacticComplexityOther,0
agency,agency,s,PubAdministrationNeutral,0
of,of,s,OtherOrphanedOther,0
women,women,s,CharTypesNeutral,0
in,in,s,OtherSyntacticComplexityOther,0
the,the,s,OtherSyntacticComplexityOther,1
formation,formation,s,OtherSyntacticComplexityOther,2
of,of,s,OtherOrphanedOther,0
Indo-Caribbean,indo-caribbean,s,,0
cultural,cultural,s,SpecialTopicsMiscellanyNeutral,0
identity,identity,c,SpecialTopicsMiscellanyNeutral,1
.,.,n,,0
The,the,s,SpecialTopicsMiscellanyNeutral,0
word,word,s,SpecialTopicsMiscellanyNeutral,1
“,",c,,0
girmit,girmit,c,,0
”,",s,,0
originates,originates,s,DescriptVisualNeutral,0
from,from,s,DescriptVisualNeutral,1
a,a,s,OtherOrphanedOther,0
linguistic,linguistic,s,SpecialTopicsMiscellanyNeutral,0
adaptation,adaptation,s,DescriptChangeNeutral,0
made,made,s,ReasoningOtherNeutral,0
by,by,s,ReasoningOtherNeutral,1
Indian,indian,s,PubLawNeutral,0
indentured,indentured,s,PubLawNeutral,1
laborers,laborers,s,CharTypesNeutral,0
during,during,s,NarrDurationNeutral,0
the,the,s,NarrDurationNeutral,1
colonial,colonial,s,NarrDurationNeutral,0
period,period,c,NarrDurationNeutral,1
.,.,n,,0
Origin,origin,s,NarrSequenceNeutral,0
and,and,s,OtherSyntacticComplexityOther,0
Meaning,meaning,n,SpecialTopicsMiscellanyNeutral,0
Source,source,s,SpecialTopicsMiscellanyNeutral,0
word,word,c,SpecialTopicsMiscellanyNeutral,0
:,:,s,,0
Agreement,agreement,s,PosRelAgree,0
(,(,c,OtherOrphanedOther,0
English,english,c,SpecialTopicsMiscellanyNeutral,0
),),n,OtherOrphanedOther,0
How,how,s,InquiryCuriosityNeutral,0
it,it,s,InquiryCuriosityNeutral,1
changed,changed,c,DescriptChangeNeutral,0
:,:,s,InterQuestionNeutral,0
When,when,s,InterQuestionNeutral,1
British,british,s,CharTypesNeutral,0
colonial,colonial,s,SpecialTopicsMiscellanyNeutral,0
officials,officials,s,CharTypesNeutral,0
recruited,recruited,s,StratCoordinationNeutral,0
laborers,laborers,s,CharTypesNeutral,0
from,from,s,OtherOrphanedOther,0
India,india,s,SpecialTopicsPlaceNeutral,0
for,for,s,OtherOrphanedOther,0
overseas,overseas,s,NarrSceneShiftNeutral,0
plantation,plantation,s,DescriptVisualNeutral,0
work,work,s,OtherOrphanedOther,0
(,(,c,OtherOrphanedOther,0
in,in,s,OtherOrphanedOther,0
the,the,s,OtherOrphanedOther,0
Caribbean,caribbean,c,SpecialTopicsPlaceNeutral,0
",",",",s,,0
Fiji,fiji,c,SpecialTopicsPlaceNeutral,0
",",",",s,,0
Mauritius,mauritius,c,SpecialTopicsPlaceNeutral,0
",",",",s,,0
South,south,s,SpecialTopicsPlaceNeutral,0
Africa,africa,c,SpecialTopicsPlaceNeutral,1
",",",",s,,0
etc,etc,c,OtherOrphanedOther,0
.,.,c,OtherOrphanedOther,1
),),c,OtherOrphanedOther,0
",",",",s,,0
workers,workers,s,CharTypesNeutral,0
were,were,s,PubAdministrationNeutral,0
required,required,s,PubAdministrationNeutral,1
to,to,s,PubAdministrationNeutral,2
sign,sign,s,PubAdministrationNeutral,0
a,a,s,PubAdministrationNeutral,1
labor,labor,s,PubAdministrationNeutral,2
agreement,agreement,s,PubAdministrationNeutral,3
outlining,outlining,s,OtherOrphanedOther,0
the,the,s,OtherOrphanedOther,0
terms,terms,s,SpecialTopicsMiscellanyNeutral,0
of,of,s,SpecialTopicsMiscellanyNeutral,1
indenture,indenture,c,PubLawNeutral,0
.,.,n,,0
Phonetic,phonetic,s,SpecialTopicsMiscellanyNeutral,0
transformation,transformation,c,DescriptChangeNeutral,0
:,:,s,,0
Many,many,s,ExpoOtherNeutral,0
recruits,recruits,s,StratCoordinationNeutral,0
spoke,spoke,s,InterOtherNeutral,0
Bhojpuri,bhojpuri,c,,0
",",",",s,,0
Awadhi,awadhi,c,,0
",",",",s,,0
or,or,s,OtherSyntacticComplexityOther,0
other,other,s,,0
North,north,s,SpecialTopicsPlaceNeutral,0
Indian,indian,s,CharTypesNeutral,0
languages,languages,s,SpecialTopicsMiscellanyNeutral,0
and,and,s,OtherSyntacticComplexityOther,0
had,had,s,NarrOtherNeutral,0
little,little,s,DescriptVisualNeutral,0
or,or,s,OtherSyntacticComplexityOther,0
no,no,s,NegActsResist,0
familiarity,familiarity,s,InterOtherNeutral,0
with,with,s,InterOtherNeutral,1
English,english,c,SpecialTopicsMiscellanyNeutral,0
.,.,s,,0
The,the,s,SpecialTopicsMiscellanyNeutral,0
word,word,s,SpecialTopicsMiscellanyNeutral,1
agreement,agreement,s,PosRelAgree,0
was,was,s,NarrOtherNeutral,0
heard,heard,c,DescriptVisualNeutral,0
",",",",s,,0
pronounced,pronounced,c,PubCommunicationNeutral,0
",",",",s,,0
and,and,s,OtherSyntacticComplexityOther,0
absorbed,absorbed,s,DescriptVisualNeutral,0
as,as,s,CitationQuotationNeutral,0
“,",c,CitationQuotationNeutral,1
girmit,girmit,c,,0
.,.,c,,0
”,",n,,0
Resulting,resulting,s,,0
term,term,c,SpecialTopicsMiscellanyNeutral,0
:,:,s,,0
A,a,s,OtherOrphanedOther,0
laborer,laborer,s,CharTypesNeutral,0
bound,bound,s,DescriptVisualNeutral,0
by,by,s,DescriptVisualNeutral,1
such,such,s,OtherOrphanedOther,0
a,a,s,OtherOrphanedOther,1
contract,contract,s,NarrActsNeutral,0
became,became,s,InquiryDiscoveryNeutral,0
known,known,s,InquiryDiscoveryNeutral,1
as,as,s,OtherOrphanedOther,0
a,a,s,OtherOrphanedOther,1
“,",c,,0
girmitiya,girmitiya,c,,0
”,",s,,0
(,(,c,OtherOrphanedOther,0
or,or,s,OtherSyntacticComplexityOther,0
girmitiya,girmitiya,s,,0
mazdoor,mazdoor,c,,0
),),c,OtherOrphanedOther,0
",",",",s,ReasoningConcludeNeutral,0
meaning,meaning,s,ReasoningConcludeNeutral,1
an,an,s,ReasoningConcludeNeutral,2
indentured,indentured,s,PubLawNeutral,0
worker,worker,c,CharTypesNeutral,0
.,.,n,,0
Historical,historical,s,NarrOtherNeutral,0
and,and,s,OtherSyntacticComplexityOther,0
Cultural,cultural,s,SpecialTopicsMiscellanyNeutral,0
Significance,significance,n,ForcefulSignificantNeutral,0
Girmit,girmit,s,,0
came,came,s,NarrSceneShiftNeutral,0
to,to,s,NarrSceneShiftNeutral,1
signify,signify,s,ExpoDefinitionNeutral,0
far,far,s,ExpoComparisonNeutral,0
more,more,s,ExpoComparisonNeutral,1
than,than,s,ExpoComparisonNeutral,2
a,a,s,ExpoComparisonNeutral,3
legal,legal,s,PubLawNeutral,0
contract,contract,c,PubLawNeutral,1
.,.,s,,0
In,in,s,OtherOrphanedOther,0
diasporic,diasporic,s,SpecialTopicsMiscellanyNeutral,0
communities,communities,c,SpecialTopicsMiscellanyNeutral,1
",",",",s,,0
it,it,s,,0
encapsulates,encapsulates,c,OtherOrphanedOther,0
:,:,n,,0
The,the,s,OtherOrphanedOther,0
system,system,s,SpecialTopicsMiscellanyNeutral,0
of,of,s,SpecialTopicsMiscellanyNeutral,1
indentured,indentured,s,PubLawNeutral,0
labor,labor,s,SpecialTopicsMiscellanyNeutral,0
that,that,s,OtherOrphanedOther,0
replaced,replaced,s,SpecialTopicsMiscellanyNeutral,0
slavery,slavery,s,SpecialTopicsMiscellanyNeutral,1
in,in,s,OtherOrphanedOther,0
the,the,s,OtherOrphanedOther,0
British,british,s,SpecialTopicsMiscellanyNeutral,0
Empire,empire,s,SpecialTopicsMiscellanyNeutral,1
after,after,s,NarrSequenceNeutral,0
emancipation,emancipation,n,DescriptChangePos,0
The,the,s,OtherOrphanedOther,0
shared,shared,s,SpecialTopicsMiscellanyNeutral,0
experience,experience,s,SpecialTopicsMiscellanyNeutral,1
of,of,s,OtherOrphanedOther,0
displacement,displacement,c,NegEmotionsOther,0
",",",",s,,0
hardship,hardship,c,NegActsResist,0
",",",",s,,0
and,and,s,OtherSyntacticComplexityOther,0
survival,survival,n,NarrTurningPointNeutral,0
A,a,s,OtherOrphanedOther,0
foundational,foundational,s,ReasoningOtherNeutral,0
moment,moment,s,ReasoningOtherNeutral,1
in,in,s,OtherSyntacticComplexityOther,0
the,the,s,OtherSyntacticComplexityOther,1
formation,formation,s,OtherSyntacticComplexityOther,2
of,of,s,OtherOrphanedOther,0
Indo-Caribbean,indo-caribbean,s,,0
and,and,s,OtherSyntacticComplexityOther,0
Indo-Pacific,indo-pacific,s,SpecialTopicsMiscellanyNeutral,0
identities,identities,n,,0
The,the,s,OtherOrphanedOther,0
term,term,s,SpecialTopicsMiscellanyNeutral,0
remains,remains,s,NarrDurationNeutral,0
in,in,s,OtherSyntacticComplexityOther,0
use,use,s,OtherSyntacticComplexityOther,1
today,today,s,NarrImmediacyNeutral,0
in,in,s,OtherOrphanedOther,0
historical,historical,s,NarrOtherNeutral,0
writing,writing,c,InterOtherNeutral,0
",",",",s,,0
oral,oral,s,ExpoOtherNeutral,0
histories,histories,c,ExpoOtherNeutral,1
",",",",s,,0
and,and,s,OtherSyntacticComplexityOther,0
cultural,cultural,s,SpecialTopicsMiscellanyNeutral,0
memory,memory,c,CharMentalStatesNeutral,0
",",",",s,,0
especially,especially,s,ForcefulEmphaticNeutral,0
in,in,s,OtherOrphanedOther,0
Fiji,fiji,c,SpecialTopicsPlaceNeutral,0
",",",",s,,0
Guyana,guyana,c,SpecialTopicsPlaceNeutral,0
",",",",s,,0
Trinidad,trinidad,c,SpecialTopicsPlaceNeutral,0
",",",",s,,0
and,and,s,OtherSyntacticComplexityOther,0
Suriname,suriname,c,SpecialTopicsPlaceNeutral,0
",",",",s,,0
as,as,s,OtherOrphanedOther,0
a,a,s,OtherOrphanedOther,1
community-owned,community-owned,s,,0
word,word,s,SpecialTopicsMiscellanyNeutral,0
that,that,s,OtherOrphanedOther,0
reflects,reflects,s,OtherOrphanedOther,0
how,how,s,OtherOrphanedOther,0
colonial,colonial,s,SpecialTopicsMiscellanyNeutral,0
systems,systems,s,SpecialTopicsMiscellanyNeutral,1
were,were,s,NarrOtherNeutral,0
linguistically,linguistically,s,SpecialTopicsMiscellanyNeutral,0
reshaped,reshaped,s,NarrDurationNeutral,0
by,by,s,OtherOrphanedOther,0
those,those,s,OtherOrphanedOther,0
subjected,subjected,s,ContingentPossibilityNeg,0
to,to,s,ContingentPossibilityNeg,1
them,them,c,NarrActsNeutral,0
.,.,n,,0
If,if,s,ContingentRelationshipNeutral,0
helpful,helpful,c,PosRelHelp,0
",",",",s,,0
I,i,s,ConfidenceHighPos,0
can,can,s,ConfidenceHighPos,1
also,also,s,MetadiscourseAdditionNeutral,0
explain,explain,s,InquiryOtherNeutral,0
how,how,s,InquiryOtherNeutral,1
girmit,girmit,s,,0
differs,differs,s,ExpoComparisonNeutral,0
from,from,s,ExpoComparisonNeutral,1
slavery,slavery,s,NegRelServility,0
in,in,s,OtherOrphanedOther,0
legal,legal,s,PubLawNeutral,0
terms,terms,c,SpecialTopicsMiscellanyNeutral,0
",",",",s,,0
or,or,s,OtherSyntacticComplexityOther,0
how,how,s,OtherOrphanedOther,0
the,the,s,SpecialTopicsMiscellanyNeutral,0
word,word,s,SpecialTopicsMiscellanyNeutral,1
evolved,evolved,s,DescriptChangePos,0
differently,differently,s,ExpoComparisonNeutral,0
across,across,s,OtherOrphanedOther,0
regions,regions,c,SpecialTopicsPlaceNeutral,0
.,.,n,,0
Resistance,resistance,s,NegActsResist,0
by,by,s,OtherOrphanedOther,0
indentured,indentured,s,PubLawNeutral,0
labourers,labourers,s,CharTypesNeutral,0
in,in,s,OtherOrphanedOther,0
Suriname,suriname,s,SpecialTopicsPlaceNeutral,0
was,was,s,NarrOtherNeutral,0
sustained,sustained,c,NarrDurationNeutral,0
",",",",s,,0
multifaceted,multifaceted,c,SpecialTopicsMiscellanyNeutral,0
",",",",s,,0
and,and,s,OtherSyntacticComplexityOther,0
continuous,continuous,s,NarrDurationNeutral,0
throughout,throughout,s,NarrDurationNeutral,0
the,the,s,NarrDurationNeutral,1
period,period,s,NarrDurationNeutral,2
of,of,s,OtherOrphanedOther,0
indenture,indenture,s,PubLawNeutral,0
(,(,c,OtherOrphanedOther,0
1873,1873,s,NarrOtherNeutral,0
—,—,s,,0
1916,1916,c,NarrOtherNeutral,0
),),c,OtherOrphanedOther,0
.,.,s,MetadiscourseContrastNeutral,0
Although,although,s,MetadiscourseContrastNeutral,1
colonial,colonial,s,SpecialTopicsMiscellanyNeutral,0
archives,archives,s,SpecialTopicsMiscellanyNeutral,0
often,often,s,NarrDurationNeutral,0
frame,frame,s,OtherOrphanedOther,0
indentured,indentured,s,PubLawNeutral,0
workers,workers,s,CharTypesNeutral,0
as,as,s,OtherOrphanedOther,0
passive,passive,s,CharTypesNeutral,0
or,or,s,OtherSyntacticComplexityOther,0
compliant,compliant,c,FacilitateExpediteNeutral,0
",",",",s,,0
historical,historical,s,ReasoningEvidenceNeutral,0
evidence,evidence,s,ReasoningEvidenceNeutral,1
shows,shows,s,CitationAuthoritativePos,0
that,that,s,CitationAuthoritativePos,1
Indian,indian,c,CharTypesNeutral,0
",",",",s,,0
Javanese,javanese,c,SpecialTopicsPlaceNeutral,0
",",",",s,,0
and,and,s,OtherSyntacticComplexityOther,0
other,other,s,,0
labourers,labourers,s,CharTypesNeutral,0
actively,actively,s,CharTraitsNeutral,0
resisted,resisted,s,CharTraitsNeutral,1
exploitation,exploitation,s,NegActsAggressive,0
through,through,s,OtherOrphanedOther,0
everyday,everyday,s,NarrDurationNeutral,0
acts,acts,c,NarrActsNeutral,0
",",",",s,,0
collective,collective,s,StratCoordinationNeutral,0
action,action,c,StratCoordinationNeutral,1
",",",",s,,0
and,and,s,OtherSyntacticComplexityOther,0
open,open,s,StratActsNeg,0
rebellion,rebellion,c,StratActsNeg,1
.,.,n,,0
Context,context,c,ContingentEventNeutral,0
:,:,s,,0
Indenture,indenture,s,PubLawNeutral,0
in,in,s,OtherOrphanedOther,0
Suriname,suriname,n,SpecialTopicsPlaceNeutral,0
After,after,s,NarrSequenceNeutral,0
the,the,s,NarrSequenceNeutral,1
abolition,abolition,s,NegActsResist,0
of,of,s,OtherOrphanedOther,0
slavery,slavery,s,NegRelServility,0
in,in,s,OtherOrphanedOther,0
the,the,s,OtherOrphanedOther,0
Dutch,dutch,s,CharTypesNeutral,0
Caribbean,caribbean,s,SpecialTopicsPlaceNeutral,0
(,(,c,OtherOrphanedOther,0
1863,1863,c,NarrOtherNeutral,0
",",",",s,,0
with,with,s,OtherOrphanedOther,0
enforced,enforced,s,StratOtherNeutral,0
“,",c,,0
apprenticeship,apprenticeship,c,PubAdministrationNeutral,0
”,",s,,0
until,until,s,NarrTimeShiftNeutral,0
1873,1873,c,NarrOtherNeutral,0
),),c,OtherOrphanedOther,0
",",",",s,,0
plantation,plantation,s,DescriptVisualNeutral,0
owners,owners,s,CharTypesNeutral,0
in,in,s,OtherOrphanedOther,0
Suriname,suriname,s,SpecialTopicsPlaceNeutral,0
imported,imported,s,NarrSceneShiftNeutral,0
indentured,indentured,s,PubLawNeutral,0
labourers,labourers,c,CharTypesNeutral,0
",",",",s,,0
primarily,primarily,s,ForcefulEmphaticNeutral,0
from,from,s,OtherOrphanedOther,0
British,british,s,CharTypesNeutral,0
India,india,s,SpecialTopicsPlaceNeutral,0
and,and,s,OtherSyntacticComplexityOther,0
Java,java,c,DescriptObjectsNeutral,0
.,.,s,,0
Indian,indian,s,PubLawNeutral,0
indentured,indentured,s,PubLawNeutral,1
workers,workers,s,CharTypesNeutral,0
—,—,s,,0
known,known,s,ConfidenceHighNeutral,0
locally,locally,s,SpecialTopicsPlaceNeutral,0
as,as,s,OtherOrphanedOther,0
Hindostanis,hindostanis,s,,0
—,—,s,,0
arrived,arrived,s,NarrSceneShiftNeutral,0
under,under,s,OtherOrphanedOther,0
five-year,five-year,s,PubLawNeutral,0
contracts,contracts,s,PubLawNeutral,1
to,to,s,OtherOrphanedOther,0
work,work,s,OtherOrphanedOther,0
mainly,mainly,s,ConfidenceHedgedNeutral,0
on,on,s,OtherOrphanedOther,0
sugar,sugar,c,DescriptObjectsNeutral,0
",",",",s,,0
coffee,coffee,c,DescriptObjectsNeutral,0
",",",",s,,0
and,and,s,OtherSyntacticComplexityOther,0
cocoa,cocoa,s,DescriptObjectsNeutral,0
plantations,plantations,c,DescriptVisualNeutral,0
.,.,n,,0
The,the,s,OtherOrphanedOther,0
indenture,indenture,s,SpecialTopicsMiscellanyNeutral,0
system,system,s,SpecialTopicsMiscellanyNeutral,1
was,was,s,NarrOtherNeutral,0
highly,highly,s,ForcefulIntenseNeutral,0
coercive,coercive,c,NegActsCoercive,0
:,:,n,,0
Strict,strict,s,PubAdministrationNeutral,0
labour,labour,s,,0
discipline,discipline,n,CharTypesNeg,0
Criminal,criminal,s,CharTypesNeg,1
penalties,penalties,s,ResponsibilityHoldNeg,0
for,for,s,CitationQuotationNeutral,0
“,",c,CitationQuotationNeutral,1
breach,breach,s,NegActsAggressive,0
of,of,s,NegActsAggressive,1
contract,contract,c,NegActsAggressive,2
”,",n,,0
Poor,poor,s,NegValuesPoor,0
wages,wages,c,NegValuesPoor,1
",",",",s,,0
harsh,harsh,s,NegValuesHarshJudgment,0
punishments,punishments,c,NegValuesHarshJudgment,1
",",",",s,,0
and,and,s,OtherSyntacticComplexityOther,0
limited,limited,s,SpecialTopicsMiscellanyNeutral,0
legal,legal,s,PubLawNeutral,0
recourse,recourse,n,FacilitateHelpPos,0
These,these,s,OtherOrphanedOther,0
conditions,conditions,s,ContingentEventNeutral,0
produced,produced,s,NarrActsNeutral,0
resistance,resistance,s,NegActsResist,0
from,from,s,NarrSequenceNeutral,0
the,the,s,NarrSequenceNeutral,1
outset,outset,c,NarrSequenceNeutral,2
.,.,n,,0
Forms,forms,s,SpecialTopicsMiscellanyNeutral,0
of,of,s,SpecialTopicsMiscellanyNeutral,1
Resistance,resistance,n,NegActsResist,0
1,1,c,ExpoOtherNeutral,0
.,.,s,ExpoOtherNeutral,1
Everyday,everyday,s,NarrDurationNeutral,0
and,and,s,OtherSyntacticComplexityOther,0
“,",c,,0
Quiet,quiet,c,DescriptVisualNeutral,0
”,",s,,0
Resistance,resistance,n,NegActsResist,0
The,the,s,ForcefulEmphaticNeutral,0
most,most,s,ForcefulEmphaticNeutral,1
common,common,s,OtherOrphanedOther,0
forms,forms,s,OtherOrphanedOther,0
were,were,s,NarrOtherNeutral,0
subtle,subtle,s,ReasoningAnalyzeNeutral,0
but,but,s,MetadiscourseContrastNeutral,0
persistent,persistent,c,CharTraitsNeutral,0
:,:,n,InterCommandNeutral,0
Work,work,s,InterCommandNeutral,1
slowdowns,slowdowns,s,DescriptChangeNeg,0
and,and,s,OtherSyntacticComplexityOther,0
feigned,feigned,s,CharTraitsNeutral,0
illness,illness,n,SpecialTopicsMiscellanyNeutral,0
Absenteeism,absenteeism,s,NegEmotionsOther,0
and,and,s,OtherSyntacticComplexityOther,0
desertion,desertion,s,NegRelForsake,0
from,from,s,OtherOrphanedOther,0
plantations,plantations,n,DescriptVisualNeutral,0
Sabotage,sabotage,s,NegActsResist,0
of,of,s,OtherOrphanedOther,0
tools,tools,s,DescriptObjectsNeutral,0
and,and,s,OtherSyntacticComplexityOther,0
crops,crops,n,DescriptObjectsNeutral,0
Refusal,refusal,s,NegActsResist,0
to,to,s,NegActsResist,1
complete,complete,s,ForcefulEmphaticNeutral,0
assigned,assigned,s,ResponsibilityAssignNeutral,0
tasks,tasks,n,ResponsibilityAssignNeutral,1
Such,such,s,OtherOrphanedOther,0
actions,actions,s,NarrActsNeutral,0
reduced,reduced,s,DescriptChangeNeutral,0
productivity,productivity,s,DescriptChangeNeutral,1
and,and,s,OtherSyntacticComplexityOther,0
challenged,challenged,s,CharTraitsNeutral,0
plantation,plantation,s,DescriptVisualNeutral,0
authority,authority,s,PubAdministrationNeutral,0
without,without,s,ForcefulEmphaticNeutral,0
immediately,immediately,s,NarrImmediacyNeutral,0
provoking,provoking,s,StratActsNeg,0
violent,violent,s,NegActsAggressive,0
retaliation,retaliation,c,NegActsAggressive,1
.,.,n,,0
2,2,c,ExpoOtherNeutral,0
.,.,s,ExpoOtherNeutral,1
Desertion,desertion,s,NegRelForsake,0
and,and,s,OtherSyntacticComplexityOther,0
Marronage,marronage,n,,0
Many,many,s,ExpoOtherNeutral,0
indentured,indentured,s,PubLawNeutral,0
labourers,labourers,s,CharTypesNeutral,0
fled,fled,s,DescriptMotionNeutral,0
plantations,plantations,c,DescriptVisualNeutral,0
",",",",s,,0
sometimes,sometimes,s,ContingentRelationshipNeutral,0
temporarily,temporarily,s,NarrDurationNeutral,0
and,and,s,OtherSyntacticComplexityOther,0
sometimes,sometimes,s,ContingentRelationshipNeutral,0
permanently,permanently,c,NarrSequenceNeutral,0
.,.,s,,0
Some,some,c,ExpoOtherNeutral,0
:,:,n,,0
Disappeared,disappeared,s,DescriptChangeNeutral,0
into,into,s,OtherOrphanedOther,0
Paramaribo,paramaribo,n,SpecialTopicsPlaceNeutral,0
Joined,joined,s,StratCoordinationNeutral,0
Maroon,maroon,s,SpecialTopicsMiscellanyNeutral,0
communities,communities,s,SpecialTopicsMiscellanyNeutral,1
in,in,s,OtherOrphanedOther,0
the,the,s,DescriptVisualNeutral,0
interior,interior,n,DescriptVisualNeutral,1
Moved,moved,s,OtherOrphanedOther,0
between,between,s,OtherOrphanedOther,0
plantations,plantations,s,DescriptVisualNeutral,0
without,without,s,ForcefulEmphaticNeutral,0
authorization,authorization,n,PubAdministrationNeutral,0
Although,although,s,MetadiscourseContrastNeutral,0
the,the,s,DescriptVisualNeutral,0
jungle,jungle,s,DescriptVisualNeutral,1
terrain,terrain,s,DescriptVisualNeutral,0
made,made,s,NarrSceneShiftNeutral,0
escape,escape,s,NarrSceneShiftNeutral,1
difficult,difficult,c,NegEmotionsDifficult,0
",",",",s,,0
desertion,desertion,s,NegRelForsake,0
was,was,s,NarrOtherNeutral,0
frequent,frequent,s,NarrDurationNeutral,0
enough,enough,s,PosValuesSufficient,0
to,to,s,PosValuesSufficient,1
alarm,alarm,s,PosValuesSufficient,2
colonial,colonial,s,SpecialTopicsMiscellanyNeutral,0
officials,officials,s,CharTypesNeutral,0
and,and,s,OtherSyntacticComplexityOther,0
planters,planters,c,DescriptObjectsNeutral,0
.,.,n,,0
3,3,c,ExpoOtherNeutral,0
.,.,s,ExpoOtherNeutral,1
Legal,legal,s,PubLawNeutral,0
Resistance,resistance,s,NegActsResist,0
and,and,s,OtherSyntacticComplexityOther,0
Complaints,complaints,n,NegActsPlaintive,0
Indentured,indentured,s,PubLawNeutral,0
labourers,labourers,s,CharTypesNeutral,0
actively,actively,s,CharTraitsNeutral,0
used,used,s,CharTraitsNeutral,1
the,the,s,OtherOrphanedOther,0
colonial,colonial,s,SpecialTopicsMiscellanyNeutral,0
legal,legal,s,SpecialTopicsMiscellanyNeutral,0
system,system,s,SpecialTopicsMiscellanyNeutral,1
when,when,s,ConfidenceHedgedNeutral,0
possible,possible,c,ConfidenceHedgedNeutral,1
:,:,n,,0
Filing,filing,s,InterConversationNeg,0
complaints,complaints,s,InterConversationNeg,1
against,against,s,InterConversationNeg,2
overseers,overseers,s,CharTypesNeutral,0
for,for,s,OtherOrphanedOther,0
abuse,abuse,n,NegActsAggressive,0
Appealing,appealing,s,PosEmotionsAppealing,0
wage,wage,s,NegRelDisagreement,0
disputes,disputes,s,NegRelDisagreement,1
and,and,s,OtherSyntacticComplexityOther,0
illegal,illegal,s,NegValuesIllegal,0
punishments,punishments,n,NegValuesIllegal,1
Leveraging,leveraging,s,StratCoordinationNeutral,0
magistrates,magistrates,s,CharTypesNeutral,0
against,against,s,NegActsResist,0
plantation,plantation,s,CharTypesNeutral,0
managers,managers,n,CharTypesNeutral,1
While,while,s,NarrDurationNeutral,0
the,the,s,NarrDurationNeutral,1
courts,courts,s,SpecialTopicsMiscellanyNeutral,0
were,were,s,NarrOtherNeutral,0
biased,biased,s,NegRelBias,0
toward,toward,s,OtherOrphanedOther,0
employers,employers,c,CharTypesNeutral,0
",",",",s,,0
the,the,s,ForcefulEmphaticNeutral,0
sheer,sheer,s,ForcefulEmphaticNeutral,1
volume,volume,s,DescriptObjectsNeutral,0
of,of,s,OtherOrphanedOther,0
complaints,complaints,s,NegActsPlaintive,0
forced,forced,s,StratOtherNeutral,0
investigations,investigations,s,InquiryExplorationNeutral,0
and,and,s,OtherSyntacticComplexityOther,0
occasional,occasional,s,NarrDurationNeutral,0
reforms,reforms,c,DescriptChangePos,0
.,.,n,,0
Organized,organized,s,OtherOrphanedOther,0
and,and,s,OtherSyntacticComplexityOther,0
Violent,violent,s,NegActsViolence,0
Resistance,resistance,n,NegActsViolence,1
The,the,s,OtherOrphanedOther,0
Mariënburg,mariënburg,s,,0
Uprising,uprising,s,StratActsNeg,0
(,(,c,CitationReferenceNeutral,0
1902,1902,c,CitationReferenceNeutral,1
),),n,CitationReferenceNeutral,2
4,4,n,ExpoOtherNeutral,0
The,the,s,ForcefulEmphaticNeutral,0
most,most,s,ForcefulEmphaticNeutral,1
significant,significant,s,ForcefulEmphaticNeutral,2
act,act,s,OtherOrphanedGenericActivity,0
of,of,s,OtherOrphanedGenericActivity,1
collective,collective,s,StratCoordinationNeutral,0
resistance,resistance,s,StratCoordinationNeutral,1
occurred,occurred,s,ContingentEventNeutral,0
at,at,s,ContingentEventNeutral,1
Mariënburg,mariënburg,c,,0
",",",",s,,0
the,the,s,OtherOrphanedOther,0
largest,largest,s,DescriptObjectsNeutral,0
sugar,sugar,s,DescriptObjectsNeutral,1
plantation,plantation,s,DescriptVisualNeutral,0
in,in,s,OtherOrphanedOther,0
Suriname,suriname,c,SpecialTopicsPlaceNeutral,0
.,.,n,,0
Causes,causes,c,,0
:,:,n,,0
Withheld,withheld,s,OtherOrphanedOther,0
wages,wages,n,SpecialTopicsMiscellanyNeutral,0
Brutal,brutal,s,NegActsAggressive,0
punishments,punishments,n,NegActsAggressive,1
Excessive,excessive,s,NegValuesExcess,0
work,work,s,InterCommandNeutral,0
demands,demands,n,InterCommandNeutral,1
Events,events,c,NarrActsNeutral,0
:,:,n,,0
Workers,workers,s,CharTypesNeutral,0
refused,refused,s,NegActsResist,0
to,to,s,NegActsResist,1
work,work,s,NegActsResist,2
and,and,s,OtherSyntacticComplexityOther,0
confronted,confronted,s,NegRelConfront,0
plantation,plantation,s,DescriptVisualNeutral,0
authorities,authorities,n,PubAdministrationNeutral,0
Colonial,colonial,s,CharTypesNeutral,0
troops,troops,s,CharTypesNeutral,1
were,were,s,StratActsNeutral,0
deployed,deployed,n,StratActsNeutral,1
Soldiers,soldiers,s,CharTypesNeutral,0
opened,opened,s,NegRelHostility,0
fire,fire,s,NegRelHostility,1
on,on,s,NegRelHostility,2
unarmed,unarmed,s,DescriptVisualNeutral,0
labourers,labourers,n,CharTypesNeutral,0
Outcome,outcome,c,ReasoningConcludeNeutral,0
:,:,n,,0
At,at,s,MetadiscourseOtherNeutral,0
least,least,s,MetadiscourseOtherNeutral,1
24,24,s,ExpoOtherNeutral,0
indentured,indentured,s,PubLawNeutral,0
workers,workers,s,CharTypesNeutral,0
were,were,s,NarrOtherNeutral,0
killed,killed,s,NegActsAggressive,0
(,(,c,OtherOrphanedOther,0
some,some,s,ExpoOtherNeutral,0
estimates,estimates,s,ConfidenceHedgedNeutral,0
are,are,s,ExpoComparisonNeutral,0
higher,higher,c,ExpoComparisonNeutral,1
),),n,OtherOrphanedOther,0
Dozens,dozens,s,ExpoOtherNeutral,0
were,were,s,NegActsInjure,0
wounded,wounded,n,NegActsInjure,1
The,the,s,OtherOrphanedOther,0
uprising,uprising,s,StratActsNeg,0
shocked,shocked,s,NarrOtherNeg,0
the,the,s,OtherOrphanedOther,0
colonial,colonial,s,PubAdministrationNeutral,0
administration,administration,n,PubAdministrationNeutral,1
Although,although,s,MetadiscourseContrastNeutral,0
violently,violently,s,NegActsAggressive,0
suppressed,suppressed,c,NegActsAggressive,1
",",",",s,,0
Mariënburg,mariënburg,s,,0
became,became,s,DescriptChangeNeutral,0
a,a,s,DescriptChangeNeutral,1
symbol,symbol,s,SpecialTopicsMiscellanyNeutral,0
of,of,s,OtherOrphanedOther,0
collective,collective,s,StratCoordinationNeutral,0
resistance,resistance,s,StratCoordinationNeutral,1
and,and,s,OtherSyntacticComplexityOther,0
exposed,exposed,s,DescriptVisualNeutral,0
the,the,s,OtherOrphanedOther,0
brutality,brutality,s,NegActsAggressive,0
underlying,underlying,s,OtherOrphanedOther,0
the,the,s,OtherOrphanedOther,0
indenture,indenture,s,SpecialTopicsMiscellanyNeutral,0
system,system,c,SpecialTopicsMiscellanyNeutral,1
.,.,n,,0
Gendered,gendered,s,SpecialTopicsMiscellanyNeutral,0
Resistance,resistance,n,NegActsResist,0
Women,women,s,CharTypesNeutral,0
participated,participated,s,NarrActsNeutral,0
actively,actively,s,ForcefulEmphaticNeutral,0
in,in,s,OtherOrphanedOther,0
resistance,resistance,c,NegActsResist,0
:,:,n,,0
Refusing,refusing,s,NegActsResist,0
sexual,sexual,s,SpecialTopicsMiscellanyNeutral,0
exploitation,exploitation,s,NegActsAggressive,0
by,by,s,OtherOrphanedOther,0
overseers,overseers,n,CharTypesNeutral,0
Supporting,supporting,s,PosRelOther,0
strikes,strikes,s,NegEmotionsOther,0
and,and,s,OtherSyntacticComplexityOther,0
work,work,s,NegEmotionsOther,0
stoppages,stoppages,n,NegEmotionsOther,1
Using,using,s,NarrActsNeutral,0
kinship,kinship,s,SpecialTopicsMiscellanyNeutral,0
and,and,s,OtherSyntacticComplexityOther,0
jahajin,jahajin,s,,0
networks,networks,s,OtherOrphanedOther,0
to,to,s,OtherOrphanedOther,1
organize,organize,s,OtherOrphanedOther,0
defiance,defiance,n,NegActsResist,0
Women,women,s,CharTypesNeutral,0
also,also,s,MetadiscourseAdditionNeutral,0
resisted,resisted,s,NegActsResist,0
through,through,s,OtherOrphanedOther,0
reproductive,reproductive,s,CharTraitsNeutral,0
choices,choices,c,CharTraitsNeutral,1
",",",",s,,0
relationship,relationship,s,SpecialTopicsMiscellanyNeutral,0
autonomy,autonomy,c,PosValuesEthics,0
",",",",s,,0
and,and,s,OtherSyntacticComplexityOther,0
by,by,s,OtherOrphanedOther,0
challenging,challenging,s,CharTraitsNeutral,0
plantation,plantation,s,DescriptVisualNeutral,0
authority,authority,s,PubAdministrationNeutral,0
in,in,s,OtherOrphanedOther,0
domestic,domestic,s,SpecialTopicsMiscellanyNeutral,0
spaces,spaces,c,SpecialTopicsMiscellanyNeutral,0
.,.,n,,0
Cultural,cultural,s,SpecialTopicsMiscellanyNeutral,0
and,and,s,OtherSyntacticComplexityOther,0
Psychological,psychological,s,SpecialTopicsMiscellanyNeutral,0
Resistance,resistance,n,NegActsResist,0
Indentured,indentured,s,PubLawNeutral,0
labourers,labourers,s,CharTypesNeutral,0
preserved,preserved,s,OtherOrphanedOther,0
autonomy,autonomy,s,PosValuesEthics,0
through,through,s,OtherOrphanedOther,0
culture,culture,c,SpecialTopicsMiscellanyNeutral,0
:,:,n,,0
Retention,retention,s,SpecialTopicsMiscellanyNeutral,0
of,of,s,OtherOrphanedOther,0
religious,religious,s,CharTraitsNeutral,0
practices,practices,s,OtherOrphanedGenericActivity,0
(,(,c,OtherOrphanedOther,0
Hindu,hindu,s,SpecialTopicsMiscellanyNeutral,0
and,and,s,OtherSyntacticComplexityOther,0
Muslim,muslim,s,CharTypesNeutral,0
rituals,rituals,c,PubAdministrationNeutral,0
),),n,OtherOrphanedOther,0
Maintenance,maintenance,s,NarrDurationNeutral,0
of,of,s,NarrDurationNeutral,1
Bhojpuri-based,bhojpuri-based,s,,0
languages,languages,n,SpecialTopicsMiscellanyNeutral,0
Oral,oral,s,DescriptVisualNeutral,0
storytelling,storytelling,c,OtherOrphanedGenericActivity,0
",",",",s,,0
songs,songs,c,DescriptSoundNeutral,0
",",",",s,,0
and,and,s,OtherSyntacticComplexityOther,0
memory,memory,n,CharMentalStatesNeutral,0
These,these,s,OtherOrphanedOther,0
practices,practices,s,OtherOrphanedGenericActivity,0
countered,countered,s,ReasoningCriticizeNeg,0
colonial,colonial,s,CharTraitsNeutral,0
efforts,efforts,s,CharTraitsNeutral,1
to,to,s,DescriptChangeNeutral,0
reduce,reduce,s,DescriptChangeNeutral,1
workers,workers,s,CharTypesNeutral,0
to,to,s,OtherOrphanedOther,0
a,a,s,OtherOrphanedOther,0
purely,purely,s,ForcefulEmphaticNeutral,0
economic,economic,s,SpecialTopicsMiscellanyNeutral,0
function,function,c,SpecialTopicsMiscellanyNeutral,1
.,.,n,InterCommandNeutral,0
Impact,impact,s,InterCommandNeutral,1
and,and,s,OtherSyntacticComplexityOther,0
Legacy,legacy,n,NarrOtherNeutral,0
Resistance,resistance,s,NegActsResist,0
in,in,s,OtherOrphanedOther,0
Suriname,suriname,c,SpecialTopicsPlaceNeutral,0
:,:,n,,0
Forced,forced,s,DescriptChangePos,0
improvements,improvements,s,DescriptChangePos,1
in,in,s,OtherOrphanedOther,0
oversight,oversight,s,NegActsOther,0
and,and,s,OtherSyntacticComplexityOther,0
labour,labour,s,PubAdministrationNeutral,0
regulations,regulations,n,PubAdministrationNeutral,1
Contributed,contributed,s,ReasoningOtherNeutral,0
to,to,s,ReasoningOtherNeutral,1
growing,growing,s,ReasoningOtherNeutral,2
international,international,s,SpecialTopicsMiscellanyNeutral,0
criticism,criticism,s,NegActsCriticize,0
of,of,s,OtherOrphanedOther,0
indenture,indenture,n,PubLawNeutral,0
Played,played,s,StratCoordinationNeutral,0
a,a,s,StratCoordinationNeutral,1
role,role,s,StratCoordinationNeutral,2
in,in,s,StratCoordinationNeutral,3
the,the,s,NarrSequenceNeutral,0
eventual,eventual,s,NarrSequenceNeutral,1
abolition,abolition,s,NegActsResist,0
of,of,s,OtherOrphanedOther,0
Indian,indian,s,PubLawNeutral,0
indenture,indenture,s,PubLawNeutral,1
in,in,s,NarrTimeShiftNeutral,0
1916,1916,n,NarrTimeShiftNeutral,1
Today,today,c,NarrImmediacyNeutral,0
",",",",s,,0
the,the,s,CharMentalStatesNeutral,0
memory,memory,s,CharMentalStatesNeutral,1
of,of,s,OtherOrphanedOther,0
resistance,resistance,s,NegActsResist,0
—,—,s,,0
especially,especially,s,ForcefulEmphaticNeutral,0
Mariënburg,mariënburg,s,,0
—,—,s,,0
occupies,occupies,s,PosValuesOther,0
an,an,s,PosValuesOther,1
important,important,s,PosValuesOther,2
place,place,s,PosValuesOther,3
in,in,s,OtherOrphanedOther,0
Hindostani,hindostani,s,,0
historical,historical,s,CharMentalStatesNeutral,0
consciousness,consciousness,s,CharMentalStatesNeutral,1
in,in,s,OtherOrphanedOther,0
Suriname,suriname,s,SpecialTopicsPlaceNeutral,0
and,and,s,OtherSyntacticComplexityOther,0
the,the,s,OtherSyntacticComplexityOther,1
wider,wider,s,ExpoComparisonNeutral,0
Caribbean,caribbean,c,SpecialTopicsPlaceNeutral,0
.,.,n,,0
In,in,s,MetadiscourseCuesNeutral,0
Summary,summary,n,MetadiscourseCuesNeutral,1
Indentured,indentured,s,PubLawNeutral,0
labourers,labourers,s,CharTypesNeutral,0
in,in,s,OtherOrphanedOther,0
Suriname,suriname,s,SpecialTopicsPlaceNeutral,0
were,were,s,NarrOtherNeutral,0
not,not,s,NegActsResist,0
passive,passive,s,NegActsVictimized,0
victims,victims,c,NegActsVictimized,1
.,.,s,,0
Through,through,s,OtherOrphanedOther,0
daily,daily,s,NegActsResist,0
defiance,defiance,c,NegActsResist,1
",",",",s,,0
legal,legal,s,PubLawNeutral,0
action,action,c,PubLawNeutral,1
",",",",s,,0
desertion,desertion,c,NegRelForsake,0
",",",",s,,0
cultural,cultural,s,CharTraitsNeutral,0
persistence,persistence,c,CharTraitsNeutral,1
",",",",s,,0
and,and,s,OtherSyntacticComplexityOther,0
open,open,s,StratActsNeg,0
rebellion,rebellion,c,StratActsNeg,1
",",",",s,,0
they,they,s,OtherOrphanedOther,0
consistently,consistently,s,ForcefulEmphaticNeutral,0
challenged,challenged,s,CharTraitsNeutral,0
colonial,colonial,s,SpecialTopicsMiscellanyNeutral,0
power,power,c,SpecialTopicsMiscellanyNeutral,1
.,.,s,,0
Their,their,s,CharNamesNeutral,0
resistance,resistance,s,NegActsResist,0
reshaped,reshaped,s,DescriptChangeNeutral,0
the,the,s,DescriptChangeNeutral,1
indenture,indenture,s,SpecialTopicsMiscellanyNeutral,0
system,system,s,SpecialTopicsMiscellanyNeutral,1
and,and,s,OtherSyntacticComplexityOther,0
laid,laid,s,PosActsAchieve,0
the,the,s,PosActsAchieve,1
groundwork,groundwork,s,PosActsAchieve,2
for,for,s,PosActsAchieve,3
post-indenture,post-indenture,s,,0
political,political,c,PubPoliticsNeutral,0
",",",",s,,0
cultural,cultural,c,SpecialTopicsMiscellanyNeutral,0
",",",",s,,0
and,and,s,OtherSyntacticComplexityOther,0
social,social,s,PubAdministrationNeutral,0
life,life,c,PubAdministrationNeutral,1
.,.,n,,0
If,if,s,InterOtherNeutral,0
you,you,s,InterOtherNeutral,1
wish,wish,c,InterOtherNeutral,2
",",",",s,,0
I,i,s,ConfidenceHighPos,0
can,can,s,ConfidenceHighPos,1
also,also,c,MetadiscourseAdditionNeutral,0
:,:,n,,0
Compare,compare,s,ExpoComparisonNeutral,0
resistance,resistance,s,NegActsResist,0
in,in,s,OtherOrphanedOther,0
Suriname,suriname,s,SpecialTopicsPlaceNeutral,0
with,with,s,OtherOrphanedOther,0
Trinidad,trinidad,s,SpecialTopicsPlaceNeutral,0
or,or,s,OtherSyntacticComplexityOther,0
Guyana,guyana,n,SpecialTopicsPlaceNeutral,0
Focus,focus,s,SpecialTopicsMiscellanyNeutral,0
specifically,specifically,s,ExpoSpecificationNeutral,0
on,on,s,OtherOrphanedOther,0
women’s,women’s,s,CharTypesNeutral,0
resistance,resistance,n,NegActsResist,0
Discuss,discuss,s,CitationOtherNeutral,0
how,how,s,OtherOrphanedOther,0
resistance,resistance,s,NegActsResist,0
is,is,s,CharMentalStatesNeutral,0
remembered,remembered,s,CharMentalStatesNeutral,1
in,in,s,OtherOrphanedOther,0
Surinamese,surinamese,s,CharTypesNeutral,0
historiography,historiography,n,SpecialTopicsMiscellanyNeutral,0
The,the,s,OtherOrphanedOther,0
income,income,s,SpecialTopicsMiscellanyNeutral,0
of,of,s,OtherOrphanedOther,0
indentured,indentured,s,PubLawNeutral,0
labourers,labourers,s,CharTypesNeutral,0
was,was,s,CharTraitsNeutral,0
deliberately,deliberately,s,CharTraitsNeutral,1
kept,kept,s,NarrDurationNeutral,0
at,at,s,NarrDurationNeutral,1
subsistence,subsistence,s,SpecialTopicsMiscellanyNeutral,0
level,level,s,SpecialTopicsMiscellanyNeutral,1
and,and,s,OtherSyntacticComplexityOther,0
varied,varied,s,DescriptChangeNeutral,0
by,by,s,OtherOrphanedOther,0
colony,colony,c,SpecialTopicsMiscellanyNeutral,0
",",",",s,,0
time,time,s,NarrDurationNeutral,0
period,period,c,NarrDurationNeutral,1
",",",",s,,0
and,and,s,OtherSyntacticComplexityOther,0
plantation,plantation,s,DescriptVisualNeutral,0
type,type,c,SpecialTopicsMiscellanyNeutral,0
.,.,s,,0
Across,across,s,OtherOrphanedOther,0
the,the,s,OtherOrphanedOther,0
indenture,indenture,s,SpecialTopicsMiscellanyNeutral,0
system,system,s,SpecialTopicsMiscellanyNeutral,1
(,(,c,OtherOrphanedOther,0
c,c,c,OtherOrphanedOther,0
.,.,s,OtherOrphanedOther,1
1834,1834,s,,0
—,—,s,,0
1917,1917,c,NarrOtherNeutral,0
),),c,OtherOrphanedOther,0
",",",",s,,0
wages,wages,s,SpecialTopicsMiscellanyNeutral,0
were,were,s,NarrOtherNeutral,0
structured,structured,s,NarrOtherNeutral,1
to,to,s,OtherOrphanedOther,0
meet,meet,s,NarrActsNeutral,0
minimal,minimal,s,SpecialTopicsMiscellanyNeutral,0
survival,survival,s,NegEmotionsIdentifyGaps,0
needs,needs,s,NegEmotionsIdentifyGaps,1
while,while,s,NarrDurationNeutral,0
maintaining,maintaining,s,NarrDurationNeutral,0
planter,planter,s,DescriptObjectsNeutral,0
profitability,profitability,s,SpecialTopicsMiscellanyNeutral,0
and,and,s,OtherSyntacticComplexityOther,0
labour,labour,s,,0
control,control,c,StratCoordinationNeutral,0
.,.,n,MetadiscourseOtherNeutral,0
Below,below,s,MetadiscourseOtherNeutral,1
is,is,s,MetadiscourseOtherNeutral,2
a,a,s,OtherOrphanedOther,0
clear,clear,c,DescriptVisualNeutral,0
",",",",s,,0
historically,historically,s,NarrOtherNeutral,0
grounded,grounded,s,,0
breakdown,breakdown,c,NegEmotionsBreakdown,0
.,.,n,,0
Contractual,contractual,s,PubLawNeutral,0
Wages,wages,s,SpecialTopicsMiscellanyNeutral,0
(,(,c,OtherOrphanedOther,0
Nominal,nominal,c,NegActsResist,0
),),n,OtherOrphanedOther,0
For,for,s,OtherOrphanedOther,0
Indian,indian,s,PubLawNeutral,0
indentured,indentured,s,PubLawNeutral,1
labourers,labourers,s,CharTypesNeutral,0
in,in,s,OtherOrphanedOther,0
the,the,s,OtherOrphanedOther,0
British,british,s,CharTypesNeutral,0
and,and,s,OtherSyntacticComplexityOther,0
Dutch,dutch,s,CharTypesNeutral,0
Caribbean,caribbean,c,SpecialTopicsPlaceNeutral,0
",",",",s,,0
Fiji,fiji,c,SpecialTopicsPlaceNeutral,0
",",",",s,,0
and,and,s,OtherSyntacticComplexityOther,0
Mauritius,mauritius,c,SpecialTopicsPlaceNeutral,0
",",",",s,,0
standard,standard,s,SpecialTopicsMiscellanyNeutral,0
wages,wages,s,SpecialTopicsMiscellanyNeutral,0
were,were,s,NarrOtherNeutral,0
broadly,broadly,s,ConfidenceHedgedNeutral,0
similar,similar,c,ExpoComparisonNeutral,0
.,.,n,,0
Typical,typical,s,NarrDurationNeutral,0
Daily,daily,s,NarrDurationNeutral,0
Wages,wages,n,CharTypesNeutral,0
Men,men,c,CharTypesNeutral,1
:,:,s,,0
20,20,s,ExpoOtherNeutral,0
—,—,s,,0
25,25,s,ExpoOtherNeutral,0
cents,cents,s,DescriptObjectsNeutral,0
(,(,c,OtherOrphanedOther,0
colonial,colonial,s,SpecialTopicsMiscellanyNeutral,0
currency,currency,c,SpecialTopicsMiscellanyNeutral,0
),),s,OtherOrphanedOther,0
per,per,s,ReasoningOtherNeutral,0
working,working,s,OtherOrphanedOther,0
day,day,n,CharTypesNeutral,0
Women,women,c,CharTypesNeutral,1
:,:,s,,0
12,12,s,ExpoOtherNeutral,0
—,—,s,,0
16,16,s,ExpoOtherNeutral,0
cents,cents,s,DescriptObjectsNeutral,0
per,per,s,ReasoningOtherNeutral,0
working,working,s,OtherOrphanedOther,0
day,day,n,NarrDurationNeutral,0
Children,children,c,CharTypesNeutral,0
:,:,s,InterCommandNeutral,0
Paid,paid,s,InterCommandNeutral,1
less,less,s,ExpoComparisonNeutral,0
or,or,s,OtherSyntacticComplexityOther,0
unpaid,unpaid,n,SpecialTopicsMiscellanyNeutral,0
This,this,s,OtherOrphanedOther,0
usually,usually,s,NarrDurationNeutral,0
translated,translated,s,OtherOrphanedOther,0
to,to,c,OtherOrphanedOther,0
:,:,n,,0
Monthly,monthly,s,SpecialTopicsMiscellanyNeutral,0
income,income,c,SpecialTopicsMiscellanyNeutral,1
:,:,s,,0
roughly,roughly,s,OtherOrphanedOther,0
the,the,s,OtherOrphanedOther,0
equivalent,equivalent,s,ExpoComparisonNeutral,0
of,of,s,OtherOrphanedOther,0
₹2,₹2,s,,0
—,—,s,,0
₹4,₹4,s,,0
in,in,s,OtherOrphanedOther,0
late-19th-century,late-19th-century,s,NarrDurationNeutral,0
Indian,indian,s,SpecialTopicsMiscellanyNeutral,0
rupees,rupees,n,SpecialTopicsMiscellanyNeutral,1
Annual,annual,s,SpecialTopicsMiscellanyNeutral,0
income,income,c,SpecialTopicsMiscellanyNeutral,1
:,:,s,,0
enough,enough,s,ForcefulEmphaticNeutral,0
only,only,s,OtherOrphanedOther,0
for,for,s,OtherOrphanedOther,0
basic,basic,s,SpecialTopicsMiscellanyNeutral,0
food,food,c,DescriptObjectsNeutral,0
",",",",s,,0
clothing,clothing,c,DescriptObjectsNeutral,0
",",",",s,,0
and,and,s,OtherSyntacticComplexityOther,0
hut,hut,s,DescriptObjectsNeutral,0
maintenance,maintenance,n,SpecialTopicsMiscellanyNeutral,0
Women,women,s,CharTypesNeutral,0
were,were,s,ForcefulEmphaticNeutral,0
consistently,consistently,s,ForcefulEmphaticNeutral,1
paid,paid,s,OtherOrphanedOther,0
less,less,s,ExpoComparisonNeutral,0
despite,despite,s,MetadiscourseContrastNeutral,0
doing,doing,s,ForcefulIntenseNeutral,0
comparable,comparable,s,ExpoComparisonNeutral,0
field,field,s,OtherOrphanedOther,0
labour,labour,c,,0
.,.,n,,0
Regional,regional,s,ExpoExampleNeutral,0
Examples,examples,n,ExpoExampleNeutral,1
Trinidad,trinidad,s,SpecialTopicsPlaceNeutral,0
and,and,s,OtherSyntacticComplexityOther,0
Tobago,tobago,n,SpecialTopicsPlaceNeutral,0
Men,men,c,CharTypesNeutral,0
:,:,s,,0
~,~,s,,0
25,25,s,ExpoOtherNeutral,0
cents/day,cents/day,n,,0
Women,women,c,CharTypesNeutral,0
:,:,s,,0
~,~,s,,0
16,16,s,ExpoOtherNeutral,0
cents/day,cents/day,n,,0
Deductions,deductions,s,ReasoningOtherNeutral,0
for,for,s,OtherOrphanedOther,0
missed,missed,s,NegActsMiss,0
work,work,s,NegActsMiss,1
were,were,s,NarrOtherNeutral,0
frequent,frequent,n,NarrDurationNeutral,0
Guyana,guyana,s,SpecialTopicsPlaceNeutral,0
(,(,c,OtherOrphanedOther,0
British,british,s,CharTypesNeutral,0
Guiana,guiana,c,SpecialTopicsPlaceNeutral,0
),),n,OtherOrphanedOther,0
Piece-rate,piece-rate,s,,0
systems,systems,s,SpecialTopicsMiscellanyNeutral,0
often,often,s,NarrDurationNeutral,0
reduced,reduced,s,DescriptChangeNeutral,0
real,real,s,,0
earnings,earnings,n,PosActsEarn,0
Planters,planters,s,DescriptObjectsNeutral,0
manipulated,manipulated,s,StratOtherNeutral,0
task,task,s,SpecialTopicsMiscellanyNeutral,0
sizes,sizes,s,OtherOrphanedOther,0
to,to,s,OtherOrphanedOther,0
lower,lower,s,OtherOrphanedOther,0
pay,pay,n,OtherOrphanedOther,0
Suriname,suriname,n,SpecialTopicsPlaceNeutral,0
Wages,wages,s,SpecialTopicsMiscellanyNeutral,0
were,were,s,NarrOtherNeutral,0
paid,paid,s,OtherOrphanedOther,0
in,in,s,OtherOrphanedOther,1
Dutch,dutch,s,SpecialTopicsMiscellanyNeutral,0
colonial,colonial,s,SpecialTopicsMiscellanyNeutral,1
currency,currency,n,SpecialTopicsMiscellanyNeutral,0
Severe,severe,s,NegValuesOther,0
fines,fines,s,NegValuesOther,1
and,and,s,OtherSyntacticComplexityOther,0
corporal,corporal,s,NegActsAggressive,0
punishment,punishment,s,NegActsAggressive,1
reduced,reduced,s,DescriptChangeNeutral,0
take-home,take-home,s,SpecialTopicsMiscellanyNeutral,0
income,income,n,SpecialTopicsMiscellanyNeutral,1
Fiji,fiji,n,SpecialTopicsPlaceNeutral,0
Official,official,s,PubAdministrationNeutral,0
wage,wage,c,SpecialTopicsMiscellanyNeutral,0
:,:,s,,0
1,1,s,ExpoOtherNeutral,0
shilling,shilling,s,NegActsOther,0
per,per,s,ReasoningOtherNeutral,0
day,day,s,NarrDurationNeutral,0
(,(,c,OtherOrphanedOther,0
rarely,rarely,s,ForcefulEmphaticNeutral,0
fully,fully,s,ForcefulIntenseNeutral,0
paid,paid,c,OtherOrphanedOther,0
),),n,OtherOrphanedOther,0
Extra,extra,s,SpecialTopicsMiscellanyNeutral,0
tasks,tasks,s,SpecialTopicsMiscellanyNeutral,0
were,were,s,NarrDurationNeutral,0
routinely,routinely,s,NarrDurationNeutral,1
unpaid,unpaid,n,SpecialTopicsMiscellanyNeutral,0
Why,why,s,InterQuestionNeutral,0
Wages,wages,s,SpecialTopicsMiscellanyNeutral,0
Were,were,s,DescriptMotionNeutral,0
Lower,lower,s,DescriptMotionNeutral,1
Than,than,s,ExpoComparisonNeutral,0
They,they,s,OtherOrphanedOther,0
Appear,appear,n,UpdatesNewsNeutral,0
Even,even,s,ForcefulIntenseNeutral,0
these,these,s,ForcefulIntenseNeutral,1
small,small,s,ExpoOtherNeutral,0
sums,sums,s,ExpoOtherNeutral,1
were,were,s,NarrOtherNeutral,0
rarely,rarely,s,ForcefulEmphaticNeutral,0
fully,fully,s,ForcefulIntenseNeutral,0
received,received,c,NarrActsNeutral,0
.,.,n,,0
Common,common,s,OtherOrphanedOther,0
Deductions,deductions,s,ReasoningOtherNeutral,0
and,and,s,OtherSyntacticComplexityOther,0
Controls,controls,n,StratCoordinationNeutral,0
Fines,fines,s,NegRelOther,0
for,for,s,NegRelOther,1
“,",c,,0
insubordination,insubordination,c,NegActsResist,0
”,",n,,0
Wage,wage,s,SpecialTopicsMiscellanyNeutral,0
withholding,withholding,s,SpecialTopicsMiscellanyNeutral,0
for,for,s,OtherOrphanedOther,0
alleged,alleged,s,ConfidenceHedgedNeg,0
poor,poor,s,NegValuesPoor,0
performance,performance,n,NegValuesPoor,1
Loss,loss,s,NegEmotionsLoss,0
of,of,s,NegEmotionsLoss,1
pay,pay,s,OtherOrphanedOther,0
for,for,s,OtherOrphanedOther,1
illness,illness,s,SpecialTopicsMiscellanyNeutral,0
(,(,c,OtherOrphanedOther,0
even,even,s,OtherOrphanedOther,0
work-related,work-related,c,SpecialTopicsMiscellanyNeutral,0
),),n,OtherOrphanedOther,0
Forced,forced,s,StratOtherNeutral,0
unpaid,unpaid,s,SpecialTopicsMiscellanyNeutral,0
overtime,overtime,n,SpecialTopicsMiscellanyNeutral,0
Inflation,inflation,s,DescriptChangeNeutral,0
in,in,s,OtherOrphanedOther,0
plantation,plantation,s,SpecialTopicsMiscellanyNeutral,0
stores,stores,n,SpecialTopicsMiscellanyNeutral,1
As,as,s,ReasoningOtherNeutral,0
a,a,s,ReasoningOtherNeutral,1
result,result,c,ReasoningOtherNeutral,2
",",",",s,,0
real,real,s,SpecialTopicsMiscellanyNeutral,0
income,income,s,SpecialTopicsMiscellanyNeutral,1
was,was,s,NarrDurationNeutral,0
often,often,s,NarrDurationNeutral,1
30,30,s,ExpoOtherNeutral,0
—,—,s,,0
50,50,s,ExpoOtherNeutral,0
%,%,s,ExpoOtherNeutral,1
lower,lower,s,ExpoComparisonNeutral,0
than,than,s,ExpoComparisonNeutral,1
the,the,s,OtherOrphanedOther,0
contractual,contractual,s,PubLawNeutral,0
wage,wage,c,SpecialTopicsMiscellanyNeutral,0
.,.,n,,0
Comparison,comparison,s,ExpoComparisonNeutral,0
with,with,s,ExpoComparisonNeutral,1
Slavery,slavery,s,NegRelServility,0
and,and,s,OtherSyntacticComplexityOther,0
Free,free,s,SpecialTopicsMiscellanyNeutral,0
Labour,labour,n,SpecialTopicsMiscellanyNeutral,1
Indenture,indenture,s,PubLawNeutral,0
wages,wages,s,SpecialTopicsMiscellanyNeutral,0
were,were,s,NarrOtherNeutral,0
technically,technically,s,SpecialTopicsMiscellanyNeutral,0
paid,paid,c,OtherOrphanedOther,0
",",",",s,,0
unlike,unlike,s,SpecialTopicsMiscellanyNeutral,0
slavery,slavery,n,SpecialTopicsMiscellanyNeutral,1
In,in,s,OtherOrphanedGenericActivity,0
practice,practice,c,OtherOrphanedGenericActivity,1
",",",",s,,0
coercive,coercive,s,PubLawNeutral,0
laws,laws,s,PubLawNeutral,1
(,(,c,OtherOrphanedOther,0
vagrancy,vagrancy,c,NegEmotionsOther,0
",",",",s,,0
breach-of-contract,breach-of-contract,s,,0
penalties,penalties,c,ResponsibilityHoldNeg,0
),),s,OtherOrphanedOther,0
made,made,s,NarrActsNeutral,0
refusal,refusal,s,NegActsResist,0
to,to,s,NegActsResist,1
work,work,s,CharTypesNeg,0
criminal,criminal,n,CharTypesNeg,1
Living,living,s,SpecialTopicsMiscellanyNeutral,0
standards,standards,s,SpecialTopicsMiscellanyNeutral,1
were,were,s,NarrDurationNeutral,0
often,often,s,NarrDurationNeutral,1
no,no,s,NegActsResist,0
better,better,s,NegActsResist,1
than,than,s,ExpoComparisonNeutral,0
those,those,s,OtherOrphanedOther,0
of,of,s,OtherOrphanedOther,0
enslaved,enslaved,s,NegActsAggressive,0
people,people,s,CharTypesNeutral,0
before,before,s,NarrSequenceNeutral,0
emancipation,emancipation,n,DescriptChangePos,0
This,this,s,OtherOrphanedOther,0
contradiction,contradiction,s,ReasoningCriticizeNeg,0
is,is,s,OtherOrphanedOther,0
why,why,s,InterQuestionNeutral,0
indenture,indenture,s,PubLawNeutral,0
is,is,s,NarrDurationNeutral,0
often,often,s,NarrDurationNeutral,1
described,described,s,DescriptOtherNeutral,0
as,as,s,DescriptOtherNeutral,1
“,",c,,0
a,a,s,PosValuesInnovative,0
new,new,s,PosValuesInnovative,1
system,system,s,PosValuesInnovative,2
of,of,s,OtherOrphanedOther,0
slavery,slavery,c,NegRelServility,0
”,",c,,0
",",",",s,,0
despite,despite,s,MetadiscourseContrastNeutral,0
its,its,s,OtherOrphanedOther,0
legal,legal,s,PubLawNeutral,0
framing,framing,s,OtherOrphanedOther,0
as,as,s,OtherOrphanedOther,0
wage,wage,s,SpecialTopicsMiscellanyNeutral,0
labour,labour,c,,0
.,.,n,,0
Long-Term,long-term,s,FutureOtherNeutral,0
Economic,economic,s,SpecialTopicsMiscellanyNeutral,0
Impact,impact,n,SpecialTopicsMiscellanyNeutral,1
While,while,s,NarrDurationNeutral,0
wages,wages,s,SpecialTopicsMiscellanyNeutral,0
were,were,s,NarrOtherNeutral,0
extremely,extremely,s,ForcefulIntenseNeutral,0
low,low,c,ForcefulIntenseNeutral,1
:,:,n,,0
Some,some,s,ExpoOtherNeutral,0
labourers,labourers,s,CharTypesNeutral,0
saved,saved,s,OtherOrphanedOther,0
small,small,s,ExpoOtherNeutral,0
sums,sums,s,ExpoOtherNeutral,1
through,through,s,OtherOrphanedOther,0
gardening,gardening,c,SpecialTopicsMiscellanyNeutral,0
",",",",s,,0
livestock,livestock,c,DescriptObjectsNeutral,0
",",",",s,,0
or,or,s,OtherSyntacticComplexityOther,0
petty,petty,s,SpecialTopicsMiscellanyNeutral,0
trade,trade,n,SpecialTopicsMiscellanyNeutral,1
Land,land,s,PubAdministrationNeutral,0
grants,grants,s,PubAdministrationNeutral,1
or,or,s,OtherSyntacticComplexityOther,0
savings,savings,s,SpecialTopicsMiscellanyNeutral,0
after,after,s,NarrSequenceNeutral,0
indenture,indenture,s,PubLawNeutral,0
allowed,allowed,s,FacilitateExpediteNeutral,0
a,a,s,FacilitateExpediteNeutral,1
minority,minority,s,CharTypesNeutral,0
to,to,s,OtherOrphanedOther,0
become,become,s,DescriptChangeNeutral,0
independent,independent,s,SpecialTopicsMiscellanyNeutral,0
farmers,farmers,n,CharTypesNeutral,0
For,for,s,OtherSyntacticComplexityOther,0
most,most,c,OtherSyntacticComplexityOther,1
",",",",s,MetadiscourseContrastNeutral,0
however,however,c,MetadiscourseContrastNeutral,1
",",",",s,MetadiscourseContrastNeutral,2
indenture,indenture,s,PubLawNeutral,0
entrenched,entrenched,s,SpecialTopicsMiscellanyNeutral,0
intergenerational,intergenerational,s,SpecialTopicsMiscellanyNeutral,0
poverty,poverty,n,NegValuesPoverty,0
Summary,summary,n,ReasoningConcludeNeutral,0
Indentured,indentured,s,PubLawNeutral,0
labourers,labourers,s,CharTypesNeutral,0
earned,earned,s,PosActsEarn,0
subsistence,subsistence,s,PosActsEarn,1
wages,wages,c,SpecialTopicsMiscellanyNeutral,0
",",",",s,,0
insufficient,insufficient,s,NegValuesInsufficient,0
for,for,s,OtherOrphanedOther,0
upward,upward,s,PosValuesOther,0
mobility,mobility,n,PosValuesOther,1
Pay,pay,s,OtherOrphanedOther,0
was,was,s,NarrOtherNeutral,0
gendered,gendered,c,SpecialTopicsMiscellanyNeutral,0
",",",",s,,0
irregular,irregular,c,InquiryCuriosityNeg,0
",",",",s,,0
and,and,s,OtherSyntacticComplexityOther,0
heavily,heavily,s,ForcefulEmphaticNeutral,0
penalized,penalized,n,PubLawNeg,0
Real,real,s,SpecialTopicsMiscellanyNeutral,0
income,income,s,SpecialTopicsMiscellanyNeutral,1
was,was,s,NarrDurationNeutral,0
often,often,s,NarrDurationNeutral,1
far,far,s,DescriptVisualNeutral,0
lower,lower,s,ExpoComparisonNeutral,0
than,than,s,ExpoComparisonNeutral,1
official,official,s,SpecialTopicsMiscellanyNeutral,0
rates,rates,n,SpecialTopicsMiscellanyNeutral,1
The,the,s,SpecialTopicsMiscellanyNeutral,0
wage,wage,s,SpecialTopicsMiscellanyNeutral,1
system,system,s,SpecialTopicsMiscellanyNeutral,0
was,was,s,ExpoOtherNeutral,0
designed,designed,s,ExpoOtherNeutral,1
to,to,s,StratCognitionNeutral,0
control,control,s,StratCognitionNeutral,1
labour,labour,c,,0
",",",",s,,0
not,not,s,NegActsResist,0
reward,reward,s,PosActsReward,0
it,it,n,,0
If,if,s,ContingentRelationshipNeutral,0
you,you,s,CharSubjectivityNeutral,0
would,would,s,CharSubjectivityNeutral,1
like,like,c,CharSubjectivityNeutral,2
",",",",s,,0
I,i,s,ConfidenceHighPos,0
can,can,c,ConfidenceHighPos,1
:,:,n,,0
Convert,convert,s,DescriptChangeNeutral,0
those,those,s,OtherOrphanedOther,0
wages,wages,s,SpecialTopicsMiscellanyNeutral,0
into,into,s,OtherOrphanedOther,0
modern,modern,s,NarrOtherNeutral,0
equivalents,equivalents,n,ExpoComparisonNeutral,0
Compare,compare,s,ExpoComparisonNeutral,0
indenture,indenture,s,PubLawNeutral,0
wages,wages,s,SpecialTopicsMiscellanyNeutral,0
with,with,s,OtherOrphanedOther,0
plantation,plantation,s,DescriptVisualNeutral,0
profits,profits,n,SpecialTopicsMiscellanyNeutral,0
Examine,examine,s,InquiryExplorationNeutral,0
gender,gender,s,SpecialTopicsMiscellanyNeutral,0
wage,wage,s,NegValuesDisparity,0
disparities,disparities,s,NegValuesDisparity,1
in,in,s,OtherOrphanedOther,0
more,more,s,ExpoComparisonNeutral,0
depth,depth,n,SpecialTopicsMiscellanyNeutral,0
Focus,focus,s,CharMentalStatesPos,0
on,on,s,CharMentalStatesPos,1
a,a,s,CharMentalStatesPos,2
specific,specific,s,ExpoSpecificationNeutral,0
colony,colony,s,SpecialTopicsMiscellanyNeutral,0
or,or,s,OtherSyntacticComplexityOther,0
decade,decade,n,NarrDurationNeutral,0
In,in,s,NarrDurationNeutral,1
most,most,s,ExpoComparisonNeutral,0
cases,cases,c,SpecialTopicsMiscellanyNeutral,0
",",",",s,,0
indentured,indentured,s,PubLawNeutral,0
labourers,labourers,s,CharTypesNeutral,0
did,did,s,NegActsResist,0
not,not,s,NegActsResist,1
return,return,s,NarrSceneShiftNeutral,0
to,to,s,NarrSceneShiftNeutral,1
their,their,s,NarrBiographyNeutral,0
native,native,s,NarrBiographyNeutral,1
country,country,c,SpecialTopicsPlaceNeutral,0
.,.,s,,0
While,while,s,NarrDurationNeutral,0
return,return,s,NarrDurationNeutral,0
migration,migration,s,NarrSceneShiftNeutral,0
was,was,s,NarrOtherNeutral,0
legally,legally,s,PubLawNeutral,0
promised,promised,s,FutureOtherPos,0
and,and,s,OtherSyntacticComplexityOther,0
did,did,s,ForcefulIntenseNeutral,0
occur,occur,c,ContingentEventNeutral,0
",",",",s,,0
the,the,s,OtherOrphanedOther,0
majority,majority,s,PubAdministrationNeutral,0
of,of,s,PubAdministrationNeutral,1
people,people,s,CharTypesNeutral,0
who,who,s,OtherOrphanedOther,0
went,went,s,NarrSceneShiftNeutral,0
overseas,overseas,s,NarrSceneShiftNeutral,1
as,as,s,OtherOrphanedOther,0
indentured,indentured,s,PubLawNeutral,0
labourers,labourers,s,CharTypesNeutral,0
ultimately,ultimately,s,ConfidenceHighNeutral,0
settled,settled,s,NarrActsNeutral,0
permanently,permanently,s,NarrSequenceNeutral,0
in,in,s,OtherOrphanedOther,0
the,the,s,OtherOrphanedOther,0
colonies,colonies,s,SpecialTopicsMiscellanyNeutral,0
to,to,s,OtherSyntacticComplexityOther,0
which,which,s,OtherSyntacticComplexityOther,1
they,they,s,OtherOrphanedOther,0
were,were,s,NarrOtherNeutral,0
sent,sent,c,NarrOtherNeutral,1
.,.,n,,0
The,the,s,OtherOrphanedOther,0
Legal,legal,s,PubLawNeutral,0
Promise,promise,s,PosEmotionsOther,0
of,of,s,PosEmotionsOther,1
Return,return,n,NarrDurationNeutral,0
Under,under,s,OtherOrphanedOther,0
indenture,indenture,s,PubLawNeutral,0
contracts,contracts,s,NarrActsNeutral,0
—,—,s,,0
especially,especially,s,ForcefulEmphaticNeutral,0
for,for,s,OtherOrphanedOther,0
Indian,indian,s,CharTypesNeutral,0
labourers,labourers,s,CharTypesNeutral,0
recruited,recruited,s,StratCoordinationNeutral,0
from,from,s,OtherOrphanedOther,0
British,british,s,CharTypesNeutral,0
India,india,s,SpecialTopicsPlaceNeutral,0
—,—,s,,0
the,the,s,PosValuesEthics,0
right,right,s,PosValuesEthics,1
to,to,s,PosValuesEthics,2
return,return,s,PosValuesEthics,3
was,was,s,NarrOtherNeutral,0
formally,formally,s,SpecialTopicsMiscellanyNeutral,0
included,included,c,NarrActsNeutral,0
:,:,n,,0
Contracts,contracts,s,NarrActsNeutral,0
typically,typically,s,NarrDurationNeutral,0
lasted,lasted,s,NarrSequenceNeutral,0
5,5,s,NarrDurationNeutral,0
years,years,c,NarrDurationNeutral,1
",",",",s,,0
with,with,s,OtherSyntacticComplexityOther,0
an,an,s,OtherSyntacticComplexityOther,1
option,option,s,ContingentRelationshipNeutral,0
to,to,s,OtherOrphanedOther,0
re-indenture,re-indenture,s,,0
for,for,s,OtherOrphanedOther,0
another,another,s,MetadiscourseAdditionNeutral,0
5,5,n,ExpoOtherNeutral,0
After,after,s,NarrSequenceNeutral,0
10,10,s,NarrSequenceNeutral,1
years,years,c,NarrSequenceNeutral,2
",",",",s,,0
labourers,labourers,s,CharTypesNeutral,0
were,were,s,NarrOtherNeutral,0
entitled,entitled,s,PubAdministrationNeutral,0
to,to,s,PubAdministrationNeutral,1
a,a,s,OtherOrphanedOther,0
free,free,s,FacilitateUnobstructNeutral,0
return,return,s,NarrDurationNeutral,0
passage,passage,s,DescriptObjectsNeutral,0
to,to,s,NarrSceneShiftNeutral,0
India,india,n,NarrSceneShiftNeutral,1
Alternatively,alternatively,c,MetadiscourseOtherNeutral,0
",",",",s,MetadiscourseOtherNeutral,1
they,they,s,ContingentRelationshipNeutral,0
could,could,s,ContingentRelationshipNeutral,1
accept,accept,s,NarrActsNeutral,0
land,land,c,NarrActsNeutral,1
",",",",s,,0
cash,cash,c,SpecialTopicsMiscellanyNeutral,0
",",",",s,,0
or,or,s,OtherSyntacticComplexityOther,0
residency,residency,s,PubLawNeutral,0
rights,rights,s,PubLawNeutral,1
in,in,s,MetadiscourseOtherNeutral,0
lieu,lieu,s,MetadiscourseOtherNeutral,1
of,of,s,MetadiscourseOtherNeutral,2
return,return,n,NarrDurationNeutral,0
On,on,s,DescriptObjectsNeutral,0
paper,paper,c,DescriptObjectsNeutral,1
",",",",s,,0
this,this,s,OtherOrphanedOther,0
made,made,s,NarrActsNeutral,0
indenture,indenture,s,PubLawNeutral,0
appear,appear,s,UpdatesNewsNeutral,0
voluntary,voluntary,s,CharTraitsNeutral,0
and,and,s,OtherSyntacticComplexityOther,0
reversible,reversible,c,SpecialTopicsMiscellanyNeutral,0
.,.,n,SpecialTopicsMiscellanyNeutral,0
What,what,s,SpecialTopicsMiscellanyNeutral,1
Happened,happened,s,SpecialTopicsMiscellanyNeutral,2
in,in,s,OtherOrphanedGenericActivity,0
Practice,practice,n,OtherOrphanedGenericActivity,1
Overall,overall,s,MetadiscourseCuesNeutral,0
Pattern,pattern,n,OtherOrphanedOther,0
Across,across,s,OtherOrphanedOther,0
the,the,s,OtherOrphanedOther,0
indenture,indenture,s,SpecialTopicsMiscellanyNeutral,0
system,system,s,SpecialTopicsMiscellanyNeutral,1
(,(,c,OtherOrphanedOther,0
c,c,c,OtherOrphanedOther,0
.,.,s,OtherOrphanedOther,1
1834,1834,s,,0
—,—,s,,0
1917,1917,c,NarrOtherNeutral,0
),),c,OtherOrphanedOther,0
:,:,n,,0
Roughly,roughly,s,ConfidenceHedgedNeutral,0
70,70,s,ConfidenceHedgedNeutral,1
—,—,s,,0
80,80,s,ExpoOtherNeutral,0
%,%,s,ExpoOtherNeutral,1
did,did,s,NegActsResist,0
not,not,s,NegActsResist,1
return,return,n,NarrDurationNeutral,0
Only,only,s,ExpoOtherNeutral,0
20,20,s,ExpoOtherNeutral,1
—,—,s,,0
30,30,s,ExpoOtherNeutral,0
%,%,s,ExpoOtherNeutral,1
made,made,s,NarrSceneShiftNeutral,0
the,the,s,NarrSceneShiftNeutral,1
journey,journey,s,NarrSceneShiftNeutral,2
back,back,s,NarrOtherNeutral,0
to,to,s,NarrOtherNeutral,1
India,india,s,SpecialTopicsPlaceNeutral,0
or,or,s,OtherSyntacticComplexityOther,0
their,their,s,CharNamesNeutral,0
place,place,s,SpecialTopicsMiscellanyNeutral,0
of,of,s,SpecialTopicsMiscellanyNeutral,1
origin,origin,n,SpecialTopicsMiscellanyNeutral,2
The,the,s,PosValuesMeticulous,0
exact,exact,s,PosValuesMeticulous,1
figures,figures,s,OtherOrphanedOther,0
varied,varied,s,DescriptChangeNeutral,0
by,by,s,OtherOrphanedOther,0
colony,colony,c,SpecialTopicsMiscellanyNeutral,0
.,.,n,,0
Regional,regional,s,SpecialTopicsPlaceNeutral,0
Outcomes,outcomes,n,ReasoningConcludeNeutral,0
Caribbean,caribbean,s,SpecialTopicsPlaceNeutral,0
Colonies,colonies,n,SpecialTopicsMiscellanyNeutral,0
Trinidad,trinidad,s,SpecialTopicsPlaceNeutral,0
and,and,s,OtherSyntacticComplexityOther,0
Tobago,tobago,c,SpecialTopicsPlaceNeutral,0
:,:,s,,0
~,~,s,,0
75,75,s,ExpoOtherNeutral,0
%,%,s,ExpoOtherNeutral,1
settled,settled,s,NarrActsNeutral,0
permanently,permanently,n,NarrSequenceNeutral,0
Guyana,guyana,s,SpecialTopicsPlaceNeutral,0
(,(,c,OtherOrphanedOther,0
British,british,s,CharTypesNeutral,0
Guiana,guiana,c,SpecialTopicsPlaceNeutral,0
),),c,OtherOrphanedOther,0
:,:,s,,0
~,~,s,,0
70,70,s,ExpoOtherNeutral,0
—,—,s,,0
75,75,s,ExpoOtherNeutral,0
%,%,s,ExpoOtherNeutral,1
stayed,stayed,n,NarrDurationNeutral,0
Suriname,suriname,c,SpecialTopicsPlaceNeutral,0
:,:,s,,0
~,~,s,,0
65,65,s,ExpoOtherNeutral,0
—,—,s,,0
70,70,s,ExpoOtherNeutral,0
%,%,s,ExpoOtherNeutral,1
stayed,stayed,n,NarrDurationNeutral,0
Other,other,s,,0
Colonies,colonies,n,SpecialTopicsMiscellanyNeutral,0
Fiji,fiji,c,SpecialTopicsPlaceNeutral,0
:,:,s,,0
Over,over,s,ExpoOtherNeutral,0
60,60,s,ExpoOtherNeutral,1
%,%,s,ExpoOtherNeutral,2
remained,remained,n,NarrDurationNeutral,0
Mauritius,mauritius,c,SpecialTopicsPlaceNeutral,0
:,:,s,,0
Majority,majority,s,SpecialTopicsMiscellanyNeutral,0
settled,settled,c,NarrActsNeutral,0
",",",",s,MetadiscourseContrastNeutral,0
though,though,s,MetadiscourseContrastNeutral,1
return,return,s,ExpoOtherNeutral,0
rates,rates,s,ExpoOtherNeutral,1
were,were,s,ExpoOtherNeutral,2
slightly,slightly,s,ConfidenceHedgedNeutral,0
higher,higher,s,ExpoComparisonNeutral,0
than,than,s,ExpoComparisonNeutral,1
in,in,s,OtherOrphanedOther,0
the,the,s,OtherOrphanedOther,0
Caribbean,caribbean,n,SpecialTopicsPlaceNeutral,0
Why,why,s,InterQuestionNeutral,0
Most,most,s,ExpoComparisonNeutral,0
Did,did,s,NegActsResist,0
Not,not,s,NegActsResist,1
Return,return,n,NarrDurationNeutral,0
Several,several,s,ExpoOtherNeutral,0
structural,structural,s,SpecialTopicsMiscellanyNeutral,0
and,and,s,OtherSyntacticComplexityOther,0
personal,personal,s,SpecialTopicsMiscellanyNeutral,0
factors,factors,s,SpecialTopicsMiscellanyNeutral,1
discouraged,discouraged,s,NegEmotionsDiscouraged,0
or,or,s,OtherSyntacticComplexityOther,0
prevented,prevented,s,StratCoordinationNeutral,0
return,return,c,NarrDurationNeutral,0
:,:,n,,0
1,1,c,ExpoOtherNeutral,0
.,.,s,ExpoOtherNeutral,1
Economic,economic,s,NegActsResist,0
Barriers,barriers,n,NegActsResist,1
Wages,wages,s,SpecialTopicsMiscellanyNeutral,0
were,were,s,NarrOtherNeutral,0
extremely,extremely,s,ForcefulIntenseNeutral,0
low,low,c,ForcefulIntenseNeutral,1
",",",",s,,0
making,making,s,SpecialTopicsMiscellanyNeutral,0
savings,savings,s,SpecialTopicsMiscellanyNeutral,1
difficult,difficult,n,NegEmotionsDifficult,0
Many,many,s,ExpoOtherNeutral,0
could,could,s,NegActsResist,0
not,not,s,NegActsResist,1
afford,afford,s,NegActsResist,2
food,food,s,DescriptObjectsNeutral,0
and,and,s,OtherSyntacticComplexityOther,0
clothing,clothing,s,DescriptObjectsNeutral,0
for,for,s,OtherOrphanedOther,0
the,the,s,OtherOrphanedOther,0
return,return,s,NarrSceneShiftNeutral,0
journey,journey,n,NarrSceneShiftNeutral,1
Illness,illness,s,NegActsInjure,0
or,or,s,NegActsInjure,1
injury,injury,s,NegActsInjure,2
made,made,s,NarrActsNeutral,0
travel,travel,s,DescriptMotionNeutral,0
impossible,impossible,n,ConfidenceLowNeg,0
2,2,c,ExpoOtherNeutral,0
.,.,s,ExpoOtherNeutral,1
Administrative,administrative,s,PubAdministrationNeutral,0
Obstruction,obstruction,n,PubAdministrationNeutral,1
Planters,planters,s,DescriptObjectsNeutral,0
and,and,s,OtherSyntacticComplexityOther,0
colonial,colonial,s,PubAdministrationNeutral,0
governments,governments,s,PubAdministrationNeutral,1
often,often,s,NarrDurationNeutral,0
delayed,delayed,s,NegActsDelay,0
or,or,s,OtherSyntacticComplexityOther,0
denied,denied,s,NegActsResist,0
return,return,s,NarrDurationNeutral,0
passage,passage,n,DescriptObjectsNeutral,0
Bureaucratic,bureaucratic,s,PubAdministrationNeutral,0
hurdles,hurdles,s,NegActsResist,0
and,and,s,OtherSyntacticComplexityOther,0
misinformation,misinformation,s,PubCommunicationNeg,0
were,were,s,ExpoOtherNeutral,0
common,common,n,ExpoOtherNeutral,1
Some,some,s,ExpoOtherNeutral,0
labourers,labourers,s,CharTypesNeutral,0
missed,missed,s,NegEmotionsOther,0
eligibility,eligibility,s,PosValuesOther,0
windows,windows,s,DescriptObjectsNeutral,0
unintentionally,unintentionally,n,CharMentalStatesNeg,0
3,3,c,ExpoOtherNeutral,0
.,.,s,ExpoOtherNeutral,1
Social,social,s,,0
and,and,s,OtherSyntacticComplexityOther,0
Cultural,cultural,s,SpecialTopicsMiscellanyNeutral,0
Factors,factors,n,SpecialTopicsMiscellanyNeutral,1
Many,many,s,SpecialTopicsMiscellanyNeutral,0
formed,formed,s,SpecialTopicsMiscellanyNeutral,1
new,new,s,SpecialTopicsMiscellanyNeutral,0
families,families,s,SpecialTopicsMiscellanyNeutral,1
overseas,overseas,n,NarrSceneShiftNeutral,0
Returning,returning,s,NarrDurationNeutral,0
alone,alone,s,ForcefulEmphaticNeutral,0
meant,meant,s,OtherOrphanedOther,0
social,social,s,NegRelOther,0
stigma,stigma,s,NegRelOther,1
in,in,s,OtherOrphanedOther,0
India,india,n,SpecialTopicsPlaceNeutral,0
Crossing,crossing,s,DescriptVisualNeutral,0
the,the,s,OtherOrphanedOther,0
kala,kala,s,CharNamesNeutral,0
pani,pani,s,CharNamesNeutral,0
(,(,c,OtherOrphanedOther,0
black,black,s,DescriptVisualNeutral,0
waters,waters,c,DescriptObjectsNeutral,0
),),s,OtherOrphanedOther,0
was,was,s,NarrOtherNeutral,0
seen,seen,s,DescriptVisualNeutral,0
by,by,s,OtherOrphanedOther,0
some,some,s,ExpoOtherNeutral,0
as,as,s,OtherOrphanedOther,0
ritual,ritual,s,PubAdministrationNeutral,0
pollution,pollution,c,NegActsPollution,0
",",",",s,,0
complicating,complicating,s,InquiryLearningNeg,0
reintegration,reintegration,n,InquiryLearningNeg,1
4,4,c,ExpoOtherNeutral,0
.,.,s,ExpoOtherNeutral,1
Settlement,settlement,s,PosRelAgree,0
Incentives,incentives,n,FacilitateSponsorNeutral,0
Colonies,colonies,s,SpecialTopicsMiscellanyNeutral,0
offered,offered,s,NarrActsNeutral,0
land,land,s,PubAdministrationNeutral,0
grants,grants,c,PubAdministrationNeutral,1
",",",",s,,0
small,small,s,DescriptVisualNeutral,0
cash,cash,s,SpecialTopicsMiscellanyNeutral,0
payments,payments,c,SpecialTopicsMiscellanyNeutral,1
",",",",s,,0
or,or,s,OtherSyntacticComplexityOther,0
housing,housing,s,DescriptVisualNeutral,0
to,to,s,OtherOrphanedOther,0
those,those,s,ExpoSpecificationNeutral,0
who,who,s,ExpoSpecificationNeutral,1
stayed,stayed,n,NarrDurationNeutral,0
Over,over,s,NarrDurationNeutral,1
time,time,c,SpecialTopicsMiscellanyNeutral,0
",",",",s,,0
owning,owning,s,NarrActsNeutral,0
land,land,s,SpecialTopicsPlaceNeutral,0
overseas,overseas,s,NarrSceneShiftNeutral,0
became,became,s,DescriptChangeNeutral,0
more,more,s,ExpoComparisonNeutral,0
realistic,realistic,s,ExpoComparisonNeutral,1
than,than,s,ExpoComparisonNeutral,2
reclaiming,reclaiming,s,DescriptChangePos,0
status,status,s,SpecialTopicsMiscellanyNeutral,0
in,in,s,OtherOrphanedOther,0
India,india,n,SpecialTopicsPlaceNeutral,0
Those,those,s,ExpoSpecificationNeutral,0
Who,who,s,ExpoSpecificationNeutral,1
Did,did,s,ForcefulIntenseNeutral,0
Return,return,n,NarrDurationNeutral,0
Those,those,s,ExpoSpecificationNeutral,0
who,who,s,ExpoSpecificationNeutral,1
returned,returned,s,OtherOrphanedOther,0
often,often,s,NarrDurationNeutral,0
faced,faced,c,DescriptVisualNeutral,0
:,:,n,,0
Loss,loss,s,NegEmotionsLoss,0
of,of,s,NegEmotionsLoss,1
caste,caste,s,SpecialTopicsMiscellanyNeutral,0
and,and,s,OtherSyntacticComplexityOther,0
community,community,s,SpecialTopicsMiscellanyNeutral,0
standing,standing,n,SpecialTopicsMiscellanyNeutral,1
Difficulty,difficulty,s,NegEmotionsDifficult,0
reclaiming,reclaiming,s,DescriptChangePos,0
land,land,s,SpecialTopicsPlaceNeutral,0
or,or,s,OtherSyntacticComplexityOther,0
family,family,s,SpecialTopicsMiscellanyNeutral,0
ties,ties,n,OtherOrphanedOther,0
Being,being,s,OtherOrphanedOther,0
viewed,viewed,s,OtherOrphanedOther,0
with,with,s,OtherOrphanedOther,0
suspicion,suspicion,s,NegRelSuspicion,0
or,or,s,MetadiscourseOtherNeutral,0
as,as,s,MetadiscourseOtherNeutral,1
outsiders,outsiders,n,CharTypesNeutral,0
As,as,s,ReasoningOtherNeutral,0
a,a,s,ReasoningOtherNeutral,1
result,result,c,ReasoningOtherNeutral,2
",",",",s,,0
some,some,s,ExpoOtherNeutral,0
returnees,returnees,s,CharTypesNeutral,0
re-emigrated,re-emigrated,s,,0
to,to,s,OtherOrphanedOther,0
the,the,s,OtherOrphanedOther,0
colonies,colonies,c,SpecialTopicsMiscellanyNeutral,0
.,.,n,,0
Historical,historical,s,FutureOtherNeg,0
Consequences,consequences,n,FutureOtherNeg,1
The,the,s,PubAdministrationNeutral,0
decision,decision,s,PubAdministrationNeutral,1
—,—,s,,0
or,or,s,OtherSyntacticComplexityOther,0
compulsion,compulsion,s,CharMentalStatesNeg,0
—,—,s,,0
to,to,s,OtherOrphanedOther,0
stay,stay,s,NarrDurationNeutral,0
had,had,s,NarrOtherNeutral,0
lasting,lasting,s,NarrSequenceNeutral,0
effects,effects,c,NarrSequenceNeutral,1
:,:,n,,0
Creation,creation,s,DescriptChangeNeutral,0
of,of,s,DescriptChangeNeutral,1
large,large,s,DescriptVisualNeutral,0
Indian,indian,s,CharTypesNeutral,0
diaspora,diaspora,s,SpecialTopicsMiscellanyNeutral,0
communities,communities,s,SpecialTopicsMiscellanyNeutral,1
in,in,s,OtherOrphanedOther,0
the,the,s,OtherOrphanedOther,0
Caribbean,caribbean,c,SpecialTopicsPlaceNeutral,0
",",",",s,,0
Fiji,fiji,c,SpecialTopicsPlaceNeutral,0
",",",",s,,0
and,and,s,OtherSyntacticComplexityOther,0
the,the,s,OtherSyntacticComplexityOther,1
Indian,indian,s,SpecialTopicsPlaceNeutral,0
Ocean,ocean,n,SpecialTopicsPlaceNeutral,1
Development,development,s,SpecialTopicsMiscellanyNeutral,0
of,of,s,SpecialTopicsMiscellanyNeutral,1
distinct,distinct,s,ExpoComparisonNeutral,0
Indo-Caribbean,indo-caribbean,s,,0
and,and,s,OtherSyntacticComplexityOther,0
Indo-Pacific,indo-pacific,s,SpecialTopicsMiscellanyNeutral,0
cultures,cultures,n,SpecialTopicsMiscellanyNeutral,0
Languages,languages,c,SpecialTopicsMiscellanyNeutral,0
",",",",s,,0
religions,religions,c,SpecialTopicsMiscellanyNeutral,0
",",",",s,,0
and,and,s,OtherSyntacticComplexityOther,0
customs,customs,s,PubAdministrationNeutral,0
adapted,adapted,s,DescriptChangeNeutral,0
rather,rather,s,ExpoOtherNeutral,0
than,than,s,ExpoOtherNeutral,1
disappeared,disappeared,n,DescriptChangeNeutral,0
Indenture,indenture,s,PubLawNeutral,0
thus,thus,s,ReasoningConcludeNeutral,0
became,became,s,DescriptChangeNeutral,0
a,a,s,DescriptChangeNeutral,1
one-way,one-way,s,ExpoOtherNeutral,0
migration,migration,s,SpecialTopicsMiscellanyNeutral,0
system,system,s,SpecialTopicsMiscellanyNeutral,1
for,for,s,OtherSyntacticComplexityOther,0
most,most,s,OtherSyntacticComplexityOther,1
participants,participants,c,CharTypesNeutral,0
",",",",s,,0
despite,despite,s,MetadiscourseContrastNeutral,0
its,its,s,OtherOrphanedOther,0
contractual,contractual,s,PubLawNeutral,0
claims,claims,c,CitationControversyNeutral,0
.,.,n,,0
In,in,s,MetadiscourseCuesNeutral,0
Summary,summary,n,MetadiscourseCuesNeutral,1
Return,return,s,NarrDurationNeutral,0
migration,migration,s,NarrSceneShiftNeutral,0
was,was,s,FutureOtherPos,0
promised,promised,s,FutureOtherPos,1
but,but,s,MetadiscourseContrastNeutral,0
limited,limited,s,SpecialTopicsMiscellanyNeutral,0
in,in,s,ForcefulEmphaticNeutral,0
reality,reality,n,ForcefulEmphaticNeutral,1
Most,most,s,ExpoComparisonNeutral,0
indentured,indentured,s,PubLawNeutral,0
labourers,labourers,s,CharTypesNeutral,0
did,did,s,NegActsResist,0
not,not,s,NegActsResist,1
go,go,s,NarrSceneShiftNeutral,0
back,back,s,NarrSceneShiftNeutral,1
to,to,s,NarrSceneShiftNeutral,2
their,their,s,NarrBiographyNeutral,0
native,native,s,NarrBiographyNeutral,1
country,country,n,SpecialTopicsPlaceNeutral,0
Structural,structural,s,NegActsResist,0
barriers,barriers,c,NegActsResist,1
",",",",s,,0
poverty,poverty,c,NegValuesPoverty,0
",",",",s,,0
family,family,s,SpecialTopicsMiscellanyNeutral,0
formation,formation,c,SpecialTopicsMiscellanyNeutral,0
",",",",s,,0
and,and,s,OtherSyntacticComplexityOther,0
settlement,settlement,s,PosRelAgree,0
incentives,incentives,s,FacilitateSponsorNeutral,0
shaped,shaped,s,OtherOrphanedOther,0
outcomes,outcomes,n,ReasoningConcludeNeutral,0
The,the,s,NarrTimeShiftNeutral,0
descendants,descendants,s,NarrTimeShiftNeutral,1
of,of,s,NarrTimeShiftNeutral,2
indentured,indentured,s,PubLawNeutral,0
labourers,labourers,s,CharTypesNeutral,0
now,now,s,NarrImmediacyNeutral,0
form,form,s,OtherOrphanedOther,0
permanent,permanent,s,NarrSequenceNeutral,0
populations,populations,s,PubAdministrationNeutral,0
across,across,s,OtherOrphanedOther,0
former,former,s,NarrSequenceNeutral,0
plantation,plantation,s,DescriptVisualNeutral,0
colonies,colonies,n,SpecialTopicsMiscellanyNeutral,0
If,if,s,ContingentRelationshipNeutral,0
you,you,s,CharSubjectivityNeutral,0
would,would,s,CharSubjectivityNeutral,1
like,like,c,CharSubjectivityNeutral,2
",",",",s,,0
I,i,s,ConfidenceHighPos,0
can,can,s,ConfidenceHighPos,1
next,next,c,NarrSequenceNeutral,0
:,:,n,,0
Compare,compare,s,ExpoComparisonNeutral,0
return,return,s,SpecialTopicsMiscellanyNeutral,0
rates,rates,s,SpecialTopicsMiscellanyNeutral,1
between,between,s,OtherOrphanedOther,0
men,men,s,CharTypesNeutral,0
and,and,s,OtherSyntacticComplexityOther,0
women,women,n,CharTypesNeutral,0
Explain,explain,s,InquiryOtherNeutral,0
how,how,s,InquiryOtherNeutral,1
return,return,s,NarrDurationNeutral,0
migration,migration,s,DescriptVisualNeutral,0
shaped,shaped,s,DescriptVisualNeutral,1
caste,caste,s,SpecialTopicsMiscellanyNeutral,0
and,and,s,OtherSyntacticComplexityOther,0
identity,identity,n,SpecialTopicsMiscellanyNeutral,0
Trace,trace,s,SpecialTopicsMiscellanyNeutral,0
what,what,s,InterQuestionNeutral,0
happened,happened,s,InterQuestionNeutral,1
to,to,s,InterQuestionNeutral,2
returnees,returnees,s,CharTypesNeutral,0
once,once,s,NarrOtherNeutral,0
back,back,s,,0
in,in,s,OtherOrphanedOther,0
India,india,n,SpecialTopicsPlaceNeutral,0
Testimonies,testimonies,s,PubAdministrationNeutral,0
by,by,s,OtherOrphanedOther,0
people,people,s,CharTypesNeutral,0
who,who,s,OtherOrphanedOther,0
experienced,experienced,s,NarrActsNeutral,0
indenture,indenture,s,PubLawNeutral,0
—,—,s,,0
recorded,recorded,s,SpecialTopicsMiscellanyNeutral,0
through,through,s,OtherOrphanedOther,0
oral,oral,s,ExpoOtherNeutral,0
histories,histories,c,ExpoOtherNeutral,1
",",",",s,,0
memoirs,memoirs,c,SpecialTopicsMiscellanyNeutral,0
",",",",s,,0
petitions,petitions,c,PubCommunicationNeutral,0
",",",",s,,0
court,court,s,SpecialTopicsMiscellanyNeutral,0
records,records,c,DescriptObjectsNeutral,0
",",",",s,,0
and,and,s,NarrSequenceNeutral,0
later,later,s,NarrSequenceNeutral,1
interviews,interviews,s,SpecialTopicsMiscellanyNeutral,0
—,—,s,,0
present,present,s,InterOtherNeutral,0
a,a,s,InterOtherNeutral,1
consistent,consistent,s,ForcefulEmphaticNeutral,0
picture,picture,s,DescriptVisualNeutral,0
of,of,s,DescriptVisualNeutral,1
coercion,coercion,c,NegActsCoercive,0
",",",",s,,0
hardship,hardship,c,NegActsResist,0
",",",",s,,0
resilience,resilience,c,PosActsResilience,0
",",",",s,,0
and,and,s,OtherSyntacticComplexityOther,0
resistance,resistance,c,NegActsResist,0
.,.,s,MetadiscourseContrastNeutral,0
Although,although,s,MetadiscourseContrastNeutral,1
filtered,filtered,s,OtherOrphanedOther,0
through,through,s,OtherOrphanedOther,0
memory,memory,s,CharMentalStatesNeutral,0
and,and,c,OtherSyntacticComplexityOther,0
",",",",s,,0
at,at,s,NarrDurationNeutral,0
times,times,c,NarrDurationNeutral,1
",",",",s,,0
colonial,colonial,s,SpecialTopicsMiscellanyNeutral,0
mediation,mediation,c,PubDiplomacyNeutral,0
",",",",s,,0
these,these,s,OtherOrphanedOther,0
first-person,first-person,s,SpecialTopicsMiscellanyNeutral,0
accounts,accounts,s,SpecialTopicsMiscellanyNeutral,0
are,are,s,OtherOrphanedOther,0
among,among,s,OtherSyntacticComplexityOther,0
the,the,s,OtherSyntacticComplexityOther,1
most,most,s,ForcefulEmphaticNeutral,0
important,important,s,ForcefulEmphaticNeutral,1
sources,sources,s,SpecialTopicsMiscellanyNeutral,0
for,for,s,PosRelAcknowledgement,0
understanding,understanding,s,PosRelAcknowledgement,1
indenture,indenture,s,PubLawNeutral,0
from,from,s,SpecialTopicsMiscellanyNeutral,0
the,the,s,SpecialTopicsMiscellanyNeutral,1
perspective,perspective,s,SpecialTopicsMiscellanyNeutral,2
of,of,s,SpecialTopicsMiscellanyNeutral,3
those,those,s,ExpoSpecificationNeutral,0
who,who,s,ExpoSpecificationNeutral,1
lived,lived,s,NarrImmediacyNeutral,0
it,it,c,NarrImmediacyNeutral,1
.,.,n,ForcefulEmphaticNeutral,0
What,what,s,ForcefulEmphaticNeutral,1
follows,follows,s,ForcefulEmphaticNeutral,2
is,is,s,OtherOrphanedOther,0
a,a,s,OtherOrphanedOther,0
synthesized,synthesized,s,ReasoningAnalyzeNeutral,0
account,account,s,SpecialTopicsMiscellanyNeutral,0
drawn,drawn,s,StratActsPos,0
from,from,s,StratActsPos,1
multiple,multiple,s,SpecialTopicsMiscellanyNeutral,0
regions,regions,c,SpecialTopicsPlaceNeutral,0
",",",",s,,0
with,with,s,OtherOrphanedOther,0
representative,representative,s,SpecialTopicsMiscellanyNeutral,0
voices,voices,s,DescriptObjectsNeutral,0
and,and,s,OtherSyntacticComplexityOther,0
recurring,recurring,s,NarrDurationNeutral,0
themes,themes,c,SpecialTopicsMiscellanyNeutral,0
.,.,n,,0
1,1,c,ExpoOtherNeutral,0
.,.,s,ExpoOtherNeutral,1
Recruitment,recruitment,s,StratCoordinationNeutral,0
and,and,s,OtherSyntacticComplexityOther,0
Deception,deception,s,NegRelTrickery,0
in,in,s,OtherOrphanedOther,0
India,india,n,SpecialTopicsPlaceNeutral,0
Many,many,s,ExpoOtherNeutral,0
testimonies,testimonies,s,PubAdministrationNeutral,0
begin,begin,s,NarrSequenceNeutral,0
before,before,s,NarrSceneShiftNeutral,0
departure,departure,c,NarrSceneShiftNeutral,1
",",",",s,,0
describing,describing,s,SpecialTopicsMiscellanyNeutral,0
recruitment,recruitment,s,StratCoordinationNeutral,0
by,by,s,OtherOrphanedOther,0
arkatis,arkatis,s,,0
(,(,c,OtherOrphanedOther,0
agents,agents,c,SpecialTopicsMiscellanyNeutral,0
),),s,OtherOrphanedOther,0
in,in,s,OtherOrphanedOther,0
rural,rural,s,SpecialTopicsMiscellanyNeutral,0
North,north,s,SpecialTopicsPlaceNeutral,0
India,india,c,SpecialTopicsPlaceNeutral,0
.,.,n,,0
Common,common,s,ReasoningAnalyzeNeutral,0
elements,elements,s,ReasoningAnalyzeNeutral,1
include,include,c,NarrActsNeutral,0
:,:,n,,0
False,false,s,NegValuesOther,0
promises,promises,s,NegValuesOther,1
of,of,s,OtherOrphanedOther,0
high,high,s,DescriptVisualNeutral,0
wages,wages,s,SpecialTopicsMiscellanyNeutral,0
and,and,s,OtherSyntacticComplexityOther,0
short,short,s,DescriptVisualNeutral,0
contracts,contracts,n,NarrActsNeutral,0
Claims,claims,s,CitationControversyNeutral,0
that,that,s,CitationControversyNeutral,1
destinations,destinations,s,FutureOtherNeutral,0
were,were,s,NarrOtherNeutral,0
nearby,nearby,s,DescriptVisualNeutral,0
(,(,c,OtherOrphanedOther,0
“,",c,,0
across,across,s,DescriptVisualNeutral,0
the,the,s,DescriptVisualNeutral,1
water,water,c,DescriptVisualNeutral,2
”,",s,,0
or,or,s,OtherSyntacticComplexityOther,0
“,",c,,0
near,near,s,DescriptVisualNeutral,0
Calcutta,calcutta,c,SpecialTopicsPlaceNeutral,0
”,",c,,0
),),n,OtherOrphanedOther,0
Exploitation,exploitation,s,NegActsAggressive,0
of,of,s,OtherOrphanedOther,0
famine,famine,c,DescriptVisualNeg,0
",",",",s,,0
debt,debt,c,SpecialTopicsMiscellanyNeutral,0
",",",",s,,0
widowhood,widowhood,c,NarrDurationNeutral,0
",",",",s,,0
or,or,s,OtherSyntacticComplexityOther,0
social,social,s,SpecialTopicsMiscellanyNeutral,0
marginalization,marginalization,n,SpecialTopicsMiscellanyNeutral,1
Former,former,s,NarrSequenceNeutral,0
labourers,labourers,s,CharTypesNeutral,0
repeatedly,repeatedly,s,NarrDurationNeutral,0
stated,stated,s,CitationOtherNeutral,0
that,that,s,CitationOtherNeutral,1
they,they,s,ForcefulIntenseNeutral,0
did,did,s,ForcefulIntenseNeutral,1
not,not,s,NegActsResist,0
understand,understand,s,NegActsResist,1
the,the,s,OtherOrphanedOther,0
nature,nature,s,SpecialTopicsMiscellanyNeutral,0
or,or,s,OtherSyntacticComplexityOther,0
duration,duration,s,NarrDurationNeutral,0
of,of,s,NarrDurationNeutral,1
the,the,s,OtherOrphanedOther,0
contracts,contracts,s,NarrActsNeutral,0
they,they,s,OtherOrphanedOther,0
were,were,s,NarrOtherNeutral,0
signing,signing,c,OtherOrphanedOther,0
.,.,n,,0
A,a,s,OtherOrphanedOther,0
recurring,recurring,s,NarrDurationNeutral,0
phrase,phrase,s,SpecialTopicsMiscellanyNeutral,0
in,in,s,OtherOrphanedOther,0
oral,oral,s,DescriptVisualNeutral,0
testimonies,testimonies,s,PubAdministrationNeutral,0
translates,translates,s,ConfidenceHedgedNeutral,0
roughly,roughly,s,ConfidenceHedgedNeutral,1
to,to,c,ConfidenceHedgedNeutral,2
:,:,n,,0
“,",c,,0
We,we,s,InterOtherNeutral,0
were,were,s,InterOtherNeutral,1
told,told,s,InterOtherNeutral,2
we,we,s,NarrOtherNeutral,0
would,would,s,NarrOtherNeutral,1
return,return,s,NarrDurationNeutral,0
quickly,quickly,c,DescriptMotionNeutral,0
.,.,s,,0
No,no,s,NegActsResist,0
one,one,s,NegActsResist,1
said,said,s,InterOtherNeutral,0
ten,ten,s,NarrDurationNeutral,0
years,years,c,NarrDurationNeutral,1
.,.,c,,0
”,",n,,0
2,2,c,ExpoOtherNeutral,0
.,.,s,ExpoOtherNeutral,1
The,the,s,OtherOrphanedOther,0
Sea,sea,s,NarrSceneShiftNeutral,0
Voyage,voyage,s,NarrSceneShiftNeutral,1
(,(,c,OtherOrphanedOther,0
Kala,kala,s,CharNamesNeutral,0
Pani,pani,c,CharNamesNeutral,0
),),n,OtherOrphanedOther,0
4,4,n,ExpoOtherNeutral,0
The,the,s,OtherOrphanedOther,0
sea,sea,s,NarrSceneShiftNeutral,0
journey,journey,s,NarrSceneShiftNeutral,1
—,—,s,,0
often,often,s,NarrDurationNeutral,0
three,three,s,NarrDurationNeutral,0
months,months,s,NarrDurationNeutral,1
or,or,s,OtherSyntacticComplexityOther,0
more,more,s,ExpoComparisonNeutral,0
—,—,s,,0
features,features,s,OtherOrphanedOther,0
prominently,prominently,s,PosValuesCommentary,0
in,in,s,OtherOrphanedOther,0
testimony,testimony,c,PubAdministrationNeutral,0
.,.,n,,0
Survivors,survivors,s,NarrBiographyNeutral,0
recalled,recalled,c,CharMentalStatesNeutral,0
:,:,n,,0
Extreme,extreme,s,ForcefulEmphaticNeutral,0
overcrowding,overcrowding,s,DescriptVisualNeg,0
and,and,s,OtherSyntacticComplexityOther,0
unsanitary,unsanitary,s,ContingentPossibilityNeg,0
conditions,conditions,n,ContingentPossibilityNeg,1
Disease,disease,s,SpecialTopicsMiscellanyNeutral,0
outbreaks,outbreaks,s,NegActsOther,0
(,(,c,OtherOrphanedOther,0
cholera,cholera,c,SpecialTopicsMiscellanyNeutral,0
",",",",s,,0
dysentery,dysentery,c,SpecialTopicsMiscellanyNeutral,0
),),n,OtherOrphanedOther,0
Deaths,deaths,s,DescriptChangeNeg,0
at,at,s,DescriptVisualNeutral,0
sea,sea,s,DescriptVisualNeutral,1
and,and,s,OtherSyntacticComplexityOther,0
bodies,bodies,s,SpecialTopicsMiscellanyNeutral,0
committed,committed,s,CharTraitsNeutral,0
to,to,s,CharTraitsNeutral,1
the,the,s,DescriptObjectsNeutral,0
ocean,ocean,n,DescriptObjectsNeutral,1
Profound,profound,s,ForcefulEmphaticNeutral,0
psychological,psychological,s,NegActsTrauma,0
trauma,trauma,s,NegActsTrauma,1
from,from,s,OtherOrphanedOther,0
crossing,crossing,s,DescriptVisualNeutral,0
the,the,s,OtherOrphanedOther,0
kala,kala,s,CharNamesNeutral,0
pani,pani,n,CharNamesNeutral,0
Women’s,women’s,s,CharTypesNeutral,0
testimonies,testimonies,s,PubAdministrationNeutral,0
frequently,frequently,s,NarrDurationNeutral,0
emphasize,emphasize,c,ForcefulEmphaticNeutral,0
:,:,n,,0
Sexual,sexual,s,NegEmotionsFear,0
vulnerability,vulnerability,n,NegEmotionsFear,1
Fear,fear,s,NegEmotionsFear,0
of,of,s,NegEmotionsFear,1
ship,ship,s,CharTypesNeutral,0
officers,officers,s,CharTypesNeutral,1
and,and,s,OtherSyntacticComplexityOther,0
male,male,s,CharTypesNeutral,0
passengers,passengers,n,CharTypesNeutral,0
The,the,s,ExpoOtherNeutral,0
formation,formation,s,ExpoOtherNeutral,1
of,of,s,ExpoOtherNeutral,2
jahajin,jahajin,s,,0
(,(,c,OtherOrphanedOther,0
ship-sister,ship-sister,c,,0
),),s,OtherOrphanedOther,0
bonds,bonds,s,OtherOrphanedOther,0
as,as,s,OtherOrphanedOther,0
a,a,s,OtherOrphanedOther,1
survival,survival,s,NarrTurningPointNeutral,0
strategy,strategy,n,OtherOrphanedOther,0
For,for,s,OtherSyntacticComplexityOther,0
many,many,c,OtherSyntacticComplexityOther,1
",",",",s,,0
the,the,s,OtherOrphanedOther,0
voyage,voyage,s,NarrSceneShiftNeutral,0
marked,marked,s,OtherOrphanedOther,0
a,a,s,OtherOrphanedOther,1
permanent,permanent,s,NarrSequenceNeutral,0
rupture,rupture,s,NegActsAggressive,0
with,with,s,OtherOrphanedOther,0
their,their,s,CharNamesNeutral,0
former,former,s,NarrSequenceNeutral,0
lives,lives,c,NarrBiographyNeutral,0
.,.,n,,0
3,3,c,ExpoOtherNeutral,0
.,.,s,ExpoOtherNeutral,1
Plantation,plantation,s,DescriptVisualNeutral,0
Life,life,s,NarrBiographyNeutral,0
and,and,s,OtherSyntacticComplexityOther,0
Labour,labour,s,,0
Discipline,discipline,n,PubAdministrationNeutral,0
Across,across,s,OtherOrphanedOther,0
colonies,colonies,s,SpecialTopicsMiscellanyNeutral,0
such,such,s,ExpoExampleNeutral,0
as,as,s,ExpoExampleNeutral,1
Trinidad,trinidad,s,SpecialTopicsPlaceNeutral,0
and,and,s,OtherSyntacticComplexityOther,0
Tobago,tobago,c,SpecialTopicsPlaceNeutral,0
",",",",s,,0
Guyana,guyana,c,SpecialTopicsPlaceNeutral,0
",",",",s,,0
and,and,s,OtherSyntacticComplexityOther,0
Suriname,suriname,c,SpecialTopicsPlaceNeutral,0
",",",",s,,0
testimonies,testimonies,s,PubAdministrationNeutral,0
describe,describe,s,SpecialTopicsMiscellanyNeutral,0
remarkably,remarkably,s,ForcefulIntenseNeutral,0
similar,similar,s,ExpoComparisonNeutral,0
working,working,s,ContingentEventNeutral,0
conditions,conditions,c,ContingentEventNeutral,1
.,.,n,,0
Recurrent,recurrent,s,NarrDurationNeutral,0
Themes,themes,n,SpecialTopicsMiscellanyNeutral,0
Long,long,s,NarrDurationNeutral,0
hours,hours,s,NarrDurationNeutral,1
of,of,s,OtherOrphanedOther,0
cane,cane,s,DescriptObjectsNeutral,0
cutting,cutting,s,OtherOrphanedOther,0
under,under,s,OtherOrphanedOther,1
supervision,supervision,n,ResponsibilitySuperviseNeutral,0
Physical,physical,s,NegRelPunish,0
punishment,punishment,s,NegRelPunish,1
for,for,s,CitationQuotationNeutral,0
“,",c,CitationQuotationNeutral,1
slow,slow,c,DescriptMotionNeutral,0
”,",s,,0
or,or,s,OtherSyntacticComplexityOther,0
“,",c,,0
disobedient,disobedient,c,NegRelOther,0
”,",s,,0
work,work,n,OtherOrphanedOther,0
Fines,fines,c,NegRelOther,0
",",",",s,,0
wage,wage,s,SpecialTopicsMiscellanyNeutral,0
deductions,deductions,c,ReasoningOtherNeutral,0
",",",",s,,0
and,and,s,OtherSyntacticComplexityOther,0
imprisonment,imprisonment,n,NegValuesOther,0
Criminalization,criminalization,s,DescriptChangeNeg,0
of,of,s,OtherOrphanedOther,0
illness,illness,c,SpecialTopicsMiscellanyNeutral,0
",",",",s,,0
pregnancy,pregnancy,c,SpecialTopicsMiscellanyNeutral,0
",",",",s,,0
and,and,s,OtherSyntacticComplexityOther,0
exhaustion,exhaustion,n,NegEmotionsExhaustion,0
Former,former,s,NarrSequenceNeutral,0
labourers,labourers,s,CharTypesNeutral,0
often,often,s,NarrDurationNeutral,0
recalled,recalled,s,CharMentalStatesNeutral,0
confusion,confusion,s,InquiryLearningNeg,0
and,and,s,OtherSyntacticComplexityOther,0
terror,terror,s,NegEmotionsFear,0
at,at,s,OtherOrphanedOther,0
being,being,s,DescriptVisualNeg,0
jailed,jailed,s,DescriptVisualNeg,1
for,for,s,OtherSyntacticComplexityOther,0
what,what,s,OtherSyntacticComplexityOther,1
they,they,s,OtherOrphanedOther,0
believed,believed,s,CharSubjectivityNeutral,0
were,were,s,PosValuesCivil,0
civil,civil,s,PosValuesCivil,1
disputes,disputes,c,NegRelDisagreement,0
.,.,n,,0
One,one,s,,0
common,common,s,CharMentalStatesNeutral,0
recollection,recollection,c,CharMentalStatesNeutral,1
:,:,n,,0
“,",c,,0
We,we,s,FPSubjectiveNeutral,0
thought,thought,s,FPSubjectiveNeutral,1
prison,prison,s,SpecialTopicsMiscellanyNeutral,0
was,was,s,NarrOtherNeutral,0
for,for,s,OtherOrphanedOther,0
thieves,thieves,c,NegActsSteal,0
.,.,s,,0
We,we,s,OtherOrphanedOther,0
went,went,s,OtherOrphanedOther,0
for,for,s,OtherOrphanedOther,1
being,being,s,NegEmotionsWeary,0
tired,tired,c,NegEmotionsWeary,1
.,.,c,,0
”,",n,,0
4,4,c,ExpoOtherNeutral,0
.,.,s,ExpoOtherNeutral,1
Women’s,women’s,s,CharTypesNeutral,0
Testimonies,testimonies,n,PubAdministrationNeutral,0
Women’s,women’s,s,CharTypesNeutral,0
accounts,accounts,s,SpecialTopicsMiscellanyNeutral,0
are,are,s,OtherOrphanedOther,0
especially,especially,s,ForcefulEmphaticNeutral,0
revealing,revealing,s,InquiryDiscoveryNeutral,0
because,because,s,ReasoningOtherNeutral,0
they,they,s,OtherOrphanedOther,0
challenge,challenge,s,CharTraitsNeutral,0
colonial,colonial,s,SpecialTopicsMiscellanyNeutral,0
narratives,narratives,s,SpecialTopicsMiscellanyNeutral,0
of,of,s,OtherOrphanedOther,0
passivity,passivity,c,,0
.,.,n,NarrActsNeutral,0
They,they,s,NarrActsNeutral,1
speak,speak,s,InterOtherNeutral,0
of,of,c,InterOtherNeutral,1
:,:,n,,0
Sexual,sexual,s,SpecialTopicsMiscellanyNeutral,0
coercion,coercion,s,NegActsCoercive,0
by,by,s,OtherOrphanedOther,0
overseers,overseers,n,CharTypesNeutral,0
Forced,forced,s,StratOtherNeutral,0
relationships,relationships,s,SpecialTopicsMiscellanyNeutral,0
for,for,s,OtherOrphanedOther,0
protection,protection,n,StratCoordinationNeutral,0
Violence,violence,s,NegActsViolence,0
linked,linked,s,ExpoSpecificationNeutral,0
to,to,s,ExpoSpecificationNeutral,1
skewed,skewed,s,NegValuesOther,0
gender,gender,s,SpecialTopicsMiscellanyNeutral,0
ratios,ratios,n,SpecialTopicsMiscellanyNeutral,0
Resistance,resistance,s,NegActsResist,0
through,through,s,OtherOrphanedOther,0
refusal,refusal,c,NegActsResist,0
",",",",s,,0
flight,flight,c,DescriptVisualNeutral,0
",",",",s,,0
and,and,s,OtherSyntacticComplexityOther,0
collective,collective,s,StratCoordinationNeutral,0
action,action,n,StratCoordinationNeutral,1
At,at,s,NarrSimultaneityNeutral,0
the,the,s,NarrSimultaneityNeutral,1
same,same,s,NarrSimultaneityNeutral,2
time,time,c,NarrSimultaneityNeutral,3
",",",",s,,0
women,women,s,CharTypesNeutral,0
testified,testified,s,PubCommunicationNeutral,0
to,to,s,OtherOrphanedOther,0
their,their,s,CharNamesNeutral,0
central,central,s,SpecialTopicsMiscellanyNeutral,0
role,role,s,SpecialTopicsMiscellanyNeutral,0
in,in,c,OtherOrphanedOther,0
:,:,n,,0
Preserving,preserving,s,OtherOrphanedOther,0
religious,religious,s,NarrDurationNeutral,0
rituals,rituals,n,NarrDurationNeutral,1
Raising,raising,s,DescriptChangeNeutral,0
children,children,s,CharTypesNeutral,0
under,under,s,OtherOrphanedOther,0
plantation,plantation,s,DescriptVisualNeutral,0
conditions,conditions,n,ContingentEventNeutral,0
Building,building,s,NarrActsNeutral,0
informal,informal,s,PosRelSupport,0
support,support,s,PosRelSupport,1
networks,networks,n,SpecialTopicsMiscellanyNeutral,0
These,these,s,OtherOrphanedOther,0
accounts,accounts,s,SpecialTopicsMiscellanyNeutral,0
show,show,s,OtherOrphanedOther,0
women,women,s,CharTypesNeutral,0
as,as,s,OtherOrphanedOther,0
active,active,s,SpecialTopicsMiscellanyNeutral,0
agents,agents,c,SpecialTopicsMiscellanyNeutral,1
",",",",s,,0
not,not,s,ForcefulEmphaticNeutral,0
merely,merely,s,ForcefulEmphaticNeutral,1
victims,victims,c,NegActsVictimized,0
.,.,n,,0
5,5,c,ExpoOtherNeutral,0
.,.,s,ExpoOtherNeutral,1
Resistance,resistance,s,NegActsResist,0
in,in,s,OtherOrphanedOther,0
First-Person,first-person,s,SpecialTopicsMiscellanyNeutral,0
Accounts,accounts,n,SpecialTopicsMiscellanyNeutral,0
Labourers,labourers,s,CharTypesNeutral,0
frequently,frequently,s,NarrDurationNeutral,0
testified,testified,s,PubCommunicationNeutral,0
to,to,s,OtherOrphanedOther,0
acts,acts,s,OtherOrphanedGenericActivity,0
of,of,s,OtherOrphanedGenericActivity,1
resistance,resistance,c,NegActsResist,0
",",",",s,,0
even,even,s,ForcefulIntenseNeutral,0
when,when,s,ForcefulIntenseNeutral,1
these,these,s,MetadiscourseOtherNeutral,0
were,were,s,MetadiscourseOtherNeutral,1
dangerous,dangerous,s,NegEmotionsFear,0
to,to,s,NegEmotionsFear,1
recount,recount,c,NarrOtherNeutral,0
.,.,n,ReasoningConcludeNeutral,0
Such,such,s,ReasoningConcludeNeutral,1
acts,acts,s,NarrActsNeutral,0
included,included,c,NarrActsNeutral,0
:,:,n,InterCommandNeutral,0
Work,work,s,InterCommandNeutral,1
slowdowns,slowdowns,n,DescriptChangeNeg,0
Refusal,refusal,s,NegActsResist,0
to,to,s,NegActsResist,1
cut,cut,s,NarrActsNeutral,0
cane,cane,n,DescriptObjectsNeutral,0
Collective,collective,s,StratCoordinationNeutral,0
strikes,strikes,n,NegEmotionsOther,0
Desertion,desertion,s,NegRelForsake,0
from,from,s,OtherOrphanedOther,0
plantations,plantations,n,DescriptVisualNeutral,0
Confrontations,confrontations,s,NegRelConfront,0
with,with,s,NegRelConfront,1
overseers,overseers,n,CharTypesNeutral,0
In,in,s,OtherOrphanedOther,0
Suriname,suriname,c,SpecialTopicsPlaceNeutral,0
",",",",s,,0
oral,oral,s,ExpoOtherNeutral,0
histories,histories,s,ExpoOtherNeutral,1
recall,recall,s,CharMentalStatesNeutral,0
the,the,s,CharMentalStatesNeutral,1
Mariënburg,mariënburg,s,,0
events,events,s,NarrActsNeutral,0
of,of,s,OtherOrphanedOther,0
1902,1902,s,NarrOtherNeutral,0
not,not,s,NegActsResist,0
as,as,s,NegActsResist,1
a,a,s,NegActsResist,2
“,",c,,0
riot,riot,c,NegEmotionsOther,0
",",",",c,,0
”,",s,,0
but,but,s,MetadiscourseContrastNeutral,0
as,as,s,MetadiscourseContrastNeutral,1
a,a,s,OtherOrphanedOther,0
protest,protest,s,NegActsPlaintive,0
against,against,s,NegActsPlaintive,1
withheld,withheld,s,OtherOrphanedOther,0
wages,wages,s,SpecialTopicsMiscellanyNeutral,0
—,—,s,,0
followed,followed,s,NarrSequenceNeutral,0
by,by,s,NarrSequenceNeutral,1
indiscriminate,indiscriminate,s,NegValuesOther,0
firing,firing,s,DescriptMotionNeutral,0
by,by,s,OtherOrphanedOther,0
colonial,colonial,s,CharTypesNeutral,0
troops,troops,c,CharTypesNeutral,1
.,.,n,,0
Testimonies,testimonies,s,PubAdministrationNeutral,0
emphasize,emphasize,c,ForcefulEmphaticNeutral,0
:,:,n,,0
“,",c,,0
We,we,s,OtherOrphanedOther,0
asked,asked,s,InterRequestNeutral,0
for,for,s,InterRequestNeutral,1
our,our,s,InterRequestNeutral,2
money,money,c,SpecialTopicsMiscellanyNeutral,0
.,.,s,NarrActsNeutral,0
They,they,s,NarrActsNeutral,1
answered,answered,s,InterOtherNeutral,0
with,with,s,OtherOrphanedOther,0
guns,guns,c,SpecialTopicsMiscellanyNeutral,0
.,.,c,,0
”,",n,,0
6,6,c,ExpoOtherNeutral,0
.,.,s,ExpoOtherNeutral,1
Return,return,c,NarrDurationNeutral,0
",",",",s,,0
Staying,staying,c,NarrDurationNeutral,0
",",",",s,,0
and,and,s,OtherSyntacticComplexityOther,0
Regret,regret,n,NegEmotionsRegret,0
Those,those,s,ExpoSpecificationNeutral,0
who,who,s,ExpoSpecificationNeutral,1
stayed,stayed,s,NarrDurationNeutral,0
overseas,overseas,s,NarrSceneShiftNeutral,0
often,often,s,NarrDurationNeutral,0
recalled,recalled,s,CharMentalStatesNeutral,0
the,the,s,CharMentalStatesNeutral,1
decision,decision,s,StratCognitionNeutral,0
with,with,s,OtherOrphanedOther,0
ambivalence,ambivalence,c,UncertaintyUndecidedNeutral,0
:,:,n,,0
Staying,staying,s,NarrDurationNeutral,0
offered,offered,s,NarrActsNeutral,0
land,land,s,SpecialTopicsPlaceNeutral,0
and,and,s,OtherSyntacticComplexityOther,0
stability,stability,n,PosValuesStability,0
Returning,returning,s,NarrDurationNeutral,0
meant,meant,s,OtherOrphanedOther,0
poverty,poverty,c,NegValuesPoverty,0
",",",",s,,0
stigma,stigma,c,NegRelOther,0
",",",",s,,0
and,and,s,OtherSyntacticComplexityOther,0
lost,lost,s,NegActsLose,0
ties,ties,n,OtherOrphanedOther,0
Those,those,s,ExpoSpecificationNeutral,0
who,who,s,ExpoSpecificationNeutral,1
returned,returned,s,NarrSceneShiftNeutral,0
to,to,s,NarrSceneShiftNeutral,1
India,india,s,SpecialTopicsPlaceNeutral,0
testified,testified,s,PubCommunicationNeutral,0
to,to,c,OtherOrphanedOther,0
:,:,n,,0
Rejection,rejection,s,NegActsResist,0
by,by,s,OtherOrphanedOther,0
family,family,s,SpecialTopicsMiscellanyNeutral,0
or,or,s,OtherSyntacticComplexityOther,0
caste,caste,n,SpecialTopicsMiscellanyNeutral,0
Inability,inability,s,NegValuesOther,0
to,to,s,NegValuesOther,1
reclaim,reclaim,s,DescriptChangePos,0
land,land,n,SpecialTopicsPlaceNeutral,0
Being,being,s,PubAdministrationNeutral,0
seen,seen,s,PubAdministrationNeutral,1
as,as,s,PubAdministrationNeutral,2
“,",c,,0
foreign,foreign,c,SpecialTopicsMiscellanyNeutral,0
”,",n,,0
Some,some,s,ExpoOtherNeutral,0
returnees,returnees,s,CharTypesNeutral,0
later,later,s,NarrTimeShiftNeutral,0
re-emigrated,re-emigrated,c,,0
",",",",s,,0
describing,describing,s,SpecialTopicsMiscellanyNeutral,0
India,india,s,SpecialTopicsPlaceNeutral,0
as,as,s,CitationQuotationNeutral,0
“,",c,CitationQuotationNeutral,1
no,no,s,UpdatesNewsNeutral,0
longer,longer,s,UpdatesNewsNeutral,1
home,home,c,SpecialTopicsPlaceNeutral,0
.,.,c,,0
”,",n,,0
7,7,c,ExpoOtherNeutral,0
.,.,s,ExpoOtherNeutral,1
Later-Life,later-life,s,,0
Reflections,reflections,n,SpecialTopicsMiscellanyNeutral,0
In,in,s,CitationReferenceNeutral,0
interviews,interviews,s,CitationReferenceNeutral,1
conducted,conducted,s,NarrActsNeutral,0
decades,decades,s,NarrTimeShiftNeutral,0
later,later,c,NarrTimeShiftNeutral,1
",",",",s,,0
elderly,elderly,s,CharTypesNeutral,0
former,former,s,NarrSequenceNeutral,0
labourers,labourers,s,CharTypesNeutral,0
often,often,s,NarrDurationNeutral,0
framed,framed,s,OtherOrphanedOther,0
indenture,indenture,s,PubLawNeutral,0
as,as,c,OtherOrphanedOther,0
:,:,n,,0
A,a,s,NarrDurationNeutral,0
time,time,s,NarrDurationNeutral,1
of,of,s,NarrDurationNeutral,2
suffering,suffering,s,NegEmotionsSuffer,0
that,that,s,OtherOrphanedOther,0
demanded,demanded,s,OtherOrphanedOther,0
endurance,endurance,n,PosValuesStamina,0
A,a,s,OtherOrphanedOther,0
foundation,foundation,s,SpecialTopicsMiscellanyNeutral,0
for,for,s,OtherOrphanedOther,0
their,their,s,CharNamesNeutral,0
descendants,descendants,c,UncertaintyIndefiniteNeutral,0
’,',s,,0
survival,survival,n,NarrTurningPointNeutral,0
A,a,s,StratCoordinationPos,0
collective,collective,s,StratCoordinationPos,1
injustice,injustice,s,NegValuesInjustice,0
that,that,s,OtherOrphanedOther,0
was,was,s,NegActsResist,0
never,never,s,NegActsResist,1
adequately,adequately,s,PosValuesSufficient,0
acknowledged,acknowledged,n,PosRelAcknowledgement,0
Notably,notably,c,ExpoSpecificationNeutral,0
",",",",s,,0
many,many,s,ExpoOtherNeutral,0
expressed,expressed,s,PosEmotionsPride,0
pride,pride,s,PosEmotionsPride,1
in,in,s,OtherSyntacticComplexityOther,0
what,what,s,OtherSyntacticComplexityOther,1
they,they,s,NarrOtherNeutral,0
had,had,s,NarrOtherNeutral,1
built,built,s,NarrActsNeutral,0
despite,despite,s,MetadiscourseContrastNeutral,0
the,the,s,OtherOrphanedOther,0
system,system,c,SpecialTopicsMiscellanyNeutral,0
.,.,n,,0
A,a,s,OtherOrphanedOther,0
recurring,recurring,s,NarrDurationNeutral,0
sentiment,sentiment,c,CharMentalStatesNeutral,0
:,:,n,,0
“,",c,,0
We,we,s,OtherOrphanedOther,0
suffered,suffered,c,NegEmotionsSuffer,0
",",",",s,ReasoningConcludeNeutral,0
so,so,s,ReasoningConcludeNeutral,1
our,our,s,FPOtherNeutral,0
children,children,s,CharTypesNeutral,0
would,would,s,NegActsResist,0
not,not,s,NegActsResist,1
have,have,s,NarrActsNeutral,0
to,to,c,OtherOrphanedOther,0
.,.,c,,0
”,",n,,0
8,8,c,ExpoOtherNeutral,0
.,.,s,ExpoOtherNeutral,1
Value,value,s,,0
and,and,s,OtherSyntacticComplexityOther,0
Limits,limits,s,OtherOrphanedOther,0
of,of,s,OtherOrphanedOther,1
Testimony,testimony,n,PubAdministrationNeutral,0
These,these,s,OtherOrphanedOther,0
testimonies,testimonies,c,PubAdministrationNeutral,0
:,:,n,,0
Humanize,humanize,s,PosValuesOther,0
an,an,s,OtherOrphanedOther,0
otherwise,otherwise,s,ContingentRelationshipNeutral,0
bureaucratic,bureaucratic,s,PubAdministrationNeutral,0
archive,archive,n,SpecialTopicsMiscellanyNeutral,0
Reveal,reveal,s,InquiryDiscoveryNeutral,0
emotional,emotional,s,SpecialTopicsMiscellanyNeutral,0
and,and,s,OtherSyntacticComplexityOther,0
psychological,psychological,s,SpecialTopicsMiscellanyNeutral,0
dimensions,dimensions,s,SpecialTopicsMiscellanyNeutral,0
absent,absent,s,SpecialTopicsMiscellanyNeutral,0
from,from,s,SpecialTopicsMiscellanyNeutral,1
official,official,s,PubAdministrationNeutral,0
records,records,n,PubAdministrationNeutral,1
Expose,expose,s,NegEmotionsIdentifyGaps,0
gaps,gaps,s,NegEmotionsIdentifyGaps,1
between,between,s,OtherOrphanedOther,0
contract,contract,s,PubLawNeutral,0
law,law,s,PubLawNeutral,1
and,and,s,OtherSyntacticComplexityOther,0
lived,lived,s,NarrImmediacyNeutral,0
reality,reality,n,NarrImmediacyNeutral,1
At,at,s,NarrSimultaneityNeutral,0
the,the,s,NarrSimultaneityNeutral,1
same,same,s,NarrSimultaneityNeutral,2
time,time,c,NarrSimultaneityNeutral,3
",",",",s,,0
historians,historians,s,CharTypesNeutral,0
note,note,c,DescriptObjectsNeutral,0
:,:,n,,0
Memory,memory,s,CharMentalStatesNeutral,0
can,can,s,ContingentRelationshipNeutral,0
soften,soften,s,DescriptChangeNeutral,0
or,or,s,OtherSyntacticComplexityOther,0
sharpen,sharpen,s,DescriptChangeNeutral,0
trauma,trauma,s,NegActsTrauma,0
over,over,s,NarrOtherNeutral,0
time,time,n,NarrOtherNeutral,1
Colonial,colonial,s,SpecialTopicsMiscellanyNeutral,0
mediation,mediation,s,PubDiplomacyNeutral,0
sometimes,sometimes,s,ContingentRelationshipNeutral,0
shaped,shaped,s,OtherOrphanedOther,0
what,what,s,ForcefulEmphaticNeutral,0
could,could,s,ForcefulEmphaticNeutral,1
be,be,s,ForcefulEmphaticNeutral,2
recorded,recorded,n,ForcefulEmphaticNeutral,3
Even,even,s,MetadiscourseContrastNeutral,0
so,so,c,MetadiscourseContrastNeutral,1
",",",",s,MetadiscourseContrastNeutral,2
the,the,s,ForcefulEmphaticNeutral,0
consistency,consistency,s,ForcefulEmphaticNeutral,1
of,of,s,OtherOrphanedOther,0
accounts,accounts,s,SpecialTopicsMiscellanyNeutral,0
across,across,s,OtherOrphanedOther,0
regions,regions,s,SpecialTopicsPlaceNeutral,0
and,and,s,OtherSyntacticComplexityOther,0
generations,generations,s,SpecialTopicsMiscellanyNeutral,0
gives,gives,s,OtherOrphanedOther,0
them,them,s,NarrActsNeutral,0
significant,significant,s,ForcefulSignificantNeutral,0
evidentiary,evidentiary,s,ReasoningEvidenceNeutral,0
weight,weight,c,SpecialTopicsMiscellanyNeutral,0
.,.,n,,0
In,in,s,MetadiscourseCuesNeutral,0
Summary,summary,n,MetadiscourseCuesNeutral,1
Testimonies,testimonies,s,PubAdministrationNeutral,0
of,of,s,OtherOrphanedOther,0
indentured,indentured,s,PubLawNeutral,0
labourers,labourers,s,CharTypesNeutral,0
describe,describe,c,SpecialTopicsMiscellanyNeutral,0
:,:,n,SpecialTopicsMiscellanyNeutral,1
Deception,deception,s,NegRelTrickery,0
at,at,s,OtherOrphanedOther,0
recruitment,recruitment,n,StratCoordinationNeutral,0
Trauma,trauma,s,NegActsTrauma,0
of,of,s,OtherSyntacticComplexityOther,0
the,the,s,OtherSyntacticComplexityOther,1
sea,sea,s,NarrSceneShiftNeutral,0
voyage,voyage,n,NarrSceneShiftNeutral,1
Brutal,brutal,s,NegActsAggressive,0
plantation,plantation,s,NegActsAggressive,1
discipline,discipline,n,PubAdministrationNeutral,0
Gendered,gendered,s,NegActsViolence,0
violence,violence,s,NegActsViolence,1
and,and,s,OtherSyntacticComplexityOther,0
resilience,resilience,n,PosActsResilience,0
Persistent,persistent,s,CharTraitsNeutral,0
resistance,resistance,n,NegActsResist,0
Ambivalent,ambivalent,s,UncertaintyUndecidedNeutral,0
settlement,settlement,s,PosRelAgree,0
and,and,s,OtherSyntacticComplexityOther,0
fractured,fractured,s,NegActsInjure,0
returns,returns,n,NarrDurationNeutral,0
Taken,taken,s,ReasoningOtherNeutral,0
together,together,c,ReasoningOtherNeutral,1
",",",",s,ReasoningOtherNeutral,2
these,these,s,OtherOrphanedOther,0
voices,voices,s,DescriptObjectsNeutral,0
demonstrate,demonstrate,s,CitationAuthoritativePos,0
that,that,s,CitationAuthoritativePos,1
indenture,indenture,s,PubLawNeutral,0
was,was,s,NarrOtherNeutral,0
not,not,s,ForcefulEmphaticNeutral,0
merely,merely,s,ForcefulEmphaticNeutral,1
a,a,s,OtherOrphanedOther,0
labor,labor,s,SpecialTopicsMiscellanyNeutral,0
system,system,c,SpecialTopicsMiscellanyNeutral,1
",",",",s,MetadiscourseContrastNeutral,0
but,but,s,MetadiscourseContrastNeutral,1
a,a,s,OtherOrphanedOther,0
total,total,s,NegActsUnrestrained,0
life,life,s,StratOtherPos,0
experience,experience,s,StratOtherPos,1
—,—,s,,0
one,one,s,,0
remembered,remembered,s,CharMentalStatesNeutral,0
not,not,s,NegActsResist,0
in,in,s,OtherOrphanedOther,0
abstract,abstract,s,SpecialTopicsMiscellanyNeutral,0
terms,terms,c,SpecialTopicsMiscellanyNeutral,0
",",",",s,MetadiscourseContrastNeutral,0
but,but,s,MetadiscourseContrastNeutral,1
through,through,s,OtherOrphanedOther,0
hunger,hunger,c,NegEmotionsOther,0
",",",",s,,0
fear,fear,c,NegEmotionsFear,0
",",",",s,,0
endurance,endurance,c,PosValuesStamina,0
",",",",s,,0
solidarity,solidarity,c,PosRelSolidarity,0
",",",",s,,0
and,and,s,OtherSyntacticComplexityOther,0
survival,survival,c,NarrTurningPointNeutral,0
.,.,n,,0
If,if,s,ContingentRelationshipNeutral,0
you,you,s,CharSubjectivityNeutral,0
would,would,s,CharSubjectivityNeutral,1
like,like,c,CharSubjectivityNeutral,2
",",",",s,,0
I,i,s,ConfidenceHighPos,0
can,can,s,ConfidenceHighPos,1
next,next,c,NarrSequenceNeutral,0
:,:,n,InterCommandNeutral,0
Present,present,s,InterCommandNeutral,1
verbatim,verbatim,s,SpecialTopicsMiscellanyNeutral,0
excerpts,excerpts,s,CitationQuotationNeutral,0
from,from,s,CitationQuotationNeutral,1
specific,specific,s,ExpoSpecificationNeutral,0
oral,oral,s,ExpoOtherNeutral,0
history,history,s,ExpoOtherNeutral,1
collections,collections,n,SpecialTopicsMiscellanyNeutral,0
Focus,focus,s,CharMentalStatesPos,0
on,on,s,CharMentalStatesPos,1
testimonies,testimonies,s,PubAdministrationNeutral,0
from,from,s,OtherOrphanedOther,0
women,women,s,CharTypesNeutral,0
only,only,n,OtherOrphanedOther,0
Compare,compare,s,ExpoComparisonNeutral,0
Indian,indian,s,CharTypesNeutral,0
and,and,s,OtherSyntacticComplexityOther,0
Javanese,javanese,s,SpecialTopicsPlaceNeutral,0
indentured,indentured,s,PubLawNeutral,0
narratives,narratives,n,SpecialTopicsMiscellanyNeutral,0
Examine,examine,s,InquiryExplorationNeutral,0
how,how,s,InquiryExplorationNeutral,1
testimony,testimony,s,PubAdministrationNeutral,0
shaped,shaped,s,OtherOrphanedOther,0
abolitionist,abolitionist,s,SpecialTopicsMiscellanyNeutral,0
campaigns,campaigns,n,SpecialTopicsMiscellanyNeutral,1
Below,below,s,DescriptObjectsNeutral,0
is,is,s,OtherOrphanedOther,0
a,a,s,OtherOrphanedOther,0
composite,composite,s,SpecialTopicsMiscellanyNeutral,0
female,female,s,CharTypesNeutral,0
testimony,testimony,c,PubAdministrationNeutral,0
",",",",s,,0
reconstructed,reconstructed,s,DescriptChangePos,0
from,from,s,OtherOrphanedOther,0
multiple,multiple,s,SpecialTopicsMiscellanyNeutral,0
documented,documented,s,StratCognitionNeutral,0
oral,oral,s,ExpoOtherNeutral,0
histories,histories,s,ExpoOtherNeutral,1
and,and,s,OtherSyntacticComplexityOther,0
depositions,depositions,s,PubLawNeutral,0
by,by,s,OtherOrphanedOther,0
formerly,formerly,s,NarrSequenceNeutral,0
indentured,indentured,s,PubLawNeutral,0
women,women,s,CharTypesNeutral,0
in,in,s,OtherOrphanedOther,0
the,the,s,OtherOrphanedOther,0
Caribbean,caribbean,s,SpecialTopicsPlaceNeutral,0
and,and,s,OtherSyntacticComplexityOther,0
the,the,s,OtherSyntacticComplexityOther,1
Indian,indian,s,SpecialTopicsPlaceNeutral,0
Ocean,ocean,c,SpecialTopicsPlaceNeutral,1
.,.,s,,0
While,while,s,NarrDurationNeutral,0
not,not,s,NegActsResist,0
a,a,s,NegActsResist,1
verbatim,verbatim,s,SpecialTopicsMiscellanyNeutral,0
quotation,quotation,s,CitationQuotationNeutral,0
from,from,s,CitationQuotationNeutral,1
a,a,s,ExpoOtherNeutral,0
single,single,s,ExpoOtherNeutral,1
individual,individual,c,CharTypesNeutral,0
",",",",s,,0
it,it,s,ConfidenceHighNeutral,0
is,is,s,ConfidenceHighNeutral,1
historically,historically,s,NarrOtherNeutral,0
faithful,faithful,s,ConfidenceHighPos,0
in,in,s,SpecialTopicsMiscellanyNeutral,0
language,language,c,SpecialTopicsMiscellanyNeutral,1
",",",",s,,0
detail,detail,c,OtherOrphanedOther,0
",",",",s,,0
and,and,s,OtherSyntacticComplexityOther,0
perspective,perspective,c,SpecialTopicsMiscellanyNeutral,0
",",",",s,,0
and,and,s,OtherSyntacticComplexityOther,0
reflects,reflects,s,OtherOrphanedOther,0
what,what,s,OtherOrphanedOther,0
women,women,s,CharTypesNeutral,0
consistently,consistently,s,ForcefulEmphaticNeutral,0
testified,testified,s,PubCommunicationNeutral,0
about,about,s,OtherOrphanedOther,0
raising,raising,s,DescriptChangeNeutral,0
children,children,s,CharTypesNeutral,0
under,under,s,OtherOrphanedOther,0
indenture,indenture,c,PubLawNeutral,0
.,.,n,,0
A,a,s,CharTypesNeutral,0
Woman’s,woman’s,s,CharTypesNeutral,1
Testimony,testimony,c,PubAdministrationNeutral,0
:,:,s,,0
Raising,raising,s,DescriptChangeNeutral,0
a,a,s,DescriptChangeNeutral,1
Child,child,s,CharTypesNeutral,0
under,under,s,OtherOrphanedOther,0
Indenture,indenture,n,PubLawNeutral,0
“,",c,,0
I,i,s,FPOtherNeutral,0
went,went,s,DescriptMotionNeutral,0
across,across,s,DescriptMotionNeutral,1
the,the,s,DescriptObjectsNeutral,0
water,water,s,DescriptObjectsNeutral,1
with,with,s,OtherOrphanedOther,0
one,one,s,,0
child,child,s,CharTypesNeutral,0
in,in,s,OtherOrphanedOther,0
my,my,s,FPOtherNeutral,0
belly,belly,s,,0
and,and,s,OtherSyntacticComplexityOther,0
one,one,s,,0
on,on,s,FPSubjectiveNeutral,0
my,my,s,FPSubjectiveNeutral,1
hip,hip,c,DescriptObjectsNeutral,0
.,.,s,,0
By,by,s,NarrTimeShiftNeutral,0
the,the,s,NarrTimeShiftNeutral,1
time,time,s,NarrTimeShiftNeutral,2
we,we,s,OtherOrphanedOther,0
reached,reached,s,NarrOtherNeutral,0
the,the,s,NarrOtherNeutral,1
plantation,plantation,c,DescriptVisualNeutral,0
",",",",s,,0
the,the,s,OtherOrphanedOther,0
older,older,s,ExpoComparisonNeutral,0
one,one,s,,0
had,had,s,NarrOtherNeutral,0
stopped,stopped,s,NarrActsNeutral,0
crying,crying,c,InterOtherNeutral,0
.,.,s,NarrActsNeutral,0
He,he,s,NarrActsNeutral,1
only,only,s,OtherOrphanedOther,0
watched,watched,c,OtherOrphanedOther,0
.,.,n,,0
We,we,s,FPAutobiographyNeutral,0
lived,lived,s,FPAutobiographyNeutral,1
in,in,s,OtherOrphanedOther,0
one,one,s,DescriptObjectsNeutral,0
room,room,c,DescriptObjectsNeutral,1
.,.,s,,0
The,the,s,DescriptVisualNeutral,0
roof,roof,s,DescriptVisualNeutral,1
leaked,leaked,c,DescriptVisualNeutral,0
.,.,s,DescriptVisualNeutral,1
The,the,s,CharTypesNeutral,0
child,child,s,CharTypesNeutral,1
slept,slept,s,DescriptMotionNeutral,0
on,on,s,DescriptMotionNeutral,1
a,a,s,DescriptObjectsNeutral,0
sack,sack,c,DescriptObjectsNeutral,1
.,.,s,,0
When,when,s,NarrTimeShiftNeutral,0
I,i,s,NarrTimeShiftNeutral,1
went,went,s,FutureOtherNeutral,0
to,to,s,FutureOtherNeutral,1
cut,cut,s,FutureOtherNeutral,2
cane,cane,c,DescriptObjectsNeutral,0
",",",",s,,0
I,i,s,FPOtherNeutral,0
tied,tied,s,OtherOrphanedOther,0
him,him,s,OtherOrphanedOther,1
to,to,s,FPSubjectiveNeutral,0
my,my,s,FPSubjectiveNeutral,1
back,back,s,,0
or,or,s,OtherSyntacticComplexityOther,0
left,left,s,NarrSceneShiftNeutral,0
him,him,s,NarrSceneShiftNeutral,1
with,with,s,NarrSceneShiftNeutral,2
another,another,s,MetadiscourseAdditionNeutral,0
woman,woman,c,CharTypesNeutral,0
.,.,s,,0
If,if,s,ContingentRelationshipNeutral,0
he,he,s,ContingentRelationshipNeutral,1
cried,cried,s,InterOtherNeutral,0
too,too,s,NegValuesExcess,0
much,much,c,NegValuesExcess,1
",",",",s,,0
the,the,s,OtherOrphanedOther,0
sirdar,sirdar,s,PubAdministrationNeutral,0
would,would,s,NarrOtherNeutral,0
shout,shout,s,CitationOtherNeutral,0
that,that,s,CitationOtherNeutral,1
we,we,s,OtherOrphanedOther,0
were,were,s,NegValuesLazy,0
lazy,lazy,c,NegValuesLazy,1
.,.,n,NegActsResist,0
There,there,s,NegActsResist,1
was,was,s,NegActsResist,2
no,no,s,NegActsResist,3
rest,rest,s,DescriptMotionNeutral,0
because,because,s,ReasoningOtherNeutral,0
I,i,s,FPAutobiographyNeutral,0
was,was,s,FPAutobiographyNeutral,1
a,a,s,CharTypesNeutral,0
mother,mother,c,CharTypesNeutral,1
.,.,s,,0
If,if,s,ContingentRelationshipNeutral,0
I,i,s,FPOtherNeutral,0
missed,missed,s,NegActsMiss,0
work,work,s,NegActsMiss,1
because,because,s,ReasoningPremiseNeutral,0
the,the,s,ReasoningPremiseNeutral,1
child,child,s,CharTypesNeutral,0
was,was,s,NegEmotionsSick,0
sick,sick,c,NegEmotionsSick,1
",",",",s,,0
they,they,s,CitationAuthoritativePos,0
marked,marked,s,CitationAuthoritativePos,1
me,me,s,FPOtherNeutral,0
absent,absent,c,ForcefulEmphaticNeutral,0
.,.,s,,0
If,if,s,ContingentRelationshipNeutral,0
I,i,s,FPAutobiographyNeutral,0
was,was,s,FPAutobiographyNeutral,1
absent,absent,c,ForcefulEmphaticNeutral,0
",",",",s,,0
there,there,s,NarrOtherNeutral,0
was,was,s,NarrOtherNeutral,1
no,no,s,NegActsResist,0
pay,pay,c,OtherOrphanedOther,0
.,.,s,,0
If,if,s,ContingentRelationshipNeutral,0
there,there,s,ContingentRelationshipNeutral,1
was,was,s,NarrOtherNeutral,0
no,no,s,NegActsResist,0
pay,pay,c,OtherOrphanedOther,0
",",",",s,,0
there,there,s,NarrOtherNeutral,0
was,was,s,NarrOtherNeutral,1
no,no,s,NegActsResist,0
food,food,c,DescriptObjectsNeutral,0
.,.,n,,0
When,when,s,OtherOrphanedOther,0
my,my,s,FPOtherNeutral,0
milk,milk,s,DescriptObjectsNeutral,0
dried,dried,s,DescriptVisualNeutral,0
from,from,s,OtherOrphanedOther,0
hunger,hunger,c,NegEmotionsOther,0
",",",",s,,0
the,the,s,CharTypesNeutral,0
baby,baby,s,CharTypesNeutral,1
cried,cried,s,InterOtherNeutral,0
all,all,s,NarrDurationNeutral,0
night,night,c,NarrDurationNeutral,1
.,.,s,,0
Sometimes,sometimes,s,ContingentRelationshipNeutral,0
the,the,s,OtherOrphanedOther,0
other,other,s,CharTypesNeutral,0
women,women,s,CharTypesNeutral,1
shared,shared,s,NarrOtherNeutral,0
a,a,s,NarrOtherNeutral,1
little,little,s,DescriptObjectsNeutral,0
rice,rice,s,DescriptObjectsNeutral,1
water,water,c,DescriptObjectsNeutral,0
.,.,s,InquiryCuriosityNeutral,0
That,that,s,InquiryCuriosityNeutral,1
is,is,s,InquiryCuriosityNeutral,2
how,how,s,InquiryCuriosityNeutral,3
we,we,s,OtherOrphanedOther,0
kept,kept,s,NarrActsNeutral,0
each,each,s,OtherSyntacticComplexityOther,0
other,other,s,OtherSyntacticComplexityOther,1
alive,alive,c,PosEmotionsOther,0
.,.,n,,0
The,the,s,OtherOrphanedOther,0
overseer,overseer,s,CharTypesNeutral,0
did,did,s,ContingentRelationshipNeutral,0
not,not,s,ContingentRelationshipNeutral,1
care,care,s,ContingentRelationshipNeutral,2
if,if,s,ContingentRelationshipNeutral,3
a,a,s,CharTypesNeutral,0
child,child,s,CharTypesNeutral,1
had,had,s,NarrOtherNeutral,0
fever,fever,c,SpecialTopicsMiscellanyNeutral,0
.,.,s,,0
The,the,s,PubAdministrationNeutral,0
law,law,s,PubAdministrationNeutral,1
did,did,s,CharSubjectivityNeg,0
not,not,s,CharSubjectivityNeg,1
care,care,c,CharSubjectivityNeg,2
.,.,s,,0
The,the,s,OtherOrphanedOther,0
contract,contract,s,NarrActsNeutral,0
only,only,s,OtherOrphanedOther,0
knew,knew,s,ConfidenceHighNeutral,0
cane,cane,c,DescriptObjectsNeutral,0
.,.,n,,0
I,i,s,FPOtherNeg,0
was,was,s,FPOtherNeg,1
afraid,afraid,s,FPOtherNeg,2
to,to,s,SpecialTopicsMiscellanyNeutral,0
leave,leave,s,SpecialTopicsMiscellanyNeutral,1
my,my,s,FPAutobiographyNeutral,0
daughter,daughter,s,FPAutobiographyNeutral,1
alone,alone,c,ForcefulEmphaticNeutral,0
.,.,s,,0
Men,men,s,CharTypesNeutral,0
drank,drank,c,DescriptMotionNeutral,0
.,.,s,,0
Fights,fights,s,NegRelFight,0
happened,happened,c,ContingentEventNeutral,0
.,.,s,,0
Sometimes,sometimes,s,ContingentRelationshipNeutral,0
women,women,s,CharTypesNeutral,0
disappeared,disappeared,s,NarrSceneShiftNeutral,0
from,from,s,NarrSceneShiftNeutral,1
one,one,s,DescriptObjectsNeutral,0
room,room,s,DescriptObjectsNeutral,1
to,to,s,OtherOrphanedOther,0
another,another,c,MetadiscourseAdditionNeutral,0
.,.,s,,0
We,we,s,OtherOrphanedOther,0
warned,warned,s,FutureAnticipateNeg,0
each,each,s,OtherSyntacticComplexityOther,0
other,other,s,OtherSyntacticComplexityOther,1
quietly,quietly,c,DescriptVisualNeutral,0
.,.,n,NegActsResist,0
Still,still,c,NegActsResist,1
",",",",s,NegActsResist,2
I,i,s,FPOtherNeutral,0
taught,taught,s,SpecialTopicsMiscellanyNeutral,0
my,my,s,FPOtherNeutral,0
child,child,s,CharTypesNeutral,0
our,our,s,FPOtherNeutral,0
prayers,prayers,c,SpecialTopicsMiscellanyNeutral,0
.,.,s,,0
I,i,s,CitationOtherNeutral,0
whispered,whispered,s,CitationOtherNeutral,1
stories,stories,s,NarrSequenceNeutral,0
from,from,s,DescriptVisualNeutral,0
home,home,s,DescriptVisualNeutral,1
so,so,s,NarrSequenceNeutral,0
she,she,s,NarrSequenceNeutral,1
would,would,s,NarrOtherNeutral,0
know,know,s,ConfidenceHighNeutral,0
she,she,s,CharNamesNeutral,0
was,was,s,NarrOtherNeutral,0
not,not,s,NegActsResist,0
born,born,s,CharNamesNeutral,0
only,only,s,OtherOrphanedOther,0
for,for,s,OtherOrphanedOther,0
the,the,s,OtherOrphanedOther,0
fields,fields,c,OtherOrphanedOther,0
.,.,s,,0
I,i,s,FPOtherNeutral,0
washed,washed,s,NarrOtherNeutral,0
her,her,s,NarrOtherNeutral,1
before,before,s,NarrSequenceNeutral,0
dawn,dawn,s,NarrDurationNeutral,0
and,and,s,OtherSyntacticComplexityOther,0
told,told,s,UpdatesOtherNeutral,0
her,her,s,UpdatesOtherNeutral,1
she,she,s,CharNamesNeutral,0
must,must,s,ConfidenceHighNeutral,0
live,live,s,ConfidenceHighNeutral,1
longer,longer,s,ExpoComparisonNeutral,0
than,than,s,ExpoComparisonNeutral,1
this,this,s,OtherOrphanedOther,0
suffering,suffering,c,NegEmotionsSuffer,0
.,.,n,NarrDurationNeutral,0
When,when,s,NarrDurationNeutral,1
she,she,s,NarrDurationNeutral,2
learned,learned,s,OtherOrphanedOther,0
to,to,s,OtherOrphanedOther,1
walk,walk,c,DescriptMotionNeutral,0
",",",",s,,0
she,she,s,CharNamesNeutral,0
walked,walked,s,DescriptMotionNeutral,0
in,in,s,DescriptVisualNeutral,0
mud,mud,s,DescriptVisualNeutral,1
and,and,s,OtherSyntacticComplexityOther,0
ash,ash,c,DescriptObjectsNeutral,0
.,.,s,NarrDurationNeutral,0
When,when,s,NarrDurationNeutral,1
she,she,s,NarrDurationNeutral,2
learned,learned,s,OtherOrphanedOther,0
to,to,s,OtherOrphanedOther,1
speak,speak,c,InterOtherNeutral,0
",",",",s,,0
she,she,s,CharNamesNeutral,0
spoke,spoke,s,NarrOtherNeutral,0
the,the,s,NarrOtherNeutral,1
plantation,plantation,s,DescriptVisualNeutral,0
words,words,s,SpecialTopicsMiscellanyNeutral,0
first,first,c,,0
.,.,s,,0
That,that,s,OtherOrphanedOther,0
hurt,hurt,s,NegEmotionsSadness,0
me,me,s,NegEmotionsSadness,1
more,more,s,ExpoComparisonNeutral,0
than,than,s,ExpoComparisonNeutral,1
hunger,hunger,c,ExpoComparisonNeutral,2
.,.,n,,0
I,i,s,FPOtherNeutral,0
stayed,stayed,s,NarrDurationNeutral,0
alive,alive,s,NarrDurationNeutral,1
for,for,s,OtherOrphanedOther,0
my,my,s,FPOtherNeutral,0
children,children,c,CharTypesNeutral,0
.,.,s,,0
That,that,s,OtherSyntacticComplexityOther,0
is,is,s,OtherSyntacticComplexityOther,1
the,the,s,OtherSyntacticComplexityOther,2
truth,truth,c,PosValuesOther,0
.,.,s,,0
If,if,s,ContingentHypotheticalNeutral,0
I,i,s,ContingentHypotheticalNeutral,1
had,had,s,ContingentHypotheticalNeutral,2
been,been,s,ContingentHypotheticalNeutral,3
alone,alone,c,ForcefulEmphaticNeutral,0
",",",",s,,0
maybe,maybe,s,ConfidenceHedgedNeutral,0
I,i,s,FPSubjectiveNeutral,0
would,would,s,FPSubjectiveNeutral,1
have,have,s,FPSubjectiveNeutral,2
let,let,s,FPSubjectiveNeutral,0
myself,myself,s,FPSubjectiveNeutral,1
fall,fall,c,DescriptMotionNeutral,0
.,.,n,,0
When,when,s,OtherOrphanedOther,0
my,my,s,FPOtherNeutral,0
child,child,s,CharTypesNeutral,0
grew,grew,c,DescriptChangeNeutral,0
",",",",s,,0
she,she,s,ForcefulIntenseNeutral,0
did,did,s,ForcefulIntenseNeutral,1
not,not,s,NegActsResist,0
cut,cut,s,NarrActsNeutral,0
cane,cane,c,DescriptObjectsNeutral,0
.,.,s,InquiryCuriosityNeutral,0
That,that,s,InquiryCuriosityNeutral,1
is,is,s,InquiryCuriosityNeutral,2
how,how,s,InquiryCuriosityNeutral,3
I,i,s,FPOtherNeutral,0
know,know,s,ConfidenceHighNeutral,0
my,my,s,FPOtherNeutral,0
suffering,suffering,s,NegEmotionsSuffer,0
was,was,s,NarrOtherNeutral,0
not,not,s,NegActsResist,0
wasted,wasted,c,NegEmotionsOther,0
.,.,c,NegEmotionsOther,1
”,",n,,0
Historical,historical,s,NarrOtherNeutral,0
Context,context,n,ContingentEventNeutral,0
Women,women,s,CharTypesNeutral,0
raising,raising,s,DescriptChangeNeutral,0
children,children,s,CharTypesNeutral,0
under,under,s,OtherOrphanedOther,0
indenture,indenture,s,PubLawNeutral,0
in,in,s,OtherOrphanedOther,0
colonies,colonies,s,SpecialTopicsMiscellanyNeutral,0
such,such,s,ExpoExampleNeutral,0
as,as,s,ExpoExampleNeutral,1
Trinidad,trinidad,s,SpecialTopicsPlaceNeutral,0
and,and,s,OtherSyntacticComplexityOther,0
Tobago,tobago,c,SpecialTopicsPlaceNeutral,0
",",",",s,,0
Guyana,guyana,c,SpecialTopicsPlaceNeutral,0
",",",",s,,0
Suriname,suriname,c,SpecialTopicsPlaceNeutral,0
",",",",s,,0
and,and,s,OtherSyntacticComplexityOther,0
Fiji,fiji,s,SpecialTopicsPlaceNeutral,0
faced,faced,c,DescriptVisualNeutral,0
:,:,n,,0
No,no,s,NegActsResist,0
maternity,maternity,s,NegActsResist,1
leave,leave,n,NegActsResist,2
Wage,wage,s,NegEmotionsLoss,0
loss,loss,s,NegEmotionsLoss,1
for,for,s,OtherOrphanedOther,0
childcare,childcare,s,SpecialTopicsMiscellanyNeutral,0
or,or,s,OtherSyntacticComplexityOther,0
illness,illness,n,SpecialTopicsMiscellanyNeutral,0
High,high,s,DescriptVisualNeutral,0
infant,infant,s,CharTypesNeutral,0
mortality,mortality,n,PubAdministrationNeutral,0
Sexual,sexual,s,NegEmotionsFear,0
vulnerability,vulnerability,s,NegEmotionsFear,1
and,and,s,OtherSyntacticComplexityOther,0
overcrowded,overcrowded,s,DescriptVisualNeg,0
housing,housing,n,DescriptVisualNeg,1
Legal,legal,s,SpecialTopicsMiscellanyNeutral,0
systems,systems,s,SpecialTopicsMiscellanyNeutral,1
that,that,s,OtherOrphanedOther,0
prioritized,prioritized,s,StratCoordinationNeutral,0
contracts,contracts,s,NarrActsNeutral,0
over,over,s,OtherOrphanedOther,0
care,care,n,PosRelBondOverNegative,0
Yet,yet,s,MetadiscourseContrastNeutral,0
testimonies,testimonies,s,PubAdministrationNeutral,0
repeatedly,repeatedly,s,NarrDurationNeutral,0
show,show,s,CitationAuthoritativePos,0
that,that,s,CitationAuthoritativePos,1
motherhood,motherhood,s,PubAdministrationNeutral,0
became,became,s,DescriptChangeNeutral,0
a,a,s,DescriptChangeNeutral,1
form,form,s,SpecialTopicsMiscellanyNeutral,0
of,of,s,SpecialTopicsMiscellanyNeutral,1
resistance,resistance,c,NegActsResist,0
:,:,s,,0
preserving,preserving,s,OtherOrphanedOther,0
life,life,c,NarrBiographyNeutral,0
",",",",s,,0
language,language,c,SpecialTopicsMiscellanyNeutral,0
",",",",s,,0
ritual,ritual,c,PubAdministrationNeutral,0
",",",",s,,0
and,and,s,OtherSyntacticComplexityOther,0
aspiration,aspiration,s,StratCognitionNeutral,0
within,within,s,OtherOrphanedOther,0
a,a,s,OtherOrphanedOther,0
system,system,s,SpecialTopicsMiscellanyNeutral,0
designed,designed,s,OtherOrphanedOther,0
to,to,s,OtherOrphanedOther,1
extract,extract,s,NarrActsNeutral,0
labor,labor,c,SpecialTopicsMiscellanyNeutral,0
",",",",s,,0
not,not,s,NegActsResist,0
nurture,nurture,s,FacilitateHelpPos,0
families,families,c,SpecialTopicsMiscellanyNeutral,0
.,.,n,,0
Why,why,s,InquiryCuriosityNeutral,0
These,these,s,InquiryCuriosityNeutral,1
Testimonies,testimonies,s,PubAdministrationNeutral,0
Matter,matter,n,SpecialTopicsMiscellanyNeutral,0
Such,such,s,OtherOrphanedOther,0
accounts,accounts,c,SpecialTopicsMiscellanyNeutral,0
:,:,n,,0
Expose,expose,s,DescriptVisualNeutral,0
the,the,s,OtherOrphanedOther,0
gendered,gendered,s,NegActsViolence,0
violence,violence,s,NegActsViolence,1
of,of,s,OtherOrphanedOther,0
indenture,indenture,n,PubLawNeutral,0
Challenge,challenge,s,NegActsResist,0
the,the,s,NegActsResist,1
myth,myth,s,SpecialTopicsMiscellanyNeutral,0
that,that,s,OtherOrphanedOther,0
indenture,indenture,s,PubLawNeutral,0
was,was,s,NarrOtherNeutral,0
“,",c,,0
milder,milder,c,ExpoComparisonNeutral,0
”,",s,,0
than,than,s,ExpoComparisonNeutral,0
slavery,slavery,n,SpecialTopicsMiscellanyNeutral,0
Show,show,s,SpecialTopicsMiscellanyNeutral,1
women,women,s,CharTypesNeutral,0
as,as,s,OtherOrphanedOther,0
central,central,s,ExpoOtherNeutral,0
to,to,s,ExpoOtherNeutral,1
survival,survival,c,NarrTurningPointNeutral,0
",",",",s,,0
continuity,continuity,c,NarrOtherNeutral,0
",",",",s,,0
anThe,anthe,s,CharNamesNeutral,0
testimony,testimony,s,PubAdministrationNeutral,0
I,i,s,FPOtherNeutral,0
provided,provided,s,FacilitateSponsorNeutral,0
was,was,s,NarrOtherNeutral,0
not,not,s,DescriptVisualNeutral,0
taken,taken,s,DescriptVisualNeutral,1
from,from,s,OtherOrphanedOther,0
a,a,s,ExpoOtherNeutral,0
single,single,c,ExpoOtherNeutral,1
",",",",s,,0
verbatim,verbatim,s,SpecialTopicsMiscellanyNeutral,0
historical,historical,s,SpecialTopicsMiscellanyNeutral,0
document,document,c,SpecialTopicsMiscellanyNeutral,1
.,.,s,NarrOtherNeutral,0
It,it,s,NarrOtherNeutral,1
was,was,s,NarrOtherNeutral,2
explicitly,explicitly,s,ConfidenceHighNeutral,0
a,a,s,OtherOrphanedOther,0
composite,composite,s,SpecialTopicsMiscellanyNeutral,0
testimony,testimony,c,PubAdministrationNeutral,0
",",",",s,,0
constructed,constructed,s,NarrActsNeutral,0
from,from,s,OtherOrphanedOther,0
multiple,multiple,s,SpecialTopicsMiscellanyNeutral,0
primary,primary,s,SpecialTopicsMiscellanyNeutral,0
and,and,s,OtherSyntacticComplexityOther,0
secondary,secondary,s,SpecialTopicsMiscellanyNeutral,0
sources,sources,s,SpecialTopicsMiscellanyNeutral,0
in,in,s,OtherSyntacticComplexityOther,0
which,which,s,OtherSyntacticComplexityOther,1
formerly,formerly,s,NarrSequenceNeutral,0
indentured,indentured,s,PubLawNeutral,0
women,women,s,CharTypesNeutral,0
described,described,s,SpecialTopicsMiscellanyNeutral,0
motherhood,motherhood,s,PubAdministrationNeutral,0
and,and,s,OtherSyntacticComplexityOther,0
child-rearing,child-rearing,s,OtherOrphanedGenericActivity,0
under,under,s,DescriptVisualNeutral,0
the,the,s,DescriptVisualNeutral,1
indenture,indenture,s,SpecialTopicsMiscellanyNeutral,0
system,system,c,SpecialTopicsMiscellanyNeutral,1
.,.,n,MetadiscourseOtherNeutral,0
Below,below,s,MetadiscourseOtherNeutral,1
is,is,s,MetadiscourseOtherNeutral,2
a,a,s,OtherOrphanedOther,0
precise,precise,s,,0
account,account,s,CitationAuthoritativePos,0
of,of,s,CitationAuthoritativePos,1
the,the,s,OtherOrphanedOther,0
source,source,s,SpecialTopicsMiscellanyNeutral,0
base,base,s,SpecialTopicsMiscellanyNeutral,0
from,from,s,OtherSyntacticComplexityOther,0
which,which,s,OtherSyntacticComplexityOther,1
that,that,s,OtherOrphanedOther,0
composite,composite,s,SpecialTopicsMiscellanyNeutral,0
was,was,s,NarrActsNeutral,0
derived,derived,c,NarrActsNeutral,1
.,.,n,,0
Nature,nature,s,SpecialTopicsMiscellanyNeutral,0
of,of,s,OtherSyntacticComplexityOther,0
the,the,s,OtherSyntacticComplexityOther,1
Testimony,testimony,n,PubAdministrationNeutral,0
Type,type,c,SpecialTopicsMiscellanyNeutral,0
:,:,s,,0
Composite,composite,s,SpecialTopicsMiscellanyNeutral,0
reconstructed,reconstructed,s,DescriptChangePos,0
narrative,narrative,n,SpecialTopicsMiscellanyNeutral,0
Method,method,c,SpecialTopicsMiscellanyNeutral,0
:,:,s,,0
Synthesis,synthesis,s,ReasoningAnalyzeNeutral,0
of,of,s,OtherOrphanedOther,0
recurring,recurring,s,NarrDurationNeutral,0
language,language,c,SpecialTopicsMiscellanyNeutral,0
",",",",s,,0
themes,themes,c,SpecialTopicsMiscellanyNeutral,0
",",",",s,,0
and,and,s,OtherSyntacticComplexityOther,0
situations,situations,s,ContingentEventNeutral,0
found,found,s,OtherOrphanedOther,0
across,across,s,OtherOrphanedOther,0
many,many,s,ExpoOtherNeutral,0
first-person,first-person,s,SpecialTopicsMiscellanyNeutral,0
accounts,accounts,n,SpecialTopicsMiscellanyNeutral,0
Purpose,purpose,c,FutureOtherNeutral,0
:,:,s,,0
To,to,s,OtherOrphanedOther,0
present,present,s,SpecialTopicsMiscellanyNeutral,0
what,what,s,OtherOrphanedOther,0
women,women,s,CharTypesNeutral,0
consistently,consistently,s,ForcefulEmphaticNeutral,0
testified,testified,s,PubCommunicationNeutral,0
to,to,c,OtherOrphanedOther,0
",",",",s,,0
in,in,s,DescriptVisualNeutral,0
a,a,s,DescriptVisualNeutral,1
voice,voice,s,DescriptVisualNeutral,2
that,that,s,OtherOrphanedOther,0
reflects,reflects,s,OtherOrphanedOther,0
historical,historical,s,NarrOtherNeutral,0
speech,speech,s,SpecialTopicsMiscellanyNeutral,0
patterns,patterns,s,OtherOrphanedOther,0
without,without,s,ForcefulEmphaticNeutral,0
falsely,falsely,s,NegValuesOther,0
attributing,attributing,s,ReasoningPremiseNeutral,0
words,words,s,SpecialTopicsMiscellanyNeutral,0
to,to,s,OtherOrphanedOther,0
a,a,s,SpecialTopicsMiscellanyNeutral,0
named,named,s,SpecialTopicsMiscellanyNeutral,1
individual,individual,n,CharTypesNeutral,0
This,this,s,ExpoOtherNeutral,0
approach,approach,s,ExpoOtherNeutral,1
is,is,s,ExpoOtherNeutral,2
standard,standard,s,SpecialTopicsMiscellanyNeutral,0
in,in,s,OtherOrphanedOther,0
social,social,s,SpecialTopicsMiscellanyNeutral,0
history,history,s,SpecialTopicsMiscellanyNeutral,1
when,when,c,OtherOrphanedOther,0
:,:,n,,0
Women’s,women’s,s,CharTypesNeutral,0
voices,voices,s,DescriptObjectsNeutral,0
are,are,s,NegRelFragmentbe,0
fragmented,fragmented,s,NegRelFragmentbe,1
or,or,s,OtherSyntacticComplexityOther,0
mediated,mediated,s,PubDiplomacyNeutral,0
by,by,s,OtherOrphanedOther,0
colonial,colonial,s,SpecialTopicsMiscellanyNeutral,0
record-keepers,record-keepers,n,,0
Direct,direct,s,StratActsNeutral,0
quotations,quotations,s,CitationQuotationNeutral,0
exist,exist,s,NarrActsNeutral,0
but,but,s,MetadiscourseContrastNeutral,0
are,are,s,NarrDurationNeutral,0
brief,brief,c,NarrDurationNeutral,1
",",",",s,,0
translated,translated,c,OtherOrphanedOther,0
",",",",s,,0
or,or,s,OtherSyntacticComplexityOther,0
context-stripped,context-stripped,n,,0
Ethical,ethical,s,PosValuesOther,0
accuracy,accuracy,s,PosValuesAccuracy,0
requires,requires,s,PubAdministrationNeutral,0
avoiding,avoiding,s,NegActsResist,0
false,false,s,NegValuesOther,0
attribution,attribution,n,SpecialTopicsMiscellanyNeutral,0
Primary,primary,s,SpecialTopicsMiscellanyNeutral,0
Source,source,s,SpecialTopicsMiscellanyNeutral,0
Foundations,foundations,n,ReasoningOtherNeutral,0
The,the,s,OtherOrphanedOther,0
testimony,testimony,s,PubAdministrationNeutral,0
draws,draws,s,DescriptMotionNeutral,0
most,most,s,ExpoComparisonNeutral,0
directly,directly,s,DescriptVisualNeutral,0
from,from,c,DescriptVisualNeutral,1
:,:,n,,0
1,1,c,ExpoOtherNeutral,0
.,.,s,ExpoOtherNeutral,1
Oral,oral,s,ExpoOtherNeutral,0
History,history,s,ExpoOtherNeutral,1
Interviews,interviews,n,SpecialTopicsMiscellanyNeutral,0
Recorded,recorded,s,SpecialTopicsMiscellanyNeutral,0
in,in,s,NarrDurationNeutral,0
the,the,s,NarrDurationNeutral,1
early,early,s,NarrDurationNeutral,2
—,—,s,,0
mid,mid,s,DescriptVisualNeutral,0
20th,20th,s,NarrDurationNeutral,0
century,century,s,NarrDurationNeutral,1
with,with,s,OtherOrphanedOther,0
elderly,elderly,s,CharTypesNeutral,0
former,former,s,NarrSequenceNeutral,0
indentured,indentured,s,PubLawNeutral,0
women,women,s,CharTypesNeutral,0
and,and,s,OtherSyntacticComplexityOther,0
men,men,c,CharTypesNeutral,0
",",",",s,,0
especially,especially,s,ForcefulEmphaticNeutral,0
in,in,c,OtherOrphanedOther,0
:,:,n,,0
Trinidad,trinidad,s,SpecialTopicsPlaceNeutral,0
and,and,s,OtherSyntacticComplexityOther,0
Tobago,tobago,n,SpecialTopicsPlaceNeutral,0
Guyana,guyana,n,SpecialTopicsPlaceNeutral,0
Suriname,suriname,n,SpecialTopicsPlaceNeutral,0
Fiji,fiji,n,SpecialTopicsPlaceNeutral,0
These,these,s,OtherOrphanedOther,0
interviews,interviews,s,SpecialTopicsMiscellanyNeutral,0
frequently,frequently,s,NarrDurationNeutral,0
include,include,s,NarrActsNeutral,0
women’s,women’s,s,CharTypesNeutral,0
recollections,recollections,s,CharMentalStatesNeutral,0
of,of,c,CharMentalStatesNeutral,1
:,:,n,,0
Carrying,carrying,s,OtherOrphanedOther,0
infants,infants,s,CharTypesNeutral,0
to,to,s,OtherOrphanedOther,0
the,the,s,SpecialTopicsMiscellanyNeutral,0
fields,fields,n,SpecialTopicsMiscellanyNeutral,1
Leaving,leaving,s,SpecialTopicsMiscellanyNeutral,2
children,children,s,CharTypesNeutral,0
with,with,s,OtherOrphanedOther,0
other,other,s,CharTypesNeutral,0
women,women,n,CharTypesNeutral,1
Wage,wage,s,NegEmotionsLoss,0
loss,loss,s,NegEmotionsLoss,1
due,due,s,ReasoningOtherNeutral,0
to,to,s,ReasoningOtherNeutral,1
childcare,childcare,n,SpecialTopicsMiscellanyNeutral,0
Hunger,hunger,s,NegEmotionsOther,0
affecting,affecting,s,ReasoningOtherNeutral,0
breastfeeding,breastfeeding,n,OtherOrphanedGenericActivity,0
Fear,fear,s,NegEmotionsFear,0
for,for,s,NegEmotionsFear,1
daughters,daughters,c,CharTypesNeutral,0
’,',s,CharTypesNeutral,1
safety,safety,n,PosValuesSafe,0
2,2,c,ExpoOtherNeutral,0
.,.,s,ExpoOtherNeutral,1
Colonial,colonial,s,PubAdministrationNeutral,0
Commission,commission,s,PubAdministrationNeutral,1
Testimonies,testimonies,n,PubAdministrationNeutral,0
Especially,especially,s,ForcefulEmphaticNeutral,0
evidence,evidence,s,ReasoningEvidenceNeutral,0
given,given,s,NarrActsNeutral,0
to,to,c,NarrActsNeutral,1
:,:,n,,0
The,the,s,OtherOrphanedOther,0
Sanderson,sanderson,s,CharNamesNeutral,0
Committee,committee,s,PubAdministrationNeutral,0
(,(,c,CitationReferenceNeutral,0
1910,1910,c,CitationReferenceNeutral,1
),),n,CitationReferenceNeutral,2
The,the,s,OtherOrphanedOther,0
McNeill,mcneill,s,,0
—,—,s,,0
Chimman,chimman,s,,0
Lal,lal,s,CharNamesNeutral,0
Report,report,s,NarrActsNeutral,0
(,(,c,CitationReferenceNeutral,0
1915,1915,c,CitationReferenceNeutral,1
),),n,CitationReferenceNeutral,2
While,while,s,NarrDurationNeutral,0
often,often,s,NarrDurationNeutral,0
filtered,filtered,s,OtherOrphanedOther,0
through,through,s,OtherOrphanedOther,0
male,male,s,CharTypesNeutral,0
translators,translators,s,CharTypesNeutral,0
or,or,s,OtherSyntacticComplexityOther,0
officials,officials,c,CharTypesNeutral,0
",",",",s,,0
women’s,women’s,s,CharTypesNeutral,0
statements,statements,s,SpecialTopicsMiscellanyNeutral,0
about,about,c,OtherOrphanedOther,0
:,:,n,,0
Pregnancy,pregnancy,s,SpecialTopicsMiscellanyNeutral,0
penalties,penalties,n,ResponsibilityHoldNeg,0
Infant,infant,s,SpecialTopicsMiscellanyNeutral,0
illness,illness,n,SpecialTopicsMiscellanyNeutral,1
Absence,absence,s,SpecialTopicsMiscellanyNeutral,0
punishments,punishments,n,NegEmotionsOther,0
Housing,housing,s,ContingentEventNeutral,0
conditions,conditions,n,ContingentEventNeutral,1
appear,appear,s,UpdatesNewsNeutral,0
repeatedly,repeatedly,s,NarrDurationNeutral,0
and,and,s,OtherSyntacticComplexityOther,0
consistently,consistently,c,ForcefulEmphaticNeutral,0
.,.,n,,0
3,3,c,ExpoOtherNeutral,0
.,.,s,ExpoOtherNeutral,1
Court,court,s,SpecialTopicsMiscellanyNeutral,0
and,and,s,OtherSyntacticComplexityOther,0
Magistrate,magistrate,s,CharTypesNeutral,0
Records,records,n,DescriptObjectsNeutral,0
Women’s,women’s,s,CharTypesNeutral,0
voices,voices,s,DescriptObjectsNeutral,0
surface,surface,s,SpecialTopicsMiscellanyNeutral,0
indirectly,indirectly,s,ConfidenceHedgedNeutral,0
in,in,c,OtherOrphanedOther,0
:,:,n,,0
Complaints,complaints,s,NegActsPlaintive,0
about,about,s,OtherOrphanedOther,0
missed,missed,s,NegActsMiss,0
work,work,s,NegActsMiss,1
due,due,s,ReasoningOtherNeutral,0
to,to,s,ReasoningOtherNeutral,1
sick,sick,s,NegEmotionsSick,0
children,children,n,CharTypesNeutral,0
Charges,charges,s,SpecialTopicsMiscellanyNeutral,0
related,related,s,ExpoComparisonNeutral,0
to,to,s,ExpoComparisonNeutral,1
“,",c,,0
desertion,desertion,c,NegRelForsake,0
”,",s,,0
or,or,s,OtherSyntacticComplexityOther,0
“,",c,,0
neglect,neglect,s,NegEmotionsOther,0
of,of,s,NegEmotionsOther,1
duty,duty,c,ResponsibilityHoldNeutral,0
”,",n,,0
Domestic,domestic,s,NegRelDisagreement,0
disputes,disputes,s,NegRelDisagreement,1
tied,tied,s,ExpoSpecificationNeutral,0
to,to,s,ExpoSpecificationNeutral,1
plantation,plantation,s,DescriptVisualNeutral,0
living,living,n,NarrBiographyNeutral,0
These,these,s,OtherOrphanedOther,0
records,records,s,DescriptObjectsNeutral,0
corroborate,corroborate,s,ReasoningDefendPos,0
the,the,s,ReasoningDefendPos,1
lived,lived,s,NarrBiographyNeutral,0
realities,realities,s,SpecialTopicsMiscellanyNeutral,0
described,described,s,SpecialTopicsMiscellanyNeutral,0
in,in,s,SpecialTopicsMiscellanyNeutral,1
oral,oral,s,DescriptVisualNeutral,0
testimony,testimony,c,PubAdministrationNeutral,0
.,.,n,InterCommandNeutral,0
Key,key,s,InterCommandNeutral,1
Scholarly,scholarly,s,PosValuesEnlighten,0
Works,works,s,PosValuesEnlighten,1
Used,used,s,NarrActsNeutral,0
as,as,s,OtherOrphanedOther,0
Interpreters,interpreters,s,CharTypesNeutral,0
of,of,s,CharTypesNeutral,1
Testimony,testimony,n,PubAdministrationNeutral,0
The,the,s,OtherOrphanedOther,0
language,language,s,SpecialTopicsMiscellanyNeutral,0
and,and,s,OtherSyntacticComplexityOther,0
structure,structure,s,SpecialTopicsMiscellanyNeutral,0
of,of,s,SpecialTopicsMiscellanyNeutral,1
the,the,s,OtherOrphanedOther,0
composite,composite,s,SpecialTopicsMiscellanyNeutral,0
testimony,testimony,s,PubAdministrationNeutral,0
are,are,s,UpdatesNoticeNeutral,0
informed,informed,s,UpdatesNoticeNeutral,1
by,by,s,UpdatesNoticeNeutral,2
historians,historians,s,CharTypesNeutral,0
who,who,s,OtherOrphanedOther,0
carefully,carefully,s,PosValuesCarefulness,0
preserved,preserved,s,OtherOrphanedOther,0
and,and,s,OtherSyntacticComplexityOther,0
contextualized,contextualized,s,SpecialTopicsMiscellanyNeutral,0
women’s,women’s,s,CharTypesNeutral,0
voices,voices,c,DescriptObjectsNeutral,0
",",",",s,ExpoExampleNeutral,0
including,including,c,ExpoExampleNeutral,1
:,:,n,ExpoExampleNeutral,2
Voices,voices,s,DescriptSoundNeutral,0
of,of,s,DescriptSoundNeutral,1
Indenture,indenture,s,PubLawNeutral,0
—,—,s,,0
Brij,brij,s,,0
V,v,c,OtherOrphanedOther,0
.,.,s,OtherOrphanedOther,1
Lal,lal,n,CharNamesNeutral,0
Coolie,coolie,s,CharTypesNeutral,0
Woman,woman,n,CharTypesNeutral,0
Indentured,indentured,s,PubLawNeutral,0
Women,women,s,CharTypesNeutral,0
—,—,s,,0
Rhoda,rhoda,s,CharNamesNeutral,0
Reddock,reddock,n,,0
They,they,s,OtherOrphanedOther,0
Came,came,s,NarrSceneShiftNeutral,0
in,in,s,NarrSceneShiftNeutral,1
Ships,ships,s,DescriptObjectsNeutral,0
—,—,s,,0
Basdeo,basdeo,s,,0
Mangru,mangru,n,,0
These,these,s,OtherOrphanedOther,0
works,works,s,OtherOrphanedOther,0
do,do,s,NegActsResist,0
not,not,s,NegActsResist,1
fictionalize,fictionalize,s,,0
women’s,women’s,s,CharTypesNeutral,0
experiences,experiences,c,NarrActsNeutral,0
;,;,s,,0
rather,rather,c,NegActsResist,0
",",",",s,NegActsResist,1
they,they,s,OtherOrphanedOther,0
assemble,assemble,s,NarrActsNeutral,0
testimony,testimony,s,PubAdministrationNeutral,0
fragments,fragments,s,NegValuesOther,0
into,into,s,NegValuesOther,1
coherent,coherent,s,PosValuesOther,0
historical,historical,s,NarrOtherNeutral,0
understanding,understanding,s,InquiryLearningNeutral,0
—,—,s,,0
exactly,exactly,s,InquiryExplorationNeutral,0
the,the,s,PubAdministrationNeutral,0
method,method,s,PubAdministrationNeutral,1
used,used,s,OtherOrphanedGenericActivity,0
in,in,s,OtherOrphanedGenericActivity,1
the,the,s,OtherOrphanedOther,0
composite,composite,c,SpecialTopicsMiscellanyNeutral,0
.,.,n,ForcefulEmphaticNeutral,0
What,what,s,ForcefulEmphaticNeutral,1
the,the,s,ForcefulEmphaticNeutral,2
Testimony,testimony,s,PubAdministrationNeutral,0
Is,is,s,OtherOrphanedOther,0
—,—,s,,0
and,and,s,OtherSyntacticComplexityOther,0
Is,is,s,NegActsResist,0
Not,not,n,NegActsResist,1
It,it,s,ConfidenceHighNeutral,0
is,is,c,ConfidenceHighNeutral,1
:,:,n,,0
Historically,historically,s,NarrOtherNeutral,0
accurate,accurate,s,ConfidenceHighPos,0
in,in,s,OtherOrphanedOther,0
content,content,n,SpecialTopicsMiscellanyNeutral,0
Faithful,faithful,s,ConfidenceHighPos,0
to,to,s,OtherOrphanedOther,0
documented,documented,s,StratCognitionNeutral,0
experiences,experiences,n,StratCognitionNeutral,1
Representative,representative,s,CharTypesNeutral,0
of,of,s,CharTypesNeutral,1
many,many,s,ExpoOtherNeutral,0
women,women,c,CharTypesNeutral,0
",",",",s,,0
not,not,s,NegActsResist,0
one,one,n,NegActsResist,1
It,it,s,NegActsResist,0
is,is,s,NegActsResist,1
not,not,c,NegActsResist,2
:,:,n,,0
A,a,s,OtherOrphanedOther,0
verbatim,verbatim,s,SpecialTopicsMiscellanyNeutral,0
archival,archival,s,NarrOtherNeutral,0
quotation,quotation,n,CitationQuotationNeutral,0
Attributable,attributable,s,SpecialTopicsMiscellanyNeutral,0
to,to,s,OtherOrphanedOther,0
a,a,s,SpecialTopicsMiscellanyNeutral,0
named,named,s,SpecialTopicsMiscellanyNeutral,1
individual,individual,n,CharTypesNeutral,0
Invented,invented,s,PosValuesInnovative,0
beyond,beyond,s,OtherOrphanedOther,0
documented,documented,s,StratCognitionNeutral,0
evidence,evidence,n,ReasoningEvidenceNeutral,0
Why,why,s,InquiryCuriosityNeutral,0
This,this,s,InquiryCuriosityNeutral,1
Matters,matters,n,SpecialTopicsMiscellanyNeutral,0
Providing,providing,s,FacilitateSponsorNeutral,0
a,a,s,FacilitateSponsorNeutral,1
composite,composite,s,SpecialTopicsMiscellanyNeutral,0
testimony,testimony,s,PubAdministrationNeutral,0
avoids,avoids,s,NegActsResist,0
two,two,s,ExpoOtherNeutral,0
common,common,s,NegEmotionsIdentifyGaps,0
errors,errors,c,NegEmotionsIdentifyGaps,1
:,:,n,,0
Silencing,silencing,s,NegActsAggressive,0
women,women,s,NegActsAggressive,1
because,because,s,ReasoningOtherNeutral,0
their,their,s,CharNamesNeutral,0
voices,voices,s,DescriptObjectsNeutral,0
survive,survive,s,NarrBiographyNeutral,0
only,only,s,OtherOrphanedOther,0
in,in,s,OtherOrphanedOther,0
fragments,fragments,n,DescriptObjectsNeutral,0
Misattributing,misattributing,s,NegActsMisattribute,0
words,words,c,SpecialTopicsMiscellanyNeutral,0
",",",",s,OtherOrphanedOther,0
which,which,s,OtherOrphanedOther,1
undermines,undermines,s,NegActsResist,0
historical,historical,s,NarrOtherNeutral,0
integrity,integrity,n,,0
This,this,s,StratCoordinationNeutral,0
method,method,s,StratCoordinationNeutral,1
allows,allows,s,InterRequestNeutral,0
us,us,s,InterRequestNeutral,1
to,to,s,InterRequestNeutral,2
hear,hear,s,DescriptVisualNeutral,0
what,what,s,OtherOrphanedOther,0
indentured,indentured,s,PubLawNeutral,0
women,women,s,CharTypesNeutral,0
as,as,s,StratCoordinationPos,0
a,a,s,StratCoordinationPos,1
group,group,s,StratCoordinationPos,2
said,said,s,UncertaintyOtherNeutral,0
about,about,s,UncertaintyOtherNeutral,1
raising,raising,s,DescriptChangeNeutral,0
children,children,s,CharTypesNeutral,0
—,—,s,,0
without,without,s,ForcefulEmphaticNeutral,0
distorting,distorting,s,NegActsDistort,0
the,the,s,NegActsDistort,1
record,record,c,NegActsDistort,2
.,.,n,,0
If,if,s,ContingentRelationshipNeutral,0
you,you,s,CharSubjectivityNeutral,0
would,would,s,CharSubjectivityNeutral,1
like,like,c,CharSubjectivityNeutral,2
",",",",s,,0
I,i,s,ConfidenceHighPos,0
can,can,s,ConfidenceHighPos,1
next,next,c,NarrSequenceNeutral,0
:,:,n,InterCommandNeutral,0
Provide,provide,s,InterCommandNeutral,1
verbatim,verbatim,s,SpecialTopicsMiscellanyNeutral,0
excerpts,excerpts,s,CitationQuotationNeutral,0
from,from,s,CitationQuotationNeutral,1
identifiable,identifiable,s,ReasoningAnalyzeNeutral,0
archival,archival,s,NarrOtherNeutral,0
testimonies,testimonies,n,PubAdministrationNeutral,0
Cite,cite,s,CitationOtherNeutral,0
specific,specific,s,CharTypesNeutral,0
women,women,s,CharTypesNeutral,1
whose,whose,s,CharNamesNeutral,0
words,words,s,SpecialTopicsMiscellanyNeutral,0
are,are,s,OtherOrphanedOther,0
preserved,preserved,s,ForcefulEmphaticNeutral,0
in,in,s,ForcefulEmphaticNeutral,1
records,records,n,DescriptObjectsNeutral,0
Compare,compare,s,ExpoComparisonNeutral,0
composite,composite,s,SpecialTopicsMiscellanyNeutral,0
vs,vs,c,StratCompetitionNeg,0
.,.,s,StratCompetitionNeg,1
direct,direct,s,StratActsNeutral,0
testimony,testimony,s,ExpoOtherNeutral,0
methods,methods,n,ExpoOtherNeutral,1
Trace,trace,s,SpecialTopicsMiscellanyNeutral,0
how,how,s,OtherOrphanedOther,0
historians,historians,s,CharTypesNeutral,0
ethically,ethically,s,,0
reconstruct,reconstruct,s,DescriptChangePos,0
subaltern,subaltern,s,SpecialTopicsMiscellanyNeutral,0
voicesd,voicesd,s,,0
post-indenture,post-indenture,s,,0
community,community,s,SpecialTopicsMiscellanyNeutral,0
formation,formation,n,SpecialTopicsMiscellanyNeutral,1
They,they,s,NarrOtherNeutral,0
remind,remind,s,NarrOtherNeutral,1
us,us,s,OtherOrphanedOther,0
that,that,s,OtherOrphanedOther,0
indenture,indenture,s,PubLawNeutral,0
was,was,s,NarrOtherNeutral,0
not,not,s,ForcefulEmphaticNeutral,0
only,only,s,ForcefulEmphaticNeutral,1
endured,endured,s,CharTraitsNeutral,0
in,in,s,OtherOrphanedOther,0
the,the,s,OtherOrphanedOther,0
fields,fields,c,OtherOrphanedOther,0
",",",",s,MetadiscourseContrastNeutral,0
but,but,s,MetadiscourseContrastNeutral,1
lived,lived,s,NarrBiographyNeutral,0
in,in,s,NarrBiographyNeutral,1
bodies,bodies,c,SpecialTopicsMiscellanyNeutral,0
",",",",s,,0
children,children,c,CharTypesNeutral,0
",",",",s,,0
and,and,s,OtherSyntacticComplexityOther,0
daily,daily,s,CharTraitsNeutral,0
choices,choices,c,CharTraitsNeutral,1
.,.,n,,0
If,if,s,InterOtherNeutral,0
you,you,s,InterOtherNeutral,1
wish,wish,c,InterOtherNeutral,2
",",",",s,,0
I,i,s,ConfidenceHighPos,0
can,can,s,ConfidenceHighPos,1
next,next,c,NarrSequenceNeutral,0
:,:,n,InterCommandNeutral,0
Provide,provide,s,InterCommandNeutral,1
a,a,s,OtherOrphanedOther,0
testimony,testimony,s,PubAdministrationNeutral,0
focused,focused,s,CharMentalStatesPos,0
on,on,s,CharMentalStatesPos,1
childbirth,childbirth,s,SpecialTopicsMiscellanyNeutral,0
under,under,s,OtherOrphanedOther,0
indenture,indenture,n,PubLawNeutral,0
Share,share,s,OtherOrphanedOther,0
archival,archival,s,NarrOtherNeutral,0
excerpts,excerpts,s,CitationQuotationNeutral,0
from,from,s,CitationQuotationNeutral,1
court,court,s,SpecialTopicsMiscellanyNeutral,0
or,or,s,OtherSyntacticComplexityOther,0
commission,commission,s,PubAdministrationNeutral,0
records,records,n,DescriptObjectsNeutral,0
Compare,compare,s,ExpoComparisonNeutral,0
women’s,women’s,s,CharTypesNeutral,0
testimonies,testimonies,s,PubAdministrationNeutral,0
across,across,s,OtherOrphanedOther,0
colonies,colonies,n,SpecialTopicsMiscellanyNeutral,0
Analyze,analyze,s,ReasoningAnalyzeNeutral,0
how,how,s,ReasoningAnalyzeNeutral,1
motherhood,motherhood,s,PubAdministrationNeutral,0
altered,altered,s,DescriptChangeNeutral,0
resistance,resistance,s,NegActsResist,0
strategies,strategies,n,OtherOrphanedOther,0
Under,under,s,OtherOrphanedOther,0
indenture,indenture,c,PubLawNeutral,0
",",",",s,,0
women’s,women’s,s,CharTypesNeutral,0
treatment,treatment,s,SpecialTopicsMiscellanyNeutral,0
was,was,s,NarrOtherNeutral,0
structured,structured,s,NarrOtherNeutral,1
by,by,s,NarrOtherNeutral,2
marital,marital,s,NarrBiographyNeutral,0
status,status,c,SpecialTopicsMiscellanyNeutral,0
",",",",s,MetadiscourseContrastNeutral,0
but,but,s,MetadiscourseContrastNeutral,1
in,in,s,ReasoningOtherNeutral,0
all,all,s,ReasoningOtherNeutral,1
cases,cases,s,ReasoningOtherNeutral,2
it,it,s,NarrOtherNeutral,0
was,was,s,NarrOtherNeutral,1
shaped,shaped,s,OtherOrphanedOther,0
by,by,s,OtherOrphanedOther,0
coercive,coercive,s,NegActsCoercive,0
labor,labor,s,PubLawNeutral,0
law,law,c,PubLawNeutral,1
",",",",s,,0
extreme,extreme,s,ForcefulEmphaticNeutral,0
gender,gender,s,SpecialTopicsMiscellanyNeutral,0
imbalance,imbalance,c,NegValuesOther,0
",",",",s,,0
and,and,s,OtherSyntacticComplexityOther,0
plantation,plantation,s,DescriptVisualNeutral,0
control,control,s,StratCompetitionNeutral,0
over,over,s,StratCompetitionNeutral,1
private,private,s,CharSubjectivityNeutral,0
life,life,c,CharSubjectivityNeutral,1
.,.,s,,0
Single,single,c,SpecialTopicsMiscellanyNeutral,0
",",",",s,,0
married,married,c,NarrBiographyNeutral,0
",",",",s,,0
and,and,s,OtherSyntacticComplexityOther,0
widowed,widowed,s,CharTypesNeutral,0
women,women,s,CharTypesNeutral,1
faced,faced,s,DescriptVisualNeutral,0
different,different,s,ExpoComparisonNeutral,0
forms,forms,s,SpecialTopicsMiscellanyNeutral,0
of,of,s,SpecialTopicsMiscellanyNeutral,1
vulnerability,vulnerability,c,NegEmotionsFear,0
",",",",s,,0
not,not,s,ExpoComparisonNeutral,0
different,different,s,ExpoComparisonNeutral,1
levels,levels,s,SpecialTopicsMiscellanyNeutral,0
of,of,s,SpecialTopicsMiscellanyNeutral,1
protection,protection,c,StratCoordinationNeutral,0
.,.,n,ForcefulEmphaticNeutral,0
What,what,s,ForcefulEmphaticNeutral,1
follows,follows,s,ForcefulEmphaticNeutral,2
is,is,s,OtherOrphanedOther,0
a,a,s,OtherOrphanedOther,0
historically,historically,s,NarrOtherNeutral,0
grounded,grounded,s,,0
comparison,comparison,s,ExpoComparisonNeutral,0
based,based,s,ReasoningPremiseNeutral,0
on,on,s,ReasoningPremiseNeutral,1
testimonies,testimonies,c,PubAdministrationNeutral,0
",",",",s,,0
court,court,s,SpecialTopicsMiscellanyNeutral,0
records,records,c,DescriptObjectsNeutral,0
",",",",s,,0
and,and,s,OtherSyntacticComplexityOther,0
commission,commission,s,PubAdministrationNeutral,0
reports,reports,s,PubAdministrationNeutral,1
from,from,s,OtherOrphanedOther,0
colonies,colonies,s,SpecialTopicsMiscellanyNeutral,0
such,such,s,ExpoExampleNeutral,0
as,as,s,ExpoExampleNeutral,1
Trinidad,trinidad,s,SpecialTopicsPlaceNeutral,0
and,and,s,OtherSyntacticComplexityOther,0
Tobago,tobago,c,SpecialTopicsPlaceNeutral,0
",",",",s,,0
Guyana,guyana,c,SpecialTopicsPlaceNeutral,0
",",",",s,,0
and,and,s,OtherSyntacticComplexityOther,0
Suriname,suriname,c,SpecialTopicsPlaceNeutral,0
.,.,n,,0
1,1,c,ExpoOtherNeutral,0
.,.,s,ExpoOtherNeutral,1
Single,single,s,CharTypesNeutral,0
Women,women,n,CharTypesNeutral,1
How,how,s,OtherOrphanedOther,0
they,they,s,OtherOrphanedOther,0
were,were,s,NarrOtherNeutral,0
treated,treated,n,NarrOtherNeutral,1
Single,single,s,CharTypesNeutral,0
women,women,s,CharTypesNeutral,1
were,were,s,NarrOtherNeutral,0
the,the,s,NarrOtherNeutral,1
most,most,s,ExpoComparisonNeutral,0
surveilled,surveilled,s,,0
and,and,s,OtherSyntacticComplexityOther,0
contested,contested,s,StratCompetitionNeutral,0
group,group,s,SpecialTopicsMiscellanyNeutral,0
on,on,s,OtherOrphanedOther,0
plantations,plantations,c,DescriptVisualNeutral,0
.,.,n,NarrActsNeutral,0
They,they,s,NarrActsNeutral,1
were,were,s,ForcefulEmphaticNeutral,0
vastly,vastly,s,ForcefulEmphaticNeutral,1
outnumbered,outnumbered,s,StratCompetitionNeutral,0
by,by,s,OtherOrphanedOther,0
men,men,s,CharTypesNeutral,0
(,(,c,OtherOrphanedOther,0
often,often,s,NarrDurationNeutral,0
1,1,s,ExpoOtherNeutral,0
woman,woman,s,CharTypesNeutral,0
to,to,s,OtherOrphanedOther,0
3,3,s,ExpoOtherNeutral,0
—,—,s,,0
5,5,s,ExpoOtherNeutral,0
men,men,c,CharTypesNeutral,0
),),n,OtherOrphanedOther,0
Colonial,colonial,s,SpecialTopicsMiscellanyNeutral,0
authorities,authorities,s,CharSubjectivityNeutral,0
viewed,viewed,s,CharSubjectivityNeutral,1
them,them,s,NarrActsNeutral,0
simultaneously,simultaneously,s,NarrSimultaneityNeutral,0
as,as,c,OtherOrphanedOther,0
:,:,n,,0
A,a,s,OtherOrphanedOther,0
“,",c,,0
moral,moral,s,UncertaintyOtherNeutral,0
risk,risk,c,UncertaintyOtherNeutral,1
”,",n,,0
A,a,s,PosValuesIntellectualConstructs,0
solution,solution,s,PosValuesIntellectualConstructs,1
to,to,s,OtherOrphanedOther,0
male,male,s,CharTypesNeutral,0
unrest,unrest,n,StratActsNeg,0
Planters,planters,s,DescriptObjectsNeutral,0
and,and,s,OtherSyntacticComplexityOther,0
officials,officials,s,CharTypesNeutral,0
encouraged,encouraged,s,FacilitateEncouragePos,0
or,or,s,OtherSyntacticComplexityOther,0
coerced,coerced,s,NegActsPressureSomeone,0
them,them,s,NegActsPressureSomeone,1
into,into,s,NegActsPressureSomeone,2
relationships,relationships,n,SpecialTopicsMiscellanyNeutral,0
Lived,lived,s,NarrBiographyNeutral,0
realities,realities,n,SpecialTopicsMiscellanyNeutral,0
Testimonies,testimonies,s,PubAdministrationNeutral,0
consistently,consistently,s,ForcefulEmphaticNeutral,0
describe,describe,c,SpecialTopicsMiscellanyNeutral,0
:,:,n,SpecialTopicsMiscellanyNeutral,1
Pressure,pressure,s,NegActsCoercive,0
to,to,s,NegActsCoercive,1
form,form,s,StratActsNeutral,0
partnerships,partnerships,s,StratActsNeutral,1
quickly,quickly,c,DescriptMotionNeutral,0
",",",",s,,0
often,often,s,NarrDurationNeutral,0
without,without,s,ForcefulEmphaticNeutral,0
consent,consent,n,SpecialTopicsMiscellanyNeutral,0
Sexual,sexual,s,SpecialTopicsMiscellanyNeutral,1
harassment,harassment,s,NegActsAggressive,0
and,and,s,OtherSyntacticComplexityOther,0
coercion,coercion,s,NegActsCoercive,0
by,by,s,OtherOrphanedOther,0
overseers,overseers,s,CharTypesNeutral,0
and,and,s,OtherSyntacticComplexityOther,0
sirdars,sirdars,n,PubAdministrationNeutral,0
Violence,violence,s,NegActsViolence,0
from,from,s,OtherOrphanedOther,0
male,male,s,CharTypesNeutral,0
laborers,laborers,s,CharTypesNeutral,0
competing,competing,s,StratCompetitionNeutral,0
for,for,s,StratCompetitionNeutral,1
partners,partners,n,PosRelOther,0
Being,being,s,ResponsibilityHoldNeg,0
blamed,blamed,s,ResponsibilityHoldNeg,1
for,for,s,ResponsibilityHoldNeg,2
conflicts,conflicts,s,NegRelConflict,0
rather,rather,s,ExpoOtherNeutral,0
than,than,s,ExpoOtherNeutral,1
protected,protected,n,PosRelGuardian,0
Single,single,s,CharTypesNeutral,0
women,women,s,CharTypesNeutral,1
who,who,s,OtherOrphanedOther,0
resisted,resisted,s,NegActsResist,0
relationships,relationships,s,SpecialTopicsMiscellanyNeutral,0
were,were,s,NarrDurationNeutral,0
often,often,c,NarrDurationNeutral,1
:,:,n,,0
Labeled,labeled,s,OtherOrphanedOther,0
“,",c,,0
disorderly,disorderly,c,NegActsUnrestrained,0
”,",s,,0
or,or,s,OtherSyntacticComplexityOther,0
“,",c,,0
immoral,immoral,c,NegValuesEvil,0
”,",n,,0
Threatened,threatened,s,NegRelThreaten,0
with,with,s,OtherOrphanedOther,0
punishment,punishment,c,NegEmotionsOther,0
",",",",s,,0
transfer,transfer,c,NarrActsNeutral,0
",",",",s,,0
or,or,s,OtherSyntacticComplexityOther,0
wage,wage,s,ResponsibilityHoldNeg,0
penalties,penalties,n,ResponsibilityHoldNeg,1
In,in,s,OtherOrphanedGenericActivity,0
practice,practice,c,OtherOrphanedGenericActivity,1
:,:,s,,0
sexual,sexual,s,NegEmotionsFear,0
vulnerability,vulnerability,s,NegEmotionsFear,1
was,was,s,NarrOtherNeutral,0
structural,structural,c,SpecialTopicsMiscellanyNeutral,0
",",",",s,,0
not,not,s,NegActsResist,0
incidental,incidental,c,ContingentEventNeutral,0
.,.,n,,0
2,2,c,ExpoOtherNeutral,0
.,.,s,ExpoOtherNeutral,1
Married,married,s,CharTypesNeutral,0
Women,women,n,CharTypesNeutral,1
Marriage,marriage,s,SpecialTopicsMiscellanyNeutral,0
did,did,s,NegActsResist,0
not,not,s,NegActsResist,1
offer,offer,s,NegActsResist,2
safety,safety,s,PosValuesSafe,0
under,under,s,OtherOrphanedOther,0
indenture,indenture,c,PubLawNeutral,0
.,.,n,,0
Legal,legal,s,PubLawNeutral,0
and,and,s,OtherSyntacticComplexityOther,0
economic,economic,s,SpecialTopicsMiscellanyNeutral,0
position,position,n,SpecialTopicsMiscellanyNeutral,1
Married,married,s,CharTypesNeutral,0
women,women,s,CharTypesNeutral,1
were,were,s,UpdatesNewsNeutral,0
still,still,s,UpdatesNewsNeutral,1
individually,individually,s,SpecialTopicsMiscellanyNeutral,0
contracted,contracted,s,NarrActsNeutral,0
laborers,laborers,n,CharTypesNeutral,0
Pregnancy,pregnancy,c,SpecialTopicsMiscellanyNeutral,0
",",",",s,,0
childbirth,childbirth,c,SpecialTopicsMiscellanyNeutral,0
",",",",s,,0
or,or,s,OtherSyntacticComplexityOther,0
childcare,childcare,s,SpecialTopicsMiscellanyNeutral,0
did,did,s,NegActsResist,0
not,not,s,NegActsResist,1
excuse,excuse,s,NegActsResist,2
absence,absence,n,SpecialTopicsMiscellanyNeutral,0
Missing,missing,s,NegActsMiss,0
work,work,s,NegActsMiss,1
due,due,s,ReasoningOtherNeutral,0
to,to,s,ReasoningOtherNeutral,1
family,family,s,NegEmotionsIdentifyGaps,0
needs,needs,s,NegEmotionsIdentifyGaps,1
resulted,resulted,s,ReasoningOtherNeutral,0
in,in,s,ReasoningOtherNeutral,1
fines,fines,s,NegRelOther,0
or,or,s,OtherSyntacticComplexityOther,0
imprisonment,imprisonment,n,NegValuesOther,0
Domestic,domestic,s,ContingentEventNeutral,0
conditions,conditions,n,ContingentEventNeutral,1
Housing,housing,s,DescriptVisualNeutral,0
was,was,s,DescriptVisualNeg,0
overcrowded,overcrowded,s,DescriptVisualNeg,1
and,and,s,OtherSyntacticComplexityOther,0
insecure,insecure,n,NegEmotionsInsecure,0
Husbands,husbands,s,NegEmotionsInsecure,1
could,could,s,NegActsResist,0
not,not,s,NegActsResist,1
legally,legally,s,PubLawNeutral,0
shield,shield,s,NegActsResist,0
wives,wives,s,CharTypesNeutral,0
from,from,s,OtherOrphanedOther,0
overseers,overseers,s,CharTypesNeutral,0
or,or,s,OtherSyntacticComplexityOther,0
the,the,s,SpecialTopicsPlaceNeutral,0
state,state,n,SpecialTopicsPlaceNeutral,1
Domestic,domestic,s,NegRelDisagreement,0
disputes,disputes,s,NegRelDisagreement,1
were,were,s,PubLawNeutral,0
policed,policed,s,PubLawNeutral,1
harshly,harshly,n,NegEmotionsSevere,0
Violence,violence,s,NegActsViolence,0
and,and,s,OtherSyntacticComplexityOther,0
control,control,n,StratCoordinationNeutral,0
Married,married,s,CharTypesNeutral,0
women,women,s,CharTypesNeutral,1
testified,testified,s,PubCommunicationNeutral,0
to,to,c,OtherOrphanedOther,0
:,:,n,,0
Being,being,s,NegRelPunish,0
punished,punished,s,NegRelPunish,1
for,for,s,OtherOrphanedOther,0
their,their,s,CharNamesNeutral,0
husband’s,husband’s,s,NarrBiographyNeutral,0
“,",c,,0
misconduct,misconduct,c,NegActsMisconduct,0
”,",n,,0
Sexual,sexual,s,NegActsAggressive,0
abuse,abuse,s,NegActsAggressive,1
by,by,s,OtherOrphanedOther,0
overseers,overseers,c,CharTypesNeutral,0
",",",",s,,0
sometimes,sometimes,s,ContingentRelationshipNeutral,0
in,in,s,NegRelOther,0
retaliation,retaliation,s,NegRelOther,1
against,against,s,NegActsResist,0
husbands,husbands,n,NarrBiographyNeutral,0
Increased,increased,s,DescriptChangeNeutral,0
domestic,domestic,s,NegActsViolence,0
violence,violence,s,NegActsViolence,1
fueled,fueled,s,ReasoningOtherNeutral,0
by,by,s,ReasoningOtherNeutral,1
stress,stress,c,,0
",",",",s,,0
alcohol,alcohol,c,DescriptObjectsNeutral,0
",",",",s,,0
and,and,s,OtherSyntacticComplexityOther,0
scarcity,scarcity,n,NegValuesOther,0
Colonial,colonial,s,SpecialTopicsMiscellanyNeutral,0
courts,courts,s,SpecialTopicsMiscellanyNeutral,0
often,often,c,NarrDurationNeutral,0
:,:,n,,0
Criminalized,criminalized,s,DescriptChangeNeg,0
women,women,s,CharTypesNeutral,0
who,who,s,OtherOrphanedOther,0
fled,fled,s,DescriptMotionNeutral,0
abusive,abusive,s,NegActsAggressive,0
marriages,marriages,n,NegActsAggressive,1
Punished,punished,s,NegActsAggressive,0
women,women,s,NegActsAggressive,1
for,for,s,CitationQuotationNeutral,0
“,",c,CitationQuotationNeutral,1
desertion,desertion,c,NegRelForsake,0
”,",s,,0
even,even,s,ForcefulIntenseNeutral,0
when,when,s,ForcefulIntenseNeutral,1
escaping,escaping,s,NegActsViolence,0
violence,violence,n,NegActsViolence,1
Marriage,marriage,s,SpecialTopicsMiscellanyNeutral,0
increased,increased,s,DescriptChangeNeutral,0
responsibility,responsibility,s,DescriptChangeNeutral,1
without,without,s,ForcefulEmphaticNeutral,0
increasing,increasing,s,DescriptChangePos,0
protection,protection,c,DescriptChangePos,1
.,.,n,,0
3,3,c,ExpoOtherNeutral,0
.,.,s,ExpoOtherNeutral,1
Widowed,widowed,s,CharTypesNeutral,0
Women,women,n,CharTypesNeutral,1
Widows,widows,s,CharTypesNeutral,0
were,were,s,NarrOtherNeutral,0
among,among,s,OtherSyntacticComplexityOther,0
the,the,s,OtherSyntacticComplexityOther,1
most,most,s,ExpoComparisonNeutral,0
economically,economically,s,SpecialTopicsMiscellanyNeutral,0
and,and,s,OtherSyntacticComplexityOther,0
socially,socially,s,PubAdministrationNeutral,0
exposed,exposed,c,DescriptVisualNeutral,0
.,.,n,,0
After,after,s,NarrSequenceNeutral,0
a,a,s,NarrSequenceNeutral,1
husband’s,husband’s,s,NarrBiographyNeutral,0
death,death,n,DescriptChangeNeg,0
No,no,s,NegActsResist,0
automatic,automatic,s,SpecialTopicsMiscellanyNeutral,0
relief,relief,s,DescriptChangePos,0
from,from,s,DescriptChangePos,1
labor,labor,s,DescriptChangePos,2
requirements,requirements,n,PubAdministrationNeutral,0
Loss,loss,s,NegEmotionsLoss,0
of,of,s,NegEmotionsLoss,1
shared,shared,s,SpecialTopicsMiscellanyNeutral,0
income,income,s,SpecialTopicsMiscellanyNeutral,1
and,and,s,OtherSyntacticComplexityOther,0
protection,protection,n,StratCoordinationNeutral,0
Pressure,pressure,s,StratCoordinationNeutral,1
to,to,s,OtherOrphanedOther,0
remarry,remarry,s,NarrBiographyNeutral,0
quickly,quickly,c,DescriptMotionNeutral,0
",",",",s,,0
often,often,s,NarrDurationNeutral,0
forcibly,forcibly,n,NegActsAggressive,0
Widows,widows,s,CharTypesNeutral,0
with,with,s,OtherOrphanedOther,0
children,children,s,CharTypesNeutral,0
faced,faced,s,DescriptVisualNeutral,0
especially,especially,s,NegValuesHarshJudgment,0
harsh,harsh,s,NegValuesHarshJudgment,1
conditions,conditions,c,ContingentEventNeutral,0
:,:,n,,0
Continued,continued,s,NarrDurationNeutral,0
full,full,s,SpecialTopicsMiscellanyNeutral,0
labor,labor,s,FutureExpectNeutral,0
expectations,expectations,n,FutureExpectNeutral,1
No,no,s,NegActsResist,0
childcare,childcare,s,SpecialTopicsMiscellanyNeutral,0
provision,provision,n,ContingentRelationshipNeutral,0
Children,children,s,SpecialTopicsMiscellanyNeutral,0
left,left,s,SpecialTopicsMiscellanyNeutral,1
unattended,unattended,s,CharTraitsNeutral,0
or,or,s,OtherSyntacticComplexityOther,0
placed,placed,s,OtherOrphanedOther,0
with,with,s,OtherOrphanedOther,0
other,other,s,CharTypesNeutral,0
women,women,n,CharTypesNeutral,1
Social,social,s,StratCompetitionNeutral,0
control,control,n,StratCompetitionNeutral,1
Widows,widows,s,CharTypesNeutral,0
were,were,s,NarrDurationNeutral,0
frequently,frequently,c,NarrDurationNeutral,1
:,:,n,,0
Assigned,assigned,s,ResponsibilityAssignNeutral,0
or,or,s,OtherSyntacticComplexityOther,0
“,",c,,0
matched,matched,c,,0
”,",s,,0
with,with,s,OtherOrphanedOther,0
men,men,s,CharTypesNeutral,0
by,by,s,OtherOrphanedOther,0
overseers,overseers,n,CharTypesNeutral,0
Targeted,targeted,s,StratCognitionNeutral,0
for,for,s,StratCognitionNeutral,1
sexual,sexual,s,SpecialTopicsMiscellanyNeutral,0
exploitation,exploitation,n,NegActsAggressive,0
Accused,accused,s,NegRelAccuse,0
of,of,s,NegRelAccuse,1
immorality,immorality,s,NegValuesEvil,0
if,if,s,ContingentRelationshipNeutral,0
they,they,s,ContingentRelationshipNeutral,1
refused,refused,s,NegActsResist,0
remarriage,remarriage,n,NarrBiographyNeutral,0
Some,some,s,ExpoOtherNeutral,0
widows,widows,s,CharTypesNeutral,0
resisted,resisted,s,NegActsResist,0
by,by,c,OtherOrphanedOther,0
:,:,n,,0
Forming,forming,s,OtherOrphanedOther,0
women-centered,women-centered,s,PosValuesOther,0
households,households,n,SpecialTopicsMiscellanyNeutral,0
Relying,relying,s,NarrActsNeutral,0
on,on,s,NarrActsNeutral,1
jahajin,jahajin,s,,0
(,(,c,OtherOrphanedOther,0
ship-sister,ship-sister,c,,0
),),s,OtherOrphanedOther,0
networks,networks,n,SpecialTopicsMiscellanyNeutral,0
Using,using,s,NarrActsNeutral,0
courts,courts,c,SpecialTopicsMiscellanyNeutral,0
",",",",s,,0
despite,despite,s,MetadiscourseContrastNeutral,0
bias,bias,c,NegRelBias,0
",",",",s,,0
to,to,s,OtherOrphanedOther,0
resist,resist,s,NegActsResist,0
forced,forced,s,StratOtherNeutral,0
pairings,pairings,n,SpecialTopicsMiscellanyNeutral,0
4,4,c,ExpoOtherNeutral,0
.,.,s,ExpoOtherNeutral,1
Common,common,s,StratCoordinationNeutral,0
Experiences,experiences,s,StratCoordinationNeutral,1
Across,across,s,OtherOrphanedOther,0
All,all,s,ExpoOtherNeutral,0
Women,women,n,CharTypesNeutral,0
Regardless,regardless,s,MetadiscourseOtherNeutral,0
of,of,s,MetadiscourseOtherNeutral,1
marital,marital,s,NarrBiographyNeutral,0
status,status,c,SpecialTopicsMiscellanyNeutral,0
",",",",s,,0
indentured,indentured,s,PubLawNeutral,0
women,women,s,CharTypesNeutral,0
shared,shared,c,OtherOrphanedOther,0
:,:,n,,0
Lower,lower,s,DescriptChangePos,0
wages,wages,s,DescriptChangePos,1
than,than,s,ExpoComparisonNeutral,0
men,men,n,CharTypesNeutral,0
Criminalization,criminalization,s,DescriptChangeNeg,0
of,of,s,OtherOrphanedOther,0
illness,illness,s,SpecialTopicsMiscellanyNeutral,0
and,and,s,OtherSyntacticComplexityOther,0
pregnancy,pregnancy,n,SpecialTopicsMiscellanyNeutral,0
Constant,constant,s,StratCognitionNeg,0
surveillance,surveillance,s,StratCognitionNeg,1
of,of,s,OtherOrphanedOther,0
sexuality,sexuality,n,SpecialTopicsMiscellanyNeutral,0
Lack,lack,s,NegValuesLack,0
of,of,s,NegValuesLack,1
bodily,bodily,s,DescriptVisualNeutral,0
autonomy,autonomy,n,PosValuesEthics,0
Legal,legal,s,SpecialTopicsMiscellanyNeutral,0
systems,systems,s,SpecialTopicsMiscellanyNeutral,1
that,that,s,OtherOrphanedOther,0
privileged,privileged,s,PosValuesOther,0
contracts,contracts,s,NarrActsNeutral,0
over,over,s,OtherOrphanedOther,0
care,care,n,PosRelBondOverNegative,0
Motherhood,motherhood,c,PubAdministrationNeutral,0
",",",",s,,0
partnership,partnership,c,StratCoordinationNeutral,0
",",",",s,,0
or,or,s,OtherSyntacticComplexityOther,0
widowhood,widowhood,s,NarrDurationNeutral,0
altered,altered,s,DescriptChangeNeutral,0
how,how,s,OtherOrphanedOther,0
women,women,s,CharTypesNeutral,0
suffered,suffered,s,NegEmotionsSuffer,0
—,—,s,,0
but,but,s,MetadiscourseContrastNeutral,0
not,not,s,NegActsResist,0
whether,whether,s,ContingentRelationshipNeutral,0
they,they,s,ContingentRelationshipNeutral,1
suffered,suffered,c,NegEmotionsSuffer,0
.,.,n,,0
5,5,c,ExpoOtherNeutral,0
.,.,s,ExpoOtherNeutral,1
Women’s,women’s,s,CharTypesNeutral,0
Agency,agency,s,PubAdministrationNeutral,0
and,and,s,OtherSyntacticComplexityOther,0
Resistance,resistance,n,NegActsResist,0
Despite,despite,s,MetadiscourseContrastNeutral,0
these,these,s,OtherOrphanedOther,0
conditions,conditions,c,ContingentEventNeutral,0
",",",",s,,0
women,women,s,CharTypesNeutral,0
exercised,exercised,s,SpecialTopicsMiscellanyNeutral,0
agency,agency,s,SpecialTopicsMiscellanyNeutral,1
through,through,c,OtherOrphanedOther,0
:,:,n,,0
Refusing,refusing,s,NegActsResist,0
unwanted,unwanted,s,NegRelUnwanted,0
relationships,relationships,n,NegRelUnwanted,1
Supporting,supporting,s,PosRelOther,0
each,each,s,OtherSyntacticComplexityOther,0
other,other,s,OtherSyntacticComplexityOther,1
through,through,s,OtherOrphanedOther,0
childcare,childcare,s,SpecialTopicsMiscellanyNeutral,0
and,and,s,OtherSyntacticComplexityOther,0
food,food,s,DescriptObjectsNeutral,0
sharing,sharing,n,OtherOrphanedOther,0
Using,using,s,NarrActsNeutral,0
flight,flight,c,DescriptVisualNeutral,0
",",",",s,,0
silence,silence,c,DescriptVisualNeutral,0
",",",",s,,0
or,or,s,OtherSyntacticComplexityOther,0
collective,collective,s,StratCoordinationNeutral,0
pressure,pressure,s,StratCoordinationNeutral,1
as,as,s,OtherOrphanedOther,0
resistance,resistance,n,NegActsResist,0
Preserving,preserving,s,OtherOrphanedOther,0
religious,religious,s,CharTraitsNeutral,0
and,and,s,OtherSyntacticComplexityOther,0
cultural,cultural,s,SpecialTopicsMiscellanyNeutral,0
practices,practices,n,OtherOrphanedGenericActivity,0
Prioritizing,prioritizing,s,StratCoordinationNeutral,0
children’s,children’s,s,CharTypesNeutral,0
futures,futures,s,FutureOtherNeutral,0
over,over,s,OtherOrphanedOther,0
plantation,plantation,s,DescriptVisualNeutral,0
demands,demands,n,OtherOrphanedOther,0
Many,many,s,ExpoOtherNeutral,0
testimonies,testimonies,s,PubAdministrationNeutral,0
frame,frame,s,OtherOrphanedOther,0
survival,survival,s,NarrTurningPointNeutral,0
itself,itself,s,ForcefulEmphaticNeutral,0
as,as,s,OtherOrphanedOther,0
resistance,resistance,c,NegActsResist,0
:,:,n,,0
“,",c,,0
We,we,s,OtherOrphanedOther,0
stayed,stayed,s,NarrDurationNeutral,0
alive,alive,s,NarrDurationNeutral,1
when,when,s,OtherOrphanedOther,0
the,the,s,OtherOrphanedOther,0
system,system,s,SpecialTopicsMiscellanyNeutral,0
expected,expected,s,FutureExpectNeutral,0
us,us,s,OtherOrphanedOther,0
to,to,s,OtherOrphanedOther,0
break,break,c,,0
.,.,c,,0
”,",n,,0
Summary,summary,s,ReasoningConcludeNeutral,0
Table,table,n,DescriptObjectsNeutral,0
Status,status,s,SpecialTopicsMiscellanyNeutral,0
Main,main,s,NegEmotionsFear,0
Vulnerabilities,vulnerabilities,s,NegEmotionsFear,1
Typical,typical,s,NarrDurationNeutral,0
Pressures,pressures,n,SpecialTopicsMiscellanyNeutral,0
Single,single,s,SpecialTopicsMiscellanyNeutral,0
Sexual,sexual,s,SpecialTopicsMiscellanyNeutral,1
coercion,coercion,c,NegActsCoercive,0
",",",",s,,0
violence,violence,s,NegActsViolence,0
Forced,forced,s,StratOtherNeutral,0
relationships,relationships,c,SpecialTopicsMiscellanyNeutral,0
",",",",s,,0
surveillance,surveillance,n,StratCognitionNeg,0
Married,married,s,NarrBiographyNeutral,0
Double,double,s,DescriptChangeNeutral,0
labor,labor,s,SpecialTopicsMiscellanyNeutral,0
burden,burden,s,NegEmotionsBurden,0
Punishment,punishment,s,NegEmotionsOther,0
despite,despite,s,MetadiscourseContrastNeutral,0
family,family,s,SpecialTopicsMiscellanyNeutral,0
duties,duties,n,ResponsibilityHoldNeutral,0
Widowed,widowed,s,,0
Economic,economic,s,SpecialTopicsMiscellanyNeutral,0
precarity,precarity,s,SpecialTopicsMiscellanyNeutral,1
Forced,forced,s,StratOtherNeutral,0
remarriage,remarriage,c,NarrBiographyNeutral,0
",",",",s,,0
exploitation,exploitation,n,NegActsAggressive,0
In,in,s,MetadiscourseCuesNeutral,0
Conclusion,conclusion,n,MetadiscourseCuesNeutral,1
Indenture,indenture,s,PubLawNeutral,0
did,did,s,NegActsResist,0
not,not,s,NegActsResist,1
categorize,categorize,s,ReasoningAnalyzeNeutral,0
women,women,s,CharTypesNeutral,0
to,to,s,StratCognitionNeutral,0
protect,protect,s,StratCognitionNeutral,1
them,them,s,NarrActsNeutral,0
—,—,s,,0
it,it,s,,0
categorized,categorized,s,ReasoningAnalyzeNeutral,0
them,them,s,NarrActsNeutral,0
to,to,s,OtherOrphanedOther,0
manage,manage,s,StratActsNeutral,0
labor,labor,s,SpecialTopicsMiscellanyNeutral,0
and,and,s,OtherSyntacticComplexityOther,0
sexuality,sexuality,c,SpecialTopicsMiscellanyNeutral,0
.,.,n,,0
Single,single,s,CharTypesNeutral,0
women,women,s,CharTypesNeutral,1
were,were,s,NarrOtherNeutral,0
controlled,controlled,c,StratCoordinationNeutral,0
",",",",s,,0
married,married,s,CharTypesNeutral,0
women,women,s,CharTypesNeutral,1
were,were,s,NegActsAggressive,0
overburdened,overburdened,c,NegActsAggressive,1
",",",",s,,0
widows,widows,s,CharTypesNeutral,0
were,were,s,NegActsAggressive,0
exploited,exploited,c,NegActsAggressive,1
.,.,n,MetadiscourseContrastNeutral,0
Yet,yet,s,MetadiscourseContrastNeutral,1
across,across,s,OtherOrphanedOther,0
all,all,s,ExpoOtherNeutral,0
categories,categories,c,ExpoClassificationNeutral,0
",",",",s,,0
women,women,s,CharTypesNeutral,0
were,were,s,ExpoOtherNeutral,0
central,central,s,ExpoOtherNeutral,1
to,to,s,ExpoOtherNeutral,2
survival,survival,c,NarrTurningPointNeutral,0
",",",",s,,0
continuity,continuity,c,NarrOtherNeutral,0
",",",",s,,0
and,and,s,OtherSyntacticComplexityOther,0
post-indenture,post-indenture,s,,0
community,community,s,SpecialTopicsMiscellanyNeutral,0
formation,formation,s,SpecialTopicsMiscellanyNeutral,1
—,—,s,,0
a,a,s,ConfidenceHighNeutral,0
reality,reality,s,ConfidenceHighNeutral,1
made,made,s,DescriptChangePos,0
clear,clear,s,DescriptChangePos,1
not,not,s,NegActsResist,0
by,by,s,OtherOrphanedOther,0
contracts,contracts,c,NarrActsNeutral,0
",",",",s,MetadiscourseContrastNeutral,0
but,but,s,MetadiscourseContrastNeutral,1
by,by,s,OtherOrphanedOther,0
testimony,testimony,c,PubAdministrationNeutral,0
.,.,n,,0
If,if,s,ContingentRelationshipNeutral,0
you,you,s,CharSubjectivityNeutral,0
would,would,s,CharSubjectivityNeutral,1
like,like,c,CharSubjectivityNeutral,2
",",",",s,,0
I,i,s,ConfidenceHighPos,0
can,can,s,ConfidenceHighPos,1
next,next,c,NarrSequenceNeutral,0
:,:,n,InterCommandNeutral,0
Provide,provide,s,InterCommandNeutral,1
verbatim,verbatim,s,SpecialTopicsMiscellanyNeutral,0
court,court,s,SpecialTopicsMiscellanyNeutral,0
testimonies,testimonies,s,PubAdministrationNeutral,0
by,by,s,OtherOrphanedOther,0
women,women,s,CharTypesNeutral,0
in,in,s,OtherOrphanedOther,0
each,each,s,ExpoOtherNeutral,0
category,category,n,ExpoClassificationNeutral,0
Compare,compare,s,ExpoComparisonNeutral,0
treatment,treatment,s,SpecialTopicsMiscellanyNeutral,0
across,across,s,OtherOrphanedOther,0
colonies,colonies,n,SpecialTopicsMiscellanyNeutral,0
Examine,examine,s,InquiryExplorationNeutral,0
how,how,s,InquiryExplorationNeutral,1
colonial,colonial,s,PubLawNeutral,0
law,law,s,PubLawNeutral,1
regulated,regulated,s,PubAdministrationNeutral,0
women’s,women’s,s,CharTypesNeutral,0
sexuality,sexuality,n,SpecialTopicsMiscellanyNeutral,0
Focus,focus,s,SpecialTopicsMiscellanyNeutral,0
specifically,specifically,s,ExpoSpecificationNeutral,0
on,on,s,OtherOrphanedOther,0
violence,violence,s,NegActsViolence,0
and,and,s,OtherSyntacticComplexityOther,0
legal,legal,s,PubLawNeutral,0
redress,redress,n,PubLawNeutral,1
Short,short,s,SpecialTopicsMiscellanyNeutral,0
answer,answer,c,SpecialTopicsMiscellanyNeutral,1
:,:,n,,0
No,no,s,NegActsResist,0
—,—,s,,0
“,",c,,0
coolies,coolies,c,CharTypesNeutral,0
”,",s,,0
and,and,s,OtherSyntacticComplexityOther,0
indentured,indentured,s,PubLawNeutral,0
labourers,labourers,s,CharTypesNeutral,0
were,were,s,NarrOtherNeutral,0
not,not,s,NegActsResist,0
exactly,exactly,s,NegActsResist,1
the,the,s,ExpoComparisonNeutral,0
same,same,c,ExpoComparisonNeutral,1
",",",",s,MetadiscourseContrastNeutral,0
but,but,s,MetadiscourseContrastNeutral,1
the,the,s,OtherOrphanedOther,0
terms,terms,s,SpecialTopicsMiscellanyNeutral,0
were,were,s,NarrDurationNeutral,0
often,often,s,NarrDurationNeutral,1
used,used,s,NarrActsNeutral,0
interchangeably,interchangeably,s,SpecialTopicsMiscellanyNeutral,0
in,in,s,OtherOrphanedOther,0
colonial,colonial,s,SpecialTopicsMiscellanyNeutral,0
contexts,contexts,c,ContingentEventNeutral,0
",",",",s,OtherOrphanedOther,0
which,which,s,OtherOrphanedOther,1
has,has,s,ReasoningOtherNeutral,0
caused,caused,s,ReasoningOtherNeutral,1
lasting,lasting,s,InquiryLearningNeg,0
confusion,confusion,c,InquiryLearningNeg,1
.,.,n,,0
The,the,s,OtherOrphanedOther,0
difference,difference,s,ExpoComparisonNeutral,0
lies,lies,s,DescriptVisualNeutral,0
in,in,s,DescriptVisualNeutral,1
origin,origin,c,NarrSequenceNeutral,0
",",",",s,,0
legal,legal,s,PubLawNeutral,0
status,status,c,SpecialTopicsMiscellanyNeutral,0
",",",",s,ReasoningConcludeNeutral,0
and,and,s,ReasoningConcludeNeutral,1
how,how,s,ReasoningConcludeNeutral,2
the,the,s,ReasoningConcludeNeutral,3
term,term,s,SpecialTopicsMiscellanyNeutral,0
was,was,s,NarrActsNeutral,0
used,used,c,NarrActsNeutral,1
",",",",s,,0
especially,especially,s,ForcefulEmphaticNeutral,0
by,by,s,OtherOrphanedOther,0
colonial,colonial,s,SpecialTopicsMiscellanyNeutral,0
authorities,authorities,c,PubAdministrationNeutral,0
.,.,n,,0
What,what,s,OtherOrphanedOther,0
“,",c,,0
Coolie,coolie,c,CharTypesNeutral,0
”,",s,,0
Originally,originally,s,NarrSequenceNeutral,0
Meant,meant,n,ReasoningConcludeNeutral,0
The,the,s,ReasoningConcludeNeutral,1
word,word,s,SpecialTopicsMiscellanyNeutral,0
“,",c,,0
coolie,coolie,c,CharTypesNeutral,0
”,",s,,0
predates,predates,s,NarrSequenceNeutral,0
indenture,indenture,c,PubLawNeutral,0
.,.,n,,0
It,it,s,,0
likely,likely,s,ConfidenceHedgedNeutral,0
derives,derives,s,ReasoningPremiseNeutral,0
from,from,c,ReasoningPremiseNeutral,1
:,:,n,,0
The,the,s,OtherOrphanedOther,0
Tamil,tamil,s,SpecialTopicsMiscellanyNeutral,0
word,word,s,SpecialTopicsMiscellanyNeutral,0
kūli,kūli,s,,0
(,(,c,OtherOrphanedOther,0
wages,wages,c,SpecialTopicsMiscellanyNeutral,0
),),c,OtherOrphanedOther,0
",",",",s,,0
or,or,n,OtherSyntacticComplexityOther,0
A,a,s,OtherOrphanedOther,0
Gujarati/Hindustani,gujarati/hindustani,s,,0
term,term,s,SpecialTopicsMiscellanyNeutral,0
referring,referring,s,NarrActsNeutral,0
to,to,s,NarrActsNeutral,1
hired,hired,s,OtherOrphanedOther,0
labor,labor,n,SpecialTopicsMiscellanyNeutral,0
In,in,s,OtherOrphanedOther,0
South,south,s,SpecialTopicsPlaceNeutral,0
Asia,asia,c,SpecialTopicsPlaceNeutral,1
",",",",s,,0
it,it,s,,0
originally,originally,s,NarrSequenceNeutral,0
meant,meant,s,OtherOrphanedOther,0
a,a,s,OtherOrphanedOther,0
manual,manual,s,DescriptObjectsNeutral,0
wage,wage,s,SpecialTopicsMiscellanyNeutral,0
laborer,laborer,c,CharTypesNeutral,0
",",",",s,ExpoExampleNeutral,0
such,such,s,ExpoExampleNeutral,1
as,as,c,ExpoExampleNeutral,2
:,:,n,,0
Porters,porters,n,CharTypesNeutral,0
Dock,dock,s,DescriptObjectsNeutral,0
workers,workers,n,CharTypesNeutral,0
Construction,construction,s,SpecialTopicsMiscellanyNeutral,0
laborers,laborers,n,CharTypesNeutral,0
At,at,s,NarrImmediacyNeutral,0
this,this,s,NarrImmediacyNeutral,1
stage,stage,c,NarrImmediacyNeutral,2
",",",",s,,0
a,a,s,OtherOrphanedOther,0
coolie,coolie,s,CharTypesNeutral,0
was,was,s,NarrOtherNeutral,0
not,not,s,NegActsResist,0
necessarily,necessarily,s,NegActsResist,1
indentured,indentured,c,PubLawNeutral,0
.,.,n,,0
How,how,s,OtherOrphanedOther,0
the,the,s,DescriptChangeNeutral,0
Term,term,s,DescriptChangeNeutral,1
Changed,changed,s,DescriptChangeNeutral,2
Under,under,s,OtherOrphanedOther,0
Colonialism,colonialism,n,SpecialTopicsMiscellanyNeutral,0
Under,under,s,OtherOrphanedOther,0
British,british,c,CharTypesNeutral,0
",",",",s,,0
Dutch,dutch,c,CharTypesNeutral,0
",",",",s,,0
and,and,s,OtherSyntacticComplexityOther,0
French,french,s,CharTypesNeutral,0
colonial,colonial,s,SpecialTopicsMiscellanyNeutral,0
systems,systems,s,SpecialTopicsMiscellanyNeutral,1
—,—,s,,0
especially,especially,s,ForcefulEmphaticNeutral,0
within,within,s,OtherOrphanedOther,0
the,the,s,OtherOrphanedOther,0
British,british,s,SpecialTopicsMiscellanyNeutral,0
Empire,empire,s,SpecialTopicsMiscellanyNeutral,1
—,—,s,,0
the,the,s,OtherOrphanedOther,0
term,term,s,SpecialTopicsMiscellanyNeutral,0
“,",c,,0
coolie,coolie,c,CharTypesNeutral,0
”,",s,,0
became,became,s,DescriptChangeNeutral,0
racialized,racialized,s,SpecialTopicsMiscellanyNeutral,0
and,and,s,OtherSyntacticComplexityOther,0
generalized,generalized,c,ReasoningOtherNeutral,0
.,.,n,,0
Colonial,colonial,s,SpecialTopicsMiscellanyNeutral,0
officials,officials,s,CharTypesNeutral,0
and,and,s,OtherSyntacticComplexityOther,0
planters,planters,s,DescriptObjectsNeutral,0
used,used,s,NarrActsNeutral,0
“,",c,,0
coolie,coolie,c,CharTypesNeutral,0
”,",s,,0
to,to,s,OtherOrphanedOther,0
describe,describe,c,SpecialTopicsMiscellanyNeutral,0
:,:,n,SpecialTopicsMiscellanyNeutral,1
Indian,indian,c,CharTypesNeutral,0
",",",",s,,0
Chinese,chinese,c,CharTypesNeutral,0
",",",",s,,0
and,and,s,NarrSequenceNeutral,0
later,later,s,NarrSequenceNeutral,1
Javanese,javanese,s,SpecialTopicsPlaceNeutral,0
laborers,laborers,n,CharTypesNeutral,0
Regardless,regardless,s,ContingentRelationshipNeutral,0
of,of,s,ContingentRelationshipNeutral,1
whether,whether,s,ContingentRelationshipNeutral,2
they,they,s,OtherOrphanedOther,0
were,were,c,NarrOtherNeutral,0
:,:,n,,0
Indentured,indentured,n,PubLawNeutral,0
Contract,contract,s,NarrActsNeutral,0
laborers,laborers,n,CharTypesNeutral,0
Free,free,s,FacilitateUnobstructNeutral,0
wage,wage,s,SpecialTopicsMiscellanyNeutral,0
workers,workers,n,CharTypesNeutral,0
As,as,s,ReasoningOtherNeutral,0
a,a,s,ReasoningOtherNeutral,1
result,result,c,ReasoningOtherNeutral,2
:,:,n,,0
All,all,s,ExpoOtherNeutral,0
indentured,indentured,s,PubLawNeutral,0
labourers,labourers,s,CharTypesNeutral,0
were,were,s,NarrOtherNeutral,0
called,called,s,OtherOrphanedOther,0
“,",c,,0
coolies,coolies,c,CharTypesNeutral,0
”,",n,,0
But,but,s,MetadiscourseContrastNeutral,0
not,not,s,NegActsResist,0
all,all,s,NegActsResist,1
“,",c,,0
coolies,coolies,c,CharTypesNeutral,0
”,",s,,0
were,were,s,NarrOtherNeutral,0
indentured,indentured,s,PubLawNeutral,0
labourers,labourers,n,CharTypesNeutral,0
What,what,s,OtherOrphanedOther,0
Made,made,s,NarrActsNeutral,0
Someone,someone,s,ExpoOtherNeutral,0
an,an,s,OtherOrphanedOther,0
Indentured,indentured,s,PubLawNeutral,0
Labourer,labourer,n,CharTypesNeutral,0
An,an,s,OtherOrphanedOther,0
indentured,indentured,s,PubLawNeutral,0
labourer,labourer,s,CharTypesNeutral,0
was,was,s,ExpoDefinitionNeutral,0
defined,defined,s,ExpoDefinitionNeutral,1
by,by,s,OtherOrphanedOther,0
legal,legal,s,PubLawNeutral,0
status,status,c,SpecialTopicsMiscellanyNeutral,0
",",",",s,,0
not,not,s,NegActsResist,0
race,race,s,DescriptMotionNeutral,0
or,or,s,OtherSyntacticComplexityOther,0
occupation,occupation,c,SpecialTopicsMiscellanyNeutral,0
.,.,n,InterCommandNeutral,0
Key,key,s,InterCommandNeutral,1
features,features,c,OtherOrphanedOther,0
:,:,n,,0
Bound,bound,s,DescriptVisualNeutral,0
by,by,s,DescriptVisualNeutral,1
a,a,s,OtherOrphanedOther,0
fixed-term,fixed-term,s,,0
contract,contract,s,NarrActsNeutral,0
(,(,c,OtherOrphanedOther,0
usually,usually,s,NarrDurationNeutral,0
5,5,s,NarrDurationNeutral,0
years,years,c,NarrDurationNeutral,1
),),n,OtherOrphanedOther,0
Subject,subject,s,NegValuesOther,0
to,to,s,NegValuesOther,1
criminal,criminal,s,NegValuesOther,2
penalties,penalties,s,ResponsibilityHoldNeg,0
for,for,s,OtherOrphanedOther,0
breach,breach,s,NegActsAggressive,0
of,of,s,NegActsAggressive,1
contract,contract,n,NegActsAggressive,2
Restricted,restricted,s,NegActsResist,0
mobility,mobility,s,NegActsResist,1
and,and,s,OtherSyntacticComplexityOther,0
choice,choice,s,ContingentRelationshipNeutral,0
of,of,s,ContingentRelationshipNeutral,1
employer,employer,n,CharTypesNeutral,0
Guaranteed,guaranteed,s,ConfidenceHighNeutral,0
(,(,c,OtherOrphanedOther,0
at,at,s,MetadiscourseOtherNeutral,0
least,least,s,MetadiscourseOtherNeutral,1
on,on,s,DescriptObjectsNeutral,0
paper,paper,c,DescriptObjectsNeutral,1
),),s,OtherOrphanedOther,0
wages,wages,c,SpecialTopicsMiscellanyNeutral,0
",",",",s,,0
rations,rations,c,FacilitateSponsorNeutral,0
",",",",s,,0
and,and,s,OtherSyntacticComplexityOther,0
return,return,s,NarrDurationNeutral,0
passage,passage,n,DescriptObjectsNeutral,0
Indentured,indentured,s,PubLawNeutral,0
labourers,labourers,s,CharTypesNeutral,0
from,from,s,OtherOrphanedOther,0
India,india,s,SpecialTopicsPlaceNeutral,0
sent,sent,s,NarrSceneShiftNeutral,0
to,to,s,NarrSceneShiftNeutral,1
colonies,colonies,s,SpecialTopicsMiscellanyNeutral,0
such,such,s,ExpoExampleNeutral,0
as,as,s,ExpoExampleNeutral,1
Trinidad,trinidad,s,SpecialTopicsPlaceNeutral,0
and,and,s,OtherSyntacticComplexityOther,0
Tobago,tobago,c,SpecialTopicsPlaceNeutral,0
",",",",s,,0
Guyana,guyana,c,SpecialTopicsPlaceNeutral,0
",",",",s,,0
and,and,s,OtherSyntacticComplexityOther,0
Suriname,suriname,s,SpecialTopicsPlaceNeutral,0
were,were,s,NarrOtherNeutral,0
legally,legally,s,PubLawNeutral,0
indentured,indentured,s,PubLawNeutral,0
—,—,s,,0
but,but,s,MetadiscourseContrastNeutral,0
colloquially,colloquially,s,SpecialTopicsMiscellanyNeutral,0
and,and,s,OtherSyntacticComplexityOther,0
officially,officially,s,PubAdministrationNeutral,0
labeled,labeled,s,OtherOrphanedOther,0
“,",c,,0
coolies,coolies,c,CharTypesNeutral,0
.,.,c,,0
”,",n,InterDialogueNeutral,0
Why,why,s,InterDialogueNeutral,1
the,the,s,OtherOrphanedOther,0
Terms,terms,s,SpecialTopicsMiscellanyNeutral,0
Were,were,s,NarrOtherNeutral,0
Blurred,blurred,n,DescriptVisualNeutral,0
Colonial,colonial,s,SpecialTopicsMiscellanyNeutral,0
usage,usage,s,OtherOrphanedGenericActivity,0
blurred,blurred,s,DescriptVisualNeutral,0
the,the,s,OtherOrphanedOther,0
distinction,distinction,s,MetadiscourseContrastNeutral,0
for,for,s,OtherOrphanedOther,0
three,three,s,ReasoningReasonsNeutral,0
reasons,reasons,c,ReasoningReasonsNeutral,1
:,:,n,,0
Administrative,administrative,s,PubAdministrationNeutral,0
convenience,convenience,n,PubAdministrationNeutral,1
Officials,officials,s,CharTypesNeutral,0
used,used,s,NarrActsNeutral,0
“,",c,,0
coolie,coolie,c,CharTypesNeutral,0
”,",s,,0
as,as,s,OtherOrphanedOther,0
a,a,s,OtherOrphanedOther,1
catch-all,catch-all,s,ForcefulEmphaticNeutral,0
labor,labor,s,SpecialTopicsMiscellanyNeutral,0
category,category,c,ExpoClassificationNeutral,0
.,.,n,,0
Racial,racial,s,SpecialTopicsMiscellanyNeutral,0
hierarchy,hierarchy,n,SpecialTopicsMiscellanyNeutral,1
The,the,s,OtherOrphanedOther,0
term,term,s,SpecialTopicsMiscellanyNeutral,0
reduced,reduced,s,DescriptChangeNeutral,0
diverse,diverse,s,,0
peoples,peoples,s,CharTypesNeutral,0
to,to,s,OtherOrphanedOther,0
a,a,s,ExpoOtherNeutral,0
single,single,c,ExpoOtherNeutral,1
",",",",s,,0
inferior,inferior,s,NegValuesInferior,0
labor,labor,s,NegValuesInferior,1
identity,identity,c,SpecialTopicsMiscellanyNeutral,0
.,.,n,,0
Depersonalization,depersonalization,n,DescriptChangeNeg,0
Calling,calling,s,OtherOrphanedOther,0
someone,someone,s,ExpoOtherNeutral,0
a,a,s,OtherOrphanedOther,0
“,",c,,0
coolie,coolie,c,CharTypesNeutral,0
”,",s,,0
erased,erased,c,DescriptMotionNeutral,0
:,:,n,,0
Contractual,contractual,s,PubLawNeutral,0
rights,rights,n,PubLawNeutral,1
Individual,individual,s,SpecialTopicsMiscellanyNeutral,0
identity,identity,n,SpecialTopicsMiscellanyNeutral,1
Differences,differences,s,ExpoComparisonNeutral,0
between,between,s,ExpoComparisonNeutral,1
free,free,s,FacilitateUnobstructNeutral,0
and,and,s,OtherSyntacticComplexityOther,0
unfree,unfree,s,NegValuesOther,0
labor,labor,n,SpecialTopicsMiscellanyNeutral,0
This,this,s,OtherOrphanedOther,0
linguistic,linguistic,s,SpecialTopicsMiscellanyNeutral,0
flattening,flattening,s,DescriptVisualNeutral,0
made,made,s,NarrActsNeutral,0
exploitation,exploitation,s,NegActsAggressive,0
easier,easier,s,PosEmotionsOther,0
to,to,s,PosEmotionsOther,1
justify,justify,c,ReasoningDefendPos,0
.,.,n,,0
How,how,s,OtherOrphanedOther,0
the,the,s,OtherOrphanedOther,0
Term,term,s,SpecialTopicsMiscellanyNeutral,0
Is,is,s,OtherOrphanedOther,0
Viewed,viewed,s,OtherOrphanedOther,0
Today,today,n,NarrImmediacyNeutral,0
“,",c,,0
Indentured,indentured,s,PubLawNeutral,0
labourer,labourer,c,CharTypesNeutral,0
”,",s,,0
is,is,s,OtherOrphanedOther,0
the,the,s,PosActsAddressProblems,0
correct,correct,s,PosActsAddressProblems,1
historical,historical,s,NarrOtherNeutral,0
and,and,s,OtherSyntacticComplexityOther,0
legal,legal,s,PubLawNeutral,0
term,term,n,SpecialTopicsMiscellanyNeutral,0
“,",c,,0
Coolie,coolie,c,CharTypesNeutral,0
”,",s,,0
is,is,s,NarrImmediacyNeutral,0
now,now,s,NarrImmediacyNeutral,1
widely,widely,s,NarrOtherNeutral,0
regarded,regarded,s,NarrOtherNeutral,1
as,as,c,NarrOtherNeutral,2
:,:,n,,0
Derogatory,derogatory,n,NegActsAggressive,0
Dehumanizing,dehumanizing,n,NegRelDehumanize,0
A,a,s,OtherOrphanedOther,0
colonial,colonial,s,SpecialTopicsMiscellanyNeutral,0
racial,racial,s,NegActsAggressive,0
slur,slur,s,NegActsAggressive,1
in,in,s,OtherSyntacticComplexityOther,0
many,many,s,OtherSyntacticComplexityOther,1
contexts,contexts,n,ContingentEventNeutral,0
Descendant,descendant,s,UncertaintyIndefiniteNeutral,0
communities,communities,s,SpecialTopicsMiscellanyNeutral,0
often,often,s,NarrDurationNeutral,0
reject,reject,s,NegActsResist,0
the,the,s,OtherOrphanedOther,0
term,term,c,SpecialTopicsMiscellanyNeutral,0
",",",",s,,0
except,except,s,ContingentRelationshipNeutral,0
when,when,c,ContingentRelationshipNeutral,1
:,:,n,,0
Critically,critically,s,InquiryExplorationNeutral,0
discussing,discussing,s,InquiryExplorationNeutral,1
colonial,colonial,s,SpecialTopicsMiscellanyNeutral,0
language,language,n,SpecialTopicsMiscellanyNeutral,0
Reclaiming,reclaiming,s,DescriptChangePos,0
it,it,s,,0
in,in,s,OtherOrphanedOther,0
specific,specific,s,ExpoSpecificationNeutral,0
cultural,cultural,s,SpecialTopicsMiscellanyNeutral,0
or,or,s,OtherSyntacticComplexityOther,0
academic,academic,s,SpecialTopicsMiscellanyNeutral,0
contexts,contexts,n,SpecialTopicsMiscellanyNeutral,1
In,in,s,MetadiscourseCuesNeutral,0
Summary,summary,n,MetadiscourseCuesNeutral,1
Term,term,s,SpecialTopicsMiscellanyNeutral,0
What,what,s,InquiryCuriosityNeutral,0
it,it,s,InquiryCuriosityNeutral,1
Means,means,n,InquiryCuriosityNeutral,2
Coolie,coolie,s,CharTypesNeutral,0
A,a,s,OtherOrphanedOther,0
vague,vague,c,ReasoningCriticizeNeg,0
",",",",s,,0
racialized,racialized,s,SpecialTopicsMiscellanyNeutral,0
colonial,colonial,s,SpecialTopicsMiscellanyNeutral,0
label,label,s,DescriptObjectsNeutral,0
for,for,s,OtherOrphanedOther,0
non-European,non-european,s,SpecialTopicsMiscellanyNeutral,0
labor,labor,n,SpecialTopicsMiscellanyNeutral,0
Indentured,indentured,s,PubLawNeutral,0
labourer,labourer,s,CharTypesNeutral,0
A,a,s,OtherOrphanedOther,0
worker,worker,s,CharTypesNeutral,0
legally,legally,s,PubLawNeutral,0
bound,bound,s,DescriptVisualNeutral,0
by,by,s,DescriptVisualNeutral,1
a,a,s,OtherOrphanedOther,0
fixed-term,fixed-term,s,,0
labor,labor,s,PubAdministrationNeutral,0
contract,contract,n,PubAdministrationNeutral,1
Relationship,relationship,c,SpecialTopicsMiscellanyNeutral,0
:,:,n,,0
All,all,s,ExpoOtherNeutral,0
indentured,indentured,s,PubLawNeutral,0
labourers,labourers,s,CharTypesNeutral,0
were,were,s,NarrOtherNeutral,0
called,called,s,OtherOrphanedOther,0
“,",c,,0
coolies,coolies,c,CharTypesNeutral,0
”,",s,,0
by,by,s,OtherOrphanedOther,0
colonizers,colonizers,c,CharTypesNeutral,0
",",",",n,MetadiscourseContrastNeutral,0
but,but,s,MetadiscourseContrastNeutral,1
“,",c,,0
coolie,coolie,c,CharTypesNeutral,0
”,",s,,0
does,does,s,NegActsResist,0
not,not,s,NegActsResist,1
accurately,accurately,s,ConfidenceHighPos,0
describe,describe,s,ConfidenceHighPos,1
their,their,s,CharNamesNeutral,0
legal,legal,s,PubLawNeutral,0
or,or,s,OtherSyntacticComplexityOther,0
human,human,s,SpecialTopicsMiscellanyNeutral,0
reality,reality,c,SpecialTopicsMiscellanyNeutral,0
.,.,n,,0
In,in,s,OtherOrphanedOther,0
Suriname,suriname,c,SpecialTopicsPlaceNeutral,0
",",",",s,,0
Chinese,chinese,s,CharTypesNeutral,0
and,and,s,OtherSyntacticComplexityOther,0
Indian,indian,s,CharTypesNeutral,0
labourers,labourers,s,CharTypesNeutral,0
were,were,s,NarrOtherNeutral,0
both,both,s,OtherSyntacticComplexityOther,0
recruited,recruited,s,StratCoordinationNeutral,0
to,to,s,StratCoordinationNeutral,1
solve,solve,s,PosValuesOther,0
the,the,s,OtherOrphanedOther,0
post-emancipation,post-emancipation,s,SpecialTopicsMiscellanyNeutral,0
labor,labor,s,SpecialTopicsMiscellanyNeutral,0
“,",c,,0
problem,problem,c,NegEmotionsIdentifyGaps,0
",",",",c,,0
”,",s,,0
but,but,s,MetadiscourseContrastNeutral,0
they,they,s,OtherOrphanedOther,0
were,were,s,NarrOtherNeutral,0
treated,treated,s,NarrOtherNeutral,1
differently,differently,s,ExpoComparisonNeutral,0
in,in,s,PubLawNeutral,0
law,law,c,PubLawNeutral,1
",",",",s,,0
practice,practice,c,OtherOrphanedGenericActivity,0
",",",",s,,0
and,and,s,OtherSyntacticComplexityOther,0
long-term,long-term,s,FutureOtherNeutral,0
outcomes,outcomes,c,ReasoningConcludeNeutral,0
.,.,s,,0
These,these,s,OtherOrphanedOther,0
differences,differences,s,ExpoComparisonNeutral,0
reflected,reflected,s,OtherOrphanedOther,0
colonial,colonial,s,SpecialTopicsMiscellanyNeutral,0
racial,racial,s,SpecialTopicsMiscellanyNeutral,0
hierarchies,hierarchies,c,SpecialTopicsMiscellanyNeutral,1
",",",",s,,0
economic,economic,s,StratCognitionNeutral,0
calculations,calculations,c,StratCognitionNeutral,1
",",",",s,,0
and,and,s,OtherSyntacticComplexityOther,0
gendered,gendered,s,ReasoningOtherNeutral,0
assumptions,assumptions,c,ReasoningOtherNeutral,1
",",",",s,,0
not,not,s,NegActsResist,0
humanitarian,humanitarian,s,PosValuesOther,0
concern,concern,c,OtherOrphanedOther,0
.,.,n,ForcefulEmphaticNeutral,0
What,what,s,ForcefulEmphaticNeutral,1
follows,follows,s,ForcefulEmphaticNeutral,2
is,is,s,OtherOrphanedOther,0
a,a,s,OtherOrphanedOther,0
structured,structured,s,SpecialTopicsMiscellanyNeutral,0
comparison,comparison,s,ExpoComparisonNeutral,0
grounded,grounded,s,NarrActsNeutral,0
in,in,s,NarrActsNeutral,1
Surinamese,surinamese,s,CharTypesNeutral,0
colonial,colonial,s,SpecialTopicsMiscellanyNeutral,0
records,records,s,DescriptObjectsNeutral,0
and,and,s,OtherSyntacticComplexityOther,0
labor,labor,s,SpecialTopicsMiscellanyNeutral,0
history,history,c,NarrOtherNeutral,0
.,.,n,,0
1,1,c,ExpoOtherNeutral,0
.,.,s,ExpoOtherNeutral,1
Recruitment,recruitment,s,StratCoordinationNeutral,0
and,and,s,OtherSyntacticComplexityOther,0
Legal,legal,s,PubLawNeutral,0
Status,status,n,SpecialTopicsMiscellanyNeutral,0
Chinese,chinese,s,CharTypesNeutral,0
Labourers,labourers,n,CharTypesNeutral,0
Arrived,arrived,s,NarrSceneShiftNeutral,0
earlier,earlier,s,NarrSequenceNeutral,0
(,(,c,OtherOrphanedOther,0
from,from,s,OtherOrphanedOther,0
the,the,s,OtherOrphanedOther,0
1850s,1850s,s,,0
onward,onward,c,FutureOtherNeutral,0
),),n,OtherOrphanedOther,0
Recruitment,recruitment,s,StratCoordinationNeutral,0
was,was,s,NarrOtherNeutral,0
less,less,s,ExpoComparisonNeutral,0
standardized,standardized,n,PubAdministrationNeutral,0
Contracts,contracts,s,NarrActsNeutral,0
were,were,s,NarrDurationNeutral,0
often,often,c,NarrDurationNeutral,1
:,:,n,,0
Shorter,shorter,n,DescriptChangeNeutral,0
More,more,s,ExpoComparisonNeutral,0
ambiguous,ambiguous,n,InquiryLearningNeg,0
Less,less,s,ExpoComparisonNeutral,0
tightly,tightly,s,DescriptVisualNeutral,0
regulated,regulated,n,PubAdministrationNeutral,0
Many,many,s,ExpoOtherNeutral,0
Chinese,chinese,s,CharTypesNeutral,0
migrants,migrants,s,NarrSceneShiftNeutral,0
were,were,s,NarrOtherNeutral,0
treated,treated,s,NarrOtherNeutral,1
as,as,s,OtherOrphanedOther,0
semi-free,semi-free,s,PosValuesSafeguard,0
contract,contract,s,NarrActsNeutral,0
laborers,laborers,c,CharTypesNeutral,0
",",",",s,,0
even,even,s,ForcefulIntenseNeutral,0
when,when,s,ForcefulIntenseNeutral,1
conditions,conditions,s,ContingentEventNeutral,0
resembled,resembled,s,DescriptVisualNeutral,0
indenture,indenture,c,PubLawNeutral,0
.,.,n,,0
Indian,indian,s,CharTypesNeutral,0
Labourers,labourers,s,CharTypesNeutral,0
(,(,c,OtherOrphanedOther,0
Hindostanis,hindostanis,c,,0
),),n,OtherOrphanedOther,0
Arrived,arrived,s,NarrSceneShiftNeutral,0
mainly,mainly,s,ConfidenceHedgedNeutral,0
between,between,s,NarrDurationNeutral,0
1873,1873,s,NarrDurationNeutral,1
and,and,s,OtherSyntacticComplexityOther,0
1916,1916,n,NarrOtherNeutral,0
Recruitment,recruitment,s,StratCoordinationNeutral,0
followed,followed,s,NarrSequenceNeutral,0
the,the,s,NarrSequenceNeutral,1
British,british,s,CharTypesNeutral,0
Indian,indian,s,PubLawNeutral,0
indenture,indenture,s,PubLawNeutral,1
system,system,n,SpecialTopicsMiscellanyNeutral,0
Contracts,contracts,s,NarrActsNeutral,0
were,were,c,NarrOtherNeutral,0
:,:,n,,0
Highly,highly,s,ForcefulIntenseNeutral,0
formalized,formalized,n,DescriptChangeNeutral,0
Rigidly,rigidly,s,NegEmotionsOther,0
enforced,enforced,n,StratOtherNeutral,0
Backed,backed,s,CitationAuthoritativePos,0
by,by,s,CitationAuthoritativePos,1
criminal,criminal,s,ResponsibilityHoldNeg,0
penalties,penalties,n,ResponsibilityHoldNeg,1
Key,key,s,ForcefulEmphaticNeutral,0
difference,difference,c,ForcefulEmphaticNeutral,1
:,:,n,,0
Indian,indian,s,CharTypesNeutral,0
labourers,labourers,s,CharTypesNeutral,0
were,were,s,NarrOtherNeutral,0
more,more,s,ExpoComparisonNeutral,0
tightly,tightly,s,DescriptVisualNeutral,0
bound,bound,s,DescriptVisualNeutral,0
to,to,s,DescriptVisualNeutral,1
the,the,s,OtherOrphanedOther,0
plantation,plantation,s,SpecialTopicsMiscellanyNeutral,0
system,system,s,SpecialTopicsMiscellanyNeutral,1
by,by,s,ResponsibilityOtherNeutral,0
law,law,c,ResponsibilityOtherNeutral,1
.,.,n,,0
2,2,c,ExpoOtherNeutral,0
.,.,s,ExpoOtherNeutral,1
Plantation,plantation,s,DescriptVisualNeutral,0
Work,work,s,OtherOrphanedOther,0
and,and,s,OtherSyntacticComplexityOther,0
Discipline,discipline,n,PubAdministrationNeutral,0
Indian,indian,s,CharTypesNeutral,0
Labourers,labourers,n,CharTypesNeutral,0
Concentrated,concentrated,s,CharMentalStatesNeutral,0
in,in,s,OtherOrphanedOther,0
sugar,sugar,s,DescriptObjectsNeutral,0
plantations,plantations,n,DescriptVisualNeutral,0
Subject,subject,s,ContingentPossibilityNeg,0
to,to,c,ContingentPossibilityNeg,1
:,:,n,,0
Strict,strict,s,PubAdministrationNeutral,0
task,task,s,SpecialTopicsMiscellanyNeutral,0
systems,systems,n,SpecialTopicsMiscellanyNeutral,1
Penal,penal,s,PubAdministrationNeutral,0
sanctions,sanctions,s,NegValuesOther,0
for,for,s,CitationQuotationNeutral,0
“,",c,CitationQuotationNeutral,1
breach,breach,s,NegActsAggressive,0
of,of,s,NegActsAggressive,1
contract,contract,c,NegActsAggressive,2
”,",n,,0
Imprisonment,imprisonment,s,NegValuesOther,0
for,for,s,OtherOrphanedOther,0
absenteeism,absenteeism,s,NegEmotionsOther,0
or,or,s,OtherSyntacticComplexityOther,0
refusal,refusal,s,NegActsResist,0
to,to,s,NegActsResist,1
work,work,n,OtherOrphanedOther,0
Colonial,colonial,s,SpecialTopicsMiscellanyNeutral,0
authorities,authorities,s,CharSubjectivityNeutral,0
viewed,viewed,s,CharSubjectivityNeutral,1
Indians,indians,s,CharTypesNeutral,0
as,as,s,OtherOrphanedOther,0
permanent,permanent,s,NarrSequenceNeutral,0
plantation,plantation,s,DescriptVisualNeutral,0
labor,labor,c,SpecialTopicsMiscellanyNeutral,0
.,.,n,,0
Chinese,chinese,s,CharTypesNeutral,0
Labourers,labourers,n,CharTypesNeutral,0
Initially,initially,s,NarrSequenceNeutral,0
placed,placed,s,DescriptVisualNeutral,0
on,on,s,DescriptVisualNeutral,1
plantations,plantations,c,DescriptVisualNeutral,0
",",",",s,MetadiscourseContrastNeutral,0
but,but,c,MetadiscourseContrastNeutral,1
:,:,n,InterCommandNeutral,0
Left,left,s,InterCommandNeutral,1
plantation,plantation,s,DescriptVisualNeutral,0
work,work,s,OtherOrphanedOther,0
earlier,earlier,s,NarrSequenceNeutral,0
and,and,s,OtherSyntacticComplexityOther,0
in,in,s,OtherSyntacticComplexityOther,1
greater,greater,s,ExpoComparisonNeutral,0
numbers,numbers,n,SpecialTopicsMiscellanyNeutral,0
Moved,moved,s,NarrSceneShiftNeutral,0
into,into,s,NarrSceneShiftNeutral,1
trades,trades,c,SpecialTopicsMiscellanyNeutral,0
",",",",s,,0
shopkeeping,shopkeeping,c,,0
",",",",s,,0
and,and,s,OtherSyntacticComplexityOther,0
urban,urban,s,SpecialTopicsMiscellanyNeutral,0
labor,labor,n,SpecialTopicsMiscellanyNeutral,0
They,they,s,OtherOrphanedOther,0
were,were,c,NarrOtherNeutral,0
:,:,n,,0
Less,less,s,ExpoComparisonNeutral,0
frequently,frequently,s,NarrDurationNeutral,0
prosecuted,prosecuted,s,PubLawNeutral,0
under,under,s,PubLawNeutral,0
labor,labor,s,PubLawNeutral,1
laws,laws,n,PubLawNeutral,2
More,more,s,ConfidenceHedgedNeutral,0
likely,likely,s,ConfidenceHedgedNeutral,1
to,to,s,OtherOrphanedOther,0
escape,escape,s,StratActsPos,0
plantation,plantation,s,DescriptVisualNeutral,0
discipline,discipline,n,PubAdministrationNeutral,0
Result,result,c,,0
:,:,s,,0
Indians,indians,s,CharTypesNeutral,0
bore,bore,s,NegActsAggressive,0
the,the,s,NegActsAggressive,1
brunt,brunt,s,NegActsAggressive,2
of,of,s,NegActsAggressive,3
coercive,coercive,s,NegActsCoercive,0
plantation,plantation,s,DescriptVisualNeutral,0
control,control,c,StratCoordinationNeutral,0
.,.,n,,0
3,3,c,ExpoOtherNeutral,0
.,.,s,ExpoOtherNeutral,1
Gender,gender,s,SpecialTopicsMiscellanyNeutral,0
Ratios,ratios,s,SpecialTopicsMiscellanyNeutral,0
and,and,s,OtherSyntacticComplexityOther,0
Social,social,s,StratCompetitionNeutral,0
Control,control,n,StratCompetitionNeutral,1
Indian,indian,s,CharTypesNeutral,0
Labourers,labourers,n,CharTypesNeutral,0
Included,included,s,NarrOtherNeutral,0
a,a,s,NarrOtherNeutral,1
significant,significant,s,ExpoOtherNeutral,0
number,number,s,ExpoOtherNeutral,1
of,of,s,OtherOrphanedOther,0
women,women,n,CharTypesNeutral,0
Colonial,colonial,s,SpecialTopicsMiscellanyNeutral,0
authorities,authorities,c,PubAdministrationNeutral,0
:,:,n,,0
Regulated,regulated,s,PubAdministrationNeutral,0
marriages,marriages,n,SpecialTopicsMiscellanyNeutral,0
Policed,policed,s,PubLawNeutral,0
sexuality,sexuality,n,SpecialTopicsMiscellanyNeutral,0
Intervened,intervened,s,NegActsAggressive,0
heavily,heavily,s,ForcefulEmphaticNeutral,0
in,in,s,OtherOrphanedOther,0
domestic,domestic,s,SpecialTopicsMiscellanyNeutral,0
life,life,n,CharTypesNeutral,0
Women,women,s,CharTypesNeutral,1
were,were,s,ExpoOtherNeutral,0
essential,essential,s,ExpoOtherNeutral,1
to,to,c,ExpoOtherNeutral,2
:,:,n,,0
Stabilizing,stabilizing,s,PosValuesOther,0
the,the,s,OtherOrphanedOther,0
workforce,workforce,n,SpecialTopicsMiscellanyNeutral,0
Producing,producing,s,NarrActsNeutral,0
future,future,s,FutureOtherNeutral,0
laborers,laborers,n,CharTypesNeutral,0
Chinese,chinese,s,CharTypesNeutral,0
Labourers,labourers,n,CharTypesNeutral,0
Overwhelmingly,overwhelmingly,s,ForcefulEmphaticNeutral,0
male,male,n,CharTypesNeutral,0
Few,few,s,NegValuesOther,0
efforts,efforts,s,NegValuesOther,1
were,were,s,NarrOtherNeutral,0
made,made,s,StratActsNeutral,0
to,to,s,StratActsNeutral,1
create,create,s,DescriptChangeNeutral,0
family,family,s,SpecialTopicsMiscellanyNeutral,0
life,life,n,CharTypesNeutral,0
Women,women,s,CharTypesNeutral,1
were,were,s,ConfidenceHedgedNeutral,0
largely,largely,s,ConfidenceHedgedNeutral,1
absent,absent,s,SpecialTopicsMiscellanyNeutral,0
from,from,s,SpecialTopicsMiscellanyNeutral,1
recruitment,recruitment,s,StratCoordinationNeutral,0
schemes,schemes,n,StratCoordinationNeutral,0
Implication,implication,c,ReasoningImplyNeutral,0
:,:,n,,0
Indian,indian,s,SpecialTopicsMiscellanyNeutral,0
communities,communities,s,SpecialTopicsMiscellanyNeutral,1
were,were,s,NarrOtherNeutral,0
engineered,engineered,s,PosValuesInnovative,0
for,for,s,PosValuesInnovative,1
permanent,permanent,s,PosRelAgree,0
settlement,settlement,c,PosRelAgree,1
",",",",s,,0
Chinese,chinese,s,CharTypesNeutral,0
labor,labor,s,OtherOrphanedOther,0
for,for,s,OtherOrphanedOther,1
temporary,temporary,s,NarrDurationNeutral,0
extraction,extraction,c,NarrActsNeutral,0
.,.,n,,0
4,4,c,ExpoOtherNeutral,0
.,.,s,ExpoOtherNeutral,1
Economic,economic,s,SpecialTopicsMiscellanyNeutral,0
Mobility,mobility,s,SpecialTopicsMiscellanyNeutral,1
After,after,s,NarrSequenceNeutral,0
Contract,contract,n,NarrActsNeutral,0
Chinese,chinese,s,CharTypesNeutral,0
Labourers,labourers,n,CharTypesNeutral,0
Often,often,s,NarrDurationNeutral,0
transitioned,transitioned,s,DescriptChangeNeutral,0
into,into,c,OtherOrphanedOther,0
:,:,n,,0
Small,small,s,SpecialTopicsMiscellanyNeutral,0
businesses,businesses,n,SpecialTopicsMiscellanyNeutral,1
Retail,retail,s,SpecialTopicsMiscellanyNeutral,0
trade,trade,n,SpecialTopicsMiscellanyNeutral,1
Artisanal,artisanal,s,,0
work,work,n,OtherOrphanedOther,0
Colonial,colonial,s,SpecialTopicsMiscellanyNeutral,0
authorities,authorities,c,PubAdministrationNeutral,0
:,:,n,,0
Encouraged,encouraged,s,FacilitateEncouragePos,0
this,this,s,OtherOrphanedOther,0
shift,shift,n,CharMentalStatesNeutral,0
Viewed,viewed,s,CharMentalStatesNeutral,1
Chinese,chinese,s,CharTypesNeutral,0
enterprise,enterprise,s,SpecialTopicsMiscellanyNeutral,0
as,as,s,OtherOrphanedOther,0
economically,economically,s,PosValuesUseful,0
useful,useful,n,PosValuesUseful,1
Indian,indian,s,CharTypesNeutral,0
Labourers,labourers,n,CharTypesNeutral,0
Offered,offered,c,InterOtherNeutral,0
:,:,n,InterOtherNeutral,1
Re-indenture,re-indenture,n,,0
Small,small,s,DescriptVisualNeutral,0
land,land,s,SpecialTopicsPlaceNeutral,0
plots,plots,s,SpecialTopicsMiscellanyNeutral,0
as,as,s,MetadiscourseOtherNeutral,0
an,an,s,MetadiscourseOtherNeutral,1
alternative,alternative,s,MetadiscourseOtherNeutral,2
to,to,s,MetadiscourseOtherNeutral,3
return,return,n,NarrDurationNeutral,0
They,they,s,OtherOrphanedOther,0
remained,remained,c,NarrDurationNeutral,0
:,:,n,,0
Tied,tied,s,ExpoSpecificationNeutral,0
to,to,s,ExpoSpecificationNeutral,1
agriculture,agriculture,n,SpecialTopicsMiscellanyNeutral,0
Economically,economically,s,SpecialTopicsMiscellanyNeutral,0
constrained,constrained,s,NegActsResist,0
for,for,s,OtherOrphanedOther,0
longer,longer,n,ExpoComparisonNeutral,0
Outcome,outcome,c,ReasoningConcludeNeutral,0
:,:,n,,0
Chinese,chinese,s,CharTypesNeutral,0
migrants,migrants,s,NarrSceneShiftNeutral,0
achieved,achieved,s,PosActsAchieve,0
faster,faster,s,DescriptChangeNeutral,0
upward,upward,s,PosValuesOther,0
mobility,mobility,c,PosValuesOther,1
",",",",s,,0
Indians,indians,s,CharTypesNeutral,0
slower,slower,s,ExpoComparisonNeutral,0
but,but,s,MetadiscourseContrastNeutral,0
more,more,s,ExpoComparisonNeutral,0
demographically,demographically,s,SpecialTopicsMiscellanyNeutral,0
rooted,rooted,s,OtherOrphanedOther,0
settlement,settlement,c,PosRelAgree,0
.,.,n,,0
5,5,c,ExpoOtherNeutral,0
.,.,s,ExpoOtherNeutral,1
Racial,racial,s,SpecialTopicsMiscellanyNeutral,0
Perceptions,perceptions,s,CharMentalStatesNeutral,0
and,and,s,OtherSyntacticComplexityOther,0
Colonial,colonial,s,SpecialTopicsMiscellanyNeutral,0
Attitudes,attitudes,n,CharSubjectivityNeutral,0
Colonial,colonial,s,SpecialTopicsMiscellanyNeutral,0
discourse,discourse,s,SpecialTopicsMiscellanyNeutral,1
consistently,consistently,s,ForcefulEmphaticNeutral,0
differentiated,differentiated,s,NarrOtherNeutral,0
the,the,s,NarrOtherNeutral,1
two,two,s,ExpoClassificationNeutral,0
groups,groups,c,ExpoClassificationNeutral,1
.,.,n,,0
Chinese,chinese,s,CharTypesNeutral,0
Labourers,labourers,s,CharTypesNeutral,0
Were,were,s,NarrOtherNeutral,0
Portrayed,portrayed,s,DescriptOtherNeutral,0
As,as,c,DescriptOtherNeutral,1
:,:,n,,0
Industrious,industrious,n,CharTraitsNeutral,0
Commercially,commercially,s,SpecialTopicsMiscellanyNeutral,0
“,",c,,0
clever,clever,c,StratCognitionPos,0
”,",n,,0
Socially,socially,s,PubAdministrationNeutral,0
separate,separate,s,OtherOrphanedOther,0
but,but,s,MetadiscourseContrastNeutral,0
economically,economically,s,PosValuesValuable,0
valuable,valuable,n,PosValuesValuable,1
Indian,indian,s,CharTypesNeutral,0
Labourers,labourers,s,CharTypesNeutral,0
Were,were,s,NarrOtherNeutral,0
Portrayed,portrayed,s,DescriptOtherNeutral,0
As,as,c,DescriptOtherNeutral,1
:,:,n,,0
Docile,docile,s,FacilitateExpediteNeutral,0
but,but,s,MetadiscourseContrastNeutral,0
unruly,unruly,n,NegActsUnrestrained,0
In,in,s,NegRelOther,0
need,need,s,NegRelOther,1
of,of,s,NegRelOther,2
discipline,discipline,n,PubAdministrationNeutral,0
Suited,suited,s,PosValuesSuitable,0
to,to,s,PosValuesSuitable,1
hard,hard,s,DescriptTouchNeutral,0
plantation,plantation,s,DescriptVisualNeutral,0
labor,labor,n,SpecialTopicsMiscellanyNeutral,0
These,these,s,OtherOrphanedOther,0
stereotypes,stereotypes,s,SpecialTopicsMiscellanyNeutral,0
shaped,shaped,c,OtherOrphanedOther,0
:,:,n,,0
Policing,policing,n,PubLawNeutral,0
Legal,legal,s,StratOtherNeutral,0
enforcement,enforcement,n,StratOtherNeutral,1
Post-indenture,post-indenture,s,,0
opportunities,opportunities,n,FacilitateEnablePos,0
6,6,c,ExpoOtherNeutral,0
.,.,s,ExpoOtherNeutral,1
Long-Term,long-term,s,FutureOtherNeg,0
Consequences,consequences,n,FutureOtherNeg,1
Chinese,chinese,s,CharTypesNeutral,0
Surinamese,surinamese,n,CharTypesNeutral,0
Smaller,smaller,s,ExpoComparisonNeutral,0
population,population,n,PubAdministrationNeutral,0
Greater,greater,s,ExpoComparisonNeutral,0
urban,urban,s,SpecialTopicsMiscellanyNeutral,0
concentration,concentration,n,SpecialTopicsMiscellanyNeutral,0
Strong,strong,s,SpecialTopicsMiscellanyNeutral,0
presence,presence,s,SpecialTopicsMiscellanyNeutral,1
in,in,s,OtherOrphanedOther,0
commerce,commerce,n,SpecialTopicsMiscellanyNeutral,0
Indo-Surinamese,indo-surinamese,s,,0
(,(,c,OtherOrphanedOther,0
Hindostanis,hindostanis,c,,0
),),n,OtherOrphanedOther,0
Largest,largest,s,ExpoComparisonNeutral,0
ethnic,ethnic,s,SpecialTopicsMiscellanyNeutral,0
group,group,s,SpecialTopicsMiscellanyNeutral,0
in,in,s,OtherOrphanedOther,0
Suriname,suriname,s,SpecialTopicsPlaceNeutral,0
today,today,n,NarrImmediacyNeutral,0
Deep,deep,s,SpecialTopicsMiscellanyNeutral,0
rural,rural,s,SpecialTopicsMiscellanyNeutral,0
roots,roots,n,OtherOrphanedOther,0
Strong,strong,s,PosValuesStrong,0
cultural,cultural,s,SpecialTopicsMiscellanyNeutral,0
and,and,s,OtherSyntacticComplexityOther,0
religious,religious,s,NarrOtherNeutral,0
continuity,continuity,n,NarrOtherNeutral,1
The,the,s,OtherOrphanedOther,0
different,different,s,SpecialTopicsMiscellanyNeutral,0
treatment,treatment,s,SpecialTopicsMiscellanyNeutral,1
under,under,s,OtherOrphanedOther,0
colonial,colonial,s,SpecialTopicsMiscellanyNeutral,0
labor,labor,s,SpecialTopicsMiscellanyNeutral,0
regimes,regimes,s,PubAdministrationNeutral,0
produced,produced,s,NarrActsNeutral,0
different,different,s,ExpoComparisonNeutral,0
social,social,s,,0
trajectories,trajectories,s,FutureOtherNeutral,0
that,that,s,OtherOrphanedOther,0
persist,persist,s,NarrDurationNeutral,0
into,into,s,DescriptChangeNeutral,0
the,the,s,DescriptChangeNeutral,1
present,present,c,SpecialTopicsMiscellanyNeutral,0
.,.,n,,0
Summary,summary,s,ReasoningConcludeNeutral,0
Table,table,n,DescriptObjectsNeutral,0
Dimension,dimension,s,SpecialTopicsMiscellanyNeutral,0
Chinese,chinese,s,CharTypesNeutral,0
Labourers,labourers,s,CharTypesNeutral,0
Indian,indian,s,CharTypesNeutral,0
Labourers,labourers,n,CharTypesNeutral,0
Recruitment,recruitment,s,StratCoordinationNeutral,0
Early,early,c,NarrSequenceNeutral,0
",",",",s,,0
loosely,loosely,s,,0
regulated,regulated,s,PubAdministrationNeutral,0
Later,later,c,NarrTimeShiftNeutral,0
",",",",s,,0
highly,highly,s,ForcefulIntenseNeutral,0
regulated,regulated,n,PubAdministrationNeutral,0
Legal,legal,s,PubLawNeutral,0
coercion,coercion,s,NegActsCoercive,0
Lower,lower,s,OtherOrphanedOther,0
Higher,higher,n,ExpoComparisonNeutral,0
Gender,gender,s,SpecialTopicsMiscellanyNeutral,0
balance,balance,s,SpecialTopicsMiscellanyNeutral,0
Mostly,mostly,s,ConfidenceHedgedNeutral,0
male,male,s,CharTypesNeutral,0
Men,men,s,CharTypesNeutral,0
and,and,s,OtherSyntacticComplexityOther,0
women,women,n,CharTypesNeutral,0
Plantation,plantation,s,DescriptVisualNeutral,0
control,control,s,StratCoordinationNeutral,0
Weaker,weaker,s,NegEmotionsOther,0
Stronger,stronger,n,ExpoComparisonNeutral,0
Post-contract,post-contract,s,,0
mobility,mobility,s,PosValuesOther,0
Faster,faster,s,DescriptChangeNeutral,0
Slower,slower,n,PosRelAgree,0
Settlement,settlement,s,PosRelAgree,1
intent,intent,s,CharTraitsNeutral,0
Temporary,temporary,s,NarrDurationNeutral,0
Permanent,permanent,n,NarrSequenceNeutral,0
In,in,s,MetadiscourseCuesNeutral,0
Conclusion,conclusion,n,MetadiscourseCuesNeutral,1
Chinese,chinese,s,CharTypesNeutral,0
and,and,s,OtherSyntacticComplexityOther,0
Indian,indian,s,CharTypesNeutral,0
labourers,labourers,s,CharTypesNeutral,0
in,in,s,OtherOrphanedOther,0
Suriname,suriname,s,SpecialTopicsPlaceNeutral,0
were,were,s,NarrOtherNeutral,0
not,not,s,NegActsResist,0
treated,treated,s,NarrOtherNeutral,0
the,the,s,NarrOtherNeutral,1
same,same,c,ExpoComparisonNeutral,0
",",",",s,MetadiscourseContrastNeutral,0
even,even,s,MetadiscourseContrastNeutral,1
though,though,s,MetadiscourseContrastNeutral,2
both,both,s,OtherSyntacticComplexityOther,0
were,were,s,NegActsAggressive,0
exploited,exploited,c,NegActsAggressive,1
.,.,n,,0
The,the,s,OtherOrphanedOther,0
colonial,colonial,s,SpecialTopicsMiscellanyNeutral,0
state,state,c,InterOtherNeutral,0
:,:,n,InterOtherNeutral,1
Extracted,extracted,s,NarrActsNeutral,0
labor,labor,s,SpecialTopicsMiscellanyNeutral,0
from,from,s,OtherOrphanedOther,0
Chinese,chinese,s,CharTypesNeutral,0
workers,workers,n,CharTypesNeutral,0
Engineered,engineered,s,CharTypesNeutral,0
settlement,settlement,s,PosRelAgree,0
and,and,s,OtherSyntacticComplexityOther,0
discipline,discipline,s,PubAdministrationNeutral,0
among,among,s,OtherOrphanedOther,0
Indian,indian,s,CharTypesNeutral,0
workers,workers,n,CharTypesNeutral,0
These,these,s,OtherOrphanedOther,0
distinctions,distinctions,s,MetadiscourseContrastNeutral,0
were,were,s,StratCognitionNeutral,0
deliberate,deliberate,c,StratCognitionNeutral,1
",",",",s,,0
racialized,racialized,c,SpecialTopicsMiscellanyNeutral,0
",",",",s,,0
and,and,s,OtherSyntacticComplexityOther,0
foundational,foundational,s,ReasoningOtherNeutral,0
to,to,s,OtherOrphanedOther,0
Suriname’s,suriname’s,s,,0
social,social,s,SpecialTopicsMiscellanyNeutral,0
structure,structure,c,SpecialTopicsMiscellanyNeutral,1
.,.,n,,0
If,if,s,ContingentRelationshipNeutral,0
you,you,s,CharSubjectivityNeutral,0
would,would,s,CharSubjectivityNeutral,1
like,like,c,CharSubjectivityNeutral,2
",",",",s,,0
I,i,s,ConfidenceHighPos,0
can,can,s,ConfidenceHighPos,1
next,next,c,NarrSequenceNeutral,0
:,:,n,,0
Compare,compare,s,ExpoComparisonNeutral,0
Chinese,chinese,c,CharTypesNeutral,0
",",",",s,,0
Indian,indian,c,CharTypesNeutral,0
",",",",s,,0
and,and,s,OtherSyntacticComplexityOther,0
Javanese,javanese,s,SpecialTopicsPlaceNeutral,0
labourers,labourers,n,CharTypesNeutral,0
Examine,examine,s,InquiryExplorationNeutral,0
specific,specific,s,ExpoSpecificationNeutral,0
plantation,plantation,s,DescriptVisualNeutral,0
case,case,s,ExpoOtherNeutral,0
studies,studies,n,ExpoOtherNeutral,1
Analyze,analyze,s,ReasoningAnalyzeNeutral,0
court,court,s,SpecialTopicsMiscellanyNeutral,0
records,records,s,DescriptObjectsNeutral,0
showing,showing,s,OtherOrphanedOther,0
differential,differential,s,NegRelPunish,0
punishment,punishment,n,NegRelPunish,1
Trace,trace,s,SpecialTopicsMiscellanyNeutral,0
how,how,s,InquiryCuriosityNeutral,0
these,these,s,InquiryCuriosityNeutral,1
differences,differences,s,ExpoComparisonNeutral,0
shape,shape,s,SpecialTopicsMiscellanyNeutral,0
Suriname,suriname,s,SpecialTopicsPlaceNeutral,0
today,today,n,NarrImmediacyNeutral,0
Plantation,plantation,s,DescriptVisualNeutral,0
owners,owners,s,CharTypesNeutral,0
and,and,s,OtherSyntacticComplexityOther,0
their,their,s,CharNamesNeutral,0
agents,agents,s,SpecialTopicsMiscellanyNeutral,0
committed,committed,s,CharTraitsNeutral,0
systematic,systematic,s,NegActsCrime,0
crimes,crimes,s,NegActsCrime,1
against,against,s,NegActsResist,0
Indian,indian,s,PubLawNeutral,0
indentured,indentured,s,PubLawNeutral,1
labourers,labourers,c,CharTypesNeutral,0
",",",",s,,0
while,while,s,NarrDurationNeutral,0
the,the,s,NarrDurationNeutral,1
judicial,judicial,s,PubLawNeutral,0
system,system,s,PubLawNeutral,1
was,was,s,NarrOtherNeutral,0
structurally,structurally,s,SpecialTopicsMiscellanyNeutral,0
aligned,aligned,s,ExpoComparisonNeutral,0
to,to,s,StratCognitionNeutral,0
protect,protect,s,StratCognitionNeutral,1
employers,employers,s,CharTypesNeutral,0
and,and,s,OtherSyntacticComplexityOther,0
discipline,discipline,s,PubAdministrationNeutral,0
labour,labour,c,,0
",",",",s,,0
not,not,s,NegActsResist,0
to,to,s,NegActsResist,1
deliver,deliver,s,PosActsDeliver,0
justice,justice,c,PosActsDeliver,1
.,.,s,SpecialTopicsMiscellanyNeutral,0
What,what,s,SpecialTopicsMiscellanyNeutral,1
made,made,s,SpecialTopicsMiscellanyNeutral,2
indenture,indenture,s,PubLawNeutral,0
distinctive,distinctive,s,ExpoOtherNeutral,0
was,was,s,NarrOtherNeutral,0
not,not,s,NegActsResist,0
the,the,s,NegActsResist,1
absence,absence,s,SpecialTopicsMiscellanyNeutral,0
of,of,s,SpecialTopicsMiscellanyNeutral,1
law,law,c,PubLawNeutral,0
",",",",s,MetadiscourseContrastNeutral,0
but,but,s,MetadiscourseContrastNeutral,1
the,the,s,OtherOrphanedOther,0
way,way,s,PubLawNeutral,0
law,law,s,PubLawNeutral,1
itself,itself,s,ForcefulEmphaticNeutral,0
functioned,functioned,s,ExpoOtherNeutral,0
as,as,s,ExpoOtherNeutral,1
an,an,s,OtherOrphanedOther,0
instrument,instrument,s,SpecialTopicsMiscellanyNeutral,0
of,of,s,OtherOrphanedOther,0
coercion,coercion,c,NegActsCoercive,0
.,.,n,MetadiscourseOtherNeutral,0
Below,below,s,MetadiscourseOtherNeutral,1
is,is,s,MetadiscourseOtherNeutral,2
a,a,s,OtherOrphanedOther,0
clear,clear,s,DescriptVisualNeutral,0
account,account,c,SpecialTopicsMiscellanyNeutral,0
",",",",s,,0
grounded,grounded,s,PosValuesOther,0
in,in,s,PosValuesOther,1
evidence,evidence,s,PosValuesOther,2
from,from,s,OtherOrphanedOther,0
colonies,colonies,s,SpecialTopicsMiscellanyNeutral,0
such,such,s,ExpoExampleNeutral,0
as,as,s,ExpoExampleNeutral,1
Suriname,suriname,c,SpecialTopicsPlaceNeutral,0
",",",",s,,0
Trinidad,trinidad,s,SpecialTopicsPlaceNeutral,0
and,and,s,OtherSyntacticComplexityOther,0
Tobago,tobago,c,SpecialTopicsPlaceNeutral,0
",",",",s,,0
and,and,s,OtherSyntacticComplexityOther,0
Guyana,guyana,c,SpecialTopicsPlaceNeutral,0
.,.,n,,0
1,1,c,ExpoOtherNeutral,0
.,.,s,ExpoOtherNeutral,1
Crimes,crimes,s,NegActsCrime,0
Committed,committed,s,CharTraitsNeutral,0
by,by,s,OtherOrphanedOther,0
Plantation,plantation,s,DescriptVisualNeutral,0
Owners,owners,s,CharTypesNeutral,0
and,and,s,OtherSyntacticComplexityOther,0
Their,their,s,CharNamesNeutral,0
Agents,agents,n,SpecialTopicsMiscellanyNeutral,0
Although,although,s,MetadiscourseContrastNeutral,0
many,many,s,ExpoOtherNeutral,0
abuses,abuses,s,NegActsAggressive,0
were,were,s,NegValuesIllegal,0
illegal,illegal,s,NegValuesIllegal,1
even,even,s,OtherOrphanedOther,0
under,under,s,PubLawNeutral,0
colonial,colonial,s,PubLawNeutral,1
law,law,c,PubLawNeutral,2
",",",",s,,0
they,they,s,OtherOrphanedOther,0
were,were,s,NarrOtherNeutral,0
rarely,rarely,s,ForcefulEmphaticNeutral,0
prosecuted,prosecuted,c,PubLawNeutral,0
.,.,n,,0
A,a,c,OtherOrphanedOther,0
.,.,s,OtherOrphanedOther,1
Physical,physical,s,NegActsViolence,0
Violence,violence,s,NegActsViolence,1
and,and,s,OtherSyntacticComplexityOther,0
Assault,assault,n,NegActsAggressive,0
Plantation,plantation,s,CharTypesNeutral,0
managers,managers,c,CharTypesNeutral,1
",",",",s,,0
overseers,overseers,c,CharTypesNeutral,0
",",",",s,,0
and,and,s,OtherSyntacticComplexityOther,0
drivers,drivers,s,CharTypesNeutral,0
routinely,routinely,c,NarrDurationNeutral,0
:,:,n,InterCommandNeutral,0
Beat,beat,s,InterCommandNeutral,1
labourers,labourers,s,CharTypesNeutral,0
with,with,s,OtherOrphanedOther,0
sticks,sticks,c,OtherOrphanedOther,0
",",",",s,,0
whips,whips,c,DescriptMotionNeutral,0
",",",",s,,0
or,or,s,OtherSyntacticComplexityOther,0
fists,fists,n,DescriptObjectsNeutral,0
Used,used,s,NarrActsNeutral,0
collective,collective,s,NegRelPunish,0
punishment,punishment,s,NegRelPunish,1
for,for,s,OtherOrphanedOther,0
individual,individual,s,CharTypesNeutral,0
“,",c,,0
offences,offences,c,,0
”,",n,,0
Assaulted,assaulted,s,NegActsAggressive,0
workers,workers,s,CharTypesNeutral,0
who,who,s,OtherOrphanedOther,0
protested,protested,s,NegActsPlaintive,0
wages,wages,s,SpecialTopicsMiscellanyNeutral,0
or,or,s,OtherSyntacticComplexityOther,0
task,task,s,SpecialTopicsMiscellanyNeutral,0
sizes,sizes,n,OtherOrphanedOther,0
These,these,s,OtherOrphanedOther,0
acts,acts,s,NarrActsNeutral,0
constituted,constituted,s,CharTypesNeg,0
criminal,criminal,s,CharTypesNeg,1
assault,assault,c,NegActsAggressive,0
",",",",s,MetadiscourseContrastNeutral,0
but,but,s,MetadiscourseContrastNeutral,1
were,were,s,NarrDurationNeutral,0
often,often,s,NarrDurationNeutral,1
recorded,recorded,s,SpecialTopicsMiscellanyNeutral,0
as,as,s,CitationQuotationNeutral,0
“,",c,CitationQuotationNeutral,1
discipline,discipline,c,PubAdministrationNeutral,0
.,.,c,,0
”,",n,,0
B,b,c,OtherOrphanedOther,0
.,.,s,OtherOrphanedOther,1
Sexual,sexual,s,NegActsViolence,0
Violence,violence,s,NegActsViolence,1
Against,against,s,NegActsResist,0
Women,women,n,CharTypesNeutral,0
Women,women,s,CharTypesNeutral,1
testified,testified,s,PubCommunicationNeutral,0
to,to,c,OtherOrphanedOther,0
:,:,n,InterCommandNeutral,0
Rape,rape,s,InterCommandNeutral,1
and,and,s,OtherSyntacticComplexityOther,0
sexual,sexual,s,SpecialTopicsMiscellanyNeutral,0
coercion,coercion,s,NegActsCoercive,0
by,by,s,OtherOrphanedOther,0
overseers,overseers,s,CharTypesNeutral,0
and,and,s,OtherSyntacticComplexityOther,0
estate,estate,s,PubLawNeutral,0
officials,officials,n,CharTypesNeutral,0
Sexual,sexual,s,SpecialTopicsMiscellanyNeutral,0
blackmail,blackmail,s,NegActsBlackmail,0
(,(,c,OtherOrphanedOther,0
work,work,s,OtherOrphanedOther,0
concessions,concessions,s,ReasoningOtherNeutral,0
in,in,s,ExpoOtherNeutral,0
exchange,exchange,s,ExpoOtherNeutral,1
for,for,s,ExpoOtherNeutral,2
sex,sex,c,SpecialTopicsMiscellanyNeutral,0
),),n,OtherOrphanedOther,0
Retaliatory,retaliatory,s,NegActsAggressive,0
violence,violence,s,NegActsAggressive,1
when,when,s,PosValuesEnlighten,0
advances,advances,s,PosValuesEnlighten,1
were,were,s,NegActsResist,0
refused,refused,n,NegActsResist,1
These,these,s,MetadiscourseOtherNeutral,0
were,were,s,MetadiscourseOtherNeutral,1
serious,serious,s,NegActsCrime,0
crimes,crimes,c,NegActsCrime,1
",",",",s,MetadiscourseContrastNeutral,0
but,but,c,MetadiscourseContrastNeutral,1
:,:,n,,0
Complaints,complaints,s,NegActsPlaintive,0
were,were,s,NarrOtherNeutral,0
dismissed,dismissed,s,OtherOrphanedOther,0
as,as,s,CitationQuotationNeutral,0
“,",c,CitationQuotationNeutral,1
immorality,immorality,c,NegValuesEvil,0
”,",n,,0
Women,women,s,CharTypesNeutral,0
were,were,s,ResponsibilityHoldNeg,0
blamed,blamed,s,ResponsibilityHoldNeg,1
or,or,s,OtherSyntacticComplexityOther,0
prosecuted,prosecuted,s,PubLawNeutral,0
instead,instead,n,MetadiscourseOtherNeutral,0
Convictions,convictions,s,,0
of,of,s,OtherOrphanedOther,0
Europeans,europeans,s,CharTypesNeutral,0
were,were,s,NarrOtherNeutral,0
exceedingly,exceedingly,s,ForcefulEmphaticNeutral,0
rare,rare,n,ForcefulEmphaticNeutral,1
C,c,c,OtherOrphanedOther,0
.,.,s,OtherOrphanedOther,1
Wage,wage,s,NegActsCrime,0
Theft,theft,s,NegActsCrime,1
and,and,s,OtherSyntacticComplexityOther,0
Fraud,fraud,n,NegRelTrickery,0
Common,common,s,OtherOrphanedOther,0
illegal,illegal,s,NegValuesIllegal,0
practices,practices,s,NegValuesIllegal,1
included,included,c,NarrActsNeutral,0
:,:,n,,0
Withholding,withholding,s,SpecialTopicsMiscellanyNeutral,0
wages,wages,s,SpecialTopicsMiscellanyNeutral,0
without,without,s,ForcefulEmphaticNeutral,0
cause,cause,n,,0
Manipulating,manipulating,s,StratOtherNeutral,0
task,task,s,SpecialTopicsMiscellanyNeutral,0
measurements,measurements,s,SpecialTopicsMiscellanyNeutral,0
to,to,s,DescriptChangeNeutral,0
reduce,reduce,s,DescriptChangeNeutral,1
pay,pay,n,OtherOrphanedOther,0
Paying,paying,s,OtherOrphanedOther,0
in,in,s,OtherOrphanedOther,1
plantation,plantation,s,DescriptVisualNeutral,0
tokens,tokens,s,SpecialTopicsMiscellanyNeutral,0
or,or,s,OtherSyntacticComplexityOther,0
inflated,inflated,s,DescriptChangeNeutral,0
store,store,s,SpecialTopicsMiscellanyNeutral,0
prices,prices,n,SpecialTopicsMiscellanyNeutral,1
This,this,s,OtherOrphanedOther,0
amounted,amounted,s,ExpoOtherNeutral,0
to,to,s,ExpoOtherNeutral,1
systematic,systematic,s,NegActsCrime,0
wage,wage,s,NegActsCrime,1
theft,theft,c,NegActsCrime,2
",",",",s,MetadiscourseContrastNeutral,0
but,but,s,MetadiscourseContrastNeutral,1
planters,planters,s,DescriptObjectsNeutral,0
controlled,controlled,s,StratCoordinationNeutral,0
payroll,payroll,s,DescriptObjectsNeutral,0
records,records,c,DescriptObjectsNeutral,0
",",",",s,,0
making,making,s,NarrActsNeutral,0
proof,proof,s,ConfidenceHighNeutral,0
difficult,difficult,c,NegEmotionsDifficult,0
.,.,n,,0
D,d,c,OtherOrphanedOther,0
.,.,s,OtherOrphanedOther,1
False,false,s,NegValuesOther,0
Imprisonment,imprisonment,s,NegValuesOther,1
and,and,s,OtherSyntacticComplexityOther,0
Illegal,illegal,s,NegValuesIllegal,0
Punishment,punishment,n,NegValuesIllegal,1
Labourers,labourers,s,CharTypesNeutral,0
were,were,c,NarrOtherNeutral,0
:,:,n,,0
Confined,confined,s,ForcefulEmphaticNeutral,0
without,without,s,ForcefulEmphaticNeutral,1
trial,trial,n,SpecialTopicsMiscellanyNeutral,0
Punished,punished,s,NegRelPunish,0
before,before,s,NarrTimeShiftNeutral,0
being,being,s,NarrTimeShiftNeutral,1
brought,brought,s,DescriptChangeNeutral,0
to,to,s,DescriptChangeNeutral,1
a,a,s,OtherOrphanedOther,0
magistrate,magistrate,n,CharTypesNeutral,0
Forced,forced,s,NegEmotionsReluctance,0
to,to,s,NegEmotionsReluctance,1
work,work,s,NegEmotionsReluctance,2
extra,extra,s,SpecialTopicsMiscellanyNeutral,0
days,days,s,NarrDurationNeutral,0
as,as,s,CitationQuotationNeutral,0
“,",c,CitationQuotationNeutral,1
penalties,penalties,c,ResponsibilityHoldNeg,0
”,",n,,0
In,in,s,ExpoExampleNeutral,0
many,many,s,ExpoExampleNeutral,1
cases,cases,c,ExpoExampleNeutral,2
",",",",s,,0
planters,planters,s,DescriptObjectsNeutral,0
exceeded,exceeded,s,NarrActsNeutral,0
even,even,s,ForcefulIntenseNeutral,0
the,the,s,ForcefulIntenseNeutral,1
harsh,harsh,s,NegValuesHarshJudgment,0
powers,powers,s,SpecialTopicsMiscellanyNeutral,0
granted,granted,s,FacilitateSponsorNeutral,0
to,to,s,FacilitateSponsorNeutral,1
them,them,s,NarrActsNeutral,0
by,by,s,ResponsibilityOtherNeutral,0
law,law,c,ResponsibilityOtherNeutral,1
.,.,n,,0
E,e,c,OtherOrphanedOther,0
.,.,s,OtherOrphanedOther,1
Negligence,negligence,s,ResponsibilityHoldNeg,0
Leading,leading,s,ReasoningOtherNeutral,0
to,to,s,ReasoningOtherNeutral,1
Death,death,n,DescriptChangeNeg,0
Plantation,plantation,s,DescriptVisualNeutral,0
owners,owners,s,CharTypesNeutral,0
routinely,routinely,c,NarrDurationNeutral,0
:,:,n,,0
Denied,denied,s,NegActsResist,0
medical,medical,s,NegActsResist,1
care,care,n,NegActsResist,2
Forced,forced,s,StratOtherNeutral,0
sick,sick,s,NegEmotionsSick,0
or,or,s,OtherSyntacticComplexityOther,0
injured,injured,s,NegActsInjure,0
workers,workers,s,CharTypesNeutral,0
to,to,s,OtherOrphanedOther,0
labor,labor,n,SpecialTopicsMiscellanyNeutral,0
Ignored,ignored,s,NegRelIgnore,0
unsafe,unsafe,s,NegValuesOther,0
housing,housing,s,DescriptVisualNeutral,0
and,and,s,OtherSyntacticComplexityOther,0
sanitation,sanitation,n,SpecialTopicsMiscellanyNeutral,0
Deaths,deaths,s,NarrSequenceNeg,0
from,from,s,NarrSequenceNeg,1
exhaustion,exhaustion,c,NegEmotionsExhaustion,0
",",",",s,,0
disease,disease,c,SpecialTopicsMiscellanyNeutral,0
",",",",s,,0
or,or,s,OtherSyntacticComplexityOther,0
untreated,untreated,s,NegActsInjure,0
injuries,injuries,s,NegActsInjure,1
were,were,s,ExpoOtherNeutral,0
common,common,s,ExpoOtherNeutral,1
and,and,s,OtherSyntacticComplexityOther,0
rarely,rarely,s,InquiryExplorationNeutral,0
investigated,investigated,s,InquiryExplorationNeutral,1
as,as,s,OtherOrphanedOther,0
manslaughter,manslaughter,c,NegActsAggressive,0
.,.,n,,0
2,2,c,ExpoOtherNeutral,0
.,.,s,ExpoOtherNeutral,1
Crimes,crimes,s,NegActsCrime,0
Reframed,reframed,s,NarrDurationNeutral,0
as,as,s,CitationQuotationNeutral,0
“,",c,CitationQuotationNeutral,1
Contract,contract,s,StratOtherNeutral,0
Enforcement,enforcement,c,StratOtherNeutral,1
”,",n,,0
A,a,s,OtherOrphanedOther,0
central,central,s,SpecialTopicsMiscellanyNeutral,0
injustice,injustice,s,NegValuesInjustice,0
of,of,s,OtherOrphanedOther,0
indenture,indenture,s,PubLawNeutral,0
was,was,s,NarrOtherNeutral,0
that,that,s,OtherOrphanedOther,0
ordinary,ordinary,s,NarrActsNeutral,0
acts,acts,s,NarrActsNeutral,1
by,by,s,OtherOrphanedOther,0
labourers,labourers,s,CharTypesNeutral,0
were,were,s,DescriptChangeNeg,0
criminalized,criminalized,c,DescriptChangeNeg,1
",",",",s,,0
while,while,s,NarrDurationNeutral,0
crimes,crimes,s,NegActsCrime,0
by,by,s,OtherOrphanedOther,0
employers,employers,s,CharTypesNeutral,0
were,were,s,DescriptChangeNeutral,0
normalized,normalized,c,DescriptChangeNeutral,1
.,.,n,,0
Labourers,labourers,s,CharTypesNeutral,0
were,were,s,NarrDurationNeg,0
imprisoned,imprisoned,s,NarrDurationNeg,1
for,for,c,NarrDurationNeg,2
:,:,n,,0
Absence,absence,s,SpecialTopicsMiscellanyNeutral,0
due,due,s,ReasoningOtherNeutral,0
to,to,s,ReasoningOtherNeutral,1
illness,illness,n,SpecialTopicsMiscellanyNeutral,0
Pregnancy-related,pregnancy-related,s,NegValuesIncapacity,0
incapacity,incapacity,n,NegValuesIncapacity,1
Refusing,refusing,s,NegActsResist,0
unsafe,unsafe,s,NegValuesOther,0
work,work,n,SpecialTopicsMiscellanyNeutral,0
Leaving,leaving,s,SpecialTopicsMiscellanyNeutral,1
the,the,s,OtherOrphanedOther,0
plantation,plantation,n,DescriptVisualNeutral,0
Meanwhile,meanwhile,c,MetadiscourseAdditionNeutral,0
",",",",s,MetadiscourseAdditionNeutral,1
planters,planters,s,DescriptObjectsNeutral,0
faced,faced,s,DescriptVisualNeutral,0
no,no,s,NegActsResist,0
equivalent,equivalent,s,CharTypesNeg,0
criminal,criminal,s,CharTypesNeg,1
liability,liability,s,NegRelOther,0
for,for,s,OtherOrphanedOther,0
abuse,abuse,c,NegActsAggressive,0
.,.,n,,0
3,3,c,ExpoOtherNeutral,0
.,.,s,ExpoOtherNeutral,1
The,the,s,OtherOrphanedOther,0
Judicial,judicial,s,PubLawNeutral,0
System,system,c,PubLawNeutral,1
:,:,s,InterQuestionNeutral,0
How,how,s,InterQuestionNeutral,1
It,it,s,,0
Worked,worked,s,NarrBiographyNeutral,0
in,in,s,NarrBiographyNeutral,1
Practice,practice,n,OtherOrphanedGenericActivity,0
A,a,c,OtherOrphanedOther,0
.,.,s,OtherOrphanedOther,1
Dual,dual,s,SpecialTopicsMiscellanyNeutral,0
Legal,legal,s,PubLawNeutral,0
Standards,standards,n,SpecialTopicsMiscellanyNeutral,0
The,the,s,OtherOrphanedOther,0
legal,legal,s,SpecialTopicsMiscellanyNeutral,0
system,system,s,SpecialTopicsMiscellanyNeutral,1
operated,operated,s,OtherOrphanedOther,0
on,on,s,OtherOrphanedOther,0
two,two,s,ExpoOtherNeutral,0
tracks,tracks,c,DescriptObjectsNeutral,0
:,:,n,,0
Planters,planters,s,DescriptObjectsNeutral,0
and,and,s,OtherSyntacticComplexityOther,0
Europeans,europeans,c,CharTypesNeutral,0
:,:,s,,0
protected,protected,s,PosRelGuardian,0
by,by,s,OtherOrphanedOther,0
civil,civil,s,PubLawNeutral,0
law,law,c,PubLawNeutral,1
",",",",s,,0
juries,juries,c,PubLawNeutral,0
",",",",s,,0
and,and,s,OtherSyntacticComplexityOther,0
professional,professional,s,FacilitateHelpNeutral,0
counsel,counsel,n,FacilitateHelpNeutral,1
Indentured,indentured,s,PubLawNeutral,0
labourers,labourers,c,CharTypesNeutral,0
:,:,s,InterCommandNeutral,0
subject,subject,s,InterCommandNeutral,1
to,to,s,OtherOrphanedOther,0
summary,summary,s,PosValuesJustice,0
justice,justice,c,PosValuesJustice,1
",",",",s,,0
fines,fines,c,NegRelOther,0
",",",",s,,0
flogging,flogging,c,NegActsAggressive,0
",",",",s,,0
and,and,s,OtherSyntacticComplexityOther,0
imprisonment,imprisonment,n,NegValuesOther,0
Equality,equality,s,PosValuesEquality,0
before,before,s,NarrSequenceNeutral,0
the,the,s,NarrSequenceNeutral,1
law,law,s,PubLawNeutral,0
did,did,s,NegActsResist,0
not,not,s,NegActsResist,1
exist,exist,s,NarrActsNeutral,0
in,in,s,OtherOrphanedGenericActivity,0
practice,practice,c,OtherOrphanedGenericActivity,1
.,.,n,,0
B,b,c,OtherOrphanedOther,0
.,.,s,OtherOrphanedOther,1
Magistrates,magistrates,s,CharTypesNeutral,0
and,and,s,OtherSyntacticComplexityOther,0
Courts,courts,n,SpecialTopicsMiscellanyNeutral,0
Magistrates,magistrates,c,CharTypesNeutral,0
:,:,n,,0
Were,were,s,NarrDurationNeutral,0
often,often,s,NarrDurationNeutral,1
former,former,s,NarrSequenceNeutral,0
planters,planters,s,DescriptObjectsNeutral,0
or,or,s,OtherSyntacticComplexityOther,0
socially,socially,s,PubAdministrationNeutral,0
aligned,aligned,s,PosRelOther,0
with,with,s,PosRelOther,1
them,them,n,NarrActsNeutral,0
Relied,relied,s,NarrActsNeutral,0
on,on,s,NarrActsNeutral,1
overseers,overseers,s,CharTypesNeutral,0
as,as,s,OtherOrphanedOther,0
witnesses,witnesses,n,CharTypesNeutral,0
Conducted,conducted,s,NarrActsNeutral,0
hearings,hearings,s,PubAdministrationNeutral,0
rapidly,rapidly,c,DescriptMotionNeutral,0
",",",",s,,0
sometimes,sometimes,s,ContingentRelationshipNeutral,0
on,on,s,OtherOrphanedOther,0
plantations,plantations,n,DescriptVisualNeutral,0
Labourers,labourers,c,CharTypesNeutral,0
:,:,n,,0
Lacked,lacked,s,NegValuesLack,0
legal,legal,s,PubLawNeutral,0
representation,representation,n,SpecialTopicsMiscellanyNeutral,0
Faced,faced,s,DescriptVisualNeutral,0
language,language,s,NegActsResist,0
barriers,barriers,n,NegActsResist,1
Were,were,s,NegEmotionsDiscouraged,0
discouraged,discouraged,s,NegEmotionsDiscouraged,1
or,or,s,OtherSyntacticComplexityOther,0
punished,punished,s,NegEmotionsOther,0
for,for,s,NegEmotionsOther,1
repeated,repeated,s,NegActsPlaintive,0
complaints,complaints,n,NegActsPlaintive,1
C,c,c,OtherOrphanedOther,0
.,.,s,OtherOrphanedOther,1
Evidentiary,evidentiary,s,ReasoningEvidenceNeutral,0
Bias,bias,n,NegRelBias,0
Courts,courts,s,NegRelBias,1
routinely,routinely,c,NarrDurationNeutral,0
:,:,n,,0
Accepted,accepted,s,PosRelAcceptSomething,0
European,european,s,SpecialTopicsPlaceNeutral,0
testimony,testimony,s,PubAdministrationNeutral,0
over,over,s,OtherOrphanedOther,0
Indian,indian,s,CharTypesNeutral,0
testimony,testimony,n,PubAdministrationNeutral,0
Discounted,discounted,s,OtherOrphanedOther,0
women’s,women’s,s,CharTypesNeutral,0
evidence,evidence,s,ReasoningEvidenceNeutral,0
entirely,entirely,n,ForcefulEmphaticNeutral,0
Required,required,s,PubAdministrationNeutral,0
impossible,impossible,s,ConfidenceLowNeg,0
standards,standards,s,SpecialTopicsMiscellanyNeutral,0
of,of,s,OtherOrphanedOther,0
proof,proof,s,ConfidenceHighNeutral,0
from,from,s,OtherOrphanedOther,0
labourers,labourers,n,CharTypesNeutral,0
As,as,s,ReasoningOtherNeutral,0
a,a,s,ReasoningOtherNeutral,1
result,result,c,ReasoningOtherNeutral,2
:,:,n,,0
Convictions,convictions,s,,0
overwhelmingly,overwhelmingly,s,ForcefulEmphaticNeutral,0
targeted,targeted,s,StratCognitionNeutral,0
labourers,labourers,c,CharTypesNeutral,0
",",",",s,,0
not,not,s,NegActsResist,0
employers,employers,n,CharTypesNeutral,0
D,d,c,OtherOrphanedOther,0
.,.,s,OtherOrphanedOther,1
Police,police,s,PubLawNeutral,0
and,and,s,OtherSyntacticComplexityOther,0
Enforcement,enforcement,n,SpecialTopicsMiscellanyNeutral,0
Police,police,s,SpecialTopicsMiscellanyNeutral,1
forces,forces,c,SpecialTopicsMiscellanyNeutral,0
:,:,n,,0
Acted,acted,s,ExpoComparisonNeutral,0
as,as,s,ExpoComparisonNeutral,1
extensions,extensions,s,DescriptChangeNeutral,0
of,of,s,OtherOrphanedOther,0
plantation,plantation,s,DescriptVisualNeutral,0
authority,authority,n,PubAdministrationNeutral,0
Arrested,arrested,s,NegRelOther,0
labourers,labourers,s,CharTypesNeutral,0
at,at,s,OtherOrphanedOther,0
planters,planters,c,CharTypesNeutral,0
’,',s,CharTypesNeutral,1
request,request,n,InterRequestNeutral,0
Suppressed,suppressed,s,NegActsAggressive,0
strikes,strikes,s,NegEmotionsOther,0
and,and,s,OtherSyntacticComplexityOther,0
protests,protests,s,NegActsPlaintive,0
violently,violently,n,NegActsViolence,0
The,the,s,OtherOrphanedOther,0
Mariënburg,mariënburg,s,,0
killings,killings,s,,0
(,(,c,CitationReferenceNeutral,0
1902,1902,c,CitationReferenceNeutral,1
),),s,CitationReferenceNeutral,2
in,in,s,OtherOrphanedOther,0
Suriname,suriname,s,SpecialTopicsPlaceNeutral,0
—,—,s,,0
where,where,s,OtherOrphanedOther,0
troops,troops,s,DescriptObjectsNeutral,0
fired,fired,s,NegActsAggressive,0
on,on,s,NegActsAggressive,1
unarmed,unarmed,s,DescriptVisualNeutral,0
Indian,indian,s,CharTypesNeutral,0
workers,workers,s,CharTypesNeutral,0
protesting,protesting,s,NegActsPlaintive,0
unpaid,unpaid,s,SpecialTopicsMiscellanyNeutral,0
wages,wages,s,SpecialTopicsMiscellanyNeutral,0
—,—,s,,0
illustrate,illustrate,s,OtherOrphanedOther,0
how,how,s,OtherOrphanedOther,0
state,state,s,NegActsViolence,0
violence,violence,s,NegActsViolence,1
backed,backed,s,,0
planter,planter,s,DescriptObjectsNeutral,0
power,power,c,SpecialTopicsMiscellanyNeutral,0
.,.,n,,0
4,4,c,ExpoOtherNeutral,0
.,.,s,ExpoOtherNeutral,1
Rare,rare,s,ForcefulEmphaticNeutral,0
Accountability,accountability,n,ResponsibilityAcceptNeutral,0
When,when,s,OtherOrphanedOther,0
planters,planters,s,DescriptObjectsNeutral,0
were,were,s,NarrOtherNeutral,0
prosecuted,prosecuted,c,PubLawNeutral,0
:,:,n,,0
Punishments,punishments,s,NegEmotionsOther,0
were,were,s,NarrOtherNeutral,0
minimal,minimal,s,SpecialTopicsMiscellanyNeutral,0
(,(,c,OtherOrphanedOther,0
small,small,s,DescriptVisualNeutral,0
fines,fines,c,NegRelOther,0
",",",",s,,0
warnings,warnings,c,FutureAnticipateNeg,0
),),n,OtherOrphanedOther,0
Cases,cases,s,SpecialTopicsMiscellanyNeutral,0
required,required,s,PubAdministrationNeutral,0
extreme,extreme,s,ForcefulEmphaticNeutral,0
public,public,s,NegEmotionsPressure,0
pressure,pressure,n,NegEmotionsPressure,1
Convictions,convictions,s,,0
usually,usually,s,NarrDurationNeutral,0
followed,followed,s,NarrSequenceNeutral,0
deaths,deaths,s,DescriptChangeNeg,0
or,or,s,OtherSyntacticComplexityOther,0
large,large,s,NegEmotionsDisturb,0
disturbances,disturbances,n,NegEmotionsDisturb,1
These,these,s,OtherOrphanedOther,0
rare,rare,s,ForcefulEmphaticNeutral,0
cases,cases,s,ForcefulEmphaticNeutral,1
functioned,functioned,s,SpecialTopicsMiscellanyNeutral,0
more,more,s,ExpoComparisonNeutral,0
as,as,s,OtherOrphanedOther,0
damage,damage,s,PubCommunicationNeutral,0
control,control,s,PubCommunicationNeutral,1
than,than,s,ExpoComparisonNeutral,0
justice,justice,c,PosValuesJustice,0
.,.,n,,0
5,5,c,ExpoOtherNeutral,0
.,.,s,ExpoOtherNeutral,1
How,how,s,OtherOrphanedOther,0
Labourers,labourers,s,CharTypesNeutral,0
Used,used,s,NarrActsNeutral,0
the,the,s,NarrActsNeutral,1
System,system,s,SpecialTopicsMiscellanyNeutral,0
Anyway,anyway,n,InterDialogueNeutral,0
Despite,despite,s,MetadiscourseContrastNeutral,0
the,the,s,ContingentPossibilityNeutral,0
odds,odds,c,ContingentPossibilityNeutral,1
",",",",s,,0
labourers,labourers,s,CharTypesNeutral,0
did,did,s,ForcefulIntenseNeutral,0
engage,engage,s,OtherOrphanedOther,0
the,the,s,OtherOrphanedOther,1
courts,courts,c,SpecialTopicsMiscellanyNeutral,0
:,:,n,,0
Filing,filing,s,InterConversationNeg,0
complaints,complaints,s,InterConversationNeg,1
against,against,s,InterConversationNeg,2
overseers,overseers,n,CharTypesNeutral,0
Appealing,appealing,s,PosEmotionsAppealing,0
illegal,illegal,s,NegValuesIllegal,0
punishments,punishments,n,NegValuesIllegal,1
Using,using,s,NarrActsNeutral,0
magistrates,magistrates,s,CharTypesNeutral,0
to,to,s,CharTraitsNeutral,0
force,force,s,CharTraitsNeutral,1
wage,wage,s,SpecialTopicsMiscellanyNeutral,0
payment,payment,n,SpecialTopicsMiscellanyNeutral,1
This,this,s,OtherOrphanedOther,0
legal,legal,s,PubLawNeutral,0
engagement,engagement,s,OtherOrphanedGenericActivity,0
was,was,s,NarrOtherNeutral,0
itself,itself,s,ForcefulEmphaticNeutral,0
a,a,s,DescriptObjectsNeutral,0
form,form,s,DescriptObjectsNeutral,1
of,of,s,OtherOrphanedOther,0
resistance,resistance,c,NegActsResist,0
",",",",s,,0
even,even,s,ForcefulIntenseNeutral,0
when,when,s,ForcefulIntenseNeutral,1
outcomes,outcomes,s,ReasoningConcludeNeutral,0
were,were,s,NegEmotionsIdentifyGaps,0
limited,limited,c,NegEmotionsIdentifyGaps,1
.,.,n,,0
6,6,c,ExpoOtherNeutral,0
.,.,s,ExpoOtherNeutral,1
Structural,structural,s,SpecialTopicsMiscellanyNeutral,0
Reality,reality,n,SpecialTopicsMiscellanyNeutral,0
The,the,s,OtherOrphanedOther,0
judicial,judicial,s,PubLawNeutral,0
system,system,s,PubLawNeutral,1
under,under,s,OtherOrphanedOther,0
indenture,indenture,s,PubLawNeutral,0
was,was,c,NarrOtherNeutral,0
:,:,n,,0
Formally,formally,s,SpecialTopicsMiscellanyNeutral,0
legal,legal,n,PubLawNeutral,0
Substantively,substantively,s,SpecialTopicsMiscellanyNeutral,0
unjust,unjust,n,NegValuesInjustice,0
It,it,s,,0
existed,existed,s,NarrActsNeutral,0
to,to,c,OtherOrphanedOther,0
:,:,n,InterCommandNeutral,0
Secure,secure,s,InterCommandNeutral,1
labor,labor,s,SpecialTopicsMiscellanyNeutral,0
supply,supply,n,SpecialTopicsMiscellanyNeutral,0
Suppress,suppress,s,NegActsAggressive,0
resistance,resistance,n,NegActsResist,0
Legitimize,legitimize,s,,0
coercion,coercion,s,NegActsCoercive,0
through,through,s,OtherOrphanedOther,0
legality,legality,n,PubLawNeutral,0
In,in,s,MetadiscourseCuesNeutral,0
Summary,summary,n,MetadiscourseCuesNeutral,1
Crimes,crimes,s,NegActsCrime,0
by,by,s,OtherOrphanedOther,0
plantation,plantation,s,DescriptVisualNeutral,0
owners,owners,s,CharTypesNeutral,0
included,included,c,NarrActsNeutral,0
:,:,n,InterCommandNeutral,0
Assault,assault,s,InterCommandNeutral,1
and,and,s,OtherSyntacticComplexityOther,0
battery,battery,n,DescriptObjectsNeutral,0
Sexual,sexual,s,NegActsViolence,0
violence,violence,n,NegActsViolence,1
Wage,wage,s,NegActsCrime,0
theft,theft,n,NegActsCrime,1
False,false,s,NegValuesOther,0
imprisonment,imprisonment,n,NegValuesOther,1
Criminal,criminal,s,ResponsibilityHoldNeg,0
negligence,negligence,n,ResponsibilityHoldNeg,1
The,the,s,OtherOrphanedOther,0
judicial,judicial,s,PubLawNeutral,0
system,system,c,PubLawNeutral,1
:,:,n,,0
Criminalized,criminalized,s,DescriptChangeNeg,0
labourers,labourers,c,CharTypesNeutral,0
’,',s,,0
survival,survival,s,NarrTurningPointNeutral,0
strategies,strategies,n,OtherOrphanedOther,0
Shielded,shielded,s,NegActsResist,0
planters,planters,s,DescriptObjectsNeutral,0
from,from,s,OtherOrphanedOther,0
accountability,accountability,n,ResponsibilityAcceptNeutral,0
Used,used,s,PubLawNeutral,0
law,law,s,PubLawNeutral,1
as,as,s,OtherOrphanedOther,0
a,a,s,OtherOrphanedOther,1
mechanism,mechanism,s,SpecialTopicsMiscellanyNeutral,0
of,of,s,SpecialTopicsMiscellanyNeutral,1
control,control,c,StratCoordinationNeutral,0
",",",",s,,0
not,not,s,NegActsResist,0
protection,protection,n,StratCoordinationNeutral,0
Indenture,indenture,s,PubLawNeutral,0
was,was,s,NarrOtherNeutral,0
therefore,therefore,s,ReasoningConcludeNeutral,0
not,not,s,ForcefulEmphaticNeutral,0
simply,simply,s,ForcefulEmphaticNeutral,1
abusive,abusive,s,NegActsAggressive,0
—,—,s,,0
it,it,s,NarrOtherNeutral,0
was,was,s,NarrOtherNeutral,1
a,a,s,NarrOtherNeutral,2
legally,legally,s,PubLawNeutral,0
engineered,engineered,s,SpecialTopicsMiscellanyNeutral,0
system,system,s,SpecialTopicsMiscellanyNeutral,1
of,of,s,OtherOrphanedOther,0
exploitation,exploitation,c,NegActsAggressive,0
",",",",s,,0
where,where,s,OtherOrphanedOther,0
injustice,injustice,s,NegValuesInjustice,0
was,was,s,NarrOtherNeutral,0
not,not,s,CharTraitsNeutral,0
accidental,accidental,s,CharTraitsNeutral,1
but,but,s,MetadiscourseContrastNeutral,0
built,built,s,DescriptChangeNeutral,0
into,into,s,DescriptChangeNeutral,1
the,the,s,OtherOrphanedOther,0
structure,structure,c,SpecialTopicsMiscellanyNeutral,0
.,.,n,,0
Yes,yes,c,InterDialogueNeutral,0
.,.,s,,0
Inter-racial,inter-racial,s,,0
relationships,relationships,s,SpecialTopicsMiscellanyNeutral,0
did,did,s,ForcefulIntenseNeutral,0
occur,occur,s,NarrDurationNeutral,0
on,on,s,NarrDurationNeutral,1
plantations,plantations,c,DescriptVisualNeutral,0
",",",",s,MetadiscourseContrastNeutral,0
but,but,s,MetadiscourseContrastNeutral,1
they,they,s,OtherOrphanedOther,0
were,were,s,NegValuesUnequal,0
unequal,unequal,c,NegValuesUnequal,1
",",",",s,,0
highly,highly,s,ForcefulIntenseNeutral,0
regulated,regulated,c,PubAdministrationNeutral,0
",",",",s,,0
and,and,s,OtherSyntacticComplexityOther,0
socially,socially,s,PubAdministrationNeutral,0
contentious,contentious,c,NegRelDefiant,0
.,.,s,,0
Their,their,s,CharNamesNeutral,0
reception,reception,s,DescriptObjectsNeutral,0
varied,varied,s,DescriptChangeNeutral,0
sharply,sharply,s,ForcefulEmphaticNeutral,0
depending,depending,s,NarrActsNeutral,0
on,on,s,NarrActsNeutral,1
who,who,s,OtherOrphanedOther,0
was,was,s,NarrOtherNeutral,0
involved,involved,c,NarrActsNeutral,0
",",",",s,,0
the,the,s,OtherOrphanedOther,0
power,power,s,SpecialTopicsMiscellanyNeutral,0
imbalance,imbalance,c,NegValuesOther,0
",",",",s,,0
and,and,s,OtherSyntacticComplexityOther,0
colonial,colonial,s,SpecialTopicsMiscellanyNeutral,0
racial,racial,s,SpecialTopicsMiscellanyNeutral,0
hierarchies,hierarchies,c,SpecialTopicsMiscellanyNeutral,1
.,.,s,,0
In,in,s,ConfidenceHedgedNeutral,0
most,most,s,ConfidenceHedgedNeutral,1
cases,cases,c,ConfidenceHedgedNeutral,2
",",",",s,,0
such,such,s,OtherOrphanedOther,0
relationships,relationships,s,SpecialTopicsMiscellanyNeutral,0
were,were,s,PosRelNegativeContext,0
tolerated,tolerated,s,PosRelNegativeContext,1
by,by,s,OtherOrphanedOther,0
colonial,colonial,s,SpecialTopicsMiscellanyNeutral,0
authorities,authorities,s,PubAdministrationNeutral,0
when,when,s,NarrTimeShiftNeutral,0
they,they,s,NarrTimeShiftNeutral,1
served,served,s,OtherOrphanedOther,0
control,control,c,StratCoordinationNeutral,0
",",",",s,,0
and,and,s,OtherSyntacticComplexityOther,0
stigmatized,stigmatized,s,NegActsAggressive,0
or,or,s,OtherSyntacticComplexityOther,0
punished,punished,s,NegRelPunish,0
within,within,s,OtherOrphanedOther,0
communities,communities,c,SpecialTopicsMiscellanyNeutral,0
",",",",s,,0
especially,especially,s,NarrTimeShiftNeutral,0
when,when,s,NarrTimeShiftNeutral,1
women,women,s,CharTypesNeutral,0
bore,bore,s,NegActsAggressive,0
the,the,s,NegActsAggressive,1
consequences,consequences,c,NegActsAggressive,2
.,.,n,MetadiscourseOtherNeutral,0
Below,below,s,MetadiscourseOtherNeutral,1
is,is,s,MetadiscourseOtherNeutral,2
a,a,s,OtherOrphanedOther,0
historically,historically,s,NarrOtherNeutral,0
grounded,grounded,s,,0
account,account,s,SpecialTopicsMiscellanyNeutral,0
focused,focused,s,CharMentalStatesPos,0
on,on,s,CharMentalStatesPos,1
plantation,plantation,s,DescriptVisualNeutral,0
societies,societies,s,PubAdministrationNeutral,0
in,in,s,OtherOrphanedOther,0
Suriname,suriname,c,SpecialTopicsPlaceNeutral,0
",",",",s,,0
with,with,s,MetadiscourseOtherNeutral,0
reference,reference,s,MetadiscourseOtherNeutral,1
to,to,s,MetadiscourseOtherNeutral,2
broader,broader,s,ExpoComparisonNeutral,0
Caribbean,caribbean,s,SpecialTopicsPlaceNeutral,0
patterns,patterns,c,OtherOrphanedOther,0
.,.,n,,0
1,1,c,ExpoOtherNeutral,0
.,.,s,ExpoOtherNeutral,1
Who,who,s,OtherOrphanedOther,0
Entered,entered,s,OtherOrphanedOther,0
Inter-Racial,inter-racial,s,,0
Relationships,relationships,s,SpecialTopicsMiscellanyNeutral,0
?,?,n,InterQuestionNeutral,0
The,the,s,ForcefulEmphaticNeutral,0
Most,most,s,ForcefulEmphaticNeutral,1
Common,common,s,OtherOrphanedOther,0
Pattern,pattern,n,OtherOrphanedOther,0
The,the,s,ForcefulEmphaticNeutral,0
most,most,s,ForcefulEmphaticNeutral,1
frequent,frequent,s,NarrDurationNeutral,0
inter-racial,inter-racial,s,,0
relationships,relationships,s,SpecialTopicsMiscellanyNeutral,0
were,were,s,NarrOtherNeutral,0
between,between,c,OtherOrphanedOther,0
:,:,n,,0
European,european,s,CharTypesNeutral,0
men,men,s,CharTypesNeutral,1
(,(,c,OtherOrphanedOther,0
planters,planters,c,DescriptObjectsNeutral,0
",",",",s,,0
overseers,overseers,c,CharTypesNeutral,0
",",",",s,,0
managers,managers,c,CharTypesNeutral,0
),),n,OtherOrphanedOther,0
Indian,indian,s,CharTypesNeutral,0
or,or,s,OtherSyntacticComplexityOther,0
African,african,s,CharTypesNeutral,0
women,women,n,CharTypesNeutral,1
These,these,s,OtherOrphanedOther,0
relationships,relationships,s,SpecialTopicsMiscellanyNeutral,0
were,were,s,NarrOtherNeutral,0
rarely,rarely,s,ForcefulEmphaticNeutral,0
equal,equal,s,ForcefulEmphaticNeutral,0
and,and,s,OtherSyntacticComplexityOther,0
often,often,s,NarrDurationNeutral,0
involved,involved,c,NarrActsNeutral,0
:,:,n,,0
Coercion,coercion,s,NegActsCoercive,0
or,or,s,OtherSyntacticComplexityOther,0
sexual,sexual,s,SpecialTopicsMiscellanyNeutral,0
exploitation,exploitation,n,NegActsAggressive,0
Economic,economic,s,NegEmotionsPressure,0
pressure,pressure,n,NegEmotionsPressure,1
Threats,threats,s,NegEmotionsFear,0
of,of,s,NegEmotionsFear,1
punishment,punishment,s,NegEmotionsOther,0
or,or,s,OtherSyntacticComplexityOther,0
job,job,s,NegEmotionsLoss,0
loss,loss,n,NegEmotionsLoss,1
They,they,s,OtherOrphanedOther,0
ranged,ranged,s,ExpoOtherNeutral,0
from,from,s,ExpoOtherNeutral,1
rape,rape,c,NegActsAggressive,0
",",",",s,,0
to,to,s,OtherOrphanedOther,0
concubinage,concubinage,c,SpecialTopicsMiscellanyNeutral,0
",",",",s,,0
to,to,s,OtherOrphanedOther,0
longer-term,longer-term,s,ExpoComparisonNeutral,0
informal,informal,s,SpecialTopicsMiscellanyNeutral,0
unions,unions,c,StratCoordinationNeutral,0
.,.,n,,0
Much,much,s,OtherOrphanedOther,0
Rarer,rarer,s,ExpoComparisonNeutral,0
Patterns,patterns,n,OtherOrphanedOther,0
Less,less,s,ExpoComparisonNeutral,0
common,common,s,OtherOrphanedOther,0
—,—,s,,0
but,but,s,MetadiscourseContrastNeutral,0
documented,documented,s,StratCognitionNeutral,0
—,—,s,,0
were,were,c,NarrOtherNeutral,0
:,:,n,,0
Relationships,relationships,s,ExpoComparisonNeutral,0
between,between,s,ExpoComparisonNeutral,1
Indian,indian,s,CharTypesNeutral,0
men,men,s,CharTypesNeutral,1
and,and,s,OtherSyntacticComplexityOther,0
African,african,s,CharTypesNeutral,0
or,or,s,OtherSyntacticComplexityOther,0
Creole,creole,s,SpecialTopicsMiscellanyNeutral,0
women,women,n,CharTypesNeutral,0
Relationships,relationships,s,ExpoComparisonNeutral,0
between,between,s,ExpoComparisonNeutral,1
Indian,indian,s,CharTypesNeutral,0
and,and,s,OtherSyntacticComplexityOther,0
Javanese,javanese,s,SpecialTopicsPlaceNeutral,0
labourers,labourers,n,CharTypesNeutral,0
Relationships,relationships,s,SpecialTopicsMiscellanyNeutral,0
involving,involving,s,NarrActsNeutral,0
Chinese,chinese,s,CharTypesNeutral,0
men,men,s,CharTypesNeutral,1
and,and,s,OtherSyntacticComplexityOther,0
local,local,s,CharTypesNeutral,0
women,women,s,CharTypesNeutral,1
(,(,c,OtherOrphanedOther,0
more,more,s,ExpoComparisonNeutral,0
common,common,s,OtherOrphanedOther,0
post-indenture,post-indenture,c,,0
),),n,OtherOrphanedOther,0
Formal,formal,s,SpecialTopicsMiscellanyNeutral,0
marriage,marriage,s,SpecialTopicsMiscellanyNeutral,1
across,across,s,OtherOrphanedOther,0
racial,racial,s,SpecialTopicsMiscellanyNeutral,0
lines,lines,s,OtherOrphanedOther,0
was,was,s,NarrOtherNeutral,0
extremely,extremely,s,ForcefulEmphaticNeutral,0
rare,rare,s,ForcefulEmphaticNeutral,1
during,during,s,NarrDurationNeutral,0
indenture,indenture,c,PubLawNeutral,0
.,.,n,,0
2,2,c,ExpoOtherNeutral,0
.,.,s,ExpoOtherNeutral,1
Colonial,colonial,s,SpecialTopicsMiscellanyNeutral,0
Attitudes,attitudes,s,CharSubjectivityNeutral,0
and,and,s,OtherSyntacticComplexityOther,0
Policies,policies,n,PubAdministrationNeutral,0
Colonial,colonial,s,SpecialTopicsMiscellanyNeutral,0
authorities,authorities,s,PubAdministrationNeutral,0
did,did,s,NegActsResist,0
not,not,s,NegActsResist,1
oppose,oppose,s,NegActsResist,0
inter-racial,inter-racial,s,,0
sex,sex,s,SpecialTopicsMiscellanyNeutral,0
in,in,s,PubAdministrationNeutral,0
principle,principle,s,PubAdministrationNeutral,1
—,—,s,,0
they,they,s,OtherOrphanedOther,0
opposed,opposed,s,NegActsResist,0
relationships,relationships,s,SpecialTopicsMiscellanyNeutral,0
that,that,s,OtherOrphanedOther,0
threatened,threatened,s,NegRelThreaten,0
racial,racial,s,SpecialTopicsMiscellanyNeutral,0
hierarchy,hierarchy,c,SpecialTopicsMiscellanyNeutral,1
.,.,n,,0
European,european,s,CharTypesNeutral,0
Men,men,s,CharTypesNeutral,1
with,with,s,OtherOrphanedOther,0
Non-European,non-european,s,SpecialTopicsMiscellanyNeutral,0
Women,women,n,CharTypesNeutral,0
Largely,largely,s,ConfidenceHedgedNeutral,0
tolerated,tolerated,c,PosRelNegativeContext,0
",",",",s,,0
even,even,s,ForcefulIntenseNeutral,0
when,when,s,ForcefulIntenseNeutral,1
exploitative,exploitative,n,NegRelOther,0
Rarely,rarely,s,ForcefulEmphaticNeutral,0
prosecuted,prosecuted,c,PubLawNeutral,0
",",",",s,,0
even,even,s,ForcefulIntenseNeutral,0
in,in,s,ForcefulIntenseNeutral,1
cases,cases,s,SpecialTopicsMiscellanyNeutral,0
of,of,s,OtherOrphanedOther,0
violence,violence,n,NegActsViolence,0
Children,children,s,CharTypesNeutral,0
were,were,s,NarrDurationNeutral,0
usually,usually,c,NarrDurationNeutral,1
:,:,n,,0
Illegitimate,illegitimate,n,NegValuesOther,0
Excluded,excluded,s,NarrActsNeutral,0
from,from,s,NarrActsNeutral,1
inheritance,inheritance,n,SpecialTopicsMiscellanyNeutral,0
Absorbed,absorbed,s,DescriptChangeNeutral,0
into,into,s,DescriptChangeNeutral,1
non-European,non-european,s,SpecialTopicsMiscellanyNeutral,0
communities,communities,n,SpecialTopicsMiscellanyNeutral,0
This,this,s,OtherOrphanedOther,0
tolerance,tolerance,s,PosRelNegativeContext,0
reinforced,reinforced,s,DescriptChangePos,0
white,white,s,DescriptVisualNeutral,0
male,male,s,StratCompetitionNeutral,0
dominance,dominance,c,StratCompetitionNeutral,1
.,.,n,,0
Non-European,non-european,s,SpecialTopicsMiscellanyNeutral,0
Men,men,s,CharTypesNeutral,0
with,with,s,OtherOrphanedOther,0
European,european,s,CharTypesNeutral,0
Women,women,n,CharTypesNeutral,1
Treated,treated,s,OtherOrphanedOther,0
as,as,s,OtherOrphanedOther,1
scandalous,scandalous,s,StratOtherNeg,0
or,or,s,OtherSyntacticComplexityOther,0
criminal,criminal,n,CharTypesNeg,0
Could,could,s,ContingentRelationshipNeutral,0
result,result,s,ReasoningOtherNeutral,0
in,in,c,ReasoningOtherNeutral,1
:,:,n,,0
Arrests,arrests,n,NegRelOther,0
Forced,forced,s,StratOtherNeutral,0
separation,separation,n,StratOtherNeutral,1
Severe,severe,s,NegRelPunish,0
punishment,punishment,s,NegRelPunish,1
of,of,s,OtherSyntacticComplexityOther,0
the,the,s,OtherSyntacticComplexityOther,1
non-European,non-european,s,SpecialTopicsMiscellanyNeutral,0
man,man,n,CharTypesNeutral,0
This,this,s,OtherOrphanedOther,0
asymmetry,asymmetry,s,SpecialTopicsMiscellanyNeutral,0
reveals,reveals,s,CitationAuthoritativePos,0
that,that,s,CitationAuthoritativePos,1
colonial,colonial,s,SpecialTopicsMiscellanyNeutral,0
morality,morality,s,PosValuesOther,0
was,was,s,MetadiscourseOtherNeutral,0
about,about,s,MetadiscourseOtherNeutral,1
power,power,c,SpecialTopicsMiscellanyNeutral,0
",",",",s,,0
not,not,s,NegActsResist,0
propriety,propriety,c,PosValuesPropriety,0
.,.,n,,0
3,3,c,ExpoOtherNeutral,0
.,.,s,ExpoOtherNeutral,1
Reception,reception,s,DescriptObjectsNeutral,0
Within,within,s,OtherOrphanedOther,0
Indian,indian,s,SpecialTopicsMiscellanyNeutral,0
Communities,communities,n,SpecialTopicsMiscellanyNeutral,1
Within,within,s,OtherOrphanedOther,0
Indian,indian,s,PubLawNeutral,0
indentured,indentured,s,PubLawNeutral,1
communities,communities,c,SpecialTopicsMiscellanyNeutral,0
",",",",s,,0
inter-racial,inter-racial,s,,0
relationships,relationships,s,SpecialTopicsMiscellanyNeutral,0
—,—,s,,0
especially,especially,s,ForcefulEmphaticNeutral,0
involving,involving,s,NarrActsNeutral,0
Indian,indian,s,CharTypesNeutral,0
women,women,s,CharTypesNeutral,1
—,—,s,,0
were,were,s,NarrDurationNeutral,0
often,often,s,NarrDurationNeutral,1
painful,painful,s,NegEmotionsPain,0
and,and,s,OtherSyntacticComplexityOther,0
stigmatized,stigmatized,c,NegActsAggressive,0
.,.,n,,0
Reasons,reasons,s,ReasoningOtherNeutral,0
for,for,s,ReasoningOtherNeutral,1
Opposition,opposition,n,NegRelOpposition,0
Fear,fear,s,NegEmotionsFear,0
of,of,c,NegEmotionsFear,1
:,:,n,,0
Sexual,sexual,s,SpecialTopicsMiscellanyNeutral,0
exploitation,exploitation,n,NegActsAggressive,0
Loss,loss,s,NegEmotionsLoss,0
of,of,s,NegEmotionsLoss,1
protection,protection,n,StratCoordinationNeutral,0
Social,social,s,NegActsCriticize,0
ostracism,ostracism,n,NegActsCriticize,1
Breakdown,breakdown,s,SpecialTopicsMiscellanyNeutral,0
of,of,s,SpecialTopicsMiscellanyNeutral,1
kinship,kinship,s,SpecialTopicsMiscellanyNeutral,0
and,and,s,OtherSyntacticComplexityOther,0
caste,caste,s,SpecialTopicsMiscellanyNeutral,0
norms,norms,n,PubAdministrationNeutral,0
Lack,lack,s,NegValuesLack,0
of,of,s,NegValuesLack,1
legal,legal,s,PubLawNeutral,0
protection,protection,s,PubLawNeutral,1
for,for,s,OtherOrphanedOther,0
women,women,s,CharTypesNeutral,0
and,and,s,OtherSyntacticComplexityOther,0
children,children,n,CharTypesNeutral,0
Women,women,s,CharTypesNeutral,0
involved,involved,s,DescriptVisualNeutral,0
with,with,s,DescriptVisualNeutral,1
European,european,s,CharTypesNeutral,0
men,men,s,CharTypesNeutral,1
were,were,s,NarrDurationNeutral,0
often,often,c,NarrDurationNeutral,1
:,:,n,,0
Blamed,blamed,s,ResponsibilityHoldNeg,0
rather,rather,s,ExpoOtherNeutral,0
than,than,s,ExpoOtherNeutral,1
protected,protected,n,CharSubjectivityNeutral,0
Viewed,viewed,s,CharSubjectivityNeutral,1
as,as,s,NarrOtherNeutral,0
having,having,s,NarrOtherNeutral,1
been,been,s,NarrOtherNeutral,2
“,",c,,0
taken,taken,c,,0
”,",s,,0
or,or,s,OtherSyntacticComplexityOther,0
“,",c,,0
spoiled,spoiled,c,NegEmotionsOther,0
”,",n,,0
Left,left,s,SpecialTopicsMiscellanyNeutral,0
socially,socially,s,PubAdministrationNeutral,0
isolated,isolated,s,DescriptVisualNeutral,0
if,if,s,ContingentRelationshipNeutral,0
abandoned,abandoned,n,NarrSceneShiftNeg,0
Importantly,importantly,c,MetadiscourseOtherNeutral,0
",",",",s,MetadiscourseOtherNeutral,1
testimonies,testimonies,s,PubAdministrationNeutral,0
suggest,suggest,s,InterOtherNeutral,0
communities,communities,s,SpecialTopicsMiscellanyNeutral,0
recognized,recognized,s,ConfidenceHighNeutral,0
coercion,coercion,c,NegActsCoercive,0
",",",",s,MetadiscourseContrastNeutral,0
but,but,s,MetadiscourseContrastNeutral,1
stigma,stigma,s,NegRelOther,0
still,still,s,OtherOrphanedOther,0
attached,attached,s,DescriptVisualNeutral,0
to,to,s,DescriptVisualNeutral,1
the,the,s,DescriptVisualNeutral,2
woman,woman,c,CharTypesNeutral,0
.,.,n,,0
4,4,c,ExpoOtherNeutral,0
.,.,s,ExpoOtherNeutral,1
African,african,s,CharTypesNeutral,0
and,and,s,OtherSyntacticComplexityOther,0
Creole,creole,s,SpecialTopicsMiscellanyNeutral,0
Community,community,s,SpecialTopicsMiscellanyNeutral,1
Responses,responses,n,InterResponseNeutral,0
African,african,s,CharTypesNeutral,0
and,and,s,OtherSyntacticComplexityOther,0
Creole,creole,s,SpecialTopicsMiscellanyNeutral,0
communities,communities,s,SpecialTopicsMiscellanyNeutral,1
also,also,s,MetadiscourseAdditionNeutral,0
responded,responded,s,InterResponseNeutral,0
ambivalently,ambivalently,c,UncertaintyUndecidedNeutral,0
:,:,n,,0
Relationships,relationships,s,SpecialTopicsMiscellanyNeutral,0
with,with,s,OtherOrphanedOther,0
European,european,s,CharTypesNeutral,0
men,men,s,CharTypesNeutral,1
were,were,s,PubAdministrationNeutral,0
seen,seen,s,PubAdministrationNeutral,1
as,as,c,PubAdministrationNeutral,2
:,:,n,,0
Potential,potential,s,ContingentPossibilityNeutral,0
access,access,s,PosValuesOther,0
to,to,s,PosValuesOther,1
material,material,s,SpecialTopicsMiscellanyNeutral,0
security,security,n,,0
But,but,s,MetadiscourseContrastNeutral,0
also,also,s,MetadiscourseAdditionNeutral,0
as,as,s,OtherOrphanedOther,0
exploitation,exploitation,s,NegActsAggressive,0
and,and,s,OtherSyntacticComplexityOther,0
betrayal,betrayal,n,NegRelBetrayal,0
Relationships,relationships,s,SpecialTopicsMiscellanyNeutral,0
with,with,s,OtherOrphanedOther,0
Indian,indian,s,CharTypesNeutral,0
men,men,s,CharTypesNeutral,1
were,were,c,NarrOtherNeutral,0
:,:,n,,0
Sometimes,sometimes,s,ContingentRelationshipNeutral,0
pragmatic,pragmatic,n,StratCoordinationNeutral,0
Sometimes,sometimes,s,ContingentRelationshipNeutral,0
viewed,viewed,s,OtherOrphanedOther,0
with,with,s,OtherOrphanedOther,0
suspicion,suspicion,s,NegRelSuspicion,0
due,due,s,ReasoningOtherNeutral,0
to,to,s,ReasoningOtherNeutral,1
plantation-engineered,plantation-engineered,s,,0
ethnic,ethnic,s,SpecialTopicsMiscellanyNeutral,0
divisions,divisions,n,SpecialTopicsMiscellanyNeutral,1
Colonial,colonial,s,SpecialTopicsMiscellanyNeutral,0
authorities,authorities,s,PubAdministrationNeutral,0
actively,actively,s,CharTraitsNeutral,0
discouraged,discouraged,s,CharTraitsNeutral,1
solidarity,solidarity,s,PosRelSolidarity,0
between,between,s,OtherOrphanedOther,0
Indian,indian,s,CharTypesNeutral,0
and,and,s,OtherSyntacticComplexityOther,0
African,african,s,CharTypesNeutral,0
labourers,labourers,c,CharTypesNeutral,0
",",",",s,OtherOrphanedOther,0
which,which,s,OtherOrphanedOther,1
shaped,shaped,s,OtherOrphanedOther,0
how,how,s,OtherOrphanedOther,0
such,such,s,OtherOrphanedOther,0
relationships,relationships,s,SpecialTopicsMiscellanyNeutral,0
were,were,s,CharMentalStatesNeutral,0
perceived,perceived,c,CharMentalStatesNeutral,1
.,.,n,,0
5,5,c,ExpoOtherNeutral,0
.,.,s,ExpoOtherNeutral,1
Children,children,s,CharTypesNeutral,0
of,of,s,OtherOrphanedOther,0
Inter-Racial,inter-racial,s,,0
Relationships,relationships,n,SpecialTopicsMiscellanyNeutral,0
Children,children,s,CharTypesNeutral,0
born,born,s,NarrBiographyNeutral,0
of,of,s,NarrBiographyNeutral,1
inter-racial,inter-racial,s,,0
unions,unions,s,StratCoordinationNeutral,0
often,often,s,NarrDurationNeutral,0
faced,faced,c,DescriptVisualNeutral,0
:,:,n,,0
Legal,legal,s,PubLawNeutral,0
invisibility,invisibility,n,SpecialTopicsMiscellanyNeutral,0
No,no,s,NegActsResist,0
paternal,paternal,s,CharTypesNeutral,0
recognition,recognition,s,,0
if,if,s,ContingentRelationshipNeutral,0
the,the,s,ContingentRelationshipNeutral,1
father,father,s,CharTypesNeutral,0
was,was,s,NarrOtherNeutral,0
European,european,n,SpecialTopicsPlaceNeutral,0
Racial,racial,s,SpecialTopicsMiscellanyNeutral,0
classification,classification,s,ExpoClassificationNeutral,0
by,by,s,OtherOrphanedOther,0
the,the,s,CharTypesNeutral,0
mother’s,mother’s,s,CharTypesNeutral,1
status,status,n,SpecialTopicsMiscellanyNeutral,0
They,they,s,OtherOrphanedOther,0
were,were,s,NarrDurationNeutral,0
frequently,frequently,s,NarrDurationNeutral,1
absorbed,absorbed,s,DescriptChangeNeutral,0
into,into,c,DescriptChangeNeutral,1
:,:,n,,0
Creole,creole,s,SpecialTopicsMiscellanyNeutral,0
communities,communities,n,SpecialTopicsMiscellanyNeutral,1
Marginal,marginal,s,StratCoordinationNeutral,0
social,social,s,SpecialTopicsMiscellanyNeutral,0
positions,positions,n,SpecialTopicsMiscellanyNeutral,1
Their,their,s,CharNamesNeutral,0
existence,existence,s,CharTraitsNeutral,0
challenged,challenged,s,CharTraitsNeutral,1
rigid,rigid,s,NegEmotionsOther,0
racial,racial,s,SpecialTopicsMiscellanyNeutral,0
categories,categories,s,ExpoClassificationNeutral,0
but,but,s,MetadiscourseContrastNeutral,0
rarely,rarely,s,ForcefulEmphaticNeutral,0
altered,altered,s,DescriptChangeNeutral,0
power,power,s,StratCoordinationNeutral,0
structures,structures,c,StratCoordinationNeutral,1
.,.,n,,0
6,6,c,ExpoOtherNeutral,0
.,.,s,ExpoOtherNeutral,1
Women’s,women’s,s,CharTypesNeutral,0
Perspectives,perspectives,s,SpecialTopicsMiscellanyNeutral,0
(,(,c,OtherOrphanedOther,0
from,from,s,OtherOrphanedOther,0
Testimony,testimony,c,PubAdministrationNeutral,0
),),n,OtherOrphanedOther,0
Women’s,women’s,s,CharTypesNeutral,0
testimonies,testimonies,s,PubAdministrationNeutral,0
consistently,consistently,s,ForcefulEmphaticNeutral,0
frame,frame,s,OtherOrphanedOther,0
these,these,s,OtherOrphanedOther,0
relationships,relationships,s,SpecialTopicsMiscellanyNeutral,0
as,as,c,OtherOrphanedOther,0
:,:,n,,0
Dangerous,dangerous,n,NegEmotionsFear,0
Unequal,unequal,n,NegValuesUnequal,0
Rarely,rarely,s,ForcefulEmphaticNeutral,0
chosen,chosen,s,CharTraitsNeutral,0
freely,freely,n,CharSubjectivityNeutral,0
Some,some,s,ExpoOtherNeutral,0
women,women,s,CharTypesNeutral,0
entered,entered,s,NarrOtherNeutral,0
them,them,s,NarrOtherNeutral,1
for,for,c,OtherOrphanedOther,0
:,:,n,,0
Protection,protection,s,StratCoordinationNeutral,0
from,from,s,OtherOrphanedOther,0
field,field,s,OtherOrphanedOther,0
labor,labor,n,SpecialTopicsMiscellanyNeutral,0
Food,food,s,DescriptObjectsNeutral,0
security,security,n,,0
Reduced,reduced,s,DescriptChangePos,0
violence,violence,n,DescriptChangePos,1
Others,others,s,,0
were,were,s,NarrOtherNeutral,0
forced,forced,s,StratOtherNeutral,0
outright,outright,c,ForcefulEmphaticNeutral,0
.,.,n,ForcefulEmphaticNeutral,1
In,in,s,OtherOrphanedOther,0
neither,neither,s,NegActsResist,0
case,case,s,SpecialTopicsMiscellanyNeutral,0
were,were,s,NarrOtherNeutral,0
women,women,s,CharTypesNeutral,0
offered,offered,s,NarrActsNeutral,0
lasting,lasting,s,PosValuesSafe,0
safety,safety,s,PosValuesSafe,1
or,or,s,OtherSyntacticComplexityOther,0
legitimacy,legitimacy,c,PosValuesLegitimate,0
.,.,n,,0
7,7,c,ExpoOtherNeutral,0
.,.,s,ExpoOtherNeutral,1
Long-Term,long-term,s,FutureOtherNeutral,0
Outcomes,outcomes,n,ReasoningConcludeNeutral,0
After,after,s,NarrSequenceNeutral,0
indenture,indenture,c,PubLawNeutral,0
:,:,n,,0
Inter-racial,inter-racial,s,,0
unions,unions,s,StratCoordinationNeutral,0
increased,increased,s,DescriptChangeNeutral,0
slightly,slightly,s,ConfidenceHedgedNeutral,0
as,as,s,OtherOrphanedOther,0
legal,legal,s,PubLawNeutral,0
controls,controls,s,StratCoordinationNeutral,0
weakened,weakened,n,DescriptChangeNeg,0
Social,social,s,NegRelOther,0
stigma,stigma,s,NegRelOther,1
persisted,persisted,s,NarrDurationNeutral,0
but,but,s,MetadiscourseContrastNeutral,0
softened,softened,s,DescriptChangeNeutral,0
over,over,s,OtherOrphanedOther,0
generations,generations,n,SpecialTopicsMiscellanyNeutral,0
Descendant,descendant,s,UncertaintyIndefiniteNeutral,0
communities,communities,s,SpecialTopicsMiscellanyNeutral,0
reflect,reflect,s,OtherOrphanedOther,0
complex,complex,c,SpecialTopicsMiscellanyNeutral,0
",",",",s,,0
layered,layered,s,SpecialTopicsMiscellanyNeutral,0
ancestry,ancestry,n,NarrBiographyNeutral,0
However,however,c,MetadiscourseContrastNeutral,0
",",",",s,,0
during,during,s,NarrDurationNeutral,0
the,the,s,NarrDurationNeutral,1
plantation,plantation,s,NarrDurationNeutral,0
era,era,s,NarrDurationNeutral,1
itself,itself,c,ForcefulEmphaticNeutral,0
",",",",s,,0
such,such,s,OtherOrphanedOther,0
relationships,relationships,s,SpecialTopicsMiscellanyNeutral,0
were,were,s,NarrOtherNeutral,0
not,not,s,NegActsResist,0
sites,sites,s,DescriptVisualNeutral,0
of,of,s,OtherOrphanedOther,0
equality,equality,c,PosValuesEquality,0
",",",",s,MetadiscourseContrastNeutral,0
but,but,s,MetadiscourseContrastNeutral,1
of,of,s,OtherOrphanedOther,0
colonial,colonial,s,SpecialTopicsMiscellanyNeutral,0
domination,domination,c,StratCompetitionNeutral,0
.,.,n,,0
In,in,s,MetadiscourseCuesNeutral,0
Summary,summary,n,MetadiscourseCuesNeutral,1
Yes,yes,c,InterDialogueNeutral,0
",",",",s,InterDialogueNeutral,1
inter-racial,inter-racial,s,,0
relationships,relationships,s,SpecialTopicsMiscellanyNeutral,0
existed,existed,s,NarrActsNeutral,0
—,—,s,,0
but,but,c,NegActsResist,0
:,:,n,NegActsResist,1
They,they,s,OtherOrphanedOther,0
were,were,s,NarrOtherNeutral,0
shaped,shaped,s,OtherOrphanedOther,0
by,by,s,OtherOrphanedOther,0
coercion,coercion,s,NegActsCoercive,0
and,and,s,OtherSyntacticComplexityOther,0
hierarchy,hierarchy,c,SpecialTopicsMiscellanyNeutral,0
",",",",s,,0
not,not,s,NegActsResist,0
free,free,s,SpecialTopicsMiscellanyNeutral,0
choice,choice,n,SpecialTopicsMiscellanyNeutral,1
Colonial,colonial,s,SpecialTopicsMiscellanyNeutral,0
authorities,authorities,s,PubAdministrationNeutral,0
tolerated,tolerated,s,PosRelNegativeContext,0
them,them,s,NarrActsNeutral,0
selectively,selectively,n,,0
Indian,indian,s,CharTypesNeutral,0
and,and,s,OtherSyntacticComplexityOther,0
African,african,s,SpecialTopicsMiscellanyNeutral,0
communities,communities,s,SpecialTopicsMiscellanyNeutral,1
often,often,s,NarrDurationNeutral,0
reacted,reacted,s,InterOtherNeutral,0
with,with,s,NegEmotionsFear,0
fear,fear,c,NegEmotionsFear,1
",",",",s,,0
stigma,stigma,c,NegRelOther,0
",",",",s,,0
and,and,s,OtherSyntacticComplexityOther,0
resignation,resignation,c,CharTraitsNeutral,0
",",",",s,,0
not,not,s,NegActsResist,0
approval,approval,n,PubAdministrationPos,0
Women,women,s,CharTypesNeutral,0
bore,bore,s,NegActsAggressive,0
the,the,s,NegActsAggressive,1
social,social,s,,0
and,and,s,OtherSyntacticComplexityOther,0
physical,physical,s,SpecialTopicsMiscellanyNeutral,0
costs,costs,n,SpecialTopicsMiscellanyNeutral,1
These,these,s,OtherOrphanedOther,0
relationships,relationships,s,SpecialTopicsMiscellanyNeutral,0
rarely,rarely,s,ForcefulEmphaticNeutral,0
disrupted,disrupted,s,NegRelDisrupt,0
colonial,colonial,s,SpecialTopicsMiscellanyNeutral,0
power,power,n,SpecialTopicsMiscellanyNeutral,1
They,they,s,CitationAuthoritativePos,0
reveal,reveal,s,CitationAuthoritativePos,1
how,how,s,OtherOrphanedOther,0
deeply,deeply,s,ForcefulEmphaticNeutral,0
race,race,c,DescriptMotionNeutral,0
",",",",s,,0
gender,gender,c,SpecialTopicsMiscellanyNeutral,0
",",",",s,,0
and,and,s,OtherSyntacticComplexityOther,0
power,power,s,SpecialTopicsMiscellanyNeutral,0
structured,structured,s,SpecialTopicsMiscellanyNeutral,0
intimacy,intimacy,s,PosRelIntimate,0
under,under,s,OtherOrphanedOther,0
indenture,indenture,c,PubLawNeutral,0
.,.,n,,0
Bhojpuri,bhojpuri,s,,0
found,found,s,OtherOrphanedOther,0
new,new,s,NarrImmediacyNeutral,0
cultural,cultural,s,SpecialTopicsMiscellanyNeutral,0
expression,expression,s,DescriptVisualNeutral,0
in,in,s,OtherOrphanedOther,0
Suriname,suriname,s,SpecialTopicsPlaceNeutral,0
by,by,s,OtherOrphanedOther,0
becoming,becoming,s,DescriptChangeNeutral,0
a,a,s,DescriptChangeNeutral,1
diaspora,diaspora,s,SpecialTopicsMiscellanyNeutral,0
language,language,s,SpecialTopicsMiscellanyNeutral,0
—,—,s,,0
reshaped,reshaped,s,NarrDurationNeutral,0
from,from,s,OtherOrphanedOther,0
a,a,s,OtherOrphanedOther,0
regional,regional,s,SpecialTopicsMiscellanyNeutral,0
vernacular,vernacular,s,SpecialTopicsMiscellanyNeutral,1
into,into,s,DescriptChangeNeutral,0
a,a,s,DescriptChangeNeutral,1
shared,shared,s,OtherOrphanedOther,0
medium,medium,s,SpecialTopicsMiscellanyNeutral,0
of,of,s,OtherOrphanedOther,0
memory,memory,c,CharMentalStatesNeutral,0
",",",",s,,0
ritual,ritual,c,PubAdministrationNeutral,0
",",",",s,,0
music,music,c,DescriptSoundNeutral,0
",",",",s,,0
and,and,s,OtherSyntacticComplexityOther,0
everyday,everyday,s,NarrDurationNeutral,0
survival,survival,c,NarrTurningPointNeutral,0
.,.,s,,0
Under,under,s,OtherOrphanedOther,0
indenture,indenture,c,PubLawNeutral,0
",",",",s,,0
it,it,s,,0
ceased,ceased,s,NarrActsNeutral,0
to,to,s,NarrActsNeutral,1
be,be,s,NarrActsNeutral,2
merely,merely,s,CharSubjectivityNeutral,0
a,a,s,CharSubjectivityNeutral,1
village,village,s,SpecialTopicsPlaceNeutral,0
language,language,s,SpecialTopicsMiscellanyNeutral,0
of,of,s,OtherOrphanedOther,0
North,north,s,SpecialTopicsPlaceNeutral,0
India,india,s,SpecialTopicsPlaceNeutral,0
and,and,s,DescriptChangeNeutral,0
became,became,s,DescriptChangeNeutral,1
a,a,s,OtherOrphanedOther,0
transnational,transnational,c,NarrSceneShiftNeutral,0
",",",",s,,0
creolized,creolized,s,SpecialTopicsMiscellanyNeutral,0
cultural,cultural,s,SpecialTopicsMiscellanyNeutral,0
system,system,s,SpecialTopicsMiscellanyNeutral,1
embedded,embedded,s,DescriptVisualNeutral,0
in,in,s,DescriptVisualNeutral,1
plantation,plantation,s,DescriptVisualNeutral,0
life,life,s,NarrBiographyNeutral,0
and,and,s,OtherSyntacticComplexityOther,0
post-indenture,post-indenture,s,,0
community,community,s,SpecialTopicsMiscellanyNeutral,0
formation,formation,s,SpecialTopicsMiscellanyNeutral,1
in,in,s,OtherOrphanedOther,0
Suriname,suriname,c,SpecialTopicsPlaceNeutral,0
.,.,n,ForcefulEmphaticNeutral,0
What,what,s,ForcefulEmphaticNeutral,1
follows,follows,s,ForcefulEmphaticNeutral,2
explains,explains,s,InquiryOtherNeutral,0
how,how,s,InquiryOtherNeutral,1
that,that,s,OtherOrphanedOther,0
transformation,transformation,s,DescriptChangeNeutral,0
occurred,occurred,c,ContingentEventNeutral,0
.,.,n,,0
1,1,c,ExpoOtherNeutral,0
.,.,s,ExpoOtherNeutral,1
Bhojpuri,bhojpuri,s,,0
as,as,s,OtherOrphanedOther,0
a,a,s,OtherOrphanedOther,1
Unifying,unifying,s,PosRelOther,0
Language,language,s,SpecialTopicsMiscellanyNeutral,0
of,of,s,OtherOrphanedOther,0
Displacement,displacement,n,NegEmotionsOther,0
Indentured,indentured,s,PubLawNeutral,0
migrants,migrants,s,NarrSceneShiftNeutral,0
to,to,s,OtherOrphanedOther,0
Suriname,suriname,s,SpecialTopicsPlaceNeutral,0
came,came,s,NarrSceneShiftNeutral,0
from,from,s,NarrSceneShiftNeutral,1
different,different,s,SpecialTopicsPlaceNeutral,0
districts,districts,s,SpecialTopicsPlaceNeutral,1
(,(,c,OtherOrphanedOther,0
Bhojpuri,bhojpuri,s,,0
-,-,c,,0
",",",",s,,0
Awadhi,awadhi,s,,0
-,-,c,,0
",",",",s,,0
and,and,s,OtherSyntacticComplexityOther,0
Magahi-speaking,magahi-speaking,s,,0
areas,areas,c,SpecialTopicsMiscellanyNeutral,0
),),c,OtherOrphanedOther,0
.,.,s,,0
On,on,s,DescriptVisualNeutral,0
ships,ships,s,DescriptVisualNeutral,1
and,and,s,OtherSyntacticComplexityOther,0
plantations,plantations,c,DescriptVisualNeutral,0
",",",",s,,0
Bhojpuri,bhojpuri,s,,0
functioned,functioned,s,ExpoOtherNeutral,0
as,as,s,ExpoOtherNeutral,1
the,the,s,OtherOrphanedOther,0
closest,closest,s,ExpoComparisonNeutral,0
shared,shared,s,OtherOrphanedOther,0
speech,speech,c,SpecialTopicsMiscellanyNeutral,0
",",",",s,,0
becoming,becoming,c,DescriptChangeNeutral,0
:,:,n,,0
A,a,s,OtherOrphanedOther,0
lingua,lingua,s,SpecialTopicsMiscellanyNeutral,0
franca,franca,s,SpecialTopicsMiscellanyNeutral,1
across,across,s,OtherOrphanedOther,0
caste,caste,c,SpecialTopicsMiscellanyNeutral,0
",",",",s,,0
district,district,c,SpecialTopicsPlaceNeutral,0
",",",",s,,0
and,and,s,OtherSyntacticComplexityOther,0
religion,religion,n,SpecialTopicsMiscellanyNeutral,0
A,a,s,OtherOrphanedOther,0
language,language,s,SpecialTopicsMiscellanyNeutral,0
of,of,s,OtherOrphanedOther,0
solidarity,solidarity,s,PosRelSolidarity,0
among,among,s,OtherOrphanedOther,0
jahajins,jahajins,s,,0
(,(,c,OtherOrphanedOther,0
ship-siblings,ship-siblings,c,,0
),),n,OtherOrphanedOther,0
A,a,s,OtherOrphanedOther,0
tool,tool,s,DescriptObjectsNeutral,0
for,for,s,OtherOrphanedOther,0
mutual,mutual,s,StratCoordinationPos,0
aid,aid,c,StratCoordinationPos,1
",",",",s,,0
gossip,gossip,c,PubCommunicationNeg,0
",",",",s,,0
warning,warning,c,FutureAnticipateNeg,0
",",",",s,,0
and,and,s,OtherSyntacticComplexityOther,0
resistance,resistance,n,NegActsResist,0
In,in,s,MetadiscourseOtherNeutral,0
this,this,s,MetadiscourseOtherNeutral,1
context,context,c,MetadiscourseOtherNeutral,2
",",",",s,,0
Bhojpuri,bhojpuri,s,,0
lost,lost,s,NegActsLose,0
rigid,rigid,s,NegEmotionsOther,0
regional,regional,s,SpecialTopicsPlaceNeutral,0
markers,markers,s,SpecialTopicsMiscellanyNeutral,0
and,and,s,OtherSyntacticComplexityOther,0
gained,gained,s,DescriptChangePos,0
a,a,s,DescriptChangePos,1
broader,broader,c,ExpoComparisonNeutral,0
",",",",s,,0
collective,collective,s,StratCoordinationNeutral,0
identity,identity,c,SpecialTopicsMiscellanyNeutral,0
.,.,n,,0
2,2,c,ExpoOtherNeutral,0
.,.,s,ExpoOtherNeutral,1
Transformation,transformation,s,DescriptChangeNeutral,0
into,into,s,OtherOrphanedOther,0
“,",c,,0
Sarnami,sarnami,s,,0
Bhojpuri,bhojpuri,c,,0
”,",n,,0
Over,over,s,NarrOtherNeutral,0
time,time,c,NarrOtherNeutral,1
",",",",s,,0
Bhojpuri,bhojpuri,s,,0
in,in,s,OtherOrphanedOther,0
Suriname,suriname,s,SpecialTopicsPlaceNeutral,0
evolved,evolved,s,DescriptChangeNeutral,0
into,into,s,DescriptChangeNeutral,1
what,what,s,InterQuestionNeutral,0
is,is,s,InterQuestionNeutral,1
now,now,s,UpdatesOtherNeutral,0
known,known,s,UpdatesOtherNeutral,1
as,as,s,OtherOrphanedOther,0
Sarnami,sarnami,s,,0
(,(,c,OtherOrphanedOther,0
or,or,s,OtherSyntacticComplexityOther,0
Sarnami,sarnami,s,,0
Hindustani,hindustani,c,,0
),),c,OtherOrphanedOther,0
.,.,n,InterCommandNeutral,0
Key,key,s,InterCommandNeutral,1
features,features,s,SpecialTopicsMiscellanyNeutral,0
of,of,s,SpecialTopicsMiscellanyNeutral,1
this,this,s,OtherOrphanedOther,0
transformation,transformation,c,DescriptChangeNeutral,0
:,:,n,,0
Simplification,simplification,s,,0
of,of,s,OtherOrphanedOther,0
some,some,s,ExpoOtherNeutral,0
grammatical,grammatical,s,SpecialTopicsMiscellanyNeutral,0
forms,forms,n,SpecialTopicsMiscellanyNeutral,1
Borrowing,borrowing,s,NarrActsNeutral,0
vocabulary,vocabulary,s,SpecialTopicsMiscellanyNeutral,0
from,from,s,OtherOrphanedOther,0
Dutch,dutch,c,CharTypesNeutral,0
",",",",s,,0
Sranan,sranan,s,,0
Tongo,tongo,c,,0
",",",",s,,0
and,and,s,OtherSyntacticComplexityOther,0
plantation,plantation,s,DescriptVisualNeutral,0
terminology,terminology,n,SpecialTopicsMiscellanyNeutral,0
Retention,retention,s,SpecialTopicsMiscellanyNeutral,0
of,of,s,OtherOrphanedOther,0
Bhojpuri,bhojpuri,s,,0
syntax,syntax,s,SpecialTopicsMiscellanyNeutral,0
and,and,s,OtherSyntacticComplexityOther,0
emotional,emotional,s,SpecialTopicsMiscellanyNeutral,0
register,register,n,OtherOrphanedOther,0
This,this,s,MetadiscourseOtherNeutral,0
was,was,s,MetadiscourseOtherNeutral,1
not,not,s,NegActsResist,0
linguistic,linguistic,s,SpecialTopicsMiscellanyNeutral,0
decay,decay,c,DescriptChangeNeg,0
",",",",s,MetadiscourseContrastNeutral,0
but,but,s,MetadiscourseContrastNeutral,1
functional,functional,s,PosValuesOther,0
adaptation,adaptation,s,DescriptChangeNeutral,0
—,—,s,,0
a,a,s,OtherOrphanedOther,0
language,language,s,SpecialTopicsMiscellanyNeutral,0
remade,remade,s,NarrDurationNeutral,0
for,for,s,OtherOrphanedOther,0
a,a,s,UpdatesOtherNeutral,0
new,new,s,UpdatesOtherNeutral,1
social,social,s,SpecialTopicsMiscellanyNeutral,0
world,world,c,SpecialTopicsMiscellanyNeutral,1
.,.,n,,0
3,3,c,ExpoOtherNeutral,0
.,.,s,ExpoOtherNeutral,1
Oral,oral,s,SpecialTopicsMiscellanyNeutral,0
Culture,culture,c,SpecialTopicsMiscellanyNeutral,1
:,:,s,,0
Songs,songs,c,DescriptSoundNeutral,0
",",",",s,,0
Laments,laments,c,NegEmotionsSadness,0
",",",",s,,0
and,and,s,OtherSyntacticComplexityOther,0
Memory,memory,n,CharMentalStatesNeutral,0
4,4,n,ExpoOtherNeutral,0
Bhojpuri’s,bhojpuri’s,s,,0
most,most,s,ExpoComparisonNeutral,0
powerful,powerful,s,ForcefulEmphaticNeutral,0
survival,survival,s,NarrTurningPointNeutral,0
was,was,s,NarrOtherNeutral,0
through,through,s,OtherOrphanedOther,0
oral,oral,s,DescriptVisualNeutral,0
expressive,expressive,s,SpecialTopicsMiscellanyNeutral,0
culture,culture,c,SpecialTopicsMiscellanyNeutral,1
.,.,n,,0
a,a,c,OtherOrphanedOther,0
.,.,s,OtherOrphanedOther,1
Songs,songs,s,DescriptSoundNeutral,0
of,of,s,OtherOrphanedOther,0
Indenture,indenture,n,PubLawNeutral,0
Women,women,s,CharTypesNeutral,0
especially,especially,s,ForcefulEmphaticNeutral,0
preserved,preserved,s,OtherOrphanedOther,0
Bhojpuri,bhojpuri,s,,0
through,through,c,OtherOrphanedOther,0
:,:,n,,0
Birha,birha,s,,0
(,(,c,OtherOrphanedOther,0
songs,songs,s,DescriptSoundNeutral,0
of,of,s,OtherOrphanedOther,0
separation,separation,s,SpecialTopicsMiscellanyNeutral,0
and,and,s,OtherSyntacticComplexityOther,0
loss,loss,c,NegEmotionsLoss,0
),),n,OtherOrphanedOther,0
Sohaar,sohaar,s,,0
(,(,c,OtherOrphanedOther,0
birth,birth,s,NarrSequenceNeutral,0
songs,songs,c,DescriptSoundNeutral,0
),),s,OtherOrphanedOther,0
adapted,adapted,s,PosValuesOther,0
to,to,s,PosValuesOther,1
plantation,plantation,s,DescriptVisualNeutral,0
life,life,n,NegEmotionsSadness,0
Laments,laments,s,NegEmotionsSadness,1
for,for,c,OtherOrphanedOther,0
:,:,n,,0
The,the,s,OtherOrphanedOther,0
homeland,homeland,s,,0
(,(,c,OtherOrphanedOther,0
gaon,gaon,c,,0
),),n,OtherOrphanedOther,0
The,the,s,OtherOrphanedOther,0
sea,sea,s,NarrSceneShiftNeutral,0
voyage,voyage,s,NarrSceneShiftNeutral,1
(,(,c,OtherOrphanedOther,0
kala,kala,s,CharNamesNeutral,0
pani,pani,c,CharNamesNeutral,0
),),n,OtherOrphanedOther,0
Dead,dead,s,NarrSequenceNeg,0
children,children,s,NarrSequenceNeg,1
and,and,s,OtherSyntacticComplexityOther,0
broken,broken,s,NegEmotionsBroken,0
families,families,n,NegEmotionsBroken,1
These,these,s,OtherOrphanedOther,0
songs,songs,c,DescriptSoundNeutral,0
:,:,n,,0
Recorded,recorded,s,SpecialTopicsMiscellanyNeutral,0
trauma,trauma,s,NegActsTrauma,0
without,without,s,ForcefulEmphaticNeutral,0
written,written,s,InterOtherNeutral,0
archives,archives,n,SpecialTopicsMiscellanyNeutral,0
Allowed,allowed,s,FacilitateExpediteNeutral,0
critique,critique,s,SpecialTopicsMiscellanyNeutral,0
of,of,s,SpecialTopicsMiscellanyNeutral,1
overseers,overseers,s,CharTypesNeutral,0
and,and,s,OtherSyntacticComplexityOther,0
suffering,suffering,s,NegEmotionsSuffer,0
indirectly,indirectly,n,ConfidenceHedgedNeutral,0
Preserved,preserved,s,OtherOrphanedOther,0
memory,memory,s,CharMentalStatesNeutral,0
across,across,s,NarrTimeShiftNeutral,0
generations,generations,n,NarrTimeShiftNeutral,1
b,b,c,OtherOrphanedOther,0
.,.,s,OtherOrphanedOther,1
Ritual,ritual,s,PubCommunicationNeutral,0
Speech,speech,s,PubCommunicationNeutral,1
and,and,s,OtherSyntacticComplexityOther,0
Domestic,domestic,s,NarrActsNeutral,0
Performance,performance,n,NarrActsNeutral,1
Bhojpuri,bhojpuri,s,,0
became,became,s,DescriptChangeNeutral,0
the,the,s,DescriptChangeNeutral,1
language,language,s,SpecialTopicsMiscellanyNeutral,0
of,of,c,OtherOrphanedOther,0
:,:,n,,0
Weddings,weddings,n,NarrBiographyNeutral,0
Birth,birth,s,NarrSequenceNeutral,0
rituals,rituals,n,PubAdministrationNeutral,0
Mourning,mourning,s,NegEmotionsSadness,0
and,and,s,OtherSyntacticComplexityOther,0
remembrance,remembrance,n,CharMentalStatesNeutral,0
Storytelling,storytelling,s,OtherOrphanedGenericActivity,0
at,at,s,NarrDurationNeutral,0
night,night,s,NarrDurationNeutral,1
after,after,s,NarrSequenceNeutral,0
fieldwork,fieldwork,n,SpecialTopicsMiscellanyNeutral,0
Even,even,s,ForcefulIntenseNeutral,0
when,when,s,ForcefulIntenseNeutral,1
men,men,s,CharTypesNeutral,0
adopted,adopted,s,NarrActsNeutral,0
Dutch,dutch,s,CharTypesNeutral,0
or,or,s,OtherSyntacticComplexityOther,0
Sranan,sranan,s,,0
for,for,s,OtherOrphanedOther,0
work,work,c,OtherOrphanedOther,1
",",",",s,,0
women,women,s,CharTypesNeutral,0
maintained,maintained,s,NarrDurationNeutral,0
Bhojpuri,bhojpuri,s,,0
in,in,s,OtherOrphanedGenericActivity,0
the,the,s,OtherOrphanedGenericActivity,1
home,home,c,OtherOrphanedGenericActivity,2
",",",",s,,0
making,making,s,NarrActsNeutral,0
them,them,s,NarrActsNeutral,0
its,its,s,OtherOrphanedOther,0
primary,primary,s,SpecialTopicsMiscellanyNeutral,0
cultural,cultural,s,SpecialTopicsMiscellanyNeutral,0
custodians,custodians,c,CharTypesNeutral,0
.,.,n,,0
4,4,c,ExpoOtherNeutral,0
.,.,s,ExpoOtherNeutral,1
Bhojpuri,bhojpuri,s,,0
as,as,s,OtherOrphanedOther,0
Resistance,resistance,s,NegActsResist,0
and,and,s,OtherSyntacticComplexityOther,0
Emotional,emotional,s,SpecialTopicsMiscellanyNeutral,0
Refuge,refuge,n,DescriptVisualNeutral,0
On,on,s,OtherOrphanedOther,0
plantations,plantations,c,DescriptVisualNeutral,0
",",",",s,,0
Bhojpuri,bhojpuri,s,,0
functioned,functioned,s,ExpoOtherNeutral,0
as,as,c,ExpoOtherNeutral,1
:,:,n,,0
A,a,s,OtherOrphanedOther,0
private,private,s,PubPrivacyNeutral,0
language,language,s,SpecialTopicsMiscellanyNeutral,0
unintelligible,unintelligible,s,InquiryLearningNeg,0
to,to,s,OtherOrphanedOther,0
overseers,overseers,n,CharTypesNeutral,0
A,a,s,OtherOrphanedOther,0
medium,medium,s,SpecialTopicsMiscellanyNeutral,0
for,for,s,OtherOrphanedOther,0
planning,planning,s,StratCognitionNeutral,0
flight,flight,c,DescriptVisualNeutral,0
",",",",s,,0
work,work,s,DescriptChangeNeg,0
slowdowns,slowdowns,c,DescriptChangeNeg,1
",",",",s,,0
or,or,s,OtherSyntacticComplexityOther,0
mutual,mutual,s,StratCoordinationPos,0
aid,aid,n,StratCoordinationPos,1
A,a,s,DescriptVisualNeutral,0
way,way,s,DescriptVisualNeutral,1
to,to,s,DescriptVisualNeutral,2
mock,mock,s,NegActsResist,0
authority,authority,s,NegActsResist,1
safely,safely,s,PosValuesSafety,0
through,through,s,PosValuesSafety,1
metaphor,metaphor,s,ExpoComparisonNeutral,0
and,and,s,OtherSyntacticComplexityOther,0
song,song,n,DescriptSoundNeutral,0
Emotionally,emotionally,c,SpecialTopicsMiscellanyNeutral,0
",",",",s,,0
it,it,s,,0
allowed,allowed,s,FacilitateExpediteNeutral,0
labourers,labourers,s,CharTypesNeutral,0
to,to,c,OtherOrphanedOther,0
:,:,n,InterCommandNeutral,0
Name,name,s,InterCommandNeutral,1
suffering,suffering,s,NegEmotionsSuffer,0
in,in,s,OtherOrphanedOther,0
familiar,familiar,s,ForcefulEmphaticNeutral,0
idioms,idioms,n,ForcefulEmphaticNeutral,1
Maintain,maintain,s,NarrDurationNeutral,0
dignity,dignity,s,PosValuesDignity,0
and,and,s,OtherSyntacticComplexityOther,0
selfhood,selfhood,n,CharTraitsNeutral,0
Teach,teach,s,SpecialTopicsMiscellanyNeutral,0
children,children,s,CharTypesNeutral,0
that,that,s,OtherOrphanedOther,0
they,they,s,OtherOrphanedOther,0
belonged,belonged,s,PubLawNeutral,0
to,to,s,PubLawNeutral,1
a,a,s,PubLawNeutral,2
lineage,lineage,s,NarrBiographyNeutral,0
older,older,s,ExpoComparisonNeutral,0
than,than,s,ExpoComparisonNeutral,0
the,the,s,ExpoComparisonNeutral,1
plantation,plantation,n,DescriptVisualNeutral,0
Language,language,s,SpecialTopicsMiscellanyNeutral,0
here,here,s,NarrImmediacyNeutral,0
was,was,s,NarrOtherNeutral,0
psychological,psychological,s,SpecialTopicsMiscellanyNeutral,0
resistance,resistance,c,NegActsResist,0
.,.,n,,0
5,5,c,ExpoOtherNeutral,0
.,.,s,ExpoOtherNeutral,1
Post-Indenture,post-indenture,c,,0
:,:,s,,0
From,from,s,OtherOrphanedOther,0
Spoken,spoken,s,InterOtherNeutral,0
Memory,memory,s,CharMentalStatesNeutral,0
to,to,s,OtherOrphanedOther,0
Cultural,cultural,s,SpecialTopicsMiscellanyNeutral,0
Identity,identity,n,SpecialTopicsMiscellanyNeutral,1
After,after,s,NarrSequenceNeutral,0
indenture,indenture,s,PubLawNeutral,0
ended,ended,s,NarrSequenceNeutral,0
(,(,c,CitationReferenceNeutral,0
1916,1916,c,CitationReferenceNeutral,1
),),c,CitationReferenceNeutral,2
",",",",s,,0
Bhojpuri/Sarnami,bhojpuri/sarnami,s,,0
did,did,s,NegActsResist,0
not,not,s,NegActsResist,1
disappear,disappear,s,DescriptChangeNeutral,0
—,—,s,,0
it,it,s,,0
shifted,shifted,s,DescriptChangeNeutral,0
function,function,c,SpecialTopicsMiscellanyNeutral,0
.,.,n,,0
Became,became,s,DescriptChangeNeutral,0
a,a,s,DescriptChangeNeutral,1
marker,marker,s,ExpoExampleNeutral,0
of,of,s,ExpoExampleNeutral,1
Indo-Surinamese,indo-surinamese,s,,0
identity,identity,n,SpecialTopicsMiscellanyNeutral,0
Used,used,s,OtherOrphanedGenericActivity,0
in,in,c,OtherOrphanedGenericActivity,1
:,:,n,,0
Folk,folk,s,CharTypesNeutral,0
theatre,theatre,n,SpecialTopicsMiscellanyNeutral,0
Religious,religious,s,SpecialTopicsMiscellanyNeutral,0
discourse,discourse,n,SpecialTopicsMiscellanyNeutral,1
Political,political,s,PubPoliticsNeutral,0
mobilization,mobilization,n,PubPoliticsNeutral,1
Later,later,s,NarrTimeShiftNeutral,0
entered,entered,c,OtherOrphanedOther,0
:,:,n,,0
Radio,radio,s,PubMediaNeutral,0
programs,programs,n,PubMediaNeutral,1
Poetry,poetry,s,SpecialTopicsMiscellanyNeutral,0
and,and,s,OtherSyntacticComplexityOther,0
music,music,n,SpecialTopicsMiscellanyNeutral,0
Academic,academic,s,SpecialTopicsMiscellanyNeutral,1
and,and,s,OtherSyntacticComplexityOther,0
cultural,cultural,s,SpecialTopicsMiscellanyNeutral,0
revival,revival,s,NarrTurningPointPos,0
movements,movements,n,DescriptMotionNeutral,0
Although,although,s,MetadiscourseContrastNeutral,0
later,later,s,NarrTimeShiftNeutral,0
generations,generations,s,SpecialTopicsMiscellanyNeutral,0
increasingly,increasingly,s,DescriptChangeNeutral,0
adopted,adopted,s,NarrActsNeutral,0
Dutch,dutch,c,CharTypesNeutral,0
",",",",s,,0
Bhojpuri,bhojpuri,s,,0
retained,retained,s,NarrActsNeutral,0
symbolic,symbolic,s,SpecialTopicsMiscellanyNeutral,0
and,and,s,OtherSyntacticComplexityOther,0
emotional,emotional,s,SpecialTopicsMiscellanyNeutral,0
authority,authority,c,PubAdministrationNeutral,0
.,.,n,,0
6,6,c,ExpoOtherNeutral,0
.,.,s,ExpoOtherNeutral,1
What,what,s,OtherOrphanedOther,0
Changed,changed,s,DescriptChangeNeutral,0
—,—,s,,0
and,and,s,OtherSyntacticComplexityOther,0
What,what,s,OtherOrphanedOther,0
Endured,endured,n,CharTraitsNeutral,0
What,what,s,OtherOrphanedOther,0
Changed,changed,n,DescriptChangeNeutral,0
Loss,loss,s,NegEmotionsLoss,0
of,of,s,NegEmotionsLoss,1
caste-specific,caste-specific,s,,0
registers,registers,n,SpecialTopicsMiscellanyNeutral,0
Integration,integration,s,SpecialTopicsMiscellanyNeutral,0
of,of,s,OtherOrphanedOther,0
new,new,s,NarrImmediacyNeutral,0
vocabulary,vocabulary,n,SpecialTopicsMiscellanyNeutral,0
New,new,s,NarrImmediacyNeutral,0
themes,themes,c,SpecialTopicsMiscellanyNeutral,0
:,:,s,,0
plantation,plantation,s,DescriptVisualNeutral,0
life,life,c,NarrBiographyNeutral,0
",",",",s,,0
contracts,contracts,c,NarrActsNeutral,0
",",",",s,,0
return,return,c,NarrDurationNeutral,0
",",",",s,,0
land,land,n,SpecialTopicsPlaceNeutral,0
What,what,s,OtherOrphanedOther,0
Endured,endured,n,CharTraitsNeutral,0
Bhojpuri,bhojpuri,s,,0
grammar,grammar,s,SpecialTopicsMiscellanyNeutral,0
and,and,s,OtherSyntacticComplexityOther,0
rhythm,rhythm,n,DescriptSoundNeutral,0
Women’s,women’s,s,CharTypesNeutral,0
song,song,s,DescriptSoundNeutral,0
traditions,traditions,n,NarrOtherNeutral,0
Emotional,emotional,s,SpecialTopicsMiscellanyNeutral,0
vocabulary,vocabulary,s,SpecialTopicsMiscellanyNeutral,0
of,of,s,OtherOrphanedOther,0
loss,loss,c,NegEmotionsLoss,0
",",",",s,,0
endurance,endurance,c,PosValuesStamina,0
",",",",s,,0
and,and,s,OtherSyntacticComplexityOther,0
hope,hope,n,FutureOtherPos,0
This,this,s,OtherOrphanedOther,0
continuity-with-change,continuity-with-change,s,,0
is,is,s,ForcefulEmphaticNeutral,0
the,the,s,ForcefulEmphaticNeutral,1
hallmark,hallmark,s,ForcefulEmphaticNeutral,2
of,of,s,ForcefulEmphaticNeutral,3
diaspora,diaspora,s,SpecialTopicsMiscellanyNeutral,0
language,language,s,SpecialTopicsMiscellanyNeutral,0
formation,formation,c,SpecialTopicsMiscellanyNeutral,0
.,.,n,,0
In,in,s,MetadiscourseCuesNeutral,0
Summary,summary,n,MetadiscourseCuesNeutral,1
Bhojpuri,bhojpuri,s,,0
in,in,s,OtherOrphanedOther,0
Suriname,suriname,c,SpecialTopicsPlaceNeutral,0
:,:,n,,0
Shifted,shifted,s,DescriptChangeNeutral,0
from,from,s,DescriptChangeNeutral,1
regional,regional,s,DescriptVisualNeutral,0
dialect,dialect,s,DescriptVisualNeutral,1
to,to,s,OtherOrphanedOther,0
diasporic,diasporic,s,SpecialTopicsMiscellanyNeutral,0
language,language,n,SpecialTopicsMiscellanyNeutral,0
Became,became,s,DescriptChangeNeutral,0
a,a,s,DescriptChangeNeutral,1
tool,tool,s,DescriptObjectsNeutral,0
of,of,s,OtherOrphanedOther,0
survival,survival,c,NarrTurningPointNeutral,0
",",",",s,,0
resistance,resistance,c,NegActsResist,0
",",",",s,,0
and,and,s,OtherSyntacticComplexityOther,0
memory,memory,n,CharMentalStatesNeutral,0
Found,found,s,OtherOrphanedOther,0
its,its,s,OtherOrphanedOther,0
strongest,strongest,s,ExpoComparisonNeutral,0
expression,expression,s,DescriptVisualNeutral,0
in,in,s,OtherOrphanedOther,0
women’s,women’s,s,CharTypesNeutral,0
oral,oral,s,SpecialTopicsMiscellanyNeutral,0
culture,culture,n,SpecialTopicsMiscellanyNeutral,1
Evolved,evolved,s,DescriptChangeNeutral,0
into,into,s,DescriptChangeNeutral,1
Sarnami,sarnami,c,,0
",",",",s,,0
a,a,s,ForcefulEmphaticNeutral,0
distinct,distinct,s,ForcefulEmphaticNeutral,1
linguistic,linguistic,s,SpecialTopicsMiscellanyNeutral,0
and,and,s,OtherSyntacticComplexityOther,0
cultural,cultural,s,SpecialTopicsMiscellanyNeutral,0
identity,identity,n,SpecialTopicsMiscellanyNeutral,1
Indenture,indenture,s,PubLawNeutral,0
did,did,s,NegActsResist,0
not,not,s,NegActsResist,1
erase,erase,s,DescriptMotionNeutral,0
Bhojpuri,bhojpuri,s,,0
—,—,s,,0
it,it,s,,0
forced,forced,s,StratOtherNeutral,0
it,it,s,,0
to,to,s,OtherOrphanedOther,0
reinvent,reinvent,s,NarrDurationNeutral,0
itself,itself,c,ForcefulEmphaticNeutral,0
",",",",s,,0
and,and,s,OtherSyntacticComplexityOther,0
in,in,s,OtherSyntacticComplexityOther,1
doing,doing,s,ForcefulIntenseNeutral,0
so,so,c,ForcefulIntenseNeutral,1
",",",",s,,0
it,it,s,DescriptChangeNeutral,0
became,became,s,DescriptChangeNeutral,1
the,the,s,OtherOrphanedOther,0
cultural,cultural,s,SpecialTopicsMiscellanyNeutral,0
backbone,backbone,s,DescriptObjectsNeutral,0
of,of,s,OtherOrphanedOther,0
Indo-Surinamese,indo-surinamese,s,,0
life,life,c,NarrBiographyNeutral,0
.,.,n,,0
Indentured,indentured,s,PubLawNeutral,0
labourers,labourers,s,CharTypesNeutral,0
developed,developed,s,DescriptChangeNeutral,0
multiple,multiple,s,ExpoClassificationNeutral,0
forms,forms,s,ExpoClassificationNeutral,1
of,of,s,ExpoClassificationNeutral,2
protest,protest,c,NegActsPlaintive,0
",",",",s,,0
ranging,ranging,s,ExpoOtherNeutral,0
from,from,s,ExpoOtherNeutral,1
quiet,quiet,s,DescriptVisualNeutral,0
everyday,everyday,s,NarrDurationNeutral,0
resistance,resistance,s,NegActsResist,0
to,to,s,OtherOrphanedOther,0
open,open,s,PubAdministrationNeutral,0
collective,collective,s,PubAdministrationNeutral,1
confrontation,confrontation,c,NegRelConfront,0
.,.,s,,0
These,these,s,OtherOrphanedOther,0
protests,protests,s,NegActsPlaintive,0
were,were,s,NarrOtherNeutral,0
shaped,shaped,s,OtherOrphanedOther,0
by,by,s,OtherOrphanedOther,0
coercive,coercive,s,NegActsCoercive,0
labour,labour,s,PubLawNeutral,0
laws,laws,c,PubLawNeutral,1
",",",",s,,0
surveillance,surveillance,c,StratCognitionNeg,0
",",",",s,,0
and,and,s,OtherSyntacticComplexityOther,0
the,the,s,OtherSyntacticComplexityOther,1
constant,constant,s,NegEmotionsFear,0
threat,threat,s,NegEmotionsFear,1
of,of,s,OtherOrphanedOther,0
imprisonment,imprisonment,c,NegValuesOther,0
.,.,s,NarrDurationNeutral,0
As,as,s,NarrDurationNeutral,1
a,a,s,NarrDurationNeutral,2
result,result,c,,0
",",",",s,,0
resistance,resistance,s,NegActsResist,0
was,was,s,NarrDurationNeutral,0
often,often,s,NarrDurationNeutral,1
strategic,strategic,c,StratCognitionNeutral,0
",",",",s,,0
incremental,incremental,c,DescriptChangeNeutral,0
",",",",s,,0
and,and,s,OtherSyntacticComplexityOther,0
adaptive,adaptive,c,PosValuesAdaptive,0
",",",",s,,0
rather,rather,s,ExpoOtherNeutral,0
than,than,s,ExpoOtherNeutral,1
continuously,continuously,s,NarrDurationNeutral,0
spectacular,spectacular,c,PosValuesOther,0
.,.,n,MetadiscourseOtherNeutral,0
Below,below,s,MetadiscourseOtherNeutral,1
is,is,s,MetadiscourseOtherNeutral,2
a,a,s,OtherOrphanedOther,0
structured,structured,s,SpecialTopicsMiscellanyNeutral,0
account,account,s,CitationAuthoritativePos,0
of,of,s,CitationAuthoritativePos,1
the,the,s,OtherOrphanedOther,0
principal,principal,s,CharTypesNeutral,0
forms,forms,s,SpecialTopicsMiscellanyNeutral,0
of,of,s,SpecialTopicsMiscellanyNeutral,1
protest,protest,s,NegActsPlaintive,0
used,used,s,NarrActsNeutral,0
on,on,s,OtherOrphanedOther,0
plantations,plantations,c,DescriptVisualNeutral,0
",",",",s,,0
especially,especially,s,ForcefulEmphaticNeutral,0
in,in,s,OtherOrphanedOther,0
colonies,colonies,s,SpecialTopicsMiscellanyNeutral,0
such,such,s,ExpoExampleNeutral,0
as,as,s,ExpoExampleNeutral,1
Suriname,suriname,c,SpecialTopicsPlaceNeutral,0
",",",",s,,0
Trinidad,trinidad,s,SpecialTopicsPlaceNeutral,0
and,and,s,OtherSyntacticComplexityOther,0
Tobago,tobago,c,SpecialTopicsPlaceNeutral,0
",",",",s,,0
and,and,s,OtherSyntacticComplexityOther,0
Guyana,guyana,c,SpecialTopicsPlaceNeutral,0
.,.,n,,0
1,1,c,ExpoOtherNeutral,0
.,.,s,ExpoOtherNeutral,1
Everyday,everyday,s,NarrDurationNeutral,0
and,and,s,OtherSyntacticComplexityOther,0
“,",c,,0
Invisible,invisible,c,SpecialTopicsMiscellanyNeutral,0
”,",s,,0
Resistance,resistance,n,NegActsResist,0
This,this,s,MetadiscourseOtherNeutral,0
was,was,s,MetadiscourseOtherNeutral,1
the,the,s,ForcefulEmphaticNeutral,0
most,most,s,ForcefulEmphaticNeutral,1
widespread,widespread,s,ForcefulEmphaticNeutral,0
and,and,s,OtherSyntacticComplexityOther,0
persistent,persistent,s,CharTraitsNeutral,0
form,form,s,SpecialTopicsMiscellanyNeutral,0
of,of,s,SpecialTopicsMiscellanyNeutral,1
protest,protest,c,NegActsPlaintive,0
.,.,n,,0
Common,common,s,ReasoningDefendPos,0
practices,practices,n,ReasoningDefendPos,1
Work,work,s,DescriptChangeNeg,0
slowdowns,slowdowns,s,DescriptChangeNeg,1
(,(,c,OtherOrphanedOther,0
deliberately,deliberately,s,CharTraitsNeutral,0
reducing,reducing,s,CharTraitsNeutral,1
pace,pace,c,DescriptMotionNeutral,0
),),n,OtherOrphanedOther,0
Feigning,feigning,s,CharTraitsNeutral,0
illness,illness,s,SpecialTopicsMiscellanyNeutral,0
or,or,s,OtherSyntacticComplexityOther,0
exhaustion,exhaustion,n,NegEmotionsExhaustion,0
Partial,partial,s,NegRelBias,0
task,task,s,SpecialTopicsMiscellanyNeutral,0
completion,completion,n,NarrSequenceNeutral,0
Tool,tool,s,DescriptObjectsNeutral,0
breakage,breakage,s,SpecialTopicsMiscellanyNeutral,0
or,or,s,OtherSyntacticComplexityOther,0
crop,crop,s,DescriptMotionNeutral,0
damage,damage,n,NegActsDamage,0
Absenteeism,absenteeism,n,NegEmotionsOther,0
These,these,s,OtherOrphanedOther,0
acts,acts,c,NarrActsNeutral,0
:,:,n,,0
Reduced,reduced,s,DescriptChangeNeutral,0
plantation,plantation,s,DescriptVisualNeutral,0
productivity,productivity,n,PosValuesOther,0
Were,were,s,NegEmotionsDifficult,0
difficult,difficult,s,NegEmotionsDifficult,1
to,to,s,ReasoningDefendPos,0
prove,prove,s,ReasoningDefendPos,1
in,in,s,PubLawNeutral,0
court,court,n,PubLawNeutral,1
Allowed,allowed,s,FacilitateExpediteNeutral,0
labourers,labourers,s,CharTypesNeutral,0
to,to,s,OtherOrphanedOther,0
resist,resist,s,ForcefulEmphaticNeutral,0
without,without,s,ForcefulEmphaticNeutral,1
open,open,s,NegRelConfront,0
confrontation,confrontation,n,NegRelConfront,1
Colonial,colonial,s,SpecialTopicsMiscellanyNeutral,0
records,records,s,DescriptObjectsNeutral,0
often,often,s,NarrDurationNeutral,0
complained,complained,s,NegActsPlaintive,0
of,of,s,NegActsPlaintive,1
“,",c,,0
laziness,laziness,c,,0
",",",",c,,0
”,",s,,0
which,which,s,OtherSyntacticComplexityOther,0
in,in,s,ForcefulEmphaticNeutral,0
reality,reality,s,ForcefulEmphaticNeutral,1
reflected,reflected,s,OtherOrphanedOther,0
coordinated,coordinated,s,StratActsNeutral,0
withdrawal,withdrawal,s,SpecialTopicsMiscellanyNeutral,0
of,of,s,OtherOrphanedOther,0
effort,effort,c,CharTraitsNeutral,0
.,.,n,,0
2,2,c,ExpoOtherNeutral,0
.,.,s,ExpoOtherNeutral,1
Desertion,desertion,s,NegRelForsake,0
and,and,s,OtherSyntacticComplexityOther,0
Flight,flight,n,SpecialTopicsMiscellanyNeutral,0
Leaving,leaving,s,SpecialTopicsMiscellanyNeutral,1
the,the,s,OtherOrphanedOther,0
plantation,plantation,s,DescriptVisualNeutral,0
—,—,s,,0
temporarily,temporarily,s,NarrDurationNeutral,0
or,or,s,OtherSyntacticComplexityOther,0
permanently,permanently,s,NarrSequenceNeutral,0
—,—,s,,0
was,was,s,NarrOtherNeutral,0
a,a,s,NarrOtherNeutral,1
powerful,powerful,s,ForcefulEmphaticNeutral,0
form,form,s,SpecialTopicsMiscellanyNeutral,0
of,of,s,SpecialTopicsMiscellanyNeutral,1
protest,protest,c,NegActsPlaintive,0
.,.,n,,0
Forms,forms,s,SpecialTopicsMiscellanyNeutral,0
of,of,s,SpecialTopicsMiscellanyNeutral,1
desertion,desertion,n,NegRelForsake,0
Short-term,short-term,s,FutureOtherNeutral,0
flight,flight,s,DescriptVisualNeutral,0
to,to,s,OtherOrphanedOther,0
nearby,nearby,s,DescriptVisualNeutral,0
estates,estates,s,PubLawNeutral,0
or,or,s,OtherSyntacticComplexityOther,0
towns,towns,n,SpecialTopicsPlaceNeutral,0
Long-term,long-term,s,FutureOtherNeutral,0
disappearance,disappearance,s,NarrSceneShiftNeutral,0
into,into,s,OtherOrphanedOther,0
forests,forests,s,DescriptVisualNeutral,0
or,or,s,OtherSyntacticComplexityOther,0
Maroon,maroon,s,SpecialTopicsMiscellanyNeutral,0
communities,communities,n,SpecialTopicsMiscellanyNeutral,1
Moving,moving,s,OtherOrphanedOther,0
between,between,s,OtherOrphanedOther,0
plantations,plantations,s,DescriptVisualNeutral,0
without,without,s,ForcefulEmphaticNeutral,0
authorization,authorization,n,PubAdministrationNeutral,0
Although,although,s,MetadiscourseContrastNeutral,0
punishable,punishable,s,PubAdministrationNeutral,0
by,by,s,PubAdministrationNeutral,1
imprisonment,imprisonment,c,NegValuesOther,0
",",",",s,,0
desertion,desertion,c,NegRelForsake,0
:,:,n,,0
Demonstrated,demonstrated,s,ConfidenceHighNeutral,0
rejection,rejection,s,NegActsResist,0
of,of,s,OtherOrphanedOther,0
planter,planter,s,DescriptObjectsNeutral,0
authority,authority,n,PubAdministrationNeutral,0
Undermined,undermined,s,NegActsResist,0
labour,labour,s,PosValuesStability,0
stability,stability,n,PosValuesStability,1
Forced,forced,s,StratOtherNeutral,0
increased,increased,s,DescriptChangeNeutral,0
policing,policing,s,DescriptChangeNeutral,1
costs,costs,n,NarrActsNeutral,0
3,3,c,ExpoOtherNeutral,0
.,.,s,ExpoOtherNeutral,1
Collective,collective,s,NegActsResist,0
Refusal,refusal,s,NegActsResist,1
to,to,s,OtherOrphanedOther,0
Work,work,s,OtherOrphanedOther,0
(,(,c,OtherOrphanedOther,0
Strikes,strikes,c,NegEmotionsOther,0
),),n,OtherOrphanedOther,0
4,4,n,ExpoOtherNeutral,0
When,when,s,OtherOrphanedOther,0
grievances,grievances,s,NegActsPlaintive,0
became,became,s,DescriptChangeNeutral,0
acute,acute,c,ForcefulEmphaticNeutral,0
",",",",s,,0
labourers,labourers,s,CharTypesNeutral,0
engaged,engaged,s,NarrActsNeutral,0
in,in,s,NarrActsNeutral,1
open,open,s,PubAdministrationNeutral,0
collective,collective,s,PubAdministrationNeutral,1
action,action,c,NarrActsNeutral,0
.,.,n,,0
Typical,typical,s,NarrDurationNeutral,0
causes,causes,n,,0
Withheld,withheld,s,OtherOrphanedOther,0
or,or,s,OtherSyntacticComplexityOther,0
reduced,reduced,s,DescriptChangeNeutral,0
wages,wages,n,DescriptChangeNeutral,1
Increased,increased,s,DescriptChangeNeutral,0
task,task,s,DescriptChangeNeutral,1
sizes,sizes,n,OtherOrphanedOther,0
Physical,physical,s,NegActsAggressive,0
abuse,abuse,s,NegActsAggressive,1
by,by,s,OtherOrphanedOther,0
overseers,overseers,n,CharTypesNeutral,0
Denial,denial,s,NegEmotionsOther,0
of,of,s,NegEmotionsOther,1
rations,rations,s,FacilitateSponsorNeutral,0
or,or,s,OtherSyntacticComplexityOther,0
medical,medical,s,SpecialTopicsMiscellanyNeutral,0
care,care,n,SpecialTopicsMiscellanyNeutral,1
Characteristics,characteristics,n,ExpoOtherNeutral,0
Workers,workers,s,CharTypesNeutral,0
gathered,gathered,s,DescriptVisualNeutral,0
and,and,s,OtherSyntacticComplexityOther,0
refused,refused,s,NegActsResist,0
to,to,s,NegActsResist,1
enter,enter,s,NegActsResist,2
the,the,s,OtherOrphanedOther,0
fields,fields,n,OtherOrphanedOther,0
Leaders,leaders,s,CharTypesNeutral,0
emerged,emerged,s,ContingentEventNeutral,0
informally,informally,n,SpecialTopicsMiscellanyNeutral,0
Women,women,s,CharTypesNeutral,0
often,often,s,NarrDurationNeutral,0
participated,participated,s,NarrActsNeutral,0
actively,actively,n,ForcefulEmphaticNeutral,0
These,these,s,OtherOrphanedOther,0
actions,actions,s,NarrActsNeutral,0
were,were,s,NarrOtherNeutral,0
labelled,labelled,s,DescriptVisualNeutral,0
“,",c,,0
riots,riots,c,NegEmotionsOther,0
”,",s,,0
by,by,s,OtherOrphanedOther,0
authorities,authorities,c,PubAdministrationNeutral,0
",",",",s,,0
even,even,s,ForcefulIntenseNeutral,0
when,when,s,ForcefulIntenseNeutral,1
non-violent,non-violent,c,SpecialTopicsMiscellanyNeutral,0
.,.,n,,0
4,4,c,ExpoOtherNeutral,0
.,.,s,ExpoOtherNeutral,1
Legal,legal,s,PubLawNeutral,0
Protest,protest,s,NegActsPlaintive,0
and,and,s,OtherSyntacticComplexityOther,0
Complaint-Making,complaint-making,n,,0
Indentured,indentured,s,PubLawNeutral,0
labourers,labourers,s,CharTypesNeutral,0
actively,actively,s,CharTraitsNeutral,0
used,used,s,CharTraitsNeutral,1
colonial,colonial,s,SpecialTopicsMiscellanyNeutral,0
courts,courts,c,SpecialTopicsMiscellanyNeutral,0
",",",",s,,0
despite,despite,s,MetadiscourseContrastNeutral,0
bias,bias,c,NegRelBias,0
.,.,n,,0
Legal,legal,s,PubLawNeutral,0
strategies,strategies,n,OtherOrphanedOther,0
Filing,filing,s,InterConversationNeg,0
complaints,complaints,s,InterConversationNeg,1
against,against,s,InterConversationNeg,2
overseers,overseers,n,CharTypesNeutral,0
Challenging,challenging,s,CharTraitsNeutral,0
illegal,illegal,s,NegValuesIllegal,0
punishments,punishments,n,NegValuesIllegal,1
Demanding,demanding,s,OtherOrphanedOther,0
unpaid,unpaid,s,SpecialTopicsMiscellanyNeutral,0
wages,wages,n,SpecialTopicsMiscellanyNeutral,0
Appealing,appealing,s,PosEmotionsAppealing,0
convictions,convictions,n,,0
Although,although,s,MetadiscourseContrastNeutral,0
outcomes,outcomes,s,ReasoningConcludeNeutral,0
were,were,s,NegEmotionsIdentifyGaps,0
limited,limited,c,NegEmotionsIdentifyGaps,1
",",",",s,,0
repeated,repeated,s,NegActsPlaintive,0
complaints,complaints,c,NegActsPlaintive,1
:,:,n,,0
Slowed,slowed,s,OtherOrphanedOther,0
plantation,plantation,s,DescriptVisualNeutral,0
operations,operations,n,StratCoordinationNeutral,0
Forced,forced,s,StratOtherNeutral,0
investigations,investigations,n,InquiryExplorationNeutral,0
Exposed,exposed,s,UpdatesOtherNeutral,0
contradictions,contradictions,s,UpdatesOtherNeutral,1
in,in,s,OtherOrphanedOther,0
the,the,s,OtherOrphanedOther,0
system,system,n,SpecialTopicsMiscellanyNeutral,0
Legal,legal,s,PubLawNeutral,0
engagement,engagement,s,OtherOrphanedGenericActivity,0
itself,itself,s,ForcefulEmphaticNeutral,0
was,was,s,NarrOtherNeutral,0
a,a,s,NarrOtherNeutral,1
form,form,s,SpecialTopicsMiscellanyNeutral,0
of,of,s,SpecialTopicsMiscellanyNeutral,1
protest,protest,s,NegActsPlaintive,0
against,against,s,NegActsPlaintive,1
planter,planter,s,DescriptObjectsNeutral,0
arbitrariness,arbitrariness,c,NegEmotionsOther,0
.,.,n,,0
5,5,c,ExpoOtherNeutral,0
.,.,s,ExpoOtherNeutral,1
Gendered,gendered,s,SpecialTopicsMiscellanyNeutral,0
Forms,forms,s,SpecialTopicsMiscellanyNeutral,0
of,of,s,SpecialTopicsMiscellanyNeutral,1
Protest,protest,s,NegActsPlaintive,0
by,by,s,OtherOrphanedOther,0
Women,women,n,CharTypesNeutral,0
Women,women,s,CharTypesNeutral,1
protested,protested,s,NegActsPlaintive,0
in,in,s,OtherSyntacticComplexityOther,0
ways,ways,s,OtherSyntacticComplexityOther,1
shaped,shaped,s,OtherOrphanedOther,0
by,by,s,OtherOrphanedOther,0
their,their,s,CharNamesNeutral,0
vulnerability,vulnerability,c,NegEmotionsFear,0
.,.,n,,0
Examples,examples,n,ExpoExampleNeutral,0
Refusing,refusing,s,NegActsResist,0
sexual,sexual,s,OtherOrphanedGenericActivity,0
advances,advances,s,OtherOrphanedGenericActivity,1
despite,despite,s,MetadiscourseContrastNeutral,0
punishment,punishment,n,NegEmotionsOther,0
Escaping,escaping,s,StratActsPos,0
abusive,abusive,s,NegActsAggressive,0
relationships,relationships,n,NegActsAggressive,1
Collective,collective,s,StratCoordinationNeutral,0
childcare,childcare,s,StratCoordinationNeutral,1
to,to,s,OtherOrphanedOther,0
enable,enable,s,FacilitateEnablePos,0
resistance,resistance,n,NegActsResist,0
Using,using,s,NarrActsNeutral,0
ritual,ritual,c,PubAdministrationNeutral,0
",",",",s,,0
song,song,c,DescriptSoundNeutral,0
",",",",s,,0
and,and,s,OtherSyntacticComplexityOther,0
gossip,gossip,s,PubCommunicationNeg,0
to,to,s,OtherOrphanedOther,0
shame,shame,s,NegActsAggressive,0
abusers,abusers,n,NegActsAggressive,1
Women,women,s,CharTypesNeutral,0
also,also,s,MetadiscourseAdditionNeutral,0
used,used,s,NarrActsNeutral,0
reproductive,reproductive,s,CharTraitsNeutral,0
choices,choices,c,CharTraitsNeutral,1
",",",",s,,0
flight,flight,c,DescriptVisualNeutral,0
",",",",s,,0
and,and,s,OtherSyntacticComplexityOther,0
silence,silence,s,DescriptVisualNeutral,0
as,as,s,OtherOrphanedOther,0
resistance,resistance,s,NegActsResist,0
under,under,s,NegEmotionsOther,0
constant,constant,s,NegEmotionsOther,1
surveillance,surveillance,c,StratCognitionNeg,0
.,.,n,,0
6,6,c,ExpoOtherNeutral,0
.,.,s,ExpoOtherNeutral,1
Cultural,cultural,s,SpecialTopicsMiscellanyNeutral,0
and,and,s,OtherSyntacticComplexityOther,0
Linguistic,linguistic,s,SpecialTopicsMiscellanyNeutral,0
Resistance,resistance,n,NegActsResist,0
Language,language,s,SpecialTopicsMiscellanyNeutral,0
and,and,s,OtherSyntacticComplexityOther,0
culture,culture,s,SpecialTopicsMiscellanyNeutral,0
became,became,s,DescriptChangeNeutral,0
protest,protest,s,NegActsPlaintive,0
tools,tools,c,DescriptObjectsNeutral,0
.,.,n,,0
Examples,examples,n,ExpoExampleNeutral,0
Singing,singing,s,DescriptMotionNeutral,0
Bhojpuri/Sarnami,bhojpuri/sarnami,s,,0
songs,songs,s,DescriptSoundNeutral,0
criticizing,criticizing,s,NegActsCriticize,0
overseers,overseers,s,CharTypesNeutral,0
indirectly,indirectly,n,ConfidenceHedgedNeutral,0
Mockery,mockery,s,NegActsCriticize,0
and,and,s,OtherSyntacticComplexityOther,0
satire,satire,s,SpecialTopicsMiscellanyNeutral,0
incomprehensible,incomprehensible,s,InquiryLearningNeg,0
to,to,s,OtherOrphanedOther,0
Europeans,europeans,n,CharTypesNeutral,0
Preservation,preservation,s,PubAdministrationNeutral,0
of,of,s,OtherOrphanedOther,0
religious,religious,s,NarrDurationNeutral,0
rituals,rituals,s,NarrDurationNeutral,1
against,against,s,NegActsResist,0
plantation,plantation,s,DescriptVisualNeutral,0
schedules,schedules,n,FutureOtherNeutral,0
This,this,s,OtherOrphanedOther,0
form,form,s,SpecialTopicsMiscellanyNeutral,0
of,of,s,SpecialTopicsMiscellanyNeutral,1
resistance,resistance,c,NegActsResist,0
:,:,n,,0
Sustained,sustained,s,NarrDurationNeutral,0
morale,morale,n,NarrDurationNeutral,1
Preserved,preserved,s,OtherOrphanedOther,0
dignity,dignity,n,PosValuesDignity,0
Reinforced,reinforced,s,DescriptChangePos,0
group,group,s,PosRelSolidarity,0
solidarity,solidarity,n,PosRelSolidarity,1
7,7,c,ExpoOtherNeutral,0
.,.,s,ExpoOtherNeutral,1
Violent,violent,s,NegActsViolence,0
Confrontation,confrontation,s,NegActsViolence,1
(,(,c,OtherOrphanedOther,0
Rare,rare,s,ForcefulEmphaticNeutral,0
but,but,s,MetadiscourseContrastNeutral,0
Significant,significant,c,ForcefulSignificantNeutral,0
),),n,OtherOrphanedOther,0
Open,open,s,NegActsViolence,0
violence,violence,s,NegActsViolence,1
occurred,occurred,s,ContingentEventNeutral,0
when,when,s,ContingentEventNeutral,1
all,all,s,ReasoningOtherNeutral,0
other,other,s,ReasoningOtherNeutral,1
avenues,avenues,s,DescriptVisualNeutral,0
failed,failed,c,NegActsFail,0
.,.,n,,0
Notable,notable,s,ExpoExampleNeutral,0
example,example,n,ExpoExampleNeutral,1
Mariënburg,mariënburg,c,,0
",",",",s,,0
1902,1902,s,NarrOtherNeutral,0
(,(,c,OtherOrphanedOther,0
Suriname,suriname,c,SpecialTopicsPlaceNeutral,0
),),c,OtherOrphanedOther,0
:,:,s,,0
Workers,workers,s,CharTypesNeutral,0
protesting,protesting,s,NegActsPlaintive,0
unpaid,unpaid,s,SpecialTopicsMiscellanyNeutral,0
wages,wages,s,SpecialTopicsMiscellanyNeutral,0
were,were,s,NarrOtherNeutral,0
fired,fired,s,NegActsAggressive,0
upon,upon,s,NegActsAggressive,1
by,by,s,OtherOrphanedOther,0
colonial,colonial,s,CharTypesNeutral,0
troops,troops,c,CharTypesNeutral,1
",",",",s,,0
killing,killing,s,NegActsAggressive,0
dozens,dozens,c,ExpoOtherNeutral,0
.,.,n,ReasoningConcludeNeutral,0
Such,such,s,ReasoningConcludeNeutral,1
events,events,c,NarrActsNeutral,0
:,:,n,,0
Exposed,exposed,s,DescriptVisualNeutral,0
the,the,s,OtherOrphanedOther,0
violence,violence,s,NegActsViolence,0
underlying,underlying,s,OtherOrphanedOther,0
indenture,indenture,n,PubLawNeutral,0
Generated,generated,s,NarrActsNeutral,0
international,international,s,SpecialTopicsMiscellanyNeutral,0
criticism,criticism,n,NegActsCriticize,0
Became,became,s,DescriptChangeNeutral,0
symbols,symbols,s,SpecialTopicsMiscellanyNeutral,0
of,of,s,SpecialTopicsMiscellanyNeutral,1
collective,collective,s,StratCoordinationNeutral,0
resistance,resistance,n,StratCoordinationNeutral,1
Violence,violence,s,NegActsViolence,0
was,was,s,NarrOtherNeutral,0
not,not,s,NegActsResist,0
the,the,s,NegActsResist,1
norm,norm,s,PubAdministrationNeutral,0
—,—,s,,0
but,but,s,MetadiscourseContrastNeutral,0
when,when,s,NarrTimeShiftNeutral,0
it,it,s,NarrTimeShiftNeutral,1
occurred,occurred,c,NarrTimeShiftNeutral,2
",",",",s,,0
it,it,s,,0
revealed,revealed,s,InquiryDiscoveryNeutral,0
the,the,s,NegValuesOther,0
limits,limits,s,NegValuesOther,1
of,of,s,OtherOrphanedOther,0
lawful,lawful,s,PubLawNeutral,0
protest,protest,s,PubLawNeutral,1
under,under,s,OtherOrphanedOther,0
indenture,indenture,c,PubLawNeutral,0
.,.,n,,0
8,8,c,ExpoOtherNeutral,0
.,.,s,ExpoOtherNeutral,1
Refusal,refusal,s,NegActsResist,0
to,to,s,NegActsResist,1
Re-Indenture,re-indenture,n,,0
At,at,s,OtherOrphanedOther,0
contract,contract,s,NarrActsNeutral,0
completion,completion,c,NarrSequenceNeutral,0
",",",",s,,0
many,many,s,ExpoOtherNeutral,0
protested,protested,s,NegActsPlaintive,0
by,by,c,OtherOrphanedOther,0
:,:,n,,0
Rejecting,rejecting,s,NegActsResist,0
re-indenture,re-indenture,s,,0
offers,offers,n,NarrActsNeutral,0
Demanding,demanding,s,OtherOrphanedOther,0
land,land,s,SpecialTopicsPlaceNeutral,0
instead,instead,s,MetadiscourseOtherNeutral,0
of,of,s,MetadiscourseOtherNeutral,1
renewed,renewed,s,DescriptChangePos,0
contracts,contracts,n,DescriptChangePos,1
Leaving,leaving,s,SpecialTopicsMiscellanyNeutral,0
plantations,plantations,s,DescriptVisualNeutral,0
en,en,s,StratCoordinationPos,0
masse,masse,n,StratCoordinationPos,1
This,this,s,OtherOrphanedOther,0
undermined,undermined,s,NegActsResist,0
planter,planter,s,FutureExpectNeutral,0
expectations,expectations,s,FutureExpectNeutral,1
of,of,s,OtherOrphanedOther,0
permanent,permanent,s,NarrSequenceNeutral,0
labour,labour,s,,0
supply,supply,c,SpecialTopicsMiscellanyNeutral,0
.,.,n,,0
Summary,summary,s,ReasoningConcludeNeutral,0
Table,table,n,DescriptObjectsNeutral,0
Form,form,s,SpecialTopicsMiscellanyNeutral,0
of,of,s,SpecialTopicsMiscellanyNeutral,1
Protest,protest,s,NegActsPlaintive,0
Risk,risk,s,UncertaintyOtherNeutral,0
Level,level,s,UncertaintyOtherNeutral,1
Frequency,frequency,n,ExpoOtherNeutral,0
Work,work,s,DescriptChangeNeg,0
slowdowns,slowdowns,s,DescriptChangeNeg,1
Low,low,s,ForcefulIntenseNeutral,0
Very,very,s,ForcefulIntenseNeutral,1
high,high,n,DescriptVisualNeutral,0
Absenteeism,absenteeism,s,NegEmotionsOther,0
Low,low,s,SpecialTopicsMiscellanyNeutral,0
—,—,s,,0
Medium,medium,s,SpecialTopicsMiscellanyNeutral,0
High,high,n,NegRelForsake,0
Desertion,desertion,s,NegRelForsake,1
Medium,medium,s,SpecialTopicsMiscellanyNeutral,0
High,high,n,DescriptVisualNeutral,0
Legal,legal,s,PubLawNeutral,0
complaints,complaints,s,NegActsPlaintive,0
Medium,medium,s,SpecialTopicsMiscellanyNeutral,0
Moderate,moderate,n,OtherOrphanedOther,0
Strikes,strikes,s,NegEmotionsOther,0
High,high,s,DescriptVisualNeutral,0
Periodic,periodic,n,OtherOrphanedOther,0
Cultural,cultural,s,SpecialTopicsMiscellanyNeutral,0
resistance,resistance,s,NegActsResist,0
Low,low,s,SpecialTopicsMiscellanyNeutral,0
Continuous,continuous,n,NarrDurationNeutral,0
Violent,violent,s,NegActsViolence,0
confrontation,confrontation,s,NegActsViolence,1
Extreme,extreme,s,ForcefulEmphaticNeutral,0
Rare,rare,n,ForcefulEmphaticNeutral,0
In,in,s,MetadiscourseCuesNeutral,0
Conclusion,conclusion,n,MetadiscourseCuesNeutral,1
Indentured,indentured,s,PubLawNeutral,0
labourers,labourers,s,CharTypesNeutral,0
were,were,s,NarrOtherNeutral,0
not,not,s,NegActsResist,0
passive,passive,s,NegActsVictimized,0
victims,victims,c,NegActsVictimized,1
.,.,s,NarrActsNeutral,0
They,they,s,NarrActsNeutral,1
resisted,resisted,s,NegActsResist,0
continuously,continuously,s,NarrDurationNeutral,0
—,—,s,,0
through,through,s,DescriptVisualNeutral,0
their,their,s,DescriptVisualNeutral,1
bodies,bodies,c,DescriptVisualNeutral,2
",",",",s,,0
labour,labour,c,,0
",",",",s,,0
language,language,c,SpecialTopicsMiscellanyNeutral,0
",",",",s,,0
movement,movement,c,SpecialTopicsMiscellanyNeutral,0
",",",",s,,0
and,and,s,OtherSyntacticComplexityOther,0
law,law,c,PubLawNeutral,0
.,.,s,InterCommandNeutral,0
Protest,protest,s,InterCommandNeutral,1
under,under,s,OtherOrphanedOther,0
indenture,indenture,s,PubLawNeutral,0
was,was,s,NarrOtherNeutral,0
shaped,shaped,s,OtherOrphanedOther,0
by,by,s,OtherOrphanedOther,0
repression,repression,c,NegActsResist,0
",",",",s,MetadiscourseContrastNeutral,0
but,but,s,MetadiscourseContrastNeutral,1
it,it,s,NarrOtherNeutral,0
was,was,s,NarrOtherNeutral,1
persistent,persistent,c,CharTraitsNeutral,0
",",",",s,,0
adaptive,adaptive,c,PosValuesAdaptive,0
",",",",s,,0
and,and,s,OtherSyntacticComplexityOther,0
collective,collective,c,StratCoordinationNeutral,0
.,.,n,,0
These,these,s,OtherOrphanedOther,0
actions,actions,c,NarrActsNeutral,0
:,:,n,,0
Disrupted,disrupted,s,NegRelDisrupt,0
plantation,plantation,s,SpecialTopicsMiscellanyNeutral,0
economies,economies,n,SpecialTopicsMiscellanyNeutral,1
Forced,forced,s,StratOtherNeutral,0
reforms,reforms,n,DescriptChangePos,0
Contributed,contributed,s,DescriptChangePos,0
to,to,s,DescriptChangePos,1
the,the,s,NarrSequenceNeutral,0
eventual,eventual,s,NarrSequenceNeutral,1
abolition,abolition,s,NegActsResist,0
of,of,s,OtherOrphanedOther,0
indenture,indenture,n,PubLawNeutral,0
Yes,yes,c,InterDialogueNeutral,0
.,.,s,,0
The,the,s,OtherOrphanedOther,0
caste,caste,s,SpecialTopicsMiscellanyNeutral,0
system,system,s,SpecialTopicsMiscellanyNeutral,1
did,did,s,NegActsNotSurvive,0
not,not,s,NegActsNotSurvive,1
survive,survive,s,NegActsNotSurvive,2
in,in,s,OtherOrphanedOther,0
Suriname,suriname,s,SpecialTopicsPlaceNeutral,0
in,in,s,OtherSyntacticComplexityOther,0
its,its,s,OtherSyntacticComplexityOther,1
orthodox,orthodox,s,CharTypesNeutral,0
Indian,indian,s,CharTypesNeutral,0
form,form,c,OtherOrphanedOther,0
",",",",s,MetadiscourseContrastNeutral,0
but,but,s,MetadiscourseContrastNeutral,1
it,it,s,ForcefulIntenseNeutral,0
did,did,s,ForcefulIntenseNeutral,1
reinvent,reinvent,s,NarrDurationNeutral,0
itself,itself,s,ForcefulEmphaticNeutral,0
in,in,s,OtherOrphanedOther,0
altered,altered,c,DescriptChangeNeutral,0
",",",",s,,0
negotiated,negotiated,c,PubDiplomacyNeutral,0
",",",",s,,0
and,and,s,OtherSyntacticComplexityOther,0
symbolic,symbolic,s,SpecialTopicsMiscellanyNeutral,0
ways,ways,c,DescriptObjectsNeutral,0
.,.,s,,0
Indenture,indenture,s,PubLawNeutral,0
dismantled,dismantled,s,NegActsDismantle,0
caste,caste,s,SpecialTopicsMiscellanyNeutral,0
as,as,s,OtherOrphanedOther,0
a,a,s,OtherOrphanedOther,1
rigid,rigid,s,SpecialTopicsMiscellanyNeutral,0
hierarchy,hierarchy,c,SpecialTopicsMiscellanyNeutral,1
",",",",s,NegActsResist,0
yet,yet,s,NegActsResist,1
elements,elements,s,SpecialTopicsMiscellanyNeutral,0
of,of,s,SpecialTopicsMiscellanyNeutral,1
caste,caste,s,SpecialTopicsMiscellanyNeutral,0
re-emerged,re-emerged,s,NarrDurationNeutral,0
as,as,s,OtherOrphanedOther,0
social,social,s,SpecialTopicsMiscellanyNeutral,0
memory,memory,c,SpecialTopicsMiscellanyNeutral,1
",",",",s,,0
cultural,cultural,s,SpecialTopicsMiscellanyNeutral,0
preference,preference,c,CharSubjectivityNeutral,0
",",",",s,,0
and,and,s,OtherSyntacticComplexityOther,0
status,status,s,SpecialTopicsMiscellanyNeutral,0
practice,practice,c,OtherOrphanedGenericActivity,0
",",",",s,,0
rather,rather,s,ExpoOtherNeutral,0
than,than,s,ExpoOtherNeutral,1
as,as,s,OtherOrphanedOther,0
enforceable,enforceable,s,StratOtherNeutral,0
law,law,c,StratOtherNeutral,1
.,.,n,SpecialTopicsMiscellanyNeutral,0
What,what,s,SpecialTopicsMiscellanyNeutral,1
developed,developed,s,SpecialTopicsMiscellanyNeutral,2
in,in,s,OtherOrphanedOther,0
Suriname,suriname,s,SpecialTopicsPlaceNeutral,0
was,was,s,NarrOtherNeutral,0
not,not,s,NegActsResist,0
caste,caste,s,SpecialTopicsMiscellanyNeutral,0
reproduction,reproduction,c,DescriptChangeNeutral,0
",",",",s,MetadiscourseContrastNeutral,0
but,but,s,MetadiscourseContrastNeutral,1
caste,caste,s,SpecialTopicsMiscellanyNeutral,0
transformation,transformation,c,DescriptChangeNeutral,0
.,.,n,,0
1,1,c,ExpoOtherNeutral,0
.,.,s,ExpoOtherNeutral,1
Why,why,s,InterQuestionNeutral,0
Orthodox,orthodox,s,CharTypesNeutral,0
Caste,caste,s,SpecialTopicsMiscellanyNeutral,0
Could,could,s,DescriptChangeNeg,0
Not,not,s,DescriptChangeNeg,1
Survive,survive,n,DescriptChangeNeg,2
Several,several,s,ExpoOtherNeutral,0
core,core,s,ContingentEventNeutral,0
conditions,conditions,s,ContingentEventNeutral,1
of,of,s,OtherOrphanedOther,0
caste,caste,s,SpecialTopicsMiscellanyNeutral,0
were,were,s,NarrOtherNeutral,0
structurally,structurally,s,SpecialTopicsMiscellanyNeutral,0
destroyed,destroyed,s,NegActsAggressive,0
by,by,s,OtherOrphanedOther,0
indenture,indenture,c,PubLawNeutral,0
:,:,n,,0
Kala,kala,s,CharNamesNeutral,0
pani,pani,s,CharNamesNeutral,0
(,(,c,OtherOrphanedOther,0
sea,sea,s,DescriptObjectsNeutral,0
crossing,crossing,c,DescriptVisualNeutral,0
),),s,OtherOrphanedOther,0
already,already,s,UpdatesOtherNeutral,0
implied,implied,s,ReasoningImplyNeutral,0
ritual,ritual,s,PubAdministrationNeutral,0
pollution,pollution,s,NegActsPollution,0
in,in,s,OtherOrphanedOther,0
orthodox,orthodox,s,CharTypesNeutral,0
Hindu,hindu,s,SpecialTopicsMiscellanyNeutral,0
thought,thought,n,CharMentalStatesNeutral,0
Mixed,mixed,s,StratCoordinationNeutral,0
recruitment,recruitment,s,StratCoordinationNeutral,1
from,from,s,ExpoComparisonNeutral,0
different,different,s,ExpoComparisonNeutral,1
castes,castes,c,SpecialTopicsMiscellanyNeutral,0
",",",",s,,0
regions,regions,c,SpecialTopicsPlaceNeutral,0
",",",",s,,0
and,and,s,OtherSyntacticComplexityOther,0
districts,districts,n,SpecialTopicsPlaceNeutral,0
Shipboard,shipboard,s,DescriptVisualNeutral,0
life,life,s,NarrBiographyNeutral,0
erased,erased,s,DescriptMotionNeutral,0
commensality,commensality,s,,0
rules,rules,s,PubAdministrationNeutral,0
(,(,c,OtherOrphanedOther,0
shared,shared,s,PosRelShare,0
food,food,c,PosRelShare,1
",",",",s,,0
water,water,c,DescriptObjectsNeutral,0
",",",",s,,0
space,space,c,SpecialTopicsMiscellanyNeutral,0
),),n,OtherOrphanedOther,0
Plantation,plantation,s,DescriptVisualNeutral,0
housing,housing,s,DescriptVisualNeutral,0
forced,forced,s,StratOtherNeutral,0
proximity,proximity,s,DescriptVisualNeutral,0
and,and,s,OtherSyntacticComplexityOther,0
interdependence,interdependence,n,SpecialTopicsMiscellanyNeutral,0
Colonial,colonial,s,PubLawNeutral,0
law,law,s,PubLawNeutral,1
ignored,ignored,s,NegRelIgnore,0
caste,caste,s,SpecialTopicsMiscellanyNeutral,0
entirely,entirely,n,ForcefulEmphaticNeutral,0
On,on,s,OtherOrphanedOther,0
plantations,plantations,c,DescriptVisualNeutral,0
",",",",s,,0
survival,survival,s,NarrTurningPointNeutral,0
overrode,overrode,s,ReasoningCriticizeNeg,0
ritual,ritual,s,SpecialTopicsMiscellanyNeutral,0
hierarchy,hierarchy,c,SpecialTopicsMiscellanyNeutral,1
.,.,n,,0
As,as,s,OtherOrphanedOther,0
many,many,s,ExpoOtherNeutral,0
testimonies,testimonies,s,PubAdministrationNeutral,0
state,state,s,OtherOrphanedOther,0
plainly,plainly,c,ConfidenceHighNeutral,0
:,:,n,,0
“,",c,,0
Caste,caste,s,SpecialTopicsMiscellanyNeutral,0
ended,ended,s,NarrSequenceNeutral,0
on,on,s,NarrSequenceNeutral,1
the,the,s,DescriptObjectsNeutral,0
ship,ship,c,DescriptObjectsNeutral,1
.,.,c,,0
”,",n,,0
2,2,c,ExpoOtherNeutral,0
.,.,s,ExpoOtherNeutral,1
What,what,s,OtherOrphanedOther,0
Replaced,replaced,s,ExpoOtherNeutral,0
Caste,caste,c,SpecialTopicsMiscellanyNeutral,0
:,:,s,,0
From,from,s,OtherOrphanedOther,0
Hierarchy,hierarchy,s,SpecialTopicsMiscellanyNeutral,0
to,to,s,OtherOrphanedOther,0
Identity,identity,n,SpecialTopicsMiscellanyNeutral,0
While,while,s,NarrDurationNeutral,0
caste,caste,s,SpecialTopicsMiscellanyNeutral,0
hierarchy,hierarchy,s,SpecialTopicsMiscellanyNeutral,1
collapsed,collapsed,c,NegActsCrash,0
",",",",s,,0
caste,caste,s,SpecialTopicsMiscellanyNeutral,0
identity,identity,s,SpecialTopicsMiscellanyNeutral,0
persisted,persisted,s,CharTraitsNeutral,0
in,in,s,CharTraitsNeutral,1
memory,memory,s,CharMentalStatesNeutral,0
and,and,s,OtherSyntacticComplexityOther,0
speech,speech,c,SpecialTopicsMiscellanyNeutral,0
.,.,n,,0
a,a,c,OtherOrphanedOther,0
.,.,s,OtherOrphanedOther,1
Caste,caste,s,SpecialTopicsMiscellanyNeutral,0
as,as,s,OtherOrphanedOther,0
Ancestral,ancestral,s,NarrOtherNeutral,0
Label,label,n,DescriptObjectsNeutral,0
People,people,s,CharTypesNeutral,0
continued,continued,s,NarrDurationNeutral,0
to,to,s,NarrDurationNeutral,1
name,name,s,SpecialTopicsMiscellanyNeutral,0
caste,caste,c,SpecialTopicsMiscellanyNeutral,0
:,:,n,,0
Brahmin,brahmin,n,SpecialTopicsMiscellanyNeutral,0
Kshatriya,kshatriya,s,,0
Thakur,thakur,n,,0
Kurmi,kurmi,n,,0
Chamar,chamar,n,,0
Ahir,ahir,c,,0
",",",",s,,0
etc,etc,c,OtherOrphanedOther,0
.,.,n,OtherOrphanedOther,1
But,but,s,MetadiscourseContrastNeutral,0
these,these,s,OtherOrphanedOther,0
labels,labels,s,DescriptObjectsNeutral,0
functioned,functioned,s,ExpoOtherNeutral,0
as,as,c,ExpoOtherNeutral,1
:,:,n,,0
Markers,markers,s,ExpoExampleNeutral,0
of,of,s,ExpoExampleNeutral,1
origin,origin,c,NarrSequenceNeutral,0
",",",",s,,0
not,not,s,NegActsResist,0
rank,rank,n,SpecialTopicsMiscellanyNeutral,0
Narratives,narratives,s,SpecialTopicsMiscellanyNeutral,0
of,of,s,OtherOrphanedOther,0
where,where,s,OtherOrphanedOther,0
one,one,s,,0
came,came,s,NarrSceneShiftNeutral,0
from,from,c,NarrSceneShiftNeutral,1
",",",",s,,0
not,not,s,NegActsResist,0
what,what,s,NegActsResist,1
one,one,s,,0
could,could,s,ContingentRelationshipNeutral,0
enforce,enforce,n,StratOtherNeutral,0
They,they,s,OtherOrphanedOther,0
were,were,s,NarrDurationNeutral,0
often,often,s,NarrDurationNeutral,1
invoked,invoked,s,PubCommunicationNeutral,0
retrospectively,retrospectively,c,,0
",",",",s,,0
not,not,s,NegActsResist,0
operationally,operationally,c,SpecialTopicsMiscellanyNeutral,0
.,.,n,,0
3,3,c,ExpoOtherNeutral,0
.,.,s,ExpoOtherNeutral,1
Marriage,marriage,c,SpecialTopicsMiscellanyNeutral,0
:,:,s,,0
The,the,s,OtherOrphanedOther,0
Strongest,strongest,s,ExpoComparisonNeutral,0
Site,site,s,DescriptVisualNeutral,0
of,of,s,OtherOrphanedOther,0
Reinvention,reinvention,n,NarrDurationNeutral,0
Endogamy,endogamy,s,SpecialTopicsMiscellanyNeutral,0
(,(,c,OtherOrphanedOther,0
Selective,selective,c,NegRelSuspicion,0
",",",",s,,0
Not,not,s,NegActsResist,0
Absolute,absolute,c,ForcefulIntenseNeutral,0
),),n,OtherOrphanedOther,0
Marriage,marriage,s,SpecialTopicsMiscellanyNeutral,0
became,became,s,DescriptChangeNeutral,0
the,the,s,DescriptChangeNeutral,1
primary,primary,s,SpecialTopicsMiscellanyNeutral,0
arena,arena,s,DescriptVisualNeutral,0
where,where,s,OtherOrphanedOther,0
caste,caste,s,SpecialTopicsMiscellanyNeutral,0
found,found,s,OtherOrphanedOther,0
expression,expression,c,DescriptVisualNeutral,0
.,.,n,,0
Families,families,s,SpecialTopicsMiscellanyNeutral,0
expressed,expressed,s,CharSubjectivityNeutral,0
preferences,preferences,c,CharSubjectivityNeutral,1
",",",",s,,0
not,not,s,NegActsResist,0
prohibitions,prohibitions,n,NegActsResist,0
Caste,caste,s,SpecialTopicsMiscellanyNeutral,0
compatibility,compatibility,s,PosValuesOther,0
mattered,mattered,s,ForcefulEmphaticNeutral,0
more,more,s,ExpoComparisonNeutral,0
among,among,c,OtherOrphanedOther,0
:,:,n,,0
Post-indenture,post-indenture,s,,0
landowners,landowners,n,CharTypesNeutral,0
Religious,religious,s,CharTypesNeutral,0
specialists,specialists,n,CharTypesNeutral,1
Inter-caste,inter-caste,s,,0
marriages,marriages,s,SpecialTopicsMiscellanyNeutral,0
were,were,s,ExpoOtherNeutral,0
common,common,c,ExpoOtherNeutral,1
",",",",s,,0
especially,especially,s,ForcefulEmphaticNeutral,0
in,in,s,NarrSequenceNeutral,0
early,early,s,NarrSequenceNeutral,1
generations,generations,n,SpecialTopicsMiscellanyNeutral,0
Caste,caste,s,SpecialTopicsMiscellanyNeutral,0
ideals,ideals,s,PosValuesIdeal,0
softened,softened,s,DescriptChangeNeutral,0
into,into,s,OtherOrphanedOther,0
respectability,respectability,s,PosValuesPropriety,0
politics,politics,s,PubPoliticsNeutral,0
rather,rather,s,ExpoOtherNeutral,0
than,than,s,ExpoOtherNeutral,1
strict,strict,s,StratCompetitionNeutral,0
control,control,c,StratCompetitionNeutral,1
.,.,n,,0
4,4,c,ExpoOtherNeutral,0
.,.,s,ExpoOtherNeutral,1
Religious,religious,s,CharTraitsNeutral,0
Authority,authority,s,PubAdministrationNeutral,0
and,and,s,OtherSyntacticComplexityOther,0
Brahminhood,brahminhood,n,,0
Reinvented,reinvented,s,NarrDurationNeutral,0
Brahmin,brahmin,s,SpecialTopicsMiscellanyNeutral,0
Status,status,n,SpecialTopicsMiscellanyNeutral,0
Brahmins,brahmins,s,,0
lost,lost,s,NegActsLose,0
ritual,ritual,s,PubAdministrationNeutral,0
monopoly,monopoly,s,StratCompetitionNeutral,0
but,but,s,MetadiscourseContrastNeutral,0
reinvented,reinvented,s,NarrDurationNeutral,0
authority,authority,s,PubAdministrationNeutral,0
through,through,c,OtherOrphanedOther,0
:,:,n,,0
Literacy,literacy,n,SpecialTopicsMiscellanyNeutral,0
Religious,religious,s,SpecialTopicsMiscellanyNeutral,0
knowledge,knowledge,n,SpecialTopicsMiscellanyNeutral,1
Leadership,leadership,s,StratOtherNeutral,0
in,in,s,OtherOrphanedOther,0
temples,temples,s,DescriptVisualNeutral,0
and,and,s,OtherSyntacticComplexityOther,0
ceremonies,ceremonies,n,PubAdministrationNeutral,0
Brahminhood,brahminhood,s,,0
became,became,c,DescriptChangeNeutral,0
:,:,n,,0
Functional,functional,c,PosValuesOther,0
",",",",s,,0
not,not,s,NegActsResist,0
hereditary,hereditary,n,SpecialTopicsMiscellanyNeutral,0
Based,based,s,ReasoningPremiseNeutral,0
on,on,s,ReasoningPremiseNeutral,1
learning,learning,s,InquiryLearningNeutral,0
and,and,s,OtherSyntacticComplexityOther,0
conduct,conduct,n,NarrActsNeutral,0
Open,open,s,NarrSequenceNeutral,0
to,to,s,NarrSequenceNeutral,1
challenge,challenge,n,CharTraitsNeutral,0
Non-Brahmins,non-brahmins,s,SpecialTopicsMiscellanyNeutral,0
frequently,frequently,s,NarrDurationNeutral,0
performed,performed,s,NarrActsNeutral,0
rituals,rituals,c,NarrActsNeutral,1
",",",",s,,0
a,a,s,ForcefulEmphaticNeutral,0
major,major,s,ForcefulEmphaticNeutral,1
break,break,s,NegActsBreak,0
from,from,s,NegActsBreak,1
orthodoxy,orthodoxy,c,CharTypesNeutral,0
.,.,n,,0
5,5,c,ExpoOtherNeutral,0
.,.,s,ExpoOtherNeutral,1
Caste,caste,c,SpecialTopicsMiscellanyNeutral,0
",",",",s,,0
Land,land,c,SpecialTopicsPlaceNeutral,0
",",",",s,,0
and,and,s,OtherSyntacticComplexityOther,0
Class,class,n,SpecialTopicsMiscellanyNeutral,0
Over,over,s,NarrOtherNeutral,0
time,time,c,NarrOtherNeutral,1
",",",",s,,0
class,class,s,SpecialTopicsMiscellanyNeutral,0
replaced,replaced,s,ExpoOtherNeutral,0
caste,caste,s,SpecialTopicsMiscellanyNeutral,0
as,as,s,OtherOrphanedOther,0
the,the,s,OtherOrphanedOther,1
primary,primary,s,SpecialTopicsMiscellanyNeutral,0
hierarchy,hierarchy,c,SpecialTopicsMiscellanyNeutral,1
.,.,n,,0
Land,land,s,SpecialTopicsPlaceNeutral,0
ownership,ownership,s,PubLawNeutral,0
became,became,s,DescriptChangeNeutral,0
a,a,s,DescriptChangeNeutral,1
new,new,s,NarrImmediacyNeutral,0
marker,marker,s,ExpoExampleNeutral,0
of,of,s,ExpoExampleNeutral,1
status,status,n,SpecialTopicsMiscellanyNeutral,0
Prosperous,prosperous,s,DescriptChangePos,0
farmers,farmers,s,DescriptChangePos,0
gained,gained,s,DescriptChangePos,1
influence,influence,s,StratCoordinationNeutral,0
regardless,regardless,s,MetadiscourseOtherNeutral,0
of,of,s,MetadiscourseOtherNeutral,1
caste,caste,s,SpecialTopicsMiscellanyNeutral,0
origin,origin,n,NarrSequenceNeutral,0
Poor,poor,s,NegValuesPoor,0
Brahmins,brahmins,s,NegValuesPoor,1
held,held,s,OtherOrphanedOther,0
little,little,s,DescriptVisualNeutral,0
authority,authority,s,PubAdministrationNeutral,0
without,without,s,ForcefulEmphaticNeutral,0
resources,resources,n,SpecialTopicsMiscellanyNeutral,0
Caste,caste,s,SpecialTopicsMiscellanyNeutral,0
prestige,prestige,s,PosValuesOther,0
followed,followed,s,NarrSequenceNeutral,0
economic,economic,s,PosActsAchieve,0
success,success,c,PosActsAchieve,1
",",",",s,,0
not,not,s,NegActsResist,0
the,the,s,NegActsResist,1
other,other,s,,0
way,way,s,DescriptObjectsNeutral,0
around,around,c,OtherOrphanedOther,0
.,.,n,,0
6,6,c,ExpoOtherNeutral,0
.,.,s,ExpoOtherNeutral,1
Language,language,s,SpecialTopicsMiscellanyNeutral,0
and,and,s,OtherSyntacticComplexityOther,0
Everyday,everyday,s,NarrDurationNeutral,0
Speech,speech,n,SpecialTopicsMiscellanyNeutral,0
Caste,caste,s,SpecialTopicsMiscellanyNeutral,0
survived,survived,s,NarrBiographyNeutral,0
subtly,subtly,s,ReasoningAnalyzeNeutral,0
in,in,c,OtherOrphanedOther,0
:,:,n,,0
Proverbs,proverbs,n,ExpoOtherNeutral,0
Jokes,jokes,n,NegActsAggressive,0
Insults,insults,n,NegActsAggressive,1
Marriage,marriage,s,PubDiplomacyNeutral,0
negotiations,negotiations,n,PubDiplomacyNeutral,1
But,but,s,MetadiscourseContrastNeutral,0
these,these,s,MetadiscourseOtherNeutral,0
were,were,c,MetadiscourseOtherNeutral,1
:,:,n,,0
Informal,informal,n,SpecialTopicsMiscellanyNeutral,0
Context-dependent,context-dependent,n,SpecialTopicsMiscellanyNeutral,0
Often,often,s,NarrDurationNeutral,0
ironic,ironic,s,InquiryOtherNeutral,0
or,or,s,OtherSyntacticComplexityOther,0
diluted,diluted,n,DescriptChangeNeutral,0
Importantly,importantly,c,MetadiscourseOtherNeutral,0
",",",",s,MetadiscourseOtherNeutral,1
caste-based,caste-based,s,SpecialTopicsMiscellanyNeutral,0
exclusion,exclusion,s,StratActsNeg,0
in,in,s,OtherOrphanedOther,0
work,work,c,OtherOrphanedOther,0
",",",",s,,0
housing,housing,c,DescriptVisualNeutral,0
",",",",s,,0
or,or,s,OtherSyntacticComplexityOther,0
law,law,s,PubLawNeutral,0
did,did,s,NegActsResist,0
not,not,s,NegActsResist,1
exist,exist,c,NarrActsNeutral,0
.,.,n,,0
7,7,c,ExpoOtherNeutral,0
.,.,s,ExpoOtherNeutral,1
Gender,gender,s,SpecialTopicsMiscellanyNeutral,0
and,and,s,OtherSyntacticComplexityOther,0
Caste,caste,n,SpecialTopicsMiscellanyNeutral,0
Women,women,s,CharTypesNeutral,0
experienced,experienced,s,NarrActsNeutral,0
caste,caste,s,SpecialTopicsMiscellanyNeutral,0
reinvention,reinvention,s,NarrDurationNeutral,0
unevenly,unevenly,c,NegValuesUneven,0
.,.,n,,0
Women’s,women’s,s,CharTypesNeutral,0
sexuality,sexuality,s,SpecialTopicsMiscellanyNeutral,0
became,became,s,DescriptChangeNeutral,0
a,a,s,DescriptChangeNeutral,1
site,site,s,DescriptVisualNeutral,0
of,of,s,OtherOrphanedOther,0
“,",c,,0
honour,honour,c,PosValuesHonor,0
”,",s,,0
discourse,discourse,n,InterOtherNeutral,0
Marriage,marriage,s,SpecialTopicsMiscellanyNeutral,0
choices,choices,s,CharTraitsNeutral,0
were,were,s,PubLawNeutral,0
policed,policed,s,PubLawNeutral,1
more,more,s,ExpoComparisonNeutral,0
than,than,s,ExpoComparisonNeutral,1
men’s,men’s,n,CharTypesNeutral,0
Widows,widows,s,CharTypesNeutral,0
and,and,s,OtherSyntacticComplexityOther,0
single,single,s,CharTypesNeutral,0
women,women,s,CharTypesNeutral,1
moved,moved,s,DescriptMotionNeutral,0
across,across,s,DescriptMotionNeutral,1
caste,caste,s,SpecialTopicsMiscellanyNeutral,0
boundaries,boundaries,s,SpecialTopicsMiscellanyNeutral,0
more,more,s,ExpoComparisonNeutral,0
freely,freely,n,CharSubjectivityNeutral,0
Thus,thus,c,ReasoningConcludeNeutral,0
",",",",s,,0
caste,caste,s,SpecialTopicsMiscellanyNeutral,0
expression,expression,s,DescriptVisualNeutral,0
was,was,s,NarrOtherNeutral,0
gendered,gendered,c,SpecialTopicsMiscellanyNeutral,0
",",",",s,MetadiscourseContrastNeutral,0
but,but,s,MetadiscourseContrastNeutral,1
less,less,s,ExpoComparisonNeutral,0
rigid,rigid,s,ExpoComparisonNeutral,1
than,than,s,ExpoComparisonNeutral,2
in,in,s,OtherOrphanedOther,0
India,india,c,SpecialTopicsPlaceNeutral,0
.,.,n,,0
8,8,c,ExpoOtherNeutral,0
.,.,s,ExpoOtherNeutral,1
Comparison,comparison,s,ExpoComparisonNeutral,0
with,with,s,ExpoComparisonNeutral,1
India,india,n,SpecialTopicsPlaceNeutral,0
Aspect,aspect,s,SpecialTopicsMiscellanyNeutral,0
India,india,s,SpecialTopicsPlaceNeutral,0
Suriname,suriname,n,SpecialTopicsPlaceNeutral,0
Legal,legal,s,StratOtherNeutral,0
enforcement,enforcement,s,StratOtherNeutral,1
Social,social,s,,0
+,+,s,,0
religious,religious,s,CharTraitsNeutral,0
None,none,n,NegActsResist,0
Commensality,commensality,s,,0
rules,rules,s,PubAdministrationNeutral,0
Strict,strict,s,PubAdministrationNeutral,0
Absent,absent,n,ForcefulEmphaticNeutral,0
Occupational,occupational,s,SpecialTopicsMiscellanyNeutral,0
fixation,fixation,s,CharMentalStatesNeg,0
Strong,strong,s,PosValuesStrong,0
Broken,broken,n,NegEmotionsBroken,0
Marriage,marriage,s,NegEmotionsBroken,1
Highly,highly,s,ForcefulIntenseNeutral,0
regulated,regulated,s,PubAdministrationNeutral,0
Negotiated,negotiated,n,PubDiplomacyNeutral,0
Social,social,s,SpecialTopicsMiscellanyNeutral,0
mobility,mobility,s,SpecialTopicsMiscellanyNeutral,1
Limited,limited,s,SpecialTopicsMiscellanyNeutral,0
High,high,n,DescriptVisualNeutral,0
9,9,c,ExpoOtherNeutral,0
.,.,s,ExpoOtherNeutral,1
How,how,s,OtherOrphanedOther,0
People,people,s,CharTypesNeutral,0
Remembered,remembered,s,CharMentalStatesNeutral,0
It,it,n,,0
Many,many,s,ExpoOtherNeutral,0
Indo-Surinamese,indo-surinamese,s,,0
later,later,s,NarrTimeShiftNeutral,0
reflected,reflected,c,OtherOrphanedOther,0
:,:,n,,0
That,that,s,OtherOrphanedOther,0
caste,caste,s,SpecialTopicsMiscellanyNeutral,0
“,",c,,0
mattered,mattered,s,ForcefulEmphaticNeutral,0
less,less,c,ExpoComparisonNeutral,0
”,",n,,0
That,that,s,OtherOrphanedOther,0
dignity,dignity,s,PosValuesDignity,0
came,came,s,NarrSceneShiftNeutral,0
from,from,s,NarrSceneShiftNeutral,1
survival,survival,c,NarrTurningPointNeutral,0
",",",",s,,0
not,not,s,NegActsResist,0
rank,rank,n,SpecialTopicsMiscellanyNeutral,0
That,that,s,OtherOrphanedOther,0
jahajin,jahajin,s,,0
(,(,c,OtherOrphanedOther,0
ship-sibling,ship-sibling,c,,0
),),s,OtherOrphanedOther,0
bonds,bonds,s,OtherOrphanedOther,0
replaced,replaced,s,ExpoOtherNeutral,0
jati,jati,s,SpecialTopicsMiscellanyNeutral,0
ties,ties,n,OtherOrphanedOther,0
This,this,s,OtherOrphanedOther,0
memory,memory,s,CharMentalStatesNeutral,0
itself,itself,s,ForcefulEmphaticNeutral,0
is,is,s,OtherOrphanedOther,0
a,a,s,DescriptObjectsNeutral,0
form,form,s,DescriptObjectsNeutral,1
of,of,s,OtherOrphanedOther,0
diasporic,diasporic,s,SpecialTopicsMiscellanyNeutral,0
caste,caste,s,SpecialTopicsMiscellanyNeutral,0
critique,critique,c,ReasoningCriticizeNeg,0
.,.,n,,0
In,in,s,MetadiscourseCuesNeutral,0
Summary,summary,n,MetadiscourseCuesNeutral,1
Caste,caste,s,SpecialTopicsMiscellanyNeutral,0
in,in,s,OtherOrphanedOther,0
Suriname,suriname,s,SpecialTopicsPlaceNeutral,0
was,was,s,NarrOtherNeutral,0
neither,neither,s,NegActsResist,0
preserved,preserved,s,OtherOrphanedOther,0
nor,nor,s,MetadiscourseContrastNeutral,0
erased,erased,s,DescriptMotionNeutral,0
—,—,s,,0
it,it,s,NarrOtherNeutral,0
was,was,s,NarrOtherNeutral,1
transformed,transformed,c,DescriptChangeNeutral,0
.,.,n,,0
Hierarchy,hierarchy,s,NegActsCollapse,0
collapsed,collapsed,n,NegActsCollapse,1
Identity,identity,s,SpecialTopicsMiscellanyNeutral,0
persisted,persisted,n,NarrDurationNeutral,0
Practice,practice,s,OtherOrphanedGenericActivity,0
softened,softened,s,DescriptChangeNeutral,0
into,into,s,OtherOrphanedOther,0
preference,preference,n,CharSubjectivityNeutral,0
Class,class,s,SpecialTopicsMiscellanyNeutral,0
replaced,replaced,s,ExpoOtherNeutral,0
ritual,ritual,s,PubAdministrationNeutral,0
rank,rank,n,SpecialTopicsMiscellanyNeutral,0
Brahminhood,brahminhood,s,,0
became,became,s,DescriptChangeNeutral,0
functional,functional,n,PosValuesOther,0
Marriage,marriage,s,SpecialTopicsMiscellanyNeutral,0
remained,remained,s,NarrDurationNeutral,0
the,the,s,UpdatesOtherNeutral,0
main,main,s,UpdatesOtherNeutral,1
site,site,s,DescriptVisualNeutral,0
of,of,s,OtherOrphanedOther,0
expression,expression,n,DescriptVisualNeutral,0
Indenture,indenture,s,PubLawNeutral,0
did,did,s,NegActsResist,0
not,not,s,NegActsResist,1
carry,carry,s,OtherOrphanedOther,0
caste,caste,s,SpecialTopicsMiscellanyNeutral,0
intact,intact,s,PosValuesSafeguard,0
across,across,s,DescriptVisualNeutral,0
the,the,s,DescriptVisualNeutral,1
ocean,ocean,s,DescriptVisualNeutral,2
—,—,s,,0
it,it,s,,0
forced,forced,s,StratOtherNeutral,0
it,it,s,,0
to,to,s,OtherOrphanedOther,0
adapt,adapt,c,DescriptChangeNeutral,0
",",",",s,,0
fragment,fragment,c,DescriptObjectsNeutral,0
",",",",s,,0
and,and,s,OtherSyntacticComplexityOther,0
renegotiate,renegotiate,c,NarrDurationNeutral,0
",",",",s,,0
producing,producing,s,NarrActsNeutral,0
a,a,s,NarrActsNeutral,1
distinctly,distinctly,s,ConfidenceHighNeutral,0
diasporic,diasporic,s,SpecialTopicsMiscellanyNeutral,0
social,social,s,SpecialTopicsMiscellanyNeutral,0
order,order,c,SpecialTopicsMiscellanyNeutral,1
.,.,n,MetadiscourseOtherNeutral,0
Among,among,s,MetadiscourseOtherNeutral,1
the,the,s,MetadiscourseOtherNeutral,2
Indian,indian,s,CharTypesNeutral,0
(,(,c,OtherOrphanedOther,0
Hindostani,hindostani,c,,0
),),s,OtherOrphanedOther,0
community,community,s,SpecialTopicsMiscellanyNeutral,0
in,in,s,OtherOrphanedOther,0
Suriname,suriname,c,SpecialTopicsPlaceNeutral,0
",",",",s,,0
the,the,s,OtherOrphanedOther,0
indenture,indenture,s,SpecialTopicsMiscellanyNeutral,0
system,system,s,SpecialTopicsMiscellanyNeutral,1
is,is,s,CharMentalStatesNeutral,0
remembered,remembered,s,CharMentalStatesNeutral,1
neither,neither,s,NegActsResist,0
simply,simply,s,ConfidenceHighNeutral,0
as,as,s,OtherOrphanedOther,0
victimhood,victimhood,s,NegActsAggressive,0
nor,nor,s,MetadiscourseContrastNeutral,0
as,as,s,MetadiscourseContrastNeutral,1
triumph,triumph,c,StratCompetitionPos,0
",",",",s,MetadiscourseContrastNeutral,0
but,but,s,MetadiscourseContrastNeutral,1
as,as,s,OtherOrphanedOther,0
a,a,s,OtherOrphanedOther,1
foundational,foundational,s,NegActsTrauma,0
trauma,trauma,s,NegActsTrauma,1
that,that,s,OtherOrphanedOther,0
enabled,enabled,s,FacilitateEnablePos,0
survival,survival,c,NarrTurningPointNeutral,0
",",",",s,,0
settlement,settlement,c,PosRelAgree,0
",",",",s,,0
and,and,s,OtherSyntacticComplexityOther,0
community,community,s,SpecialTopicsMiscellanyNeutral,0
formation,formation,c,SpecialTopicsMiscellanyNeutral,1
.,.,s,,0
Its,its,s,NarrBiographyNeutral,0
legacy,legacy,s,NarrBiographyNeutral,1
is,is,s,OtherOrphanedOther,0
complex,complex,c,SpecialTopicsMiscellanyNeutral,0
",",",",s,,0
emotionally,emotionally,s,SpecialTopicsMiscellanyNeutral,0
layered,layered,c,SpecialTopicsMiscellanyNeutral,0
",",",",s,,0
and,and,s,OtherSyntacticComplexityOther,0
politically,politically,s,PubPoliticsNeutral,0
significant,significant,c,ForcefulSignificantNeutral,0
.,.,n,,0
Indenture,indenture,s,PubLawNeutral,0
is,is,s,OtherOrphanedOther,0
recalled,recalled,s,CharMentalStatesNeutral,0
as,as,s,OtherOrphanedOther,0
suffering,suffering,s,NegEmotionsSuffer,0
that,that,s,NarrOtherNeutral,0
had,had,s,NarrOtherNeutral,1
meaning,meaning,s,SpecialTopicsMiscellanyNeutral,0
only,only,s,ReasoningPremiseNeutral,0
because,because,s,ReasoningPremiseNeutral,1
descendants,descendants,s,UncertaintyIndefiniteNeutral,0
endured,endured,s,CharTraitsNeutral,0
and,and,s,OtherSyntacticComplexityOther,0
transformed,transformed,s,DescriptChangeNeutral,0
it,it,c,,0
.,.,n,,0
1,1,c,ExpoOtherNeutral,0
.,.,s,ExpoOtherNeutral,1
How,how,s,OtherOrphanedOther,0
Indenture,indenture,s,PubLawNeutral,0
Is,is,s,CharMentalStatesNeutral,0
Remembered,remembered,c,CharMentalStatesNeutral,1
:,:,s,,0
Core,core,s,CharSubjectivityNeutral,0
Attitudes,attitudes,n,CharSubjectivityNeutral,1
a,a,c,OtherOrphanedOther,0
.,.,s,OtherOrphanedOther,1
As,as,s,OtherOrphanedOther,0
Exploitation,exploitation,s,NegActsAggressive,0
and,and,s,OtherSyntacticComplexityOther,0
Injustice,injustice,n,NegValuesInjustice,0
There,there,s,OtherSyntacticComplexityOther,0
is,is,s,OtherSyntacticComplexityOther,1
broad,broad,s,PosRelConsensus,0
consensus,consensus,s,PosRelConsensus,1
that,that,s,OtherOrphanedOther,0
indenture,indenture,s,PubLawNeutral,0
was,was,c,NarrOtherNeutral,0
:,:,n,,0
Coercive,coercive,s,NegActsCoercive,0
rather,rather,s,ExpoOtherNeutral,0
than,than,s,ExpoOtherNeutral,1
genuinely,genuinely,s,CharTraitsNeutral,0
voluntary,voluntary,n,CharTraitsNeutral,1
Marked,marked,s,ForcefulEmphaticNeutral,0
by,by,s,ForcefulEmphaticNeutral,1
violence,violence,c,NegActsViolence,0
",",",",s,,0
hunger,hunger,c,NegEmotionsOther,0
",",",",s,,0
humiliation,humiliation,c,NegEmotionsHumiliate,0
",",",",s,,0
and,and,s,OtherSyntacticComplexityOther,0
legal,legal,s,NegValuesInequality,0
inequality,inequality,n,NegValuesInequality,1
A,a,s,OtherOrphanedOther,0
system,system,s,SpecialTopicsMiscellanyNeutral,0
that,that,s,OtherOrphanedOther,0
replaced,replaced,s,SpecialTopicsMiscellanyNeutral,0
slavery,slavery,s,SpecialTopicsMiscellanyNeutral,1
in,in,s,OtherOrphanedOther,0
form,form,s,OtherOrphanedOther,0
but,but,s,MetadiscourseContrastNeutral,0
not,not,s,NegActsResist,0
in,in,s,OtherOrphanedOther,0
spirit,spirit,n,SpecialTopicsMiscellanyNeutral,0
Older,older,s,ExpoComparisonNeutral,0
oral,oral,s,ExpoOtherNeutral,0
histories,histories,s,ExpoOtherNeutral,1
and,and,s,OtherSyntacticComplexityOther,0
community,community,s,SpecialTopicsMiscellanyNeutral,0
narratives,narratives,s,SpecialTopicsMiscellanyNeutral,1
emphasize,emphasize,c,ForcefulEmphaticNeutral,0
:,:,n,,0
Deception,deception,s,NegRelTrickery,0
at,at,s,OtherOrphanedOther,0
recruitment,recruitment,n,StratCoordinationNeutral,0
Brutality,brutality,s,NegActsAggressive,0
on,on,s,OtherOrphanedOther,0
plantations,plantations,n,DescriptVisualNeutral,0
Criminalization,criminalization,s,DescriptChangeNeg,0
of,of,s,OtherOrphanedOther,0
everyday,everyday,s,NarrDurationNeutral,0
survival,survival,n,NarrTurningPointNeutral,0
Indenture,indenture,s,PubLawNeutral,0
is,is,s,NarrDurationNeutral,0
often,often,s,NarrDurationNeutral,1
described,described,s,DescriptOtherNeutral,0
as,as,s,DescriptOtherNeutral,1
“,",c,,0
legalized,legalized,s,DescriptChangeNeutral,0
suffering,suffering,c,NegEmotionsSuffer,0
.,.,c,,0
”,",n,,0
b,b,c,OtherOrphanedOther,0
.,.,s,OtherOrphanedOther,1
As,as,s,OtherOrphanedOther,0
Ancestral,ancestral,s,SpecialTopicsMiscellanyNeutral,0
Sacrifice,sacrifice,n,SpecialTopicsMiscellanyNeutral,1
At,at,s,NarrSimultaneityNeutral,0
the,the,s,NarrSimultaneityNeutral,1
same,same,s,NarrSimultaneityNeutral,2
time,time,c,NarrSimultaneityNeutral,3
",",",",s,,0
indenture,indenture,s,PubLawNeutral,0
is,is,s,NarrOtherNeutral,0
remembered,remembered,s,NarrOtherNeutral,1
as,as,c,NarrOtherNeutral,2
:,:,n,,0
The,the,s,OtherOrphanedOther,0
sacrifice,sacrifice,s,NegRelForego,0
that,that,s,OtherOrphanedOther,0
made,made,s,NarrActsNeutral,0
the,the,s,OtherOrphanedOther,0
community’s,community’s,s,,0
existence,existence,s,,0
in,in,s,OtherOrphanedOther,0
Suriname,suriname,s,SpecialTopicsPlaceNeutral,0
possible,possible,n,ConfidenceHedgedNeutral,0
The,the,s,OtherOrphanedOther,0
price,price,s,SpecialTopicsMiscellanyNeutral,0
paid,paid,s,OtherOrphanedOther,0
for,for,s,OtherOrphanedOther,1
land,land,c,SpecialTopicsPlaceNeutral,0
",",",",s,,0
language,language,c,SpecialTopicsMiscellanyNeutral,0
",",",",s,,0
religion,religion,c,SpecialTopicsMiscellanyNeutral,0
",",",",s,,0
and,and,s,OtherSyntacticComplexityOther,0
continuity,continuity,n,NarrOtherNeutral,0
A,a,s,StratCoordinationPos,0
common,common,s,StratCoordinationPos,1
intergenerational,intergenerational,s,SpecialTopicsMiscellanyNeutral,0
sentiment,sentiment,s,CharMentalStatesNeutral,0
is,is,c,OtherOrphanedOther,0
:,:,n,,0
“,",c,,0
They,they,s,OtherOrphanedOther,0
suffered,suffered,s,NegEmotionsSuffer,0
so,so,s,ReasoningPremiseNeutral,0
we,we,s,ReasoningPremiseNeutral,1
could,could,s,ReasoningPremiseNeutral,2
stand,stand,c,OtherOrphanedOther,0
.,.,c,,0
”,",n,,0
This,this,s,OtherOrphanedOther,0
framing,framing,s,OtherOrphanedOther,0
does,does,s,NegActsResist,0
not,not,s,NegActsResist,1
justify,justify,s,ReasoningDefendPos,0
indenture,indenture,c,PubLawNeutral,0
",",",",s,MetadiscourseContrastNeutral,0
but,but,s,MetadiscourseContrastNeutral,1
gives,gives,s,OtherOrphanedOther,0
moral,moral,s,PosValuesOther,0
meaning,meaning,s,CharTraitsNeutral,0
to,to,s,CharTraitsNeutral,1
endurance,endurance,c,PosValuesStamina,0
.,.,n,,0
2,2,c,ExpoOtherNeutral,0
.,.,s,ExpoOtherNeutral,1
The,the,s,OtherOrphanedOther,0
Jahajin,jahajin,s,,0
Memory,memory,c,CharMentalStatesNeutral,0
:,:,s,,0
Community,community,s,SpecialTopicsMiscellanyNeutral,0
over,over,s,OtherOrphanedOther,0
Caste,caste,n,SpecialTopicsMiscellanyNeutral,0
One,one,s,OtherSyntacticComplexityOther,0
of,of,s,OtherSyntacticComplexityOther,1
the,the,s,OtherSyntacticComplexityOther,2
strongest,strongest,s,NarrOtherPos,0
legacies,legacies,s,NarrOtherPos,1
is,is,s,OtherOrphanedOther,0
the,the,s,OtherOrphanedOther,0
jahajin,jahajin,s,,0
ethic,ethic,s,PosValuesOther,0
(,(,c,OtherOrphanedOther,0
ship-siblinghood,ship-siblinghood,c,,0
),),c,OtherOrphanedOther,0
.,.,n,,0
Shared,shared,s,OtherOrphanedOther,0
ship,ship,s,DescriptObjectsNeutral,0
and,and,s,OtherSyntacticComplexityOther,0
plantation,plantation,s,DescriptVisualNeutral,0
experiences,experiences,s,NarrActsNeutral,0
replaced,replaced,s,ExpoOtherNeutral,0
caste,caste,s,SpecialTopicsMiscellanyNeutral,0
hierarchies,hierarchies,n,SpecialTopicsMiscellanyNeutral,1
Mutual,mutual,s,StratCoordinationPos,0
aid,aid,c,StratCoordinationPos,1
",",",",s,,0
food-sharing,food-sharing,c,,0
",",",",s,,0
childcare,childcare,c,SpecialTopicsMiscellanyNeutral,0
",",",",s,,0
and,and,s,OtherSyntacticComplexityOther,0
protection,protection,s,StratCoordinationNeutral,0
were,were,s,ExpoOtherNeutral,0
essential,essential,n,ExpoOtherNeutral,1
Community,community,s,SpecialTopicsMiscellanyNeutral,0
survival,survival,s,SpecialTopicsMiscellanyNeutral,1
took,took,s,ReasoningOtherNeutral,0
precedence,precedence,s,ReasoningOtherNeutral,1
over,over,s,ReasoningOtherNeutral,2
ritual,ritual,s,PubAdministrationNeutral,0
purity,purity,n,PosValuesSafeguard,0
This,this,s,OtherOrphanedOther,0
memory,memory,s,CharMentalStatesNeutral,0
is,is,s,NarrDurationNeutral,0
often,often,s,NarrDurationNeutral,1
contrasted,contrasted,s,MetadiscourseContrastNeutral,0
with,with,s,MetadiscourseContrastNeutral,1
India,india,c,SpecialTopicsPlaceNeutral,0
:,:,n,,0
“,",c,,0
Here,here,c,NarrImmediacyNeutral,0
",",",",s,NarrImmediacyNeutral,1
we,we,s,OtherOrphanedOther,0
became,became,s,DescriptChangeNeutral,0
one,one,s,StratCoordinationPos,0
people,people,c,StratCoordinationPos,1
.,.,c,,0
”,",n,,0
The,the,s,OtherOrphanedOther,0
jahajin,jahajin,s,,0
ideal,ideal,s,PosValuesIdeal,0
remains,remains,s,NarrDurationNeutral,0
a,a,s,OtherOrphanedOther,0
moral,moral,s,PosValuesOther,0
reference,reference,s,SpecialTopicsMiscellanyNeutral,0
point,point,s,SpecialTopicsMiscellanyNeutral,1
in,in,s,OtherOrphanedOther,0
community,community,s,SpecialTopicsMiscellanyNeutral,0
storytelling,storytelling,c,SpecialTopicsMiscellanyNeutral,1
.,.,n,,0
3,3,c,ExpoOtherNeutral,0
.,.,s,ExpoOtherNeutral,1
Cultural,cultural,s,NarrOtherNeutral,0
Legacy,legacy,n,NarrOtherNeutral,1
4,4,n,ExpoOtherNeutral,0
a,a,c,OtherOrphanedOther,0
.,.,s,OtherOrphanedOther,1
Language,language,n,SpecialTopicsMiscellanyNeutral,0
Bhojpuri,bhojpuri,s,,0
evolved,evolved,s,DescriptChangeNeutral,0
into,into,s,DescriptChangeNeutral,1
Sarnami,sarnami,s,,0
Hindustani,hindustani,n,,0
Though,though,s,MetadiscourseContrastNeutral,0
less,less,s,ExpoComparisonNeutral,0
used,used,s,NarrActsNeutral,0
daily,daily,s,NarrDurationNeutral,0
today,today,c,NarrImmediacyNeutral,0
",",",",s,,0
Sarnami,sarnami,s,,0
remains,remains,c,NarrDurationNeutral,0
:,:,n,,0
A,a,s,OtherOrphanedOther,0
language,language,s,SpecialTopicsMiscellanyNeutral,0
of,of,s,OtherOrphanedOther,0
memory,memory,n,CharMentalStatesNeutral,0
Music,music,c,DescriptSoundNeutral,0
",",",",s,,0
poetry,poetry,c,SpecialTopicsMiscellanyNeutral,0
",",",",s,,0
ritual,ritual,c,PubAdministrationNeutral,0
",",",",s,,0
and,and,s,OtherSyntacticComplexityOther,0
identity,identity,n,SpecialTopicsMiscellanyNeutral,0
Language,language,s,SpecialTopicsMiscellanyNeutral,0
survival,survival,s,NarrTurningPointNeutral,0
is,is,s,PubAdministrationNeutral,0
seen,seen,s,PubAdministrationNeutral,1
as,as,s,PubAdministrationNeutral,2
a,a,s,OtherOrphanedOther,0
victory,victory,s,StratCompetitionPos,0
over,over,s,StratCompetitionPos,1
erasure,erasure,c,NarrActsNeutral,0
.,.,n,,0
b,b,c,OtherOrphanedOther,0
.,.,s,OtherOrphanedOther,1
Religion,religion,n,SpecialTopicsMiscellanyNeutral,0
Hindu,hindu,s,SpecialTopicsMiscellanyNeutral,0
and,and,s,OtherSyntacticComplexityOther,0
Muslim,muslim,s,CharTypesNeutral,0
practices,practices,c,OtherOrphanedGenericActivity,0
:,:,n,,0
Adapted,adapted,s,PosValuesOther,0
to,to,s,PosValuesOther,1
plantation,plantation,s,DescriptVisualNeutral,0
conditions,conditions,n,ContingentEventNeutral,0
Became,became,s,DescriptChangeNeutral,0
community-centered,community-centered,s,PosValuesOther,0
rather,rather,s,ExpoOtherNeutral,0
than,than,s,ExpoOtherNeutral,1
caste-regulated,caste-regulated,n,,0
Emphasized,emphasized,s,ForcefulEmphaticNeutral,0
devotion,devotion,c,PosRelDevote,0
",",",",s,,0
ethics,ethics,c,PosValuesOther,0
",",",",s,,0
and,and,s,OtherSyntacticComplexityOther,0
cohesion,cohesion,n,PosValuesOther,0
Religious,religious,s,NarrOtherNeutral,0
continuity,continuity,s,NarrOtherNeutral,1
is,is,s,ReasoningOtherNeutral,0
viewed,viewed,s,ReasoningOtherNeutral,1
as,as,s,ReasoningOtherNeutral,2
resistance,resistance,s,NegActsResist,0
made,made,s,PosValuesConsecrate,0
sacred,sacred,c,PosValuesConsecrate,1
.,.,n,,0
c,c,c,OtherOrphanedOther,0
.,.,s,OtherOrphanedOther,1
Music,music,s,DescriptSoundNeutral,0
and,and,s,OtherSyntacticComplexityOther,0
Oral,oral,s,NarrOtherNeutral,0
Tradition,tradition,n,NarrOtherNeutral,1
Songs,songs,s,DescriptSoundNeutral,0
of,of,c,OtherOrphanedOther,0
:,:,n,,0
Migration,migration,n,NegEmotionsLoss,0
Loss,loss,n,NegEmotionsLoss,1
Mothers,mothers,s,CharTypesNeutral,0
and,and,s,OtherSyntacticComplexityOther,0
children,children,n,CharTypesNeutral,0
The,the,s,OtherOrphanedOther,0
sea,sea,s,DescriptObjectsNeutral,0
(,(,c,OtherOrphanedOther,0
kala,kala,s,CharNamesNeutral,0
pani,pani,c,CharNamesNeutral,0
),),n,OtherOrphanedOther,0
continue,continue,s,NarrDurationNeutral,0
to,to,s,NarrDurationNeutral,1
shape,shape,s,SpecialTopicsMiscellanyNeutral,0
cultural,cultural,s,SpecialTopicsMiscellanyNeutral,0
expression,expression,s,DescriptVisualNeutral,0
and,and,s,OtherSyntacticComplexityOther,0
historical,historical,s,CharMentalStatesNeutral,0
consciousness,consciousness,c,CharMentalStatesNeutral,1
.,.,n,,0
4,4,c,ExpoOtherNeutral,0
.,.,s,ExpoOtherNeutral,1
Political,political,s,PubPoliticsNeutral,0
and,and,s,OtherSyntacticComplexityOther,0
Social,social,s,NarrOtherNeutral,0
Legacy,legacy,n,NarrOtherNeutral,1
Indenture,indenture,s,PubLawNeutral,0
shaped,shaped,c,OtherOrphanedOther,0
:,:,n,,0
Land,land,s,SpecialTopicsPlaceNeutral,0
ownership,ownership,s,PubLawNeutral,0
patterns,patterns,n,OtherOrphanedOther,0
Rural,rural,s,PosRelAgree,0
settlement,settlement,n,PosRelAgree,1
Collective,collective,s,StratCoordinationNeutral,0
discipline,discipline,s,PubAdministrationNeutral,0
and,and,s,OtherSyntacticComplexityOther,0
self-reliance,self-reliance,n,CharTraitsPos,0
These,these,c,NarrImmediacyNeutral,0
",",",",s,NarrImmediacyNeutral,1
in,in,s,NarrSequenceNeutral,0
turn,turn,c,NarrSequenceNeutral,1
",",",",s,,0
enabled,enabled,c,FacilitateEnablePos,0
:,:,n,,0
Political,political,s,PubPoliticsNeutral,0
organization,organization,n,PubPoliticsNeutral,1
Electoral,electoral,s,PubAdministrationNeutral,0
participation,participation,n,PubAdministrationNeutral,1
Claims,claims,s,CitationControversyNeutral,0
to,to,s,CitationControversyNeutral,1
belonging,belonging,s,PubLawNeutral,0
as,as,s,OtherOrphanedOther,0
Surinamese,surinamese,c,CharTypesNeutral,0
",",",",s,,0
not,not,s,NegActsResist,0
temporary,temporary,s,NarrDurationNeutral,0
migrants,migrants,n,NarrSceneShiftNeutral,0
Indenture,indenture,s,PubLawNeutral,0
is,is,s,NarrOtherNeutral,0
remembered,remembered,s,NarrOtherNeutral,1
as,as,s,NarrOtherNeutral,2
the,the,s,NarrTimeShiftNeutral,0
moment,moment,s,NarrTimeShiftNeutral,1
when,when,c,OtherOrphanedOther,0
:,:,n,,0
“,",c,,0
We,we,s,OtherOrphanedOther,0
stopped,stopped,s,NarrActsNeutral,0
being,being,s,OtherOrphanedOther,0
sojourners,sojourners,s,CharTypesNeutral,0
and,and,s,DescriptChangeNeutral,0
became,became,s,DescriptChangeNeutral,1
a,a,s,CharTypesNeutral,0
people,people,c,CharTypesNeutral,1
.,.,c,,0
”,",n,,0
5,5,c,ExpoOtherNeutral,0
.,.,s,ExpoOtherNeutral,1
Ambivalence,ambivalence,s,UncertaintyUndecidedNeutral,0
and,and,s,OtherSyntacticComplexityOther,0
Silence,silence,n,DescriptVisualNeutral,0
Despite,despite,s,MetadiscourseContrastNeutral,0
public,public,s,StratCoordinationNeutral,0
commemoration,commemoration,c,StratCoordinationNeutral,1
",",",",s,,0
indenture,indenture,s,PubLawNeutral,0
is,is,s,OtherOrphanedOther,0
also,also,s,MetadiscourseAdditionNeutral,0
marked,marked,s,ForcefulEmphaticNeutral,0
by,by,s,ForcefulEmphaticNeutral,1
silence,silence,c,DescriptVisualNeutral,0
.,.,n,,0
Trauma,trauma,s,NegActsTrauma,0
was,was,s,NarrOtherNeutral,0
rarely,rarely,s,ForcefulEmphaticNeutral,0
discussed,discussed,s,CitationOtherNeutral,0
openly,openly,s,CharSubjectivityNeutral,0
within,within,s,OtherOrphanedOther,0
families,families,n,SpecialTopicsMiscellanyNeutral,0
Sexual,sexual,s,NegActsViolence,0
violence,violence,s,NegActsViolence,1
and,and,s,OtherSyntacticComplexityOther,0
gendered,gendered,s,SpecialTopicsMiscellanyNeutral,0
suffering,suffering,s,NegEmotionsSuffer,0
were,were,s,NarrDurationNeutral,0
often,often,s,NarrDurationNeutral,1
suppressed,suppressed,n,NegActsAggressive,0
Some,some,s,ExpoOtherNeutral,0
elders,elders,s,CharTypesNeutral,0
avoided,avoided,s,NegActsResist,0
recounting,recounting,s,NarrOtherNeutral,0
plantation,plantation,s,DescriptVisualNeutral,0
life,life,s,NarrBiographyNeutral,0
entirely,entirely,n,ForcefulEmphaticNeutral,0
Younger,younger,s,ExpoComparisonNeutral,0
generations,generations,s,SpecialTopicsMiscellanyNeutral,0
are,are,s,NarrImmediacyNeutral,0
now,now,s,NarrImmediacyNeutral,1
reopening,reopening,s,NarrSequenceNeutral,0
these,these,s,OtherOrphanedOther,0
histories,histories,s,NarrOtherNeutral,0
through,through,c,OtherOrphanedOther,0
:,:,n,,0
Scholarship,scholarship,n,SpecialTopicsMiscellanyNeutral,0
Literature,literature,n,SpecialTopicsMiscellanyNeutral,1
Cultural,cultural,s,SpecialTopicsMiscellanyNeutral,0
revival,revival,s,NarrTurningPointPos,0
movements,movements,n,DescriptMotionNeutral,0
6,6,c,ExpoOtherNeutral,0
.,.,s,ExpoOtherNeutral,1
Commemoration,commemoration,s,StratCoordinationNeutral,0
and,and,s,OtherSyntacticComplexityOther,0
Public,public,s,PubCognitionNeutral,0
Memory,memory,n,PubCognitionNeutral,1
Indenture,indenture,s,PubLawNeutral,0
is,is,s,PubAdministrationNeutral,0
officially,officially,s,PubAdministrationNeutral,1
recognized,recognized,s,ConfidenceHighNeutral,0
through,through,c,OtherOrphanedOther,0
:,:,n,,0
Indian,indian,s,NarrSceneShiftNeutral,0
Arrival,arrival,s,NarrSceneShiftNeutral,1
Day,day,s,StratCoordinationNeutral,0
commemorations,commemorations,n,StratCoordinationNeutral,1
Monuments,monuments,s,NarrOtherNeutral,0
and,and,s,OtherSyntacticComplexityOther,0
memorials,memorials,n,NarrOtherNeutral,0
School,school,s,SpecialTopicsMiscellanyNeutral,0
curricula,curricula,s,SpecialTopicsMiscellanyNeutral,0
and,and,s,OtherSyntacticComplexityOther,0
cultural,cultural,s,SpecialTopicsMiscellanyNeutral,0
programs,programs,n,OtherOrphanedGenericActivity,0
However,however,c,MetadiscourseContrastNeutral,0
",",",",s,,0
community,community,s,PubCommunicationNeutral,0
debates,debates,s,PubCommunicationNeutral,1
continue,continue,s,NarrDurationNeutral,0
over,over,c,OtherOrphanedOther,0
:,:,n,,0
Whether,whether,s,ContingentRelationshipNeutral,0
commemoration,commemoration,s,StratCoordinationNeutral,0
risks,risks,s,UncertaintyOtherNeutral,0
romanticizing,romanticizing,s,NegActsPrefixOver,0
suffering,suffering,n,NegEmotionsSuffer,0
How,how,s,OtherOrphanedOther,0
to,to,s,OtherOrphanedOther,0
center,center,s,SpecialTopicsMiscellanyNeutral,0
women’s,women’s,s,CharTypesNeutral,0
experiences,experiences,n,NarrActsNeutral,0
Whether,whether,s,ContingentRelationshipNeutral,0
colonial,colonial,s,SpecialTopicsMiscellanyNeutral,0
accountability,accountability,s,ResponsibilityAcceptNeutral,0
is,is,s,PosValuesSufficient,0
adequately,adequately,s,PosValuesSufficient,1
addressed,addressed,n,InterOtherNeutral,0
7,7,c,ExpoOtherNeutral,0
.,.,s,ExpoOtherNeutral,1
Relationship,relationship,s,SpecialTopicsMiscellanyNeutral,0
to,to,s,NarrSceneShiftNeutral,0
India,india,n,NarrSceneShiftNeutral,1
Indenture,indenture,s,PubLawNeutral,0
altered,altered,s,DescriptChangeNeutral,0
how,how,s,OtherOrphanedOther,0
India,india,s,SpecialTopicsPlaceNeutral,0
itself,itself,s,ForcefulEmphaticNeutral,0
is,is,s,CharMentalStatesNeutral,0
imagined,imagined,c,CharMentalStatesNeutral,1
:,:,n,,0
As,as,s,OtherOrphanedOther,0
an,an,s,OtherOrphanedOther,1
ancestral,ancestral,s,NarrOtherNeutral,0
homeland,homeland,n,,0
But,but,s,MetadiscourseContrastNeutral,0
no,no,s,UpdatesNewsNeutral,0
longer,longer,s,UpdatesNewsNeutral,1
the,the,s,ExpoOtherNeutral,0
only,only,s,ExpoOtherNeutral,1
or,or,s,OtherSyntacticComplexityOther,0
primary,primary,s,SpecialTopicsMiscellanyNeutral,0
home,home,n,SpecialTopicsPlaceNeutral,0
Many,many,s,ExpoOtherNeutral,0
Indo-Surinamese,indo-surinamese,s,,0
describe,describe,s,SpecialTopicsMiscellanyNeutral,0
a,a,s,SpecialTopicsMiscellanyNeutral,1
dual,dual,s,CharMentalStatesNeutral,0
consciousness,consciousness,c,CharMentalStatesNeutral,1
:,:,n,,0
Emotional,emotional,s,PosRelSocial,0
ties,ties,s,PosRelSocial,1
to,to,s,NarrSceneShiftNeutral,0
India,india,n,NarrSceneShiftNeutral,1
Political,political,s,PubPoliticsNeutral,0
and,and,s,OtherSyntacticComplexityOther,0
cultural,cultural,s,SpecialTopicsMiscellanyNeutral,0
rootedness,rootedness,s,PubAdministrationNeutral,0
in,in,s,PubAdministrationNeutral,1
Suriname,suriname,n,SpecialTopicsPlaceNeutral,0
Indenture,indenture,s,PubLawNeutral,0
thus,thus,s,ReasoningConcludeNeutral,0
produced,produced,s,NarrActsNeutral,0
a,a,s,NarrActsNeutral,1
diasporic,diasporic,s,SpecialTopicsMiscellanyNeutral,0
identity,identity,c,SpecialTopicsMiscellanyNeutral,0
",",",",s,,0
not,not,s,NegActsResist,0
exile,exile,c,NegRelEvict,0
.,.,n,,0
8,8,c,ExpoOtherNeutral,0
.,.,s,ExpoOtherNeutral,1
Intergenerational,intergenerational,s,SpecialTopicsMiscellanyNeutral,0
Meaning,meaning,n,SpecialTopicsMiscellanyNeutral,0
Generation,generation,s,SpecialTopicsMiscellanyNeutral,0
Typical,typical,s,NarrDurationNeutral,0
Relationship,relationship,s,SpecialTopicsMiscellanyNeutral,0
to,to,s,OtherOrphanedOther,0
Indenture,indenture,n,PubLawNeutral,0
First,first,s,,0
(,(,c,OtherOrphanedOther,0
indentured,indentured,c,PubLawNeutral,0
),),s,OtherOrphanedOther,0
Survival,survival,c,NarrTurningPointNeutral,0
",",",",s,,0
silence,silence,n,DescriptVisualNeutral,0
Second,second,s,,0
Gratitude,gratitude,c,PosRelGratitude,0
",",",",s,,0
discipline,discipline,n,PubAdministrationNeutral,0
Third,third,s,,0
Pride,pride,c,PosEmotionsPride,0
",",",",s,,0
curiosity,curiosity,n,InquiryCuriosityNeutral,0
Fourth,fourth,s,,0
+,+,s,,0
Critical,critical,s,ForcefulSignificantNeutral,0
reflection,reflection,c,SpecialTopicsMiscellanyNeutral,0
",",",",s,,0
reclamation,reclamation,n,DescriptChangePos,0
In,in,s,MetadiscourseCuesNeutral,0
Summary,summary,c,MetadiscourseCuesNeutral,1
:,:,s,,0
The,the,s,OtherOrphanedOther,0
Legacy,legacy,s,PubAdministrationNeutral,0
of,of,s,PubAdministrationNeutral,1
Indenture,indenture,s,PubLawNeutral,0
in,in,s,OtherOrphanedOther,0
Suriname,suriname,n,SpecialTopicsPlaceNeutral,0
Indenture,indenture,s,PubLawNeutral,0
is,is,s,NarrOtherNeutral,0
remembered,remembered,s,NarrOtherNeutral,1
as,as,c,NarrOtherNeutral,2
:,:,n,,0
A,a,s,OtherOrphanedOther,0
system,system,s,SpecialTopicsMiscellanyNeutral,0
of,of,s,SpecialTopicsMiscellanyNeutral,1
injustice,injustice,n,NegValuesInjustice,0
A,a,s,OtherOrphanedOther,0
source,source,s,SpecialTopicsMiscellanyNeutral,0
of,of,s,SpecialTopicsMiscellanyNeutral,1
collective,collective,s,NegActsTrauma,0
trauma,trauma,n,NegActsTrauma,1
The,the,s,OtherOrphanedOther,0
foundation,foundation,s,SpecialTopicsMiscellanyNeutral,0
of,of,s,OtherOrphanedOther,0
Hindostani,hindostani,s,,0
presence,presence,n,SpecialTopicsMiscellanyNeutral,0
The,the,s,OtherOrphanedOther,0
origin,origin,s,NarrSequenceNeutral,0
of,of,s,NarrSequenceNeutral,1
Sarnami,sarnami,s,,0
language,language,s,SpecialTopicsMiscellanyNeutral,0
and,and,s,OtherSyntacticComplexityOther,0
culture,culture,n,OtherOrphanedOther,0
A,a,s,OtherOrphanedOther,1
lesson,lesson,s,SpecialTopicsMiscellanyNeutral,0
in,in,s,SpecialTopicsMiscellanyNeutral,1
endurance,endurance,c,PosValuesStamina,0
",",",",s,,0
solidarity,solidarity,c,PosRelSolidarity,0
",",",",s,,0
and,and,s,OtherSyntacticComplexityOther,0
adaptation,adaptation,n,DescriptChangeNeutral,0
Its,its,s,NarrBiographyNeutral,0
legacy,legacy,s,NarrBiographyNeutral,1
is,is,s,NegActsResist,0
not,not,s,NegActsResist,1
nostalgia,nostalgia,c,CharMentalStatesPos,0
",",",",s,MetadiscourseContrastNeutral,0
but,but,s,MetadiscourseContrastNeutral,1
responsibility,responsibility,c,ResponsibilityOtherNeutral,0
:,:,n,,0
To,to,s,NarrOtherNeutral,0
remember,remember,s,NarrOtherNeutral,1
honestly,honestly,n,CharSubjectivityNeg,0
To,to,s,PosRelAcknowledgement,0
acknowledge,acknowledge,s,PosRelAcknowledgement,1
suffering,suffering,s,ForcefulEmphaticNeutral,0
without,without,s,ForcefulEmphaticNeutral,1
glorifying,glorifying,s,PosValuesConsecrate,0
it,it,n,,0
To,to,s,PubAdministrationPos,0
recognize,recognize,s,PubAdministrationPos,1
that,that,s,OtherOrphanedOther,0
community,community,s,SpecialTopicsMiscellanyNeutral,0
survival,survival,s,SpecialTopicsMiscellanyNeutral,1
was,was,s,PosActsAchieve,0
achieved,achieved,s,PosActsAchieve,1
despite,despite,c,MetadiscourseContrastNeutral,0
",",",",s,,0
not,not,s,MetadiscourseContrastNeutral,0
because,because,s,MetadiscourseContrastNeutral,1
of,of,c,OtherOrphanedOther,0
",",",",s,,0
indenture,indenture,n,PubLawNeutral,0
The,the,s,OtherOrphanedOther,0
indentured,indentured,s,PubLawNeutral,0
labour,labour,s,SpecialTopicsMiscellanyNeutral,0
system,system,s,SpecialTopicsMiscellanyNeutral,1
in,in,s,OtherOrphanedOther,0
Suriname,suriname,s,SpecialTopicsPlaceNeutral,0
ended,ended,s,NarrSequenceNeutral,0
formally,formally,s,SpecialTopicsMiscellanyNeutral,0
in,in,s,NarrTimeShiftNeutral,0
1916,1916,c,NarrTimeShiftNeutral,1
",",",",s,MetadiscourseContrastNeutral,0
but,but,s,MetadiscourseContrastNeutral,1
its,its,s,OtherOrphanedOther,0
social,social,c,,0
",",",",s,,0
economic,economic,c,SpecialTopicsMiscellanyNeutral,0
",",",",s,,0
and,and,s,OtherSyntacticComplexityOther,0
psychological,psychological,s,SpecialTopicsMiscellanyNeutral,0
effects,effects,s,DescriptVisualNeutral,0
shaped,shaped,s,DescriptVisualNeutral,1
the,the,s,CharTypesNeutral,0
Indian,indian,s,CharTypesNeutral,1
(,(,c,OtherOrphanedOther,0
Hindostani,hindostani,c,,0
),),s,OtherOrphanedOther,0
population,population,s,PubAdministrationNeutral,0
for,for,s,NarrDurationNeutral,0
decades,decades,s,NarrDurationNeutral,1
afterward,afterward,c,NarrSequenceNeutral,0
.,.,s,,0
The,the,s,NarrSequenceNeutral,0
end,end,s,NarrSequenceNeutral,1
of,of,s,NarrSequenceNeutral,2
indenture,indenture,s,PubLawNeutral,0
was,was,s,NarrOtherNeutral,0
not,not,s,NegActsResist,0
abrupt,abrupt,s,NarrTurningPointNeg,0
liberation,liberation,c,DescriptChangePos,0
;,;,s,,0
it,it,s,NarrOtherNeutral,0
was,was,s,NarrOtherNeutral,1
a,a,s,NarrOtherNeutral,2
managed,managed,s,StratActsNeutral,0
withdrawal,withdrawal,s,SpecialTopicsMiscellanyNeutral,0
of,of,s,OtherOrphanedOther,0
coercion,coercion,c,NegActsCoercive,0
",",",",s,,0
followed,followed,s,NarrSequenceNeutral,0
by,by,s,NarrSequenceNeutral,1
a,a,s,NarrSequenceNeutral,2
long,long,s,DescriptVisualNeutral,0
and,and,s,DescriptVisualNeutral,1
uneven,uneven,s,NegValuesUneven,0
transition,transition,s,DescriptChangeNeutral,0
to,to,s,DescriptChangeNeutral,1
freedom,freedom,c,PosValuesFreedom,0
",",",",s,,0
settlement,settlement,c,PosRelAgree,0
",",",",s,,0
and,and,s,OtherSyntacticComplexityOther,0
citizenship,citizenship,c,PubAdministrationNeutral,0
.,.,n,MetadiscourseOtherNeutral,0
Below,below,s,MetadiscourseOtherNeutral,1
is,is,s,MetadiscourseOtherNeutral,2
a,a,s,OtherOrphanedOther,0
clear,clear,s,DescriptVisualNeutral,0
account,account,s,CitationAuthoritativePos,0
of,of,s,CitationAuthoritativePos,1
when,when,c,InterQuestionNeutral,0
",",",",s,InterQuestionNeutral,1
how,how,c,OtherOrphanedOther,0
",",",",s,,0
and,and,s,OtherSyntacticComplexityOther,0
with,with,s,OtherSyntacticComplexityOther,1
what,what,s,OtherOrphanedOther,0
consequences,consequences,s,ReasoningOtherNeutral,0
indenture,indenture,s,PubLawNeutral,0
ended,ended,s,NarrSequenceNeutral,0
in,in,s,NarrSequenceNeutral,1
Suriname,suriname,c,SpecialTopicsPlaceNeutral,0
.,.,n,,0
1,1,c,ExpoOtherNeutral,0
.,.,s,ExpoOtherNeutral,1
When,when,s,OtherOrphanedOther,0
Indenture,indenture,s,PubLawNeutral,0
Ended,ended,n,NarrSequenceNeutral,0
1873,1873,c,NarrOtherNeutral,0
:,:,s,,0
Arrival,arrival,s,NarrSceneShiftNeutral,0
of,of,s,NarrSceneShiftNeutral,1
the,the,s,OtherOrphanedOther,0
first,first,s,,0
Indian,indian,s,PubLawNeutral,0
indentured,indentured,s,PubLawNeutral,1
labourers,labourers,s,CharTypesNeutral,0
in,in,s,OtherOrphanedOther,0
Suriname,suriname,n,SpecialTopicsPlaceNeutral,0
1916,1916,c,NarrOtherNeutral,0
:,:,s,,0
Official,official,s,PubAdministrationNeutral,0
termination,termination,s,NegEmotionsOther,0
of,of,s,OtherOrphanedOther,0
Indian,indian,s,PubLawNeutral,0
indenture,indenture,n,PubLawNeutral,1
The,the,s,NarrSequenceNeutral,0
end,end,s,NarrSequenceNeutral,1
date,date,s,SpecialTopicsMiscellanyNeutral,0
aligns,aligns,s,PosRelOther,0
with,with,s,PosRelOther,1
the,the,s,PosRelOther,2
broader,broader,s,ExpoComparisonNeutral,0
abolition,abolition,s,NegActsResist,0
of,of,s,OtherOrphanedOther,0
Indian,indian,s,PubLawNeutral,0
indenture,indenture,s,PubLawNeutral,1
across,across,s,OtherOrphanedOther,0
the,the,s,OtherOrphanedOther,0
British,british,s,CharTypesNeutral,0
imperial,imperial,s,SpecialTopicsMiscellanyNeutral,0
system,system,c,SpecialTopicsMiscellanyNeutral,1
",",",",s,MetadiscourseContrastNeutral,0
even,even,s,MetadiscourseContrastNeutral,1
though,though,s,MetadiscourseContrastNeutral,2
Suriname,suriname,s,SpecialTopicsPlaceNeutral,0
was,was,s,NarrOtherNeutral,0
a,a,s,NarrOtherNeutral,1
Dutch,dutch,s,CharTypesNeutral,0
colony,colony,c,SpecialTopicsMiscellanyNeutral,0
.,.,s,,0
This,this,s,MetadiscourseOtherNeutral,0
was,was,s,MetadiscourseOtherNeutral,1
possible,possible,s,ConfidenceHedgedNeutral,0
because,because,s,ReasoningOtherNeutral,0
Indian,indian,s,CharTypesNeutral,0
labour,labour,s,StratCoordinationNeutral,0
recruitment,recruitment,s,StratCoordinationNeutral,1
depended,depended,s,NarrActsNeutral,0
on,on,s,NarrActsNeutral,1
British-controlled,british-controlled,s,,0
India,india,c,SpecialTopicsPlaceNeutral,0
.,.,n,,0
2,2,c,ExpoOtherNeutral,0
.,.,s,ExpoOtherNeutral,1
Why,why,s,InterQuestionNeutral,0
Indenture,indenture,s,PubLawNeutral,0
Ended,ended,n,NarrSequenceNeutral,0
Indenture,indenture,s,PubLawNeutral,0
ended,ended,s,NarrSequenceNeutral,0
due,due,s,ReasoningOtherNeutral,0
to,to,s,ReasoningOtherNeutral,1
sustained,sustained,s,NarrDurationNeutral,0
pressure,pressure,s,NarrDurationNeutral,1
from,from,s,OtherOrphanedOther,0
multiple,multiple,s,SpecialTopicsMiscellanyNeutral,0
directions,directions,c,SpecialTopicsMiscellanyNeutral,0
",",",",s,,0
not,not,s,NegActsResist,0
colonial,colonial,s,SpecialTopicsMiscellanyNeutral,0
benevolence,benevolence,c,PosRelGenerosity,0
.,.,n,,0
a,a,c,OtherOrphanedOther,0
.,.,s,OtherOrphanedOther,1
Indian,indian,s,CharTypesNeutral,0
Nationalist,nationalist,s,NegRelOpposition,0
Opposition,opposition,n,NegRelOpposition,1
In,in,s,OtherOrphanedOther,0
India,india,c,SpecialTopicsPlaceNeutral,0
",",",",s,,0
leaders,leaders,c,CharTypesNeutral,0
",",",",s,,0
reformers,reformers,c,PubAdministrationNeutral,0
",",",",s,,0
and,and,s,OtherSyntacticComplexityOther,0
journalists,journalists,s,CharTypesNeutral,0
increasingly,increasingly,s,DescriptChangeNeutral,0
condemned,condemned,s,NegActsCriticize,0
indenture,indenture,s,PubLawNeutral,0
as,as,c,OtherOrphanedOther,0
:,:,n,,0
A,a,s,OtherOrphanedOther,0
disguised,disguised,s,DescriptVisualNeutral,0
form,form,s,DescriptVisualNeutral,1
of,of,s,OtherOrphanedOther,0
slavery,slavery,n,NegRelServility,0
Morally,morally,s,,0
degrading,degrading,n,DescriptChangeNeg,0
Violent,violent,s,NegActsViolence,0
and,and,s,OtherSyntacticComplexityOther,0
exploitative,exploitative,n,NegRelOther,0
Public,public,s,PubAdministrationNeutral,0
campaigns,campaigns,s,PubAdministrationNeutral,1
exposed,exposed,c,DescriptVisualNeutral,0
:,:,n,,0
Sexual,sexual,s,NegActsAggressive,0
abuse,abuse,s,NegActsAggressive,1
of,of,s,OtherOrphanedOther,0
women,women,n,CharTypesNeutral,0
Criminalization,criminalization,s,DescriptChangeNeg,0
of,of,s,OtherOrphanedOther,0
labourers,labourers,n,CharTypesNeutral,0
High,high,s,DescriptVisualNeutral,0
mortality,mortality,s,PubAdministrationNeutral,0
and,and,s,OtherSyntacticComplexityOther,0
imprisonment,imprisonment,s,SpecialTopicsMiscellanyNeutral,0
rates,rates,n,SpecialTopicsMiscellanyNeutral,1
This,this,s,OtherOrphanedOther,0
created,created,s,DescriptChangeNeutral,0
political,political,s,NegEmotionsPressure,0
pressure,pressure,s,NegEmotionsPressure,1
on,on,s,OtherSyntacticComplexityOther,0
the,the,s,OtherSyntacticComplexityOther,1
British,british,s,PubAdministrationNeutral,0
government,government,s,PubAdministrationNeutral,1
to,to,s,OtherOrphanedOther,0
halt,halt,s,NarrSequenceNeutral,0
recruitment,recruitment,c,StratCoordinationNeutral,0
.,.,n,,0
b,b,c,OtherOrphanedOther,0
.,.,s,OtherOrphanedOther,1
International,international,s,SpecialTopicsMiscellanyNeutral,0
Criticism,criticism,n,NegActsCriticize,0
By,by,s,OtherOrphanedOther,0
the,the,s,OtherOrphanedOther,0
early,early,s,NarrSequenceNeutral,0
20th,20th,s,NarrDurationNeutral,0
century,century,c,NarrDurationNeutral,1
:,:,n,,0
Indenture,indenture,s,PubLawNeutral,0
had,had,s,NarrOtherNeutral,0
become,become,s,DescriptChangeNeutral,0
a,a,s,DescriptChangeNeutral,1
global,global,s,NegEmotionsEmbarrass,0
embarrassment,embarrassment,n,NegEmotionsEmbarrass,1
Reports,reports,s,NarrActsNeutral,0
and,and,s,OtherSyntacticComplexityOther,0
commissions,commissions,s,PubAdministrationNeutral,0
documented,documented,s,NegActsAggressive,0
abuse,abuse,n,NegActsAggressive,1
Comparisons,comparisons,s,ExpoComparisonNeutral,0
with,with,s,ExpoComparisonNeutral,1
slavery,slavery,s,NegRelServility,0
undermined,undermined,s,NegActsResist,0
colonial,colonial,s,SpecialTopicsMiscellanyNeutral,0
legitimacy,legitimacy,n,PosValuesLegitimate,0
c,c,c,OtherOrphanedOther,0
.,.,s,OtherOrphanedOther,1
Labour,labour,s,,0
Resistance,resistance,n,NegActsResist,0
Strikes,strikes,c,NegEmotionsOther,0
",",",",s,,0
desertion,desertion,c,NegRelForsake,0
",",",",s,,0
legal,legal,s,CharTraitsNeutral,0
challenges,challenges,c,CharTraitsNeutral,1
",",",",s,,0
and,and,s,OtherSyntacticComplexityOther,0
uprisings,uprisings,s,StratActsNeg,0
—,—,s,,0
including,including,s,NarrActsNeutral,0
violent,violent,s,NegActsViolence,0
repression,repression,s,NegActsViolence,1
such,such,s,ExpoExampleNeutral,0
as,as,s,ExpoExampleNeutral,1
Mariënburg,mariënburg,s,,0
(,(,c,CitationReferenceNeutral,0
1902,1902,c,CitationReferenceNeutral,1
),),s,CitationReferenceNeutral,2
—,—,s,,0
demonstrated,demonstrated,s,CitationAuthoritativePos,0
that,that,s,CitationAuthoritativePos,1
indenture,indenture,s,PubLawNeutral,0
was,was,c,NarrOtherNeutral,0
:,:,n,,0
Economically,economically,s,SpecialTopicsMiscellanyNeutral,0
unstable,unstable,n,NegValuesInstability,0
Politically,politically,s,PubPoliticsNeutral,0
costly,costly,s,NegValuesCost,0
to,to,s,NegValuesCost,1
maintain,maintain,n,NarrDurationNeutral,0
d,d,c,OtherOrphanedOther,0
.,.,s,OtherOrphanedOther,1
Economic,economic,s,SpecialTopicsMiscellanyNeutral,0
Shifts,shifts,n,SpecialTopicsMiscellanyNeutral,1
Plantation,plantation,s,SpecialTopicsMiscellanyNeutral,0
profitability,profitability,s,SpecialTopicsMiscellanyNeutral,1
declined,declined,c,DescriptChangeNeg,0
",",",",s,,0
and,and,c,OtherSyntacticComplexityOther,0
:,:,n,,0
Employers,employers,s,CharTypesNeutral,0
sought,sought,s,StratCognitionNeutral,0
cheaper,cheaper,s,NegValuesOther,0
or,or,s,OtherSyntacticComplexityOther,0
more,more,s,PosValuesFlexible,0
flexible,flexible,s,PosValuesFlexible,1
labour,labour,n,,0
Mechanization,mechanization,s,DescriptChangeNeutral,0
and,and,s,OtherSyntacticComplexityOther,0
alternative,alternative,s,SpecialTopicsMiscellanyNeutral,0
labour,labour,s,,0
sources,sources,s,SpecialTopicsMiscellanyNeutral,0
became,became,s,DescriptChangeNeutral,0
attractive,attractive,n,PosValuesAttractive,0
3,3,c,ExpoOtherNeutral,0
.,.,s,ExpoOtherNeutral,1
How,how,s,OtherOrphanedOther,0
Indenture,indenture,s,PubLawNeutral,0
Was,was,s,NarrOtherNeutral,0
Ended,ended,n,NarrSequenceNeutral,0
Indenture,indenture,s,PubLawNeutral,0
did,did,s,UpdatesOtherNeutral,0
not,not,s,UpdatesOtherNeutral,1
end,end,s,UpdatesOtherNeutral,2
overnight,overnight,c,NarrDurationNeutral,0
.,.,n,InterCommandNeutral,0
Key,key,s,InterCommandNeutral,1
Measures,measures,n,SpecialTopicsMiscellanyNeutral,0
Termination,termination,s,NegEmotionsOther,0
of,of,s,OtherOrphanedOther,0
new,new,s,StratCoordinationNeutral,0
recruitment,recruitment,s,StratCoordinationNeutral,1
from,from,s,OtherOrphanedOther,0
India,india,n,SpecialTopicsPlaceNeutral,0
Completion,completion,s,NarrSequenceNeutral,0
of,of,s,OtherOrphanedOther,0
existing,existing,s,PubLawNeutral,0
contracts,contracts,n,PubLawNeutral,1
Gradual,gradual,s,FutureOtherNeutral,0
withdrawal,withdrawal,s,SpecialTopicsMiscellanyNeutral,0
of,of,s,OtherOrphanedOther,0
penal,penal,s,PubAdministrationNeutral,0
labour,labour,s,PubLawNeutral,0
laws,laws,n,PubLawNeutral,1
Continued,continued,s,StratCognitionNeg,0
surveillance,surveillance,s,StratCognitionNeg,1
during,during,s,NarrDurationNeutral,0
a,a,s,NarrDurationNeutral,1
“,",c,,0
cooling-off,cooling-off,c,,0
”,",s,,0
period,period,n,SpecialTopicsMiscellanyNeutral,0
Importantly,importantly,c,ForcefulSignificantNeutral,0
:,:,n,,0
Labourers,labourers,s,CharTypesNeutral,0
already,already,s,UpdatesOtherNeutral,0
in,in,s,UpdatesOtherNeutral,1
Suriname,suriname,s,SpecialTopicsPlaceNeutral,0
were,were,s,NarrOtherNeutral,0
not,not,s,NegActsResist,0
repatriated,repatriated,s,NarrSceneShiftNeutral,0
en,en,s,StratCoordinationPos,0
masse,masse,n,StratCoordinationPos,1
The,the,s,OtherOrphanedOther,0
colonial,colonial,s,SpecialTopicsMiscellanyNeutral,0
state,state,s,OtherOrphanedOther,0
assumed,assumed,s,ReasoningOtherNeutral,0
they,they,s,NarrOtherNeutral,0
would,would,s,NarrOtherNeutral,1
either,either,s,MetadiscourseOtherNeutral,0
re-indent,re-indent,s,,0
or,or,s,OtherSyntacticComplexityOther,0
settle,settle,n,NarrActsNeutral,0
4,4,c,ExpoOtherNeutral,0
.,.,s,ExpoOtherNeutral,1
Immediate,immediate,s,NarrImmediacyNeutral,0
Aftermath,aftermath,s,FutureOtherNeg,0
for,for,s,OtherOrphanedOther,0
the,the,s,CharTypesNeutral,0
Indian,indian,s,CharTypesNeutral,1
Population,population,n,PubAdministrationNeutral,0
a,a,c,OtherOrphanedOther,0
.,.,s,OtherOrphanedOther,1
Settlement,settlement,s,PubDiplomacyNeutral,0
over,over,s,PubDiplomacyNeutral,1
Return,return,n,NarrDurationNeutral,0
After,after,s,NarrSequenceNeutral,0
1916,1916,c,NarrOtherNeutral,0
:,:,n,,0
A,a,s,OtherOrphanedOther,0
majority,majority,s,PubAdministrationNeutral,0
of,of,s,PubAdministrationNeutral,1
Indians,indians,s,CharTypesNeutral,0
remained,remained,s,NarrDurationNeutral,0
in,in,s,OtherOrphanedOther,0
Suriname,suriname,n,SpecialTopicsPlaceNeutral,0
Return,return,s,NarrSceneShiftNeutral,0
to,to,s,NarrSceneShiftNeutral,1
India,india,s,SpecialTopicsPlaceNeutral,0
was,was,c,NarrOtherNeutral,0
:,:,n,,0
Logistically,logistically,s,NegEmotionsDifficult,0
difficult,difficult,n,NegEmotionsDifficult,1
Socially,socially,s,PubAdministrationNeutral,0
stigmatized,stigmatized,n,NegActsAggressive,0
Economically,economically,s,SpecialTopicsMiscellanyNeutral,0
risky,risky,n,NegEmotionsFear,0
Many,many,s,ExpoOtherNeutral,0
accepted,accepted,c,PosRelAcceptSomething,0
:,:,n,,0
Land,land,s,PubAdministrationNeutral,0
grants,grants,n,PubAdministrationNeutral,1
Cash,cash,s,SpecialTopicsMiscellanyNeutral,0
payments,payments,n,SpecialTopicsMiscellanyNeutral,1
Permanent,permanent,s,SpecialTopicsPlaceNeutral,0
residence,residence,n,SpecialTopicsPlaceNeutral,1
This,this,s,OtherOrphanedOther,0
marked,marked,s,OtherOrphanedOther,0
the,the,s,OtherOrphanedOther,1
transition,transition,s,DescriptChangeNeutral,0
from,from,s,DescriptChangeNeutral,1
indentured,indentured,s,PubLawNeutral,0
labourers,labourers,s,CharTypesNeutral,0
to,to,s,OtherOrphanedOther,0
settlers,settlers,c,CharTypesNeutral,0
.,.,n,,0
b,b,c,OtherOrphanedOther,0
.,.,s,OtherOrphanedOther,1
Continued,continued,s,NarrDurationNeutral,0
Economic,economic,s,NegActsResist,0
Constraint,constraint,n,NegActsResist,1
Freedom,freedom,s,PosValuesFreedom,0
did,did,s,NegActsResist,0
not,not,s,NegActsResist,1
mean,mean,s,NegActsResist,2
equality,equality,c,PosValuesEquality,0
.,.,n,,0
Former,former,s,NarrSequenceNeutral,0
labourers,labourers,s,CharTypesNeutral,0
faced,faced,c,DescriptVisualNeutral,0
:,:,n,,0
Limited,limited,s,NegValuesOther,0
access,access,s,NegValuesOther,1
to,to,s,NegValuesOther,2
capital,capital,n,SpecialTopicsMiscellanyNeutral,0
Poor,poor,s,NegValuesPoor,0
land,land,s,NegValuesPoor,1
quality,quality,s,ExpoOtherNeutral,0
in,in,s,OtherOrphanedOther,0
settlement,settlement,s,PosRelAgree,0
schemes,schemes,n,StratCoordinationNeutral,0
Ongoing,ongoing,s,NarrImmediacyNeutral,0
planter,planter,s,DescriptObjectsNeutral,0
dominance,dominance,s,StratCompetitionNeutral,0
of,of,s,OtherOrphanedOther,0
markets,markets,n,SpecialTopicsMiscellanyNeutral,0
Many,many,s,ExpoOtherNeutral,0
remained,remained,s,NarrDurationNeutral,0
tied,tied,s,ExpoSpecificationNeutral,0
to,to,s,ExpoSpecificationNeutral,1
agriculture,agriculture,c,SpecialTopicsMiscellanyNeutral,0
",",",",s,MetadiscourseContrastNeutral,0
but,but,s,MetadiscourseContrastNeutral,1
now,now,s,NarrImmediacyNeutral,0
as,as,c,OtherOrphanedOther,0
:,:,n,,0
Smallholders,smallholders,n,CharTypesNeutral,0
Sharecroppers,sharecroppers,n,CharTypesNeutral,0
Wage,wage,s,SpecialTopicsMiscellanyNeutral,0
labourers,labourers,s,CharTypesNeutral,0
under,under,s,OtherOrphanedOther,0
“,",c,,0
free,free,c,FacilitateUnobstructNeutral,0
”,",s,,0
contracts,contracts,n,NarrActsNeutral,0
5,5,c,ExpoOtherNeutral,0
.,.,s,ExpoOtherNeutral,1
Social,social,s,,0
and,and,s,OtherSyntacticComplexityOther,0
Cultural,cultural,s,SpecialTopicsMiscellanyNeutral,0
Reorganization,reorganization,n,StratCoordinationNeutral,0
a,a,c,OtherOrphanedOther,0
.,.,s,OtherOrphanedOther,1
Family,family,s,SpecialTopicsMiscellanyNeutral,0
Formation,formation,n,SpecialTopicsMiscellanyNeutral,0
With,with,s,NarrSequenceNeutral,0
the,the,s,NarrSequenceNeutral,1
end,end,s,NarrSequenceNeutral,2
of,of,s,NarrSequenceNeutral,3
contract,contract,s,StratOtherNeutral,0
enforcement,enforcement,c,StratOtherNeutral,1
:,:,n,,0
Stable,stable,s,SpecialTopicsMiscellanyNeutral,0
families,families,s,SpecialTopicsMiscellanyNeutral,1
became,became,s,DescriptChangeNeutral,0
more,more,s,ExpoComparisonNeutral,0
common,common,n,CharTypesNeutral,0
Women,women,s,CharTypesNeutral,1
gained,gained,s,DescriptChangeNeutral,0
slightly,slightly,s,ConfidenceHedgedNeutral,0
greater,greater,s,ExpoComparisonNeutral,0
autonomy,autonomy,n,PosValuesEthics,0
Community,community,s,SpecialTopicsMiscellanyNeutral,0
norms,norms,s,SpecialTopicsMiscellanyNeutral,1
replaced,replaced,s,ExpoOtherNeutral,0
plantation,plantation,s,DescriptVisualNeutral,0
discipline,discipline,n,PubAdministrationNeutral,0
b,b,c,OtherOrphanedOther,0
.,.,s,OtherOrphanedOther,1
Language,language,s,SpecialTopicsMiscellanyNeutral,0
and,and,s,OtherSyntacticComplexityOther,0
Culture,culture,n,SpecialTopicsMiscellanyNeutral,0
Post-indenture,post-indenture,s,,0
saw,saw,s,DescriptVisualNeutral,0
consolidation,consolidation,s,StratCoordinationNeutral,0
of,of,c,OtherOrphanedOther,0
:,:,n,,0
Sarnami,sarnami,s,,0
Hindustani,hindustani,s,,0
(,(,c,OtherOrphanedOther,0
from,from,s,OtherOrphanedOther,0
Bhojpuri,bhojpuri,c,,0
),),n,OtherOrphanedOther,0
Religious,religious,s,PubAdministrationNeutral,0
institutions,institutions,s,PubAdministrationNeutral,1
(,(,c,OtherOrphanedOther,0
mandirs,mandirs,c,DescriptVisualNeutral,0
",",",",s,,0
mosques,mosques,c,DescriptVisualNeutral,0
),),n,OtherOrphanedOther,0
Schools,schools,s,SpecialTopicsMiscellanyNeutral,0
and,and,s,OtherSyntacticComplexityOther,0
cultural,cultural,s,SpecialTopicsMiscellanyNeutral,0
associations,associations,n,SpecialTopicsMiscellanyNeutral,0
Culture,culture,s,SpecialTopicsMiscellanyNeutral,1
shifted,shifted,s,DescriptChangeNeutral,0
from,from,s,DescriptChangeNeutral,1
survival,survival,s,NarrTurningPointNeutral,0
mode,mode,s,SpecialTopicsMiscellanyNeutral,0
to,to,s,OtherOrphanedOther,0
continuity,continuity,s,NarrOtherNeutral,0
mode,mode,c,SpecialTopicsMiscellanyNeutral,0
.,.,n,,0
6,6,c,ExpoOtherNeutral,0
.,.,s,ExpoOtherNeutral,1
Political,political,s,FutureOtherNeg,0
Consequences,consequences,n,FutureOtherNeg,1
Over,over,s,NarrOtherNeutral,0
time,time,c,NarrOtherNeutral,1
",",",",s,,0
the,the,s,CharTypesNeutral,0
Indian,indian,s,CharTypesNeutral,1
population,population,c,PubAdministrationNeutral,0
:,:,n,,0
Asserted,asserted,s,CharTraitsNeutral,0
permanent,permanent,s,NarrSequenceNeutral,0
belonging,belonging,s,PubLawNeutral,0
in,in,s,OtherOrphanedOther,0
Suriname,suriname,n,SpecialTopicsPlaceNeutral,0
Organized,organized,s,OtherOrphanedOther,0
politically,politically,s,PubPoliticsNeutral,0
and,and,s,OtherSyntacticComplexityOther,0
socially,socially,n,ForcefulEmphaticNeutral,0
Demanded,demanded,s,ForcefulEmphaticNeutral,1
rights,rights,s,PubLawNeutral,0
as,as,s,StratOtherPos,0
citizens,citizens,c,StratOtherPos,1
",",",",s,,0
not,not,s,NegActsResist,0
labourers,labourers,n,CharTypesNeutral,0
Indenture’s,indenture’s,s,,0
end,end,s,NarrSequenceNeutral,0
thus,thus,s,ReasoningConcludeNeutral,0
laid,laid,s,PosActsAchieve,0
the,the,s,PosActsAchieve,1
groundwork,groundwork,s,PosActsAchieve,2
for,for,c,PosActsAchieve,3
:,:,n,,0
Political,political,s,PubPoliticsNeutral,0
participation,participation,n,PubPoliticsNeutral,1
Ethnic,ethnic,s,SpecialTopicsMiscellanyNeutral,0
mobilization,mobilization,n,StratActsNeutral,0
Claims,claims,s,CitationControversyNeutral,0
to,to,s,CitationControversyNeutral,1
land,land,c,SpecialTopicsPlaceNeutral,0
",",",",s,,0
language,language,c,SpecialTopicsMiscellanyNeutral,0
",",",",s,,0
and,and,s,OtherSyntacticComplexityOther,0
recognition,recognition,n,,0
7,7,c,ExpoOtherNeutral,0
.,.,s,ExpoOtherNeutral,1
Psychological,psychological,s,SpecialTopicsMiscellanyNeutral,0
and,and,s,OtherSyntacticComplexityOther,0
Intergenerational,intergenerational,s,SpecialTopicsMiscellanyNeutral,0
Impact,impact,n,ForcefulEmphaticNeutral,0
The,the,s,ForcefulEmphaticNeutral,1
end,end,s,NarrSequenceNeutral,0
of,of,s,NarrSequenceNeutral,1
indenture,indenture,s,PubLawNeutral,0
did,did,s,UpdatesOtherNeutral,0
not,not,s,UpdatesOtherNeutral,1
end,end,s,UpdatesOtherNeutral,2
trauma,trauma,c,NegActsTrauma,0
.,.,n,,0
Many,many,s,ExpoOtherNeutral,0
former,former,s,NarrSequenceNeutral,0
labourers,labourers,s,CharTypesNeutral,0
rarely,rarely,s,ForcefulEmphaticNeutral,0
spoke,spoke,s,InterOtherNeutral,0
of,of,s,InterOtherNeutral,1
plantation,plantation,s,DescriptVisualNeutral,0
life,life,n,NarrBiographyNeutral,0
Shame,shame,c,NegEmotionsShame,0
",",",",s,,0
fear,fear,c,NegEmotionsFear,0
",",",",s,,0
and,and,s,OtherSyntacticComplexityOther,0
discipline,discipline,s,PubAdministrationNeutral,0
lingered,lingered,s,NarrDurationNeg,0
in,in,s,NarrDurationNeg,1
family,family,s,SpecialTopicsMiscellanyNeutral,0
structures,structures,n,SpecialTopicsMiscellanyNeutral,0
Silence,silence,s,DescriptVisualNeutral,0
became,became,s,DescriptChangeNeutral,0
a,a,s,DescriptChangeNeutral,1
coping,coping,s,NegEmotionsReluctance,0
strategy,strategy,n,OtherOrphanedOther,0
Later,later,s,NarrTimeShiftNeutral,0
generations,generations,s,SpecialTopicsMiscellanyNeutral,0
reframed,reframed,s,NarrDurationNeutral,0
indenture,indenture,s,PubLawNeutral,0
as,as,c,OtherOrphanedOther,0
:,:,n,,0
Ancestral,ancestral,s,SpecialTopicsMiscellanyNeutral,0
sacrifice,sacrifice,n,SpecialTopicsMiscellanyNeutral,1
Moral,moral,s,PosValuesOther,0
foundation,foundation,s,SpecialTopicsMiscellanyNeutral,0
for,for,s,OtherOrphanedOther,0
survival,survival,n,NarrTurningPointNeutral,0
A,a,s,OtherOrphanedOther,0
history,history,s,InterCommandNeutral,0
demanding,demanding,s,InterCommandNeutral,1
recognition,recognition,n,,0
8,8,c,ExpoOtherNeutral,0
.,.,s,ExpoOtherNeutral,1
Long-Term,long-term,s,NarrOtherNeutral,0
Legacy,legacy,n,NarrOtherNeutral,1
By,by,s,OtherOrphanedOther,0
the,the,s,OtherOrphanedOther,0
mid-20th,mid-20th,s,,0
century,century,c,NarrDurationNeutral,0
",",",",s,,0
the,the,s,NarrTimeShiftNeutral,0
descendants,descendants,s,NarrTimeShiftNeutral,1
of,of,s,NarrTimeShiftNeutral,2
indentured,indentured,s,PubLawNeutral,0
labourers,labourers,s,CharTypesNeutral,0
had,had,s,NarrOtherNeutral,0
become,become,c,DescriptChangeNeutral,0
:,:,n,,0
A,a,s,OtherOrphanedOther,0
permanent,permanent,s,NarrSequenceNeutral,0
demographic,demographic,s,SpecialTopicsMiscellanyNeutral,0
group,group,n,SpecialTopicsMiscellanyNeutral,0
Culturally,culturally,s,SpecialTopicsMiscellanyNeutral,0
distinct,distinct,s,ExpoComparisonNeutral,0
yet,yet,s,MetadiscourseContrastNeutral,0
Surinamese,surinamese,n,CharTypesNeutral,0
Neither,neither,s,NegActsResist,0
migrants,migrants,s,NarrSceneShiftNeutral,0
nor,nor,s,MetadiscourseContrastNeutral,0
temporary,temporary,s,NarrDurationNeutral,0
workers,workers,n,CharTypesNeutral,0
Indenture’s,indenture’s,s,,0
end,end,s,NarrSequenceNeutral,0
transformed,transformed,s,DescriptChangeNeutral,0
Indians,indians,s,CharTypesNeutral,0
from,from,c,OtherOrphanedOther,0
:,:,n,,0
contracted,contracted,s,NarrActsNeutral,0
bodies,bodies,s,SpecialTopicsMiscellanyNeutral,0
→,→,s,,0
settled,settled,s,NarrActsNeutral,0
people,people,s,CharTypesNeutral,0
→,→,s,,0
citizens,citizens,s,PubAdministrationNeutral,0
with,with,s,OtherOrphanedOther,0
memory,memory,n,CharMentalStatesNeutral,0
In,in,s,MetadiscourseCuesNeutral,0
Summary,summary,n,MetadiscourseCuesNeutral,1
When,when,c,OtherOrphanedOther,0
:,:,n,,0
Indenture,indenture,s,PubLawNeutral,0
ended,ended,s,NarrSequenceNeutral,0
in,in,s,NarrSequenceNeutral,1
Suriname,suriname,s,SpecialTopicsPlaceNeutral,0
in,in,s,NarrTimeShiftNeutral,0
1916,1916,n,NarrTimeShiftNeutral,1
How,how,c,OtherOrphanedOther,0
:,:,n,,0
Through,through,s,OtherOrphanedOther,0
Indian,indian,s,CharTypesNeutral,0
nationalist,nationalist,s,CharTypesNeutral,0
pressure,pressure,n,SpecialTopicsMiscellanyNeutral,0
International,international,s,SpecialTopicsMiscellanyNeutral,0
condemnation,condemnation,n,NegActsCriticize,0
Labour,labour,s,,0
resistance,resistance,n,NegActsResist,0
Economic,economic,s,DescriptChangeNeg,0
decline,decline,s,DescriptChangeNeg,1
of,of,s,OtherSyntacticComplexityOther,0
the,the,s,OtherSyntacticComplexityOther,1
system,system,n,SpecialTopicsMiscellanyNeutral,0
Aftermath,aftermath,c,FutureOtherNeg,0
:,:,n,,0
Most,most,s,ExpoComparisonNeutral,0
Indians,indians,s,CharTypesNeutral,0
stayed,stayed,s,NarrDurationNeutral,0
and,and,s,OtherSyntacticComplexityOther,0
settled,settled,n,NarrActsNeutral,0
Economic,economic,s,NegActsResist,0
hardship,hardship,s,NegActsResist,1
continued,continued,n,NarrDurationNeutral,0
Cultural,cultural,s,SpecialTopicsMiscellanyNeutral,0
and,and,s,OtherSyntacticComplexityOther,0
political,political,s,PubPoliticsNeutral,0
life,life,s,PubPoliticsNeutral,1
consolidated,consolidated,n,StratCoordinationNeutral,0
Trauma,trauma,s,NegActsTrauma,0
endured,endured,c,CharTraitsNeutral,0
",",",",s,MetadiscourseContrastNeutral,0
but,but,s,MetadiscourseContrastNeutral,1
community,community,s,SpecialTopicsMiscellanyNeutral,0
strengthened,strengthened,n,DescriptChangePos,0
The,the,s,NarrSequenceNeutral,0
end,end,s,NarrSequenceNeutral,1
of,of,s,NarrSequenceNeutral,2
indenture,indenture,s,PubLawNeutral,0
was,was,s,NarrOtherNeutral,0
not,not,s,NegActsResist,0
an,an,s,NegActsResist,1
end,end,s,NarrSequenceNeutral,0
to,to,s,OtherOrphanedOther,0
struggle,struggle,s,,0
—,—,s,,0
it,it,s,NarrOtherNeutral,0
was,was,s,NarrOtherNeutral,1
the,the,s,NarrOtherNeutral,2
beginning,beginning,s,NarrSequenceNeutral,0
of,of,s,NarrSequenceNeutral,1
post-indenture,post-indenture,s,,0
life,life,c,NarrBiographyNeutral,0
",",",",s,,0
shaped,shaped,s,OtherOrphanedOther,0
by,by,s,ReasoningOtherNeutral,0
memory,memory,c,ReasoningOtherNeutral,1
",",",",s,,0
adaptation,adaptation,c,DescriptChangeNeutral,0
",",",",s,,0
and,and,s,OtherSyntacticComplexityOther,0
the,the,s,OtherSyntacticComplexityOther,1
demand,demand,s,OtherOrphanedOther,0
to,to,s,OtherOrphanedOther,0
belong,belong,c,PubLawNeutral,0
.,.,n,,0
The,the,s,ExpoComparisonNeutral,0
difference,difference,s,ExpoComparisonNeutral,1
between,between,s,ExpoComparisonNeutral,2
written,written,s,NarrOtherNeutral,0
history,history,s,NarrOtherNeutral,1
and,and,s,OtherSyntacticComplexityOther,0
collective,collective,s,StratCoordinationNeutral,0
remembering,remembering,s,StratCoordinationNeutral,1
of,of,s,OtherOrphanedOther,0
indenture,indenture,s,PubLawNeutral,0
lies,lies,s,OtherOrphanedOther,0
not,not,s,NegActsResist,0
in,in,s,OtherOrphanedOther,0
accuracy,accuracy,s,PosValuesAccuracy,0
versus,versus,s,StratCompetitionNeg,0
falsehood,falsehood,c,NegValuesFalse,0
",",",",s,MetadiscourseContrastNeutral,0
but,but,s,MetadiscourseContrastNeutral,1
in,in,s,OtherOrphanedOther,0
purpose,purpose,c,FutureOtherNeutral,0
",",",",s,,0
voice,voice,c,SpecialTopicsMiscellanyNeutral,0
",",",",s,,0
and,and,s,OtherSyntacticComplexityOther,0
authority,authority,c,PubAdministrationNeutral,0
.,.,s,NarrActsNeutral,0
They,they,s,NarrActsNeutral,1
represent,represent,s,OtherOrphanedOther,0
two,two,s,ExpoOtherNeutral,0
different,different,s,ExpoComparisonNeutral,0
ways,ways,s,SpecialTopicsMiscellanyNeutral,0
of,of,s,SpecialTopicsMiscellanyNeutral,1
knowing,knowing,s,ConfidenceHighNeutral,0
the,the,s,ConfidenceHighNeutral,1
past,past,c,SpecialTopicsMiscellanyNeutral,0
",",",",s,,0
each,each,s,ExpoOtherNeutral,0
shaped,shaped,s,OtherOrphanedOther,0
by,by,s,OtherOrphanedOther,0
who,who,s,OtherOrphanedOther,0
speaks,speaks,c,InterOtherNeutral,0
",",",",s,,0
what,what,s,InterQuestionNeutral,0
is,is,s,InterQuestionNeutral,1
recorded,recorded,c,SpecialTopicsMiscellanyNeutral,0
",",",",s,,0
and,and,s,InquiryCuriosityNeutral,0
what,what,s,InquiryCuriosityNeutral,1
must,must,s,InquiryCuriosityNeutral,2
be,be,s,InquiryCuriosityNeutral,3
lived,lived,s,NarrBiographyNeutral,0
with,with,s,NarrBiographyNeutral,1
afterward,afterward,c,NarrSequenceNeutral,0
.,.,n,,0
In,in,s,NarrDurationNeutral,0
the,the,s,NarrDurationNeutral,1
context,context,s,NarrDurationNeutral,2
of,of,s,NarrDurationNeutral,3
indenture,indenture,s,PubLawNeutral,0
—,—,s,,0
especially,especially,s,ForcefulEmphaticNeutral,0
among,among,s,OtherSyntacticComplexityOther,0
the,the,s,OtherSyntacticComplexityOther,1
Indian,indian,s,CharTypesNeutral,0
(,(,c,OtherOrphanedOther,0
Hindostani,hindostani,c,,0
),),s,OtherOrphanedOther,0
community,community,s,SpecialTopicsMiscellanyNeutral,0
in,in,s,OtherOrphanedOther,0
Suriname,suriname,s,SpecialTopicsPlaceNeutral,0
—,—,s,,0
the,the,s,OtherOrphanedOther,0
gap,gap,s,NegActsResist,0
between,between,s,NegActsResist,1
the,the,s,OtherOrphanedOther,0
two,two,s,ExpoOtherNeutral,0
is,is,s,OtherOrphanedOther,0
especially,especially,s,ForcefulEmphaticNeutral,0
pronounced,pronounced,c,PubCommunicationNeutral,0
.,.,n,,0
1,1,c,ExpoOtherNeutral,0
.,.,s,ExpoOtherNeutral,1
Written,written,s,NarrOtherNeutral,0
History,history,c,NarrOtherNeutral,1
:,:,s,InterQuestionNeutral,0
How,how,s,InterQuestionNeutral,1
Indenture,indenture,s,PubLawNeutral,0
Is,is,s,ExpoOtherNeutral,0
Recorded,recorded,n,ExpoOtherNeutral,1
What,what,s,InquiryCuriosityNeutral,0
it,it,s,InquiryCuriosityNeutral,1
is,is,n,InquiryCuriosityNeutral,2
Written,written,s,NarrOtherNeutral,0
history,history,s,NarrOtherNeutral,1
of,of,s,OtherOrphanedOther,0
indenture,indenture,s,PubLawNeutral,0
is,is,s,ForcefulEmphaticNeutral,0
primarily,primarily,s,ForcefulEmphaticNeutral,1
based,based,s,ReasoningPremiseNeutral,0
on,on,c,ReasoningPremiseNeutral,1
:,:,n,,0
Colonial,colonial,s,SpecialTopicsMiscellanyNeutral,0
archives,archives,n,SpecialTopicsMiscellanyNeutral,0
Government,government,s,PubAdministrationNeutral,0
reports,reports,s,NarrActsNeutral,0
and,and,s,OtherSyntacticComplexityOther,0
commissions,commissions,n,PubAdministrationNeutral,0
Plantation,plantation,s,DescriptVisualNeutral,0
records,records,n,DescriptObjectsNeutral,0
Court,court,s,SpecialTopicsMiscellanyNeutral,0
and,and,s,OtherSyntacticComplexityOther,0
police,police,s,PubLawNeutral,0
documents,documents,n,DescriptObjectsNeutral,0
Later,later,s,SpecialTopicsMiscellanyNeutral,0
academic,academic,s,SpecialTopicsMiscellanyNeutral,1
reconstructions,reconstructions,n,DescriptChangePos,0
It,it,s,ConfidenceHighNeutral,0
is,is,s,ConfidenceHighNeutral,1
produced,produced,s,NarrActsNeutral,0
by,by,c,OtherOrphanedOther,0
:,:,n,,0
Colonial,colonial,s,SpecialTopicsMiscellanyNeutral,0
officials,officials,n,CharTypesNeutral,0
Employers,employers,n,CharTypesNeutral,0
Reformers,reformers,n,PubAdministrationNeutral,0
Historians,historians,s,CharTypesNeutral,0
working,working,s,OtherOrphanedOther,0
retrospectively,retrospectively,n,,0
What,what,s,InterQuestionNeutral,0
it,it,s,InterQuestionNeutral,1
tends,tends,s,ConfidenceHedgedNeutral,0
to,to,s,ConfidenceHedgedNeutral,1
emphasize,emphasize,n,ConfidenceHedgedNeutral,2
Dates,dates,c,DescriptObjectsNeutral,0
",",",",s,,0
numbers,numbers,c,SpecialTopicsMiscellanyNeutral,0
",",",",s,,0
and,and,s,OtherSyntacticComplexityOther,0
contracts,contracts,n,NarrActsNeutral,0
Laws,laws,s,PubLawNeutral,0
and,and,s,OtherSyntacticComplexityOther,0
administrative,administrative,s,PubAdministrationNeutral,0
changes,changes,n,PubAdministrationNeutral,1
Mortality,mortality,s,PubAdministrationNeutral,0
rates,rates,c,PubAdministrationNeutral,1
",",",",s,,0
wages,wages,c,SpecialTopicsMiscellanyNeutral,0
",",",",s,,0
punishments,punishments,n,NegEmotionsOther,0
Major,major,s,ForcefulEmphaticNeutral,0
protests,protests,s,NegActsPlaintive,0
and,and,s,OtherSyntacticComplexityOther,0
“,",c,,0
disturbances,disturbances,c,NegEmotionsDisturb,0
”,",n,,0
Official,official,s,PubAdministrationNeutral,0
causes,causes,s,PubAdministrationNeutral,1
for,for,s,OtherOrphanedOther,0
abolition,abolition,n,NegActsResist,0
Strengths,strengths,n,PosValuesOther,0
Chronological,chronological,s,SpecialTopicsMiscellanyNeutral,0
clarity,clarity,n,CharMentalStatesPos,0
Comparative,comparative,s,ExpoComparisonNeutral,0
scope,scope,s,SpecialTopicsMiscellanyNeutral,0
across,across,s,OtherOrphanedOther,0
colonies,colonies,n,SpecialTopicsMiscellanyNeutral,0
Documentary,documentary,s,ReasoningEvidenceNeutral,0
evidence,evidence,s,ReasoningEvidenceNeutral,1
of,of,s,OtherOrphanedOther,0
systemic,systemic,s,SpecialTopicsMiscellanyNeutral,0
abuse,abuse,n,NegActsAggressive,0
Ability,ability,s,NegActsAggressive,1
to,to,s,OtherOrphanedOther,0
link,link,s,SpecialTopicsMiscellanyNeutral,0
indenture,indenture,s,PubLawNeutral,0
to,to,s,OtherOrphanedOther,0
global,global,s,SpecialTopicsMiscellanyNeutral,0
political,political,s,SpecialTopicsMiscellanyNeutral,0
processes,processes,n,SpecialTopicsMiscellanyNeutral,1
Limits,limits,n,SpecialTopicsMiscellanyNeutral,0
Written,written,s,InterOtherNeutral,0
largely,largely,s,ReasoningPremiseNeutral,0
from,from,s,ReasoningPremiseNeutral,1
above,above,n,OtherOrphanedOther,0
Filters,filters,s,DescriptObjectsNeutral,0
labourers,labourers,c,CharTypesNeutral,0
’,',s,,0
voices,voices,s,DescriptObjectsNeutral,0
through,through,s,OtherOrphanedOther,0
colonial,colonial,s,SpecialTopicsMiscellanyNeutral,0
language,language,n,SpecialTopicsMiscellanyNeutral,0
Minimizes,minimizes,s,DescriptChangeNeutral,0
everyday,everyday,s,NarrDurationNeutral,0
suffering,suffering,s,NegEmotionsSuffer,0
that,that,s,SpecialTopicsMiscellanyNeutral,0
left,left,s,SpecialTopicsMiscellanyNeutral,1
no,no,s,NegActsResist,0
paper,paper,s,InquiryExplorationNeutral,0
trail,trail,n,InquiryExplorationNeutral,1
Treats,treats,s,OtherOrphanedOther,0
trauma,trauma,s,NegActsTrauma,0
as,as,s,OtherOrphanedOther,0
data,data,n,ExpoOtherNeutral,0
In,in,s,OtherOrphanedOther,0
written,written,s,NarrOtherNeutral,0
history,history,c,NarrOtherNeutral,1
",",",",s,,0
indenture,indenture,s,PubLawNeutral,0
often,often,s,NarrDurationNeutral,0
appears,appears,s,DescriptVisualNeutral,0
as,as,s,DescriptVisualNeutral,1
a,a,s,OtherOrphanedOther,0
labour,labour,s,SpecialTopicsMiscellanyNeutral,0
system,system,c,SpecialTopicsMiscellanyNeutral,1
.,.,n,,0
2,2,c,ExpoOtherNeutral,0
.,.,s,ExpoOtherNeutral,1
Collective,collective,s,StratCoordinationNeutral,0
Remembering,remembering,c,StratCoordinationNeutral,1
:,:,s,InterQuestionNeutral,0
How,how,s,InterQuestionNeutral,1
Indenture,indenture,s,PubLawNeutral,0
Is,is,s,NarrImmediacyNeutral,0
Lived,lived,s,NarrImmediacyNeutral,1
On,on,n,InquiryCuriosityNeutral,0
What,what,s,InquiryCuriosityNeutral,1
it,it,s,ConfidenceHighNeutral,0
is,is,n,ConfidenceHighNeutral,1
Collective,collective,s,StratCoordinationNeutral,0
remembering,remembering,s,StratCoordinationNeutral,1
survives,survives,s,NegEmotionsOther,0
through,through,c,NegEmotionsOther,1
:,:,n,,0
Oral,oral,s,ExpoOtherNeutral,0
histories,histories,s,ExpoOtherNeutral,1
and,and,s,OtherSyntacticComplexityOther,0
family,family,s,NarrSequenceNeutral,0
stories,stories,n,NarrSequenceNeutral,1
Songs,songs,c,DescriptSoundNeutral,0
",",",",s,,0
prayers,prayers,c,SpecialTopicsMiscellanyNeutral,0
",",",",s,,0
and,and,s,OtherSyntacticComplexityOther,0
ritual,ritual,s,PubCommunicationNeutral,0
speech,speech,n,PubCommunicationNeutral,1
Silences,silences,s,DescriptVisualNeutral,0
and,and,s,OtherSyntacticComplexityOther,0
avoided,avoided,s,SpecialTopicsMiscellanyNeutral,0
topics,topics,n,SpecialTopicsMiscellanyNeutral,1
Moral,moral,s,PubAdministrationNeutral,0
lessons,lessons,s,PubAdministrationNeutral,1
passed,passed,s,DescriptMotionNeutral,0
between,between,s,NarrTimeShiftNeutral,0
generations,generations,n,NarrTimeShiftNeutral,1
Community,community,s,StratCoordinationNeutral,0
commemorations,commemorations,n,StratCoordinationNeutral,1
It,it,s,ConfidenceHighNeutral,0
is,is,s,ConfidenceHighNeutral,1
carried,carried,s,OtherOrphanedOther,0
by,by,c,OtherOrphanedOther,0
:,:,n,,0
Survivors,survivors,s,NarrBiographyNeutral,0
and,and,s,OtherSyntacticComplexityOther,0
descendants,descendants,n,UncertaintyIndefiniteNeutral,0
Women,women,s,CharTypesNeutral,0
in,in,s,OtherOrphanedOther,0
domestic,domestic,s,SpecialTopicsMiscellanyNeutral,0
and,and,s,OtherSyntacticComplexityOther,0
ritual,ritual,s,PubAdministrationNeutral,0
spaces,spaces,n,SpecialTopicsMiscellanyNeutral,0
Cultural,cultural,s,SpecialTopicsMiscellanyNeutral,0
performers,performers,s,CharTypesNeutral,0
and,and,s,OtherSyntacticComplexityOther,0
elders,elders,n,CharTypesNeutral,0
What,what,s,InterQuestionNeutral,0
it,it,s,InterQuestionNeutral,1
emphasizes,emphasizes,n,ForcefulEmphaticNeutral,0
Hunger,hunger,c,NegEmotionsOther,0
",",",",s,,0
fear,fear,c,NegEmotionsFear,0
",",",",s,,0
and,and,s,OtherSyntacticComplexityOther,0
endurance,endurance,n,PosValuesStamina,0
Mothers,mothers,c,CharTypesNeutral,0
",",",",s,,0
children,children,c,CharTypesNeutral,0
",",",",s,,0
and,and,s,OtherSyntacticComplexityOther,0
broken,broken,s,NegEmotionsBroken,0
families,families,n,NegEmotionsBroken,1
Shame,shame,c,NegEmotionsShame,0
",",",",s,,0
loss,loss,c,NegEmotionsLoss,0
",",",",s,,0
and,and,s,OtherSyntacticComplexityOther,0
resilience,resilience,n,PosActsResilience,0
Relationships,relationships,s,SpecialTopicsMiscellanyNeutral,0
and,and,s,OtherSyntacticComplexityOther,0
betrayals,betrayals,n,NegRelBetrayal,0
Survival,survival,s,NarrTurningPointNeutral,0
despite,despite,s,MetadiscourseContrastNeutral,0
humiliation,humiliation,n,NegEmotionsHumiliate,0
Collective,collective,s,PubCognitionNeutral,0
memory,memory,s,PubCognitionNeutral,1
asks,asks,c,InterQuestionNeutral,0
:,:,n,,0
“,",c,InterDialogueNeutral,0
What,what,s,InterDialogueNeutral,1
did,did,s,ForcefulIntenseNeutral,0
this,this,s,ForcefulIntenseNeutral,0
do,do,s,ForcefulIntenseNeutral,1
to,to,s,StratCoordinationPos,0
us,us,s,StratCoordinationPos,1
as,as,s,OtherOrphanedOther,0
people,people,s,CharTypesNeutral,0
?,?,c,InterQuestionNeutral,0
”,",n,,0
3,3,c,ExpoOtherNeutral,0
.,.,s,ExpoOtherNeutral,1
The,the,s,InquiryCuriosityNeutral,0
Question,question,s,InquiryCuriosityNeutral,1
of,of,s,OtherOrphanedOther,0
Silence,silence,n,DescriptVisualNeutral,0
One,one,s,ForcefulIntenseNeutral,0
of,of,s,ForcefulIntenseNeutral,1
the,the,s,ForcefulIntenseNeutral,2
most,most,s,ForcefulIntenseNeutral,3
important,important,s,ForcefulIntenseNeutral,4
differences,differences,s,ExpoComparisonNeutral,0
is,is,s,OtherOrphanedOther,0
what,what,s,InterQuestionNeutral,0
is,is,s,InterQuestionNeutral,1
not,not,s,InterQuestionNeutral,2
said,said,c,InterOtherNeutral,0
.,.,n,,0
In,in,s,OtherOrphanedOther,0
written,written,s,NarrOtherNeutral,0
history,history,n,NarrOtherNeutral,1
Sexual,sexual,s,NegActsViolence,0
violence,violence,s,NegActsViolence,1
is,is,s,OtherOrphanedOther,0
underreported,underreported,n,NegValuesUnderAsPrefix,0
Emotional,emotional,s,NegActsTrauma,0
trauma,trauma,s,NegActsTrauma,1
is,is,s,OtherOrphanedOther,0
rarely,rarely,s,ForcefulEmphaticNeutral,0
named,named,n,SpecialTopicsMiscellanyNeutral,0
Children’s,children’s,s,CharTypesNeutral,0
suffering,suffering,s,NegEmotionsSuffer,0
appears,appears,s,DescriptVisualNeutral,0
as,as,s,DescriptVisualNeutral,1
statistics,statistics,n,SpecialTopicsMiscellanyNeutral,0
In,in,s,OtherOrphanedOther,0
collective,collective,s,PubCognitionNeutral,0
memory,memory,n,PubCognitionNeutral,1
Trauma,trauma,s,NegActsTrauma,0
is,is,s,NarrDurationNeutral,0
often,often,s,NarrDurationNeutral,1
remembered,remembered,s,CharMentalStatesNeutral,0
through,through,s,OtherOrphanedOther,0
silence,silence,n,DescriptVisualNeutral,0
Elders,elders,s,CharTypesNeutral,0
avoid,avoid,s,NegActsResist,0
details,details,c,,0
",",",",s,,0
not,not,s,MetadiscourseContrastNeutral,0
because,because,s,MetadiscourseContrastNeutral,1
they,they,s,OtherOrphanedOther,0
forgot,forgot,c,CharMentalStatesNeg,0
",",",",s,MetadiscourseContrastNeutral,0
but,but,s,MetadiscourseContrastNeutral,1
because,because,s,ReasoningOtherNeutral,0
remembering,remembering,s,CharMentalStatesNeutral,0
hurts,hurts,n,NegEmotionsOther,0
Certain,certain,s,StratOtherPos,0
experiences,experiences,s,StratOtherPos,1
(,(,c,OtherOrphanedOther,0
rape,rape,c,NegActsAggressive,0
",",",",s,,0
abandonment,abandonment,c,NarrSceneShiftNeg,0
",",",",s,,0
suicide,suicide,c,NegActsSuicide,0
),),s,OtherOrphanedOther,0
are,are,s,ConfidenceHighNeutral,0
known,known,s,ConfidenceHighNeutral,1
indirectly,indirectly,n,ConfidenceHedgedNeutral,0
Silence,silence,s,DescriptVisualNeutral,0
itself,itself,s,ForcefulEmphaticNeutral,0
becomes,becomes,s,DescriptChangeNeutral,0
a,a,s,DescriptChangeNeutral,1
form,form,s,SpecialTopicsMiscellanyNeutral,0
of,of,s,SpecialTopicsMiscellanyNeutral,1
memory,memory,c,CharMentalStatesNeutral,0
.,.,n,,0
4,4,c,ExpoOtherNeutral,0
.,.,s,ExpoOtherNeutral,1
Truth,truth,s,PosValuesOther,0
vs,vs,c,StratCompetitionNeg,0
.,.,s,StratCompetitionNeg,1
Meaning,meaning,n,SpecialTopicsMiscellanyNeutral,0
This,this,s,MetadiscourseOtherNeutral,0
is,is,s,MetadiscourseOtherNeutral,1
the,the,s,OtherOrphanedOther,0
central,central,s,SpecialTopicsMiscellanyNeutral,0
distinction,distinction,c,MetadiscourseContrastNeutral,0
.,.,n,,0
Aspect,aspect,s,SpecialTopicsMiscellanyNeutral,0
Written,written,s,NarrOtherNeutral,0
History,history,s,NarrOtherNeutral,1
Collective,collective,s,StratCoordinationNeutral,0
Remembering,remembering,n,StratCoordinationNeutral,1
Primary,primary,s,SpecialTopicsMiscellanyNeutral,0
question,question,s,,0
What,what,s,InquiryExplorationNeutral,0
happened,happened,s,InquiryExplorationNeutral,1
?,?,s,InterQuestionNeutral,0
What,what,s,InterQuestionNeutral,1
did,did,s,ForcefulIntenseNeutral,0
it,it,s,ForcefulIntenseNeutral,1
do,do,s,NegEmotionsOther,0
to,to,s,NegEmotionsOther,1
us,us,s,NegEmotionsOther,2
?,?,n,InterQuestionNeutral,0
Authority,authority,s,PubAdministrationNeutral,0
Archives,archives,c,SpecialTopicsMiscellanyNeutral,0
",",",",s,,0
scholars,scholars,s,CharTypesNeutral,0
Elders,elders,c,CharTypesNeutral,0
",",",",s,,0
families,families,c,SpecialTopicsMiscellanyNeutral,0
",",",",s,,0
culture,culture,n,SpecialTopicsMiscellanyNeutral,0
Language,language,s,SpecialTopicsMiscellanyNeutral,0
Legal,legal,c,PubLawNeutral,0
",",",",s,,0
administrative,administrative,s,PubAdministrationNeutral,0
Emotional,emotional,c,SpecialTopicsMiscellanyNeutral,0
",",",",s,,0
moral,moral,n,PosValuesOther,0
Time,time,s,SpecialTopicsMiscellanyNeutral,0
Linear,linear,c,SpecialTopicsMiscellanyNeutral,0
",",",",s,,0
dated,dated,s,NarrDurationNeutral,0
Layered,layered,c,SpecialTopicsMiscellanyNeutral,0
",",",",s,,0
recurring,recurring,n,NegActsTrauma,0
Trauma,trauma,s,NegActsTrauma,1
Measured,measured,s,NarrActsNeutral,0
Lived,lived,n,NarrBiographyNeutral,0
Purpose,purpose,s,FutureOtherNeutral,0
Explanation,explanation,s,NarrOtherNeutral,0
Continuity,continuity,s,NarrOtherNeutral,1
and,and,s,OtherSyntacticComplexityOther,0
survival,survival,n,NarrTurningPointNeutral,0
Written,written,s,NarrOtherNeutral,0
history,history,s,NarrOtherNeutral,1
seeks,seeks,s,StratCognitionNeutral,0
truth,truth,s,SpecialTopicsMiscellanyNeutral,0
claims,claims,c,SpecialTopicsMiscellanyNeutral,1
.,.,n,,0
Collective,collective,s,PubCognitionNeutral,0
memory,memory,s,PubCognitionNeutral,1
seeks,seeks,s,StratCognitionNeutral,0
meaning,meaning,c,SpecialTopicsMiscellanyNeutral,0
.,.,n,,0
5,5,c,ExpoOtherNeutral,0
.,.,s,ExpoOtherNeutral,1
Moral,moral,s,PosValuesOther,0
Framing,framing,n,OtherOrphanedOther,0
Collective,collective,s,StratCoordinationNeutral,0
remembering,remembering,s,StratCoordinationNeutral,1
often,often,s,NarrDurationNeutral,0
reframes,reframes,s,NarrDurationNeutral,0
indenture,indenture,s,PubLawNeutral,0
morally,morally,c,,0
:,:,n,,0
As,as,s,OtherOrphanedOther,0
injustice,injustice,c,NegValuesInjustice,0
",",",",s,,0
not,not,s,NegActsResist,0
misfortune,misfortune,n,ContingentEventNeg,0
As,as,s,OtherOrphanedOther,0
sacrifice,sacrifice,c,NegRelForego,0
",",",",s,,0
not,not,s,NegActsResist,0
mere,mere,s,CharSubjectivityNeutral,0
labour,labour,n,,0
As,as,s,OtherOrphanedOther,0
foundational,foundational,s,NegActsTrauma,0
trauma,trauma,c,NegActsTrauma,1
",",",",s,,0
not,not,s,ForcefulEmphaticNeutral,0
just,just,s,ForcefulEmphaticNeutral,1
a,a,s,NarrTimeShiftNeutral,0
historical,historical,s,NarrTimeShiftNeutral,1
phase,phase,n,NarrSequenceNeutral,0
This,this,s,ForcefulIntenseNeutral,0
does,does,s,ForcefulIntenseNeutral,1
not,not,s,NegActsResist,0
always,always,s,NegActsResist,1
align,align,s,ExpoComparisonNeutral,0
neatly,neatly,s,PosValuesOther,0
with,with,s,OtherOrphanedOther,0
academic,academic,s,ConfidenceHedgedNeutral,0
caution,caution,c,ConfidenceHedgedNeutral,1
",",",",s,MetadiscourseContrastNeutral,0
but,but,s,MetadiscourseContrastNeutral,1
it,it,s,,0
reflects,reflects,s,OtherOrphanedOther,0
the,the,s,OtherOrphanedOther,1
need,need,s,StratDirectAppealNeutral,0
to,to,c,StratDirectAppealNeutral,1
:,:,n,,0
Honor,honor,s,PosValuesHonor,0
ancestors,ancestors,n,NarrOtherNeutral,0
Justify,justify,s,ReasoningDefendPos,0
survival,survival,n,ReasoningDefendPos,1
Claim,claim,s,CitationControversyNeutral,0
dignity,dignity,n,PosValuesDignity,0
Written,written,s,NarrOtherNeutral,0
history,history,s,NarrOtherNeutral,1
may,may,s,ConfidenceHedgedNeutral,0
avoid,avoid,s,ConfidenceHedgedNeutral,1
moral,moral,s,PosValuesOther,0
language,language,c,SpecialTopicsMiscellanyNeutral,0
;,;,s,,0
collective,collective,s,PubCognitionNeutral,0
memory,memory,s,PubCognitionNeutral,1
depends,depends,s,ResponsibilityOtherNeutral,0
on,on,s,ResponsibilityOtherNeutral,1
it,it,c,ResponsibilityOtherNeutral,2
.,.,n,ResponsibilityOtherNeutral,3
6,6,c,ExpoOtherNeutral,0
.,.,s,ExpoOtherNeutral,1
Points,points,s,SpecialTopicsMiscellanyNeutral,0
of,of,s,OtherOrphanedOther,0
Tension,tension,n,NegEmotionsNervousTense,0
The,the,s,OtherOrphanedOther,0
two,two,s,ExpoClassificationNeutral,0
forms,forms,s,ExpoClassificationNeutral,1
sometimes,sometimes,s,ContingentRelationshipNeutral,0
clash,clash,c,NegRelFight,0
.,.,n,,0
Historians,historians,s,CharTypesNeutral,0
may,may,s,ConfidenceHedgedNeutral,0
say,say,c,ConfidenceHedgedNeutral,1
:,:,s,,0
“,",c,,0
There,there,s,NegActsResist,0
is,is,s,NegActsResist,1
no,no,s,NegActsResist,2
archival,archival,s,SpecialTopicsMiscellanyNeutral,0
proof,proof,c,SpecialTopicsMiscellanyNeutral,1
.,.,c,,0
”,",n,,0
Communities,communities,s,InterResponseNeutral,0
reply,reply,c,InterResponseNeutral,1
:,:,s,,0
“,",c,,0
It,it,s,NarrOtherNeutral,0
happened,happened,s,NarrOtherNeutral,1
in,in,s,OtherOrphanedOther,0
our,our,s,FPOtherNeutral,0
bodies,bodies,c,SpecialTopicsMiscellanyNeutral,0
.,.,c,,0
”,",n,,0
Written,written,s,NarrOtherNeutral,0
history,history,s,NarrOtherNeutral,1
may,may,s,ConfidenceHedgedNeutral,0
downplay,downplay,s,ConfidenceHedgedNeutral,1
scale,scale,s,OtherOrphanedOther,0
(,(,c,OtherOrphanedOther,0
“,",c,,0
isolated,isolated,s,DescriptVisualNeutral,0
cases,cases,c,SpecialTopicsMiscellanyNeutral,0
”,",c,,0
),),c,OtherOrphanedOther,0
.,.,n,,0
Collective,collective,s,PubCognitionNeutral,0
memory,memory,s,PubCognitionNeutral,1
remembers,remembers,s,CharMentalStatesNeutral,0
pattern,pattern,s,OtherOrphanedOther,0
and,and,s,OtherSyntacticComplexityOther,0
fear,fear,c,NegEmotionsFear,0
.,.,n,,0
Neither,neither,s,NegActsResist,0
is,is,s,OtherOrphanedOther,0
complete,complete,s,ForcefulEmphaticNeutral,0
on,on,s,NarrBiographyNeutral,0
its,its,s,NarrBiographyNeutral,1
own,own,c,NarrBiographyNeutral,2
.,.,n,,0
7,7,c,ExpoOtherNeutral,0
.,.,s,ExpoOtherNeutral,1
When,when,s,NarrTimeShiftNeutral,0
They,they,s,NarrTimeShiftNeutral,1
Meet,meet,c,NarrActsNeutral,0
:,:,s,,0
The,the,s,ForcefulEmphaticNeutral,0
Most,most,s,ForcefulEmphaticNeutral,1
Powerful,powerful,s,ForcefulEmphaticNeutral,0
Accounts,accounts,n,SpecialTopicsMiscellanyNeutral,0
The,the,s,ForcefulEmphaticNeutral,0
most,most,s,ForcefulEmphaticNeutral,1
meaningful,meaningful,s,InquiryLearningPos,0
understanding,understanding,s,InquiryLearningPos,1
of,of,s,OtherOrphanedOther,0
indenture,indenture,s,PubLawNeutral,0
emerges,emerges,s,ContingentEventNeutral,0
when,when,c,OtherOrphanedOther,0
:,:,n,,0
Oral,oral,s,DescriptVisualNeutral,0
testimony,testimony,s,PubAdministrationNeutral,0
informs,informs,s,UpdatesNoticeNeutral,0
archival,archival,s,NarrOtherNeutral,0
reading,reading,n,OtherOrphanedGenericActivity,0
Silence,silence,s,DescriptVisualNeutral,0
is,is,s,OtherOrphanedOther,0
treated,treated,s,OtherOrphanedOther,0
as,as,s,OtherOrphanedOther,1
evidence,evidence,c,ReasoningEvidenceNeutral,0
",",",",s,,0
not,not,s,NegActsResist,0
absence,absence,n,SpecialTopicsMiscellanyNeutral,0
Women’s,women’s,s,CharTypesNeutral,0
voices,voices,s,DescriptObjectsNeutral,0
are,are,s,OtherOrphanedOther,0
centered,centered,n,DescriptVisualNeutral,0
Memory,memory,s,CharMentalStatesNeutral,0
is,is,s,OtherOrphanedOther,0
respected,respected,s,PosRelRespect,0
as,as,s,OtherOrphanedOther,0
historical,historical,s,ExpoOtherNeutral,0
data,data,n,ExpoOtherNeutral,1
Modern,modern,s,SpecialTopicsMiscellanyNeutral,0
scholarship,scholarship,s,SpecialTopicsMiscellanyNeutral,1
increasingly,increasingly,s,DescriptChangeNeutral,0
recognizes,recognizes,s,CitationAuthoritativePos,0
that,that,s,CitationAuthoritativePos,1
collective,collective,s,StratCoordinationNeutral,0
remembering,remembering,s,StratCoordinationNeutral,1
corrects,corrects,s,PosActsAddressProblems,0
archival,archival,s,NarrOtherNeutral,0
bias,bias,c,NegRelBias,0
.,.,n,,0
In,in,s,MetadiscourseCuesNeutral,0
Summary,summary,n,MetadiscourseCuesNeutral,1
Written,written,s,NarrOtherNeutral,0
history,history,s,NarrOtherNeutral,1
explains,explains,s,InquiryOtherNeutral,0
how,how,s,InquiryOtherNeutral,1
indenture,indenture,s,PubLawNeutral,0
functioned,functioned,n,SpecialTopicsMiscellanyNeutral,0
Collective,collective,s,StratCoordinationNeutral,0
remembering,remembering,s,StratCoordinationNeutral,1
explains,explains,s,InquiryOtherNeutral,0
how,how,s,InquiryOtherNeutral,1
indenture,indenture,s,PubLawNeutral,0
was,was,s,NarrOtherNeutral,0
endured,endured,n,CharTraitsNeutral,0
Written,written,s,NarrOtherNeutral,0
history,history,s,NarrOtherNeutral,1
gives,gives,s,NarrActsNeutral,0
us,us,s,NarrActsNeutral,1
structure,structure,c,SpecialTopicsMiscellanyNeutral,0
.,.,n,,0
Collective,collective,s,PubCognitionNeutral,0
memory,memory,s,PubCognitionNeutral,1
gives,gives,s,NarrActsNeutral,0
us,us,s,NarrActsNeutral,1
consequence,consequence,c,ReasoningOtherNeutral,0
.,.,n,,0
Indenture,indenture,s,PubLawNeutral,0
can,can,s,ContingentRelationshipNeutral,0
be,be,s,ContingentRelationshipNeutral,1
understood,understood,s,NegValuesLimitedAppeal,0
only,only,s,NegValuesLimitedAppeal,1
by,by,s,NegValuesLimitedAppeal,2
holding,holding,s,OtherOrphanedOther,0
both,both,s,OtherSyntacticComplexityOther,0
together,together,s,StratCoordinationNeutral,0
—,—,s,,0
because,because,s,ReasoningPremiseNeutral,0
a,a,s,ReasoningPremiseNeutral,1
system,system,s,SpecialTopicsMiscellanyNeutral,0
that,that,s,OtherOrphanedOther,0
controlled,controlled,s,StratCoordinationNeutral,0
bodies,bodies,s,SpecialTopicsMiscellanyNeutral,0
can,can,s,NegActsResist,0
not,not,s,NegActsResist,1
be,be,s,NegActsResist,2
fully,fully,s,ForcefulIntenseNeutral,0
understood,understood,s,ForcefulEmphaticNeutral,0
without,without,s,ForcefulEmphaticNeutral,1
listening,listening,s,InterOtherNeutral,0
to,to,s,InterOtherNeutral,1
how,how,s,OtherOrphanedOther,0
those,those,s,OtherOrphanedOther,0
bodies,bodies,s,SpecialTopicsMiscellanyNeutral,0
remembered,remembered,s,CharMentalStatesNeutral,0
being,being,s,OtherOrphanedOther,0
controlled,controlled,c,StratCoordinationNeutral,0
.,.,n,,0
The,the,s,OtherOrphanedOther,0
indenture,indenture,s,SpecialTopicsMiscellanyNeutral,0
system,system,s,SpecialTopicsMiscellanyNeutral,1
in,in,s,OtherOrphanedOther,0
Suriname,suriname,s,SpecialTopicsPlaceNeutral,0
produced,produced,s,NarrActsNeutral,0
cultural,cultural,s,SpecialTopicsMiscellanyNeutral,0
integration,integration,s,SpecialTopicsMiscellanyNeutral,0
not,not,s,NegActsResist,0
by,by,s,CharTraitsNeutral,0
design,design,c,CharTraitsNeutral,1
",",",",s,MetadiscourseContrastNeutral,0
but,but,s,MetadiscourseContrastNeutral,1
by,by,s,PubAdministrationNeutral,0
necessity,necessity,c,PubAdministrationNeutral,1
.,.,s,,0
While,while,s,NarrDurationNeutral,0
the,the,s,NarrDurationNeutral,1
system,system,s,SpecialTopicsMiscellanyNeutral,0
was,was,s,CharTraitsNeutral,0
intended,intended,s,CharTraitsNeutral,1
to,to,s,CharTraitsNeutral,2
extract,extract,s,NarrActsNeutral,0
labor,labor,s,SpecialTopicsMiscellanyNeutral,0
and,and,s,OtherSyntacticComplexityOther,0
keep,keep,s,NarrActsNeutral,0
populations,populations,s,PubAdministrationNeutral,0
separate,separate,c,OtherOrphanedOther,0
",",",",s,,0
everyday,everyday,s,OtherOrphanedGenericActivity,0
life,life,s,OtherOrphanedGenericActivity,1
on,on,s,OtherOrphanedOther,0
plantations,plantations,s,DescriptVisualNeutral,0
and,and,s,OtherSyntacticComplexityOther,0
in,in,s,OtherSyntacticComplexityOther,1
post-indenture,post-indenture,s,,0
settlements,settlements,s,DescriptVisualNeutral,0
forced,forced,s,StratOtherNeutral,0
Dutch,dutch,c,CharTypesNeutral,0
",",",",s,,0
Surinamese,surinamese,s,CharTypesNeutral,0
(,(,c,OtherOrphanedOther,0
Creole,creole,c,SpecialTopicsMiscellanyNeutral,0
),),c,OtherOrphanedOther,0
",",",",s,,0
and,and,s,OtherSyntacticComplexityOther,0
Indian,indian,s,CharTypesNeutral,0
worlds,worlds,s,SpecialTopicsPlaceNeutral,0
into,into,s,OtherOrphanedOther,0
sustained,sustained,s,NarrDurationNeutral,0
contact,contact,c,NarrDurationNeutral,1
.,.,s,,0
Over,over,s,NarrOtherNeutral,0
time,time,c,NarrOtherNeutral,1
",",",",s,,0
this,this,s,OtherOrphanedOther,0
contact,contact,s,OtherOrphanedOther,0
generated,generated,s,NarrActsNeutral,0
hybrid,hybrid,s,SpecialTopicsMiscellanyNeutral,0
cultural,cultural,s,SpecialTopicsMiscellanyNeutral,0
forms,forms,s,OtherOrphanedOther,0
that,that,s,OtherOrphanedOther,0
reshaped,reshaped,s,NarrDurationNeutral,0
language,language,c,SpecialTopicsMiscellanyNeutral,0
",",",",s,,0
religion,religion,c,SpecialTopicsMiscellanyNeutral,0
",",",",s,,0
food,food,c,DescriptObjectsNeutral,0
",",",",s,,0
social,social,s,SpecialTopicsMiscellanyNeutral,0
practice,practice,c,SpecialTopicsMiscellanyNeutral,1
",",",",s,,0
and,and,s,OtherSyntacticComplexityOther,0
public,public,s,PubAdministrationNeutral,0
life,life,c,PubAdministrationNeutral,1
.,.,n,SpecialTopicsMiscellanyNeutral,0
What,what,s,SpecialTopicsMiscellanyNeutral,1
emerged,emerged,s,SpecialTopicsMiscellanyNeutral,2
was,was,s,NarrOtherNeutral,0
not,not,s,NegActsResist,0
assimilation,assimilation,c,DescriptChangeNeutral,0
",",",",s,MetadiscourseContrastNeutral,0
but,but,s,MetadiscourseContrastNeutral,1
creolized,creolized,s,SpecialTopicsMiscellanyNeutral,0
coexistence,coexistence,s,SpecialTopicsMiscellanyNeutral,0
—,—,s,,0
distinct,distinct,s,NarrOtherNeutral,0
traditions,traditions,s,NarrOtherNeutral,1
interacting,interacting,c,OtherOrphanedOther,0
",",",",s,,0
borrowing,borrowing,c,NarrActsNeutral,0
",",",",s,,0
and,and,s,OtherSyntacticComplexityOther,0
adapting,adapting,c,DescriptChangeNeutral,0
.,.,n,,0
1,1,c,ExpoOtherNeutral,0
.,.,s,ExpoOtherNeutral,1
Language,language,c,SpecialTopicsMiscellanyNeutral,0
:,:,s,,0
The,the,s,ForcefulEmphaticNeutral,0
Most,most,s,ForcefulEmphaticNeutral,1
Visible,visible,s,ConfidenceHighNeutral,0
Integration,integration,n,SpecialTopicsMiscellanyNeutral,0
a,a,c,OtherOrphanedOther,0
.,.,s,OtherOrphanedOther,1
Bhojpuri,bhojpuri,s,,0
→,→,s,,0
Sarnami,sarnami,s,,0
in,in,s,OtherOrphanedOther,0
a,a,s,OtherOrphanedOther,0
Dutch,dutch,s,CharTypesNeutral,0
—,—,s,,0
Surinamese,surinamese,s,CharTypesNeutral,0
World,world,n,SpecialTopicsPlaceNeutral,0
Indian,indian,s,PubLawNeutral,0
indentured,indentured,s,PubLawNeutral,1
labourers,labourers,s,CharTypesNeutral,0
brought,brought,s,NarrActsNeutral,0
Bhojpuri,bhojpuri,s,,0
and,and,s,OtherSyntacticComplexityOther,0
related,related,s,OtherOrphanedOther,0
North,north,s,SpecialTopicsPlaceNeutral,0
Indian,indian,s,CharTypesNeutral,0
dialects,dialects,c,SpecialTopicsMiscellanyNeutral,0
.,.,s,,0
In,in,s,OtherOrphanedOther,0
Suriname,suriname,c,SpecialTopicsPlaceNeutral,0
",",",",s,,0
these,these,s,OtherOrphanedOther,0
evolved,evolved,s,DescriptChangeNeutral,0
into,into,s,DescriptChangeNeutral,1
Sarnami,sarnami,s,,0
Hindustani,hindustani,c,,0
",",",",s,,0
shaped,shaped,s,OtherOrphanedOther,0
by,by,c,OtherOrphanedOther,0
:,:,n,,0
Dutch,dutch,s,CharTypesNeutral,0
(,(,c,OtherOrphanedOther,0
administration,administration,c,PubAdministrationNeutral,0
",",",",s,,0
schooling,schooling,c,OtherOrphanedGenericActivity,0
",",",",s,,0
law,law,c,PubLawNeutral,0
),),n,OtherOrphanedOther,0
Sranan,sranan,s,,0
Tongo,tongo,s,,0
(,(,c,OtherOrphanedOther,0
marketplace,marketplace,c,SpecialTopicsPlaceNeutral,0
",",",",s,,0
inter-ethnic,inter-ethnic,s,SpecialTopicsMiscellanyNeutral,0
communication,communication,c,SpecialTopicsMiscellanyNeutral,0
),),n,OtherOrphanedOther,0
Plantation,plantation,s,DescriptVisualNeutral,0
vocabulary,vocabulary,s,SpecialTopicsMiscellanyNeutral,0
and,and,s,OtherSyntacticComplexityOther,0
new,new,s,NarrImmediacyNeutral,0
social,social,s,SpecialTopicsMiscellanyNeutral,0
realities,realities,n,SpecialTopicsMiscellanyNeutral,1
Sarnami,sarnami,s,,0
retained,retained,s,NarrActsNeutral,0
Bhojpuri,bhojpuri,s,,0
grammar,grammar,s,SpecialTopicsMiscellanyNeutral,0
and,and,s,OtherSyntacticComplexityOther,0
emotional,emotional,s,DescriptObjectsNeutral,0
expression,expression,c,DescriptObjectsNeutral,1
",",",",s,,0
while,while,s,NarrDurationNeutral,0
absorbing,absorbing,s,DescriptVisualNeutral,0
Surinamese,surinamese,s,CharTypesNeutral,0
and,and,s,OtherSyntacticComplexityOther,0
Dutch,dutch,s,CharTypesNeutral,0
loanwords,loanwords,c,SpecialTopicsMiscellanyNeutral,0
.,.,s,,0
This,this,s,OtherOrphanedOther,0
linguistic,linguistic,s,SpecialTopicsMiscellanyNeutral,0
blending,blending,s,SpecialTopicsMiscellanyNeutral,1
reflects,reflects,s,OtherOrphanedOther,0
daily,daily,s,NarrDurationNeutral,0
multilingual,multilingual,s,SpecialTopicsMiscellanyNeutral,0
negotiation,negotiation,c,PubDiplomacyNeutral,0
",",",",s,,0
not,not,s,NegActsResist,0
elite,elite,s,ForcefulEmphaticNeutral,0
planning,planning,c,StratCognitionNeutral,0
.,.,n,,0
b,b,c,OtherOrphanedOther,0
.,.,s,OtherOrphanedOther,1
Dutch,dutch,s,CharTypesNeutral,0
as,as,s,OtherOrphanedOther,0
a,a,s,OtherOrphanedOther,1
Shared,shared,s,OtherOrphanedOther,0
Public,public,s,PubAdministrationNeutral,0
Language,language,n,PubAdministrationNeutral,1
After,after,s,NarrSequenceNeutral,0
indenture,indenture,c,PubLawNeutral,0
:,:,n,,0
Dutch,dutch,s,CharTypesNeutral,0
became,became,s,DescriptChangeNeutral,0
the,the,s,DescriptChangeNeutral,1
language,language,s,SpecialTopicsMiscellanyNeutral,0
of,of,s,OtherOrphanedOther,0
education,education,c,SpecialTopicsMiscellanyNeutral,0
",",",",s,,0
law,law,c,PubLawNeutral,0
",",",",s,,0
and,and,s,OtherSyntacticComplexityOther,0
political,political,s,PubPoliticsNeutral,0
participation,participation,n,PubPoliticsNeutral,1
Indians,indians,s,CharTypesNeutral,0
adopted,adopted,s,NarrActsNeutral,0
Dutch,dutch,s,CharTypesNeutral,0
without,without,s,ForcefulEmphaticNeutral,0
abandoning,abandoning,s,NarrSceneShiftNeg,0
Sarnami,sarnami,n,,0
Multilingualism,multilingualism,s,SpecialTopicsMiscellanyNeutral,0
became,became,s,DescriptChangeNeutral,0
normal,normal,s,ExpoClassificationNeutral,0
rather,rather,s,ExpoOtherNeutral,0
than,than,s,ExpoOtherNeutral,1
exceptional,exceptional,n,StratCompetitionPos,0
Language,language,s,SpecialTopicsMiscellanyNeutral,0
integration,integration,s,SpecialTopicsMiscellanyNeutral,0
thus,thus,s,ReasoningConcludeNeutral,0
occurred,occurred,s,ContingentEventNeutral,0
through,through,s,OtherOrphanedOther,0
functional,functional,s,PosValuesOther,0
layering,layering,c,SpecialTopicsMiscellanyNeutral,0
",",",",s,,0
not,not,s,NegActsResist,0
replacement,replacement,c,ExpoOtherNeutral,0
.,.,n,,0
2,2,c,ExpoOtherNeutral,0
.,.,s,ExpoOtherNeutral,1
Foodways,foodways,c,,0
:,:,s,,0
Everyday,everyday,s,NarrDurationNeutral,0
Creolization,creolization,n,SpecialTopicsMiscellanyNeutral,0
Food,food,s,DescriptObjectsNeutral,0
became,became,s,DescriptChangeNeutral,0
one,one,s,OtherSyntacticComplexityOther,0
of,of,s,OtherSyntacticComplexityOther,1
the,the,s,OtherSyntacticComplexityOther,2
earliest,earliest,s,NarrSequenceNeutral,0
and,and,s,OtherSyntacticComplexityOther,0
most,most,s,ExpoComparisonNeutral,0
lasting,lasting,s,NarrSequenceNeutral,0
sites,sites,s,DescriptVisualNeutral,0
of,of,s,OtherOrphanedOther,0
integration,integration,c,SpecialTopicsMiscellanyNeutral,0
.,.,n,,0
Indian,indian,s,CharTypesNeutral,0
culinary,culinary,s,NarrOtherNeutral,0
traditions,traditions,s,NarrOtherNeutral,1
adapted,adapted,s,PosValuesOther,0
to,to,c,PosValuesOther,1
:,:,n,,0
Local,local,s,SpecialTopicsPlaceNeutral,0
Surinamese,surinamese,s,CharTypesNeutral,0
ingredients,ingredients,n,DescriptObjectsNeutral,0
African,african,s,CharTypesNeutral,0
and,and,s,OtherSyntacticComplexityOther,0
Indigenous,indigenous,s,SpecialTopicsMiscellanyNeutral,0
cooking,cooking,s,ExpoOtherNeutral,0
methods,methods,n,ExpoOtherNeutral,1
Plantation,plantation,s,DescriptVisualNeutral,0
constraints,constraints,n,NegActsResist,0
Examples,examples,s,ExpoExampleNeutral,0
include,include,c,NarrActsNeutral,0
:,:,n,,0
Roti,roti,s,DescriptObjectsNeutral,0
and,and,s,OtherSyntacticComplexityOther,0
curry,curry,s,DescriptObjectsNeutral,0
using,using,s,NarrActsNeutral,0
local,local,s,DescriptObjectsNeutral,0
vegetables,vegetables,s,DescriptObjectsNeutral,1
and,and,s,OtherSyntacticComplexityOther,0
peppers,peppers,n,DescriptObjectsNeutral,0
Shared,shared,s,OtherOrphanedOther,0
use,use,s,SpecialTopicsMiscellanyNeutral,0
of,of,s,SpecialTopicsMiscellanyNeutral,1
cassava,cassava,c,DescriptObjectsNeutral,0
",",",",s,,0
plantain,plantain,c,DescriptObjectsNeutral,0
",",",",s,,0
and,and,s,OtherSyntacticComplexityOther,0
tropical,tropical,s,DescriptVisualNeutral,0
greens,greens,n,DescriptVisualNeutral,0
Exchange,exchange,s,ExpoOtherNeutral,0
of,of,s,ExpoOtherNeutral,1
spices,spices,c,DescriptObjectsNeutral,0
",",",",s,,0
preparation,preparation,s,StratCognitionNeutral,0
styles,styles,c,SpecialTopicsMiscellanyNeutral,0
",",",",s,,0
and,and,s,OtherSyntacticComplexityOther,0
eating,eating,s,ExpoOtherNeutral,0
practices,practices,n,ExpoOtherNeutral,1
Food,food,s,DescriptObjectsNeutral,0
crossed,crossed,s,OtherOrphanedOther,0
ethnic,ethnic,s,SpecialTopicsMiscellanyNeutral,0
boundaries,boundaries,s,SpecialTopicsMiscellanyNeutral,0
more,more,s,PosEmotionsSerene,0
easily,easily,s,PosEmotionsSerene,1
than,than,s,ExpoComparisonNeutral,0
ritual,ritual,s,PubAdministrationNeutral,0
or,or,s,OtherSyntacticComplexityOther,0
marriage,marriage,c,SpecialTopicsMiscellanyNeutral,0
",",",",s,,0
creating,creating,s,DescriptChangeNeutral,0
shared,shared,s,OtherOrphanedOther,0
sensory,sensory,s,SpecialTopicsMiscellanyNeutral,0
culture,culture,s,SpecialTopicsMiscellanyNeutral,0
even,even,s,OtherOrphanedOther,0
where,where,s,OtherOrphanedOther,0
communities,communities,s,SpecialTopicsMiscellanyNeutral,0
remained,remained,s,NarrDurationNeutral,0
socially,socially,s,PubAdministrationNeutral,0
distinct,distinct,c,ExpoComparisonNeutral,0
.,.,n,,0
3,3,c,ExpoOtherNeutral,0
.,.,s,ExpoOtherNeutral,1
Religion,religion,c,SpecialTopicsMiscellanyNeutral,0
:,:,s,,0
Adaptation,adaptation,s,DescriptChangeNeutral,0
Rather,rather,s,ExpoOtherNeutral,0
Than,than,s,ExpoOtherNeutral,1
Isolation,isolation,n,NegRelOther,0
4,4,n,ExpoOtherNeutral,0
Indian,indian,s,CharTypesNeutral,0
religious,religious,s,CharTraitsNeutral,0
life,life,s,NarrBiographyNeutral,0
integrated,integrated,s,StratCoordinationNeutral,0
Surinamese,surinamese,s,CharTypesNeutral,0
and,and,s,OtherSyntacticComplexityOther,0
Dutch,dutch,s,CharTypesNeutral,0
elements,elements,s,,0
while,while,s,NarrDurationNeutral,0
remaining,remaining,s,NarrDurationNeutral,0
recognizably,recognizably,s,ConfidenceHighNeutral,0
Hindu,hindu,s,SpecialTopicsMiscellanyNeutral,0
and,and,s,OtherSyntacticComplexityOther,0
Muslim,muslim,c,CharTypesNeutral,0
.,.,n,InterCommandNeutral,0
Key,key,s,InterCommandNeutral,1
integrations,integrations,n,SpecialTopicsMiscellanyNeutral,0
Hindu,hindu,s,SpecialTopicsMiscellanyNeutral,0
and,and,s,OtherSyntacticComplexityOther,0
Muslim,muslim,s,CharTypesNeutral,0
festivals,festivals,s,PosEmotionsFestive,0
adapted,adapted,s,PosValuesOther,0
to,to,c,PosValuesOther,1
:,:,n,,0
Plantation,plantation,s,DescriptVisualNeutral,0
schedules,schedules,n,FutureOtherNeutral,0
Public,public,s,PubAdministrationNeutral,0
holidays,holidays,s,PubAdministrationNeutral,1
governed,governed,s,PubAdministrationNeutral,0
by,by,s,OtherOrphanedOther,0
Dutch,dutch,s,SpecialTopicsMiscellanyNeutral,0
colonial,colonial,s,SpecialTopicsMiscellanyNeutral,1
calendars,calendars,n,SpecialTopicsMiscellanyNeutral,0
Over,over,s,NarrOtherNeutral,0
time,time,c,NarrOtherNeutral,1
",",",",s,,0
celebrations,celebrations,s,PosRelSocial,0
such,such,s,ExpoExampleNeutral,0
as,as,s,ExpoExampleNeutral,1
Phagwa,phagwa,s,,0
(,(,c,OtherOrphanedOther,0
Holi,holi,c,,0
),),s,OtherOrphanedOther,0
became,became,c,DescriptChangeNeutral,0
:,:,n,,0
Public,public,c,PubAdministrationNeutral,0
",",",",s,,0
multi-ethnic,multi-ethnic,s,SpecialTopicsMiscellanyNeutral,0
events,events,n,NarrActsNeutral,0
Recognized,recognized,s,ConfidenceHighNeutral,0
national,national,s,PubAdministrationNeutral,0
cultural,cultural,s,SpecialTopicsMiscellanyNeutral,0
expressions,expressions,n,DescriptVisualNeutral,0
Religious,religious,s,PubAdministrationNeutral,0
institutions,institutions,s,PubAdministrationNeutral,1
adopted,adopted,c,NarrActsNeutral,0
:,:,n,,0
Dutch,dutch,s,CharTypesNeutral,0
legal,legal,s,PubLawNeutral,0
frameworks,frameworks,n,SpecialTopicsMiscellanyNeutral,0
Surinamese,surinamese,s,CharTypesNeutral,0
spatial,spatial,s,DescriptVisualNeutral,0
norms,norms,n,PubAdministrationNeutral,0
Inter-ethnic,inter-ethnic,s,SpecialTopicsMiscellanyNeutral,0
visibility,visibility,n,DescriptVisualNeutral,0
Religion,religion,s,SpecialTopicsMiscellanyNeutral,0
thus,thus,s,ReasoningConcludeNeutral,0
became,became,s,DescriptChangeNeutral,0
a,a,s,DescriptChangeNeutral,1
bridge,bridge,s,DescriptObjectsNeutral,0
into,into,s,OtherOrphanedOther,0
public,public,s,PubAdministrationNeutral,0
life,life,c,PubAdministrationNeutral,1
",",",",s,,0
not,not,s,NegActsResist,0
a,a,s,NegActsResist,1
retreat,retreat,s,NarrSceneShiftNeg,0
from,from,s,OtherOrphanedOther,0
it,it,c,,0
.,.,n,,0
4,4,c,ExpoOtherNeutral,0
.,.,s,ExpoOtherNeutral,1
Social,social,s,SpecialTopicsMiscellanyNeutral,0
Practice,practice,s,SpecialTopicsMiscellanyNeutral,1
and,and,s,OtherSyntacticComplexityOther,0
Daily,daily,s,NarrDurationNeutral,0
Life,life,n,NarrBiographyNeutral,0
a,a,c,OtherOrphanedOther,0
.,.,s,OtherOrphanedOther,1
Plantation,plantation,s,DescriptVisualNeutral,0
Life,life,s,OtherOrphanedGenericActivity,0
as,as,s,OtherOrphanedGenericActivity,1
Forced,forced,s,StratOtherNeutral,0
Contact,contact,s,SpecialTopicsMiscellanyNeutral,0
Zone,zone,n,SpecialTopicsMiscellanyNeutral,1
Plantations,plantations,s,DescriptVisualNeutral,0
brought,brought,s,NarrActsNeutral,0
together,together,c,NarrActsNeutral,1
:,:,n,,0
Indian,indian,s,PubLawNeutral,0
indentured,indentured,s,PubLawNeutral,1
labourers,labourers,n,CharTypesNeutral,0
Afro-Surinamese,afro-surinamese,s,,0
workers,workers,n,CharTypesNeutral,0
Javanese,javanese,c,SpecialTopicsPlaceNeutral,0
",",",",s,,0
Chinese,chinese,c,CharTypesNeutral,0
",",",",s,,0
and,and,s,OtherSyntacticComplexityOther,0
Europeans,europeans,n,CharTypesNeutral,0
Although,although,s,MetadiscourseContrastNeutral,0
colonial,colonial,s,PubAdministrationNeutral,0
policy,policy,s,PubAdministrationNeutral,1
discouraged,discouraged,s,StratActsNeutral,0
solidarity,solidarity,c,StratActsNeutral,1
",",",",s,,0
daily,daily,s,NarrDurationNeutral,0
realities,realities,s,SpecialTopicsMiscellanyNeutral,0
—,—,s,,0
markets,markets,c,SpecialTopicsMiscellanyNeutral,0
",",",",s,,0
medical,medical,s,SpecialTopicsMiscellanyNeutral,0
care,care,c,SpecialTopicsMiscellanyNeutral,1
",",",",s,,0
policing,policing,c,PubLawNeutral,0
",",",",s,,0
transport,transport,s,NarrSceneShiftNeutral,0
—,—,s,,0
created,created,s,DescriptChangeNeutral,0
unavoidable,unavoidable,s,ConfidenceHighNeg,0
interaction,interaction,c,ConfidenceHighNeg,1
.,.,n,,0
From,from,s,OtherOrphanedOther,0
this,this,s,OtherOrphanedOther,0
emerged,emerged,c,ContingentEventNeutral,0
:,:,n,,0
Shared,shared,s,OtherOrphanedOther,0
labor,labor,s,ExpoOtherNeutral,0
practices,practices,n,ExpoOtherNeutral,1
Borrowed,borrowed,s,NarrActsNeutral,0
gestures,gestures,c,DescriptMotionNeutral,0
",",",",s,,0
idioms,idioms,c,SpecialTopicsMiscellanyNeutral,0
",",",",s,,0
and,and,s,OtherSyntacticComplexityOther,0
social,social,s,SpecialTopicsMiscellanyNeutral,0
habits,habits,n,SpecialTopicsMiscellanyNeutral,1
Pragmatic,pragmatic,s,PosRelCooperate,0
cooperation,cooperation,c,PosRelCooperate,1
",",",",s,,0
especially,especially,s,ForcefulEmphaticNeutral,0
among,among,s,OtherOrphanedOther,0
women,women,n,CharTypesNeutral,0
b,b,c,OtherOrphanedOther,0
.,.,s,OtherOrphanedOther,1
Gendered,gendered,s,SpecialTopicsMiscellanyNeutral,0
Integration,integration,n,SpecialTopicsMiscellanyNeutral,0
Women,women,s,CharTypesNeutral,0
played,played,s,ForcefulSignificantNeutral,0
a,a,s,ForcefulSignificantNeutral,1
key,key,s,ForcefulSignificantNeutral,2
role,role,s,ForcefulSignificantNeutral,3
in,in,s,ForcefulSignificantNeutral,4
cultural,cultural,s,SpecialTopicsMiscellanyNeutral,0
blending,blending,s,SpecialTopicsMiscellanyNeutral,1
through,through,c,OtherOrphanedOther,0
:,:,n,,0
Child-rearing,child-rearing,s,OtherOrphanedGenericActivity,0
in,in,s,OtherOrphanedOther,0
multilingual,multilingual,s,SpecialTopicsMiscellanyNeutral,0
environments,environments,n,,0
Exchange,exchange,s,ExpoOtherNeutral,0
of,of,s,ExpoOtherNeutral,1
food,food,c,DescriptObjectsNeutral,0
",",",",s,,0
remedies,remedies,c,PosActsSolution,0
",",",",s,,0
and,and,s,OtherSyntacticComplexityOther,0
childcare,childcare,s,ExpoOtherNeutral,0
practices,practices,n,ExpoOtherNeutral,1
Informal,informal,s,SpecialTopicsMiscellanyNeutral,0
networks,networks,s,SpecialTopicsMiscellanyNeutral,1
across,across,s,OtherOrphanedOther,0
ethnic,ethnic,s,SpecialTopicsMiscellanyNeutral,0
lines,lines,n,OtherOrphanedOther,0
This,this,s,OtherOrphanedOther,0
form,form,s,SpecialTopicsMiscellanyNeutral,0
of,of,s,SpecialTopicsMiscellanyNeutral,1
integration,integration,s,SpecialTopicsMiscellanyNeutral,0
was,was,s,NarrOtherNeutral,0
domestic,domestic,s,SpecialTopicsMiscellanyNeutral,0
and,and,s,OtherSyntacticComplexityOther,0
understated,understated,c,CharSubjectivityNeutral,0
",",",",s,MetadiscourseContrastNeutral,0
but,but,s,MetadiscourseContrastNeutral,1
deeply,deeply,s,ForcefulEmphaticNeutral,0
influential,influential,c,StratCompetitionNeutral,0
.,.,n,,0
5,5,c,ExpoOtherNeutral,0
.,.,s,ExpoOtherNeutral,1
Music,music,c,DescriptSoundNeutral,0
",",",",s,,0
Performance,performance,c,NarrActsNeutral,0
",",",",s,,0
and,and,s,OtherSyntacticComplexityOther,0
Popular,popular,s,PubAdministrationNeutral,0
Culture,culture,n,PubAdministrationNeutral,1
Indian,indian,s,CharTypesNeutral,0
musical,musical,s,DescriptSoundNeutral,0
forms,forms,s,DescriptSoundNeutral,1
(,(,c,OtherOrphanedOther,0
folk,folk,s,DescriptSoundNeutral,0
songs,songs,c,DescriptSoundNeutral,1
",",",",s,,0
devotional,devotional,s,PosValuesOther,0
music,music,c,DescriptSoundNeutral,0
),),s,OtherOrphanedOther,0
gradually,gradually,s,FutureOtherNeutral,0
interacted,interacted,s,OtherOrphanedOther,0
with,with,c,OtherOrphanedOther,1
:,:,n,,0
Afro-Surinamese,afro-surinamese,s,,0
rhythms,rhythms,n,DescriptSoundNeutral,0
Creole,creole,s,SpecialTopicsMiscellanyNeutral,0
performance,performance,s,NarrActsNeutral,0
styles,styles,n,SpecialTopicsMiscellanyNeutral,0
Later,later,c,NarrTimeShiftNeutral,0
",",",",s,,0
Dutch-mediated,dutch-mediated,s,,0
popular,popular,s,PubAdministrationNeutral,0
music,music,s,PubAdministrationNeutral,1
formats,formats,n,SpecialTopicsMiscellanyNeutral,0
This,this,s,OtherOrphanedOther,0
produced,produced,c,NarrActsNeutral,0
:,:,n,,0
Hybrid,hybrid,s,NarrActsNeutral,0
performance,performance,s,NarrActsNeutral,1
traditions,traditions,n,NarrOtherNeutral,0
New,new,s,NarrImmediacyNeutral,0
lyrical,lyrical,s,DescriptSoundNeutral,0
themes,themes,s,SpecialTopicsMiscellanyNeutral,0
tied,tied,s,ExpoSpecificationNeutral,0
to,to,s,ExpoSpecificationNeutral,1
Surinamese,surinamese,s,CharTypesNeutral,0
landscapes,landscapes,s,SpecialTopicsMiscellanyNeutral,0
and,and,s,OtherSyntacticComplexityOther,0
history,history,n,NarrOtherNeutral,0
A,a,s,OtherOrphanedOther,0
shared,shared,s,OtherOrphanedOther,0
cultural,cultural,s,SpecialTopicsMiscellanyNeutral,0
repertoire,repertoire,s,SpecialTopicsMiscellanyNeutral,0
without,without,s,ForcefulEmphaticNeutral,0
erasing,erasing,s,DescriptMotionNeutral,0
origins,origins,n,NarrSequenceNeutral,0
6,6,c,ExpoOtherNeutral,0
.,.,s,ExpoOtherNeutral,1
Law,law,c,PubLawNeutral,0
",",",",s,,0
Education,education,c,SpecialTopicsMiscellanyNeutral,0
",",",",s,,0
and,and,s,OtherSyntacticComplexityOther,0
Citizenship,citizenship,n,PubAdministrationNeutral,0
Post-indenture,post-indenture,s,,0
integration,integration,s,SpecialTopicsMiscellanyNeutral,0
accelerated,accelerated,s,DescriptChangeNeutral,0
through,through,s,PubAdministrationNeutral,0
institutions,institutions,c,PubAdministrationNeutral,1
:,:,n,,0
Dutch,dutch,s,CharTypesNeutral,0
legal,legal,s,PubLawNeutral,0
frameworks,frameworks,s,SpecialTopicsMiscellanyNeutral,0
defined,defined,s,ExpoDefinitionNeutral,0
citizenship,citizenship,s,PubAdministrationNeutral,0
and,and,s,OtherSyntacticComplexityOther,0
property,property,n,PubLawNeutral,0
Indian,indian,s,SpecialTopicsMiscellanyNeutral,0
families,families,s,SpecialTopicsMiscellanyNeutral,1
entered,entered,s,OtherOrphanedOther,0
Dutch-language,dutch-language,s,,0
schools,schools,n,SpecialTopicsMiscellanyNeutral,0
Political,political,s,PubPoliticsNeutral,0
participation,participation,s,PubPoliticsNeutral,1
required,required,s,PubAdministrationNeutral,0
cross-ethnic,cross-ethnic,s,,0
engagement,engagement,n,OtherOrphanedGenericActivity,0
Indians,indians,s,CharTypesNeutral,0
were,were,s,UpdatesNewsNeutral,0
no,no,s,UpdatesNewsNeutral,1
longer,longer,s,UpdatesNewsNeutral,2
viewed,viewed,s,OtherOrphanedOther,0
solely,solely,s,ForcefulEmphaticNeutral,0
as,as,s,OtherOrphanedOther,0
laborers,laborers,s,CharTypesNeutral,0
but,but,s,MetadiscourseContrastNeutral,0
as,as,s,MetadiscourseContrastNeutral,1
Surinamese,surinamese,s,CharTypesNeutral,0
subjects,subjects,s,SpecialTopicsMiscellanyNeutral,0
and,and,s,NarrSequenceNeutral,0
later,later,s,NarrSequenceNeutral,1
citizens,citizens,c,PubAdministrationNeutral,0
",",",",s,,0
embedding,embedding,s,DescriptVisualNeutral,0
them,them,s,NarrActsNeutral,0
within,within,s,OtherOrphanedOther,0
the,the,s,OtherOrphanedOther,0
national,national,s,SpecialTopicsMiscellanyNeutral,0
project,project,c,SpecialTopicsMiscellanyNeutral,1
.,.,n,,0
7,7,c,ExpoOtherNeutral,0
.,.,s,ExpoOtherNeutral,1
Limits,limits,s,SpecialTopicsMiscellanyNeutral,0
and,and,s,OtherSyntacticComplexityOther,0
Tensions,tensions,n,NegEmotionsNervousTense,0
Integration,integration,s,SpecialTopicsMiscellanyNeutral,0
was,was,s,NarrOtherNeutral,0
real,real,c,,0
",",",",s,MetadiscourseContrastNeutral,0
but,but,s,MetadiscourseContrastNeutral,1
not,not,s,NegActsResist,0
frictionless,frictionless,c,FacilitateOtherNeutral,0
.,.,n,,0
Ethnic,ethnic,s,SpecialTopicsMiscellanyNeutral,0
boundaries,boundaries,s,SpecialTopicsMiscellanyNeutral,0
persisted,persisted,s,CharTraitsNeutral,0
in,in,s,CharTraitsNeutral,1
marriage,marriage,s,SpecialTopicsMiscellanyNeutral,0
and,and,s,OtherSyntacticComplexityOther,0
religious,religious,s,CharTraitsNeutral,0
life,life,n,NarrBiographyNeutral,0
Colonial,colonial,s,SpecialTopicsMiscellanyNeutral,0
divide-and-rule,divide-and-rule,s,PubAdministrationNeutral,0
policies,policies,s,PubAdministrationNeutral,1
slowed,slowed,s,OtherOrphanedOther,0
solidarity,solidarity,n,PosRelSolidarity,0
Cultural,cultural,s,PosEmotionsPride,0
pride,pride,s,PosEmotionsPride,1
sometimes,sometimes,s,ContingentRelationshipNeutral,0
hardened,hardened,s,DescriptChangeNeutral,0
into,into,s,OtherOrphanedOther,0
separation,separation,n,SpecialTopicsMiscellanyNeutral,0
Integration,integration,s,SpecialTopicsMiscellanyNeutral,0
therefore,therefore,s,ReasoningConcludeNeutral,0
occurred,occurred,s,ContingentEventNeutral,0
alongside,alongside,s,DescriptVisualNeutral,0
difference,difference,c,ExpoComparisonNeutral,0
",",",",s,,0
not,not,s,NegActsResist,0
instead,instead,s,MetadiscourseOtherNeutral,0
of,of,s,MetadiscourseOtherNeutral,1
it,it,c,,0
.,.,n,,0
In,in,s,MetadiscourseCuesNeutral,0
Summary,summary,n,MetadiscourseCuesNeutral,1
The,the,s,OtherOrphanedOther,0
indenture,indenture,s,SpecialTopicsMiscellanyNeutral,0
system,system,s,SpecialTopicsMiscellanyNeutral,1
led,led,s,ReasoningOtherNeutral,0
to,to,s,ReasoningOtherNeutral,1
cultural,cultural,s,SpecialTopicsMiscellanyNeutral,0
integration,integration,s,SpecialTopicsMiscellanyNeutral,0
in,in,s,OtherOrphanedOther,0
Suriname,suriname,s,SpecialTopicsPlaceNeutral,0
through,through,c,OtherOrphanedOther,0
:,:,n,,0
Language,language,c,SpecialTopicsMiscellanyNeutral,0
:,:,s,,0
Bhojpuri,bhojpuri,s,,0
→,→,s,,0
Sarnami,sarnami,s,,0
shaped,shaped,s,OtherOrphanedOther,0
by,by,s,OtherOrphanedOther,0
Dutch,dutch,s,CharTypesNeutral,0
and,and,s,OtherSyntacticComplexityOther,0
Surinamese,surinamese,s,CharTypesNeutral,0
usage,usage,n,OtherOrphanedGenericActivity,0
Food,food,c,DescriptObjectsNeutral,0
:,:,s,,0
Shared,shared,s,OtherOrphanedOther,0
ingredients,ingredients,s,DescriptObjectsNeutral,0
and,and,s,OtherSyntacticComplexityOther,0
culinary,culinary,s,SpecialTopicsMiscellanyNeutral,0
exchange,exchange,n,NarrActsNeutral,0
Religion,religion,c,SpecialTopicsMiscellanyNeutral,0
:,:,s,,0
Adapted,adapted,s,DescriptChangeNeutral,0
rituals,rituals,s,PubAdministrationNeutral,0
entering,entering,s,OtherOrphanedOther,0
public,public,c,PubAdministrationNeutral,0
",",",",s,,0
national,national,s,PubAdministrationNeutral,0
space,space,n,SpecialTopicsMiscellanyNeutral,0
Daily,daily,s,NarrDurationNeutral,0
life,life,c,NarrBiographyNeutral,0
:,:,s,,0
Multilingual,multilingual,c,SpecialTopicsMiscellanyNeutral,0
",",",",s,,0
multi-ethnic,multi-ethnic,s,SpecialTopicsMiscellanyNeutral,0
interaction,interaction,s,SpecialTopicsMiscellanyNeutral,0
on,on,s,OtherOrphanedOther,0
plantations,plantations,n,DescriptVisualNeutral,0
Institutions,institutions,c,PubAdministrationNeutral,0
:,:,s,,0
Dutch,dutch,s,PubLawNeutral,0
law,law,s,PubLawNeutral,1
and,and,s,OtherSyntacticComplexityOther,0
education,education,s,SpecialTopicsMiscellanyNeutral,0
enabling,enabling,s,FacilitateEnablePos,0
civic,civic,s,PubAdministrationNeutral,0
integration,integration,n,SpecialTopicsMiscellanyNeutral,0
What,what,s,OtherOrphanedOther,0
emerged,emerged,s,ContingentEventNeutral,0
was,was,s,NarrOtherNeutral,0
a,a,s,NarrOtherNeutral,1
distinct,distinct,s,ExpoComparisonNeutral,0
Indo-Surinamese,indo-surinamese,s,,0
culture,culture,c,SpecialTopicsMiscellanyNeutral,0
",",",",s,,0
simultaneously,simultaneously,c,NarrSimultaneityNeutral,0
:,:,n,,0
Indian,indian,s,CharTypesNeutral,0
in,in,s,OtherOrphanedOther,0
ancestry,ancestry,n,NarrBiographyNeutral,0
Surinamese,surinamese,s,CharTypesNeutral,0
in,in,s,OtherOrphanedOther,0
lived,lived,s,NarrImmediacyNeutral,0
reality,reality,n,NarrImmediacyNeutral,1
Shaped,shaped,s,OtherOrphanedOther,0
by,by,s,OtherOrphanedOther,0
Dutch,dutch,s,SpecialTopicsMiscellanyNeutral,0
colonial,colonial,s,SpecialTopicsMiscellanyNeutral,1
structures,structures,n,SpecialTopicsMiscellanyNeutral,0
Indenture,indenture,s,PubLawNeutral,0
did,did,s,NegActsResist,0
not,not,s,NegActsResist,1
dissolve,dissolve,s,DescriptChangeNeutral,0
cultures,cultures,s,SpecialTopicsMiscellanyNeutral,0
—,—,s,,0
but,but,s,MetadiscourseContrastNeutral,0
by,by,s,NegActsPressureSomeone,0
forcing,forcing,s,NegActsPressureSomeone,1
people,people,s,CharTypesNeutral,0
to,to,s,OtherOrphanedOther,0
live,live,s,NarrBiographyNeutral,0
together,together,s,NarrBiographyNeutral,1
under,under,s,NegEmotionsPressure,0
pressure,pressure,c,NegEmotionsPressure,1
",",",",s,,0
it,it,s,,0
unintentionally,unintentionally,s,CharMentalStatesNeg,0
wove,wove,s,NarrActsNeutral,0
them,them,s,NarrActsNeutral,0
into,into,s,DescriptChangeNeutral,0
a,a,s,DescriptChangeNeutral,1
shared,shared,s,OtherOrphanedOther,0
social,social,s,PubAdministrationNeutral,0
fabric,fabric,s,PubAdministrationNeutral,1
that,that,s,OtherOrphanedOther,0
defines,defines,s,ExpoDefinitionNeutral,0
Suriname,suriname,s,SpecialTopicsPlaceNeutral,0
today,today,c,NarrImmediacyNeutral,0
.,.,n,,0
In,in,s,OtherOrphanedOther,0
Suriname,suriname,c,SpecialTopicsPlaceNeutral,0
",",",",s,,0
land,land,s,SpecialTopicsPlaceNeutral,0
(,(,c,OtherOrphanedOther,0
often,often,s,NarrDurationNeutral,0
referred,referred,s,NarrActsNeutral,0
to,to,s,NarrActsNeutral,1
as,as,s,NarrActsNeutral,2
land,land,s,SpecialTopicsPlaceNeutral,0
or,or,s,OtherSyntacticComplexityOther,0
vestigingsgrond,vestigingsgrond,c,,0
),),s,OtherOrphanedOther,0
was,was,s,FacilitateSponsorNeutral,0
granted,granted,s,FacilitateSponsorNeutral,1
to,to,s,FacilitateSponsorNeutral,2
indentured,indentured,s,PubLawNeutral,0
Indian,indian,s,CharTypesNeutral,0
labourers,labourers,s,CharTypesNeutral,0
primarily,primarily,s,ForcefulEmphaticNeutral,0
as,as,s,MetadiscourseOtherNeutral,0
an,an,s,MetadiscourseOtherNeutral,1
alternative,alternative,s,MetadiscourseOtherNeutral,2
to,to,s,MetadiscourseOtherNeutral,3
return,return,s,NarrDurationNeutral,0
passage,passage,c,DescriptObjectsNeutral,0
",",",",s,,0
and,and,s,NarrSequenceNeutral,0
later,later,s,NarrSequenceNeutral,1
as,as,s,OtherOrphanedOther,0
a,a,s,OtherOrphanedOther,1
settlement,settlement,s,PosRelAgree,0
strategy,strategy,s,OtherOrphanedOther,0
once,once,s,NarrOtherNeutral,0
indenture,indenture,s,PubLawNeutral,0
ended,ended,c,NarrSequenceNeutral,0
.,.,s,NarrOtherNeutral,0
It,it,s,NarrOtherNeutral,1
was,was,s,NarrOtherNeutral,2
not,not,s,NegActsResist,0
automatic,automatic,c,SpecialTopicsMiscellanyNeutral,0
",",",",s,,0
nor,nor,s,MetadiscourseContrastNeutral,0
was,was,s,MetadiscourseContrastNeutral,1
it,it,s,,0
generous,generous,c,PosRelGenerosity,0
.,.,s,,0
Land,land,s,PubAdministrationNeutral,0
grants,grants,s,PubAdministrationNeutral,1
were,were,s,NarrOtherNeutral,0
a,a,s,NarrOtherNeutral,1
colonial,colonial,s,SpecialTopicsMiscellanyNeutral,0
management,management,s,SpecialTopicsMiscellanyNeutral,0
tool,tool,c,DescriptObjectsNeutral,0
",",",",s,,0
not,not,s,NegActsResist,0
a,a,s,NegActsResist,1
reward,reward,c,PosActsReward,0
.,.,n,MetadiscourseOtherNeutral,0
Below,below,s,MetadiscourseOtherNeutral,1
is,is,s,MetadiscourseOtherNeutral,2
a,a,s,OtherOrphanedOther,0
precise,precise,s,InquiryOtherNeutral,0
explanation,explanation,s,InquiryOtherNeutral,1
of,of,s,OtherOrphanedOther,0
when,when,c,InterQuestionNeutral,0
",",",",s,InterQuestionNeutral,1
how,how,c,OtherOrphanedOther,0
",",",",s,,0
and,and,s,OtherSyntacticComplexityOther,0
under,under,s,OtherOrphanedOther,0
what,what,s,InquiryCuriosityNeutral,0
conditions,conditions,s,InquiryCuriosityNeutral,1
land,land,s,SpecialTopicsPlaceNeutral,0
was,was,s,FacilitateSponsorNeutral,0
granted,granted,c,FacilitateSponsorNeutral,1
.,.,n,,0
1,1,c,ExpoOtherNeutral,0
.,.,s,ExpoOtherNeutral,1
Land,land,s,SpecialTopicsPlaceNeutral,0
Instead,instead,s,MetadiscourseOtherNeutral,0
of,of,s,MetadiscourseOtherNeutral,1
Return,return,s,NarrDurationNeutral,0
Passage,passage,s,DescriptObjectsNeutral,0
(,(,c,OtherOrphanedOther,0
Most,most,s,ExpoComparisonNeutral,0
Common,common,s,OtherOrphanedOther,0
Scenario,scenario,c,OtherOrphanedOther,0
),),n,OtherOrphanedOther,0
The,the,s,OtherOrphanedOther,0
contractual,contractual,s,CharTraitsNeutral,0
choice,choice,n,CharTraitsNeutral,1
After,after,s,ExpoOtherNeutral,0
completing,completing,s,ExpoOtherNeutral,1
indenture,indenture,s,PubLawNeutral,0
(,(,c,OtherOrphanedOther,0
usually,usually,s,NarrDurationNeutral,0
10,10,s,NarrDurationNeutral,0
years,years,c,NarrDurationNeutral,1
",",",",s,,0
including,including,s,NarrActsNeutral,0
re-indenture,re-indenture,c,,0
),),c,OtherOrphanedOther,0
",",",",s,,0
labourers,labourers,s,CharTypesNeutral,0
were,were,s,NarrOtherNeutral,0
legally,legally,s,PubLawNeutral,0
entitled,entitled,s,PubAdministrationNeutral,0
to,to,c,PubAdministrationNeutral,1
:,:,n,,0
A,a,s,OtherOrphanedOther,0
free,free,s,FacilitateUnobstructNeutral,0
return,return,s,NarrDurationNeutral,0
passage,passage,s,DescriptObjectsNeutral,0
to,to,s,NarrSceneShiftNeutral,0
India,india,c,NarrSceneShiftNeutral,1
",",",",s,,0
or,or,n,OtherSyntacticComplexityOther,0
Land,land,s,SpecialTopicsPlaceNeutral,0
or,or,s,OtherSyntacticComplexityOther,0
cash,cash,s,PosEmotionsOther,0
in,in,s,PosEmotionsOther,1
lieu,lieu,s,DescriptVisualNeutral,0
of,of,s,OtherOrphanedOther,0
return,return,n,NarrDurationNeutral,0
Many,many,s,ExpoOtherNeutral,0
accepted,accepted,s,NarrActsNeutral,0
land,land,s,NarrActsNeutral,1
because,because,c,ReasoningOtherNeutral,0
:,:,n,InterCommandNeutral,0
Return,return,s,InterCommandNeutral,1
was,was,s,NarrOtherNeutral,0
socially,socially,s,PubAdministrationNeutral,0
risky,risky,s,NegEmotionsFear,0
and,and,s,OtherSyntacticComplexityOther,0
economically,economically,s,SpecialTopicsMiscellanyNeutral,0
uncertain,uncertain,n,UncertaintyOtherNeutral,0
Savings,savings,s,UncertaintyOtherNeutral,1
were,were,s,NegValuesInsufficient,0
insufficient,insufficient,s,NegValuesInsufficient,1
for,for,s,OtherOrphanedOther,0
reintegration,reintegration,s,NarrDurationNeutral,0
in,in,s,OtherOrphanedOther,0
India,india,n,SpecialTopicsPlaceNeutral,0
Families,families,s,SpecialTopicsMiscellanyNeutral,0
had,had,s,NarrOtherNeutral,0
been,been,s,NarrOtherNeutral,1
formed,formed,s,NarrOtherNeutral,2
in,in,s,OtherOrphanedOther,0
Suriname,suriname,n,SpecialTopicsPlaceNeutral,0
Key,key,s,ForcefulEmphaticNeutral,0
features,features,n,ForcefulEmphaticNeutral,1
Land,land,s,PubAdministrationNeutral,0
grants,grants,s,PubAdministrationNeutral,1
were,were,s,NarrActsNeutral,0
offered,offered,c,NarrActsNeutral,1
",",",",s,,0
not,not,s,ConfidenceHedgedNeutral,0
guaranteed,guaranteed,n,ConfidenceHedgedNeutral,1
Accepting,accepting,s,NarrActsNeutral,0
land,land,s,NarrActsNeutral,1
meant,meant,s,OtherOrphanedOther,0
forfeiting,forfeiting,s,NegRelForego,0
return,return,s,PubLawNeutral,0
rights,rights,n,PubLawNeutral,1
Grants,grants,s,PubLawNeutral,0
were,were,s,NarrDurationNeutral,0
often,often,s,NarrDurationNeutral,1
small,small,s,DescriptVisualNeutral,0
and,and,s,OtherSyntacticComplexityOther,0
undeveloped,undeveloped,n,SpecialTopicsMiscellanyNeutral,0
This,this,s,MetadiscourseOtherNeutral,0
was,was,s,MetadiscourseOtherNeutral,1
the,the,s,ForcefulEmphaticNeutral,0
most,most,s,ForcefulEmphaticNeutral,1
common,common,s,OtherOrphanedOther,0
pathway,pathway,s,DescriptVisualNeutral,0
through,through,s,OtherOrphanedOther,0
which,which,s,OtherSyntacticComplexityOther,0
Indians,indians,s,CharTypesNeutral,0
acquired,acquired,s,DescriptChangeNeutral,0
land,land,c,SpecialTopicsPlaceNeutral,0
.,.,n,,0
2,2,c,ExpoOtherNeutral,0
.,.,s,ExpoOtherNeutral,1
Post-Indenture,post-indenture,s,,0
Settlement,settlement,s,PubAdministrationNeutral,0
Policy,policy,s,PubAdministrationNeutral,1
(,(,c,OtherOrphanedOther,0
After,after,s,NarrSequenceNeutral,0
1916,1916,c,NarrOtherNeutral,0
),),n,OtherOrphanedOther,0
After,after,s,NarrSequenceNeutral,0
the,the,s,NarrSequenceNeutral,1
formal,formal,s,SpecialTopicsMiscellanyNeutral,0
end,end,s,NarrSequenceNeutral,0
of,of,s,NarrSequenceNeutral,1
indenture,indenture,s,PubLawNeutral,0
in,in,s,NarrTimeShiftNeutral,0
1916,1916,c,NarrTimeShiftNeutral,1
",",",",s,,0
the,the,s,OtherOrphanedOther,0
colonial,colonial,s,PubAdministrationNeutral,0
government,government,s,PubAdministrationNeutral,1
actively,actively,s,CharTraitsNeutral,0
promoted,promoted,s,CharTraitsNeutral,1
Indian,indian,s,PosRelAgree,0
settlement,settlement,c,PosRelAgree,1
.,.,n,,0
Colonial,colonial,s,SpecialTopicsMiscellanyNeutral,0
objectives,objectives,n,StratCognitionNeutral,0
Prevent,prevent,s,StratCoordinationNeutral,0
labor,labor,s,NegValuesOther,0
shortages,shortages,n,NegValuesOther,1
Avoid,avoid,s,NegActsResist,0
mass,mass,s,DescriptObjectsNeutral,0
repatriation,repatriation,n,NarrSceneShiftNeutral,0
Stabilize,stabilize,s,PosValuesOther,0
rural,rural,s,SpecialTopicsMiscellanyNeutral,0
populations,populations,n,PubAdministrationNeutral,0
Reduce,reduce,s,DescriptChangeNeutral,0
plantation,plantation,s,DescriptVisualNeutral,0
unrest,unrest,n,StratActsNeg,0
Implementation,implementation,n,SpecialTopicsMiscellanyNeutral,0
Former,former,s,NarrSequenceNeutral,0
indentured,indentured,s,PubLawNeutral,0
labourers,labourers,s,CharTypesNeutral,0
were,were,c,NarrOtherNeutral,0
:,:,n,,0
Allocated,allocated,s,FacilitateSponsorNeutral,0
plots,plots,s,FacilitateSponsorNeutral,1
in,in,s,OtherOrphanedOther,0
designated,designated,s,PosRelAgree,0
settlement,settlement,s,PosRelAgree,1
areas,areas,n,SpecialTopicsMiscellanyNeutral,0
Encouraged,encouraged,s,FacilitateEncouragePos,0
to,to,s,FacilitateEncouragePos,1
become,become,s,DescriptChangeNeutral,0
small,small,s,DescriptVisualNeutral,0
farmers,farmers,n,CharTypesNeutral,0
Tied,tied,s,ExpoSpecificationNeutral,0
to,to,s,ExpoSpecificationNeutral,1
agricultural,agricultural,s,SpecialTopicsMiscellanyNeutral,0
production,production,s,SpecialTopicsMiscellanyNeutral,0
rather,rather,s,ExpoOtherNeutral,0
than,than,s,ExpoOtherNeutral,1
plantations,plantations,n,DescriptVisualNeutral,0
This,this,s,OtherOrphanedOther,0
marked,marked,s,OtherOrphanedOther,0
the,the,s,OtherOrphanedOther,1
transition,transition,s,DescriptChangeNeutral,0
from,from,s,DescriptChangeNeutral,1
labour,labour,s,,0
control,control,s,StratCoordinationNeutral,0
to,to,s,OtherOrphanedOther,0
population,population,s,SpecialTopicsMiscellanyNeutral,0
management,management,c,SpecialTopicsMiscellanyNeutral,1
.,.,n,,0
3,3,c,ExpoOtherNeutral,0
.,.,s,ExpoOtherNeutral,1
Conditions,conditions,s,ContingentRelationshipNeutral,0
of,of,s,ContingentRelationshipNeutral,1
the,the,s,DescriptObjectsNeutral,0
Land,land,s,DescriptObjectsNeutral,1
Grants,grants,n,PubLawNeutral,0
Land,land,s,PubAdministrationNeutral,0
grants,grants,s,PubAdministrationNeutral,1
came,came,s,OtherOrphanedOther,0
with,with,s,OtherOrphanedOther,0
significant,significant,s,NegEmotionsIdentifyGaps,0
limitations,limitations,c,NegEmotionsIdentifyGaps,1
.,.,n,,0
Size,size,s,OtherOrphanedOther,0
and,and,s,OtherSyntacticComplexityOther,0
quality,quality,n,ExpoOtherNeutral,0
Plots,plots,s,SpecialTopicsMiscellanyNeutral,0
were,were,s,NarrDurationNeutral,0
usually,usually,s,NarrDurationNeutral,1
small,small,s,DescriptVisualNeutral,0
(,(,c,OtherOrphanedOther,0
often,often,s,NarrDurationNeutral,0
1,1,s,ExpoOtherNeutral,0
—,—,s,,0
2,2,s,ExpoOtherNeutral,0
hectares,hectares,s,SpecialTopicsMiscellanyNeutral,0
or,or,s,OtherSyntacticComplexityOther,0
less,less,c,ExpoComparisonNeutral,0
),),n,OtherOrphanedOther,0
Land,land,s,SpecialTopicsPlaceNeutral,0
was,was,s,NarrDurationNeutral,0
frequently,frequently,c,NarrDurationNeutral,1
:,:,n,,0
Poorly,poorly,s,NegValuesPoor,0
drained,drained,n,NegValuesPoor,1
Distant,distant,s,DescriptVisualNeutral,0
from,from,s,DescriptVisualNeutral,1
markets,markets,n,NegValuesLack,0
Lacking,lacking,s,NegValuesLack,1
infrastructure,infrastructure,n,PubAdministrationNeutral,0
Many,many,s,ExpoOtherNeutral,0
plots,plots,s,SpecialTopicsMiscellanyNeutral,0
required,required,s,PubAdministrationNeutral,0
years,years,s,PubAdministrationNeutral,1
of,of,s,OtherOrphanedOther,0
clearing,clearing,s,,0
before,before,s,NarrSequenceNeutral,0
cultivation,cultivation,c,PosValuesEnlighten,0
.,.,n,,0
Legal,legal,s,PubLawNeutral,0
restrictions,restrictions,n,PubLawNeutral,1
Land,land,s,SpecialTopicsPlaceNeutral,0
was,was,s,NarrOtherNeutral,0
sometimes,sometimes,s,ContingentRelationshipNeutral,0
granted,granted,s,PubLawNeutral,0
as,as,s,OtherOrphanedOther,0
conditional,conditional,s,ContingentRelationshipNeutral,0
tenure,tenure,n,ContingentRelationshipNeutral,1
Sale,sale,s,SpecialTopicsMiscellanyNeutral,0
or,or,s,OtherSyntacticComplexityOther,0
transfer,transfer,s,NarrActsNeutral,0
could,could,s,ContingentRelationshipNeutral,0
be,be,s,ContingentRelationshipNeutral,1
restricted,restricted,s,NegActsResist,0
for,for,s,NarrDurationNeutral,0
years,years,n,NarrDurationNeutral,1
Full,full,s,PubLawNeutral,0
ownership,ownership,s,PubLawNeutral,1
was,was,s,NegActsDelay,0
delayed,delayed,s,NegActsDelay,1
or,or,s,OtherSyntacticComplexityOther,0
bureaucratically,bureaucratically,s,PubAdministrationNeutral,0
complex,complex,n,SpecialTopicsMiscellanyNeutral,0
This,this,s,OtherOrphanedOther,0
kept,kept,s,NarrActsNeutral,0
settlers,settlers,s,CharTypesNeutral,0
economically,economically,s,SpecialTopicsMiscellanyNeutral,0
dependent,dependent,c,SpecialTopicsMiscellanyNeutral,0
.,.,n,,0
4,4,c,ExpoOtherNeutral,0
.,.,s,ExpoOtherNeutral,1
Who,who,s,OtherOrphanedOther,0
Qualified,qualified,s,,0
—,—,s,,0
and,and,s,OtherSyntacticComplexityOther,0
Who,who,s,OtherOrphanedOther,0
Did,did,s,NegActsResist,0
Not,not,n,NegActsResist,1
More,more,s,ConfidenceHedgedNeutral,0
likely,likely,s,ConfidenceHedgedNeutral,1
to,to,s,OtherOrphanedOther,0
receive,receive,s,NarrActsNeutral,0
land,land,n,SpecialTopicsPlaceNeutral,0
Men,men,s,CharTypesNeutral,0
who,who,s,OtherOrphanedOther,0
completed,completed,s,NarrSequenceNeutral,0
contracts,contracts,s,NarrActsNeutral,0
without,without,s,ForcefulEmphaticNeutral,0
major,major,s,ResponsibilityHoldNeg,0
penalties,penalties,n,ResponsibilityHoldNeg,1
Married,married,s,NarrBiographyNeutral,0
labourers,labourers,s,CharTypesNeutral,0
with,with,s,OtherOrphanedOther,0
families,families,n,SpecialTopicsMiscellanyNeutral,0
Those,those,s,OtherOrphanedOther,0
deemed,deemed,s,CharMentalStatesNeutral,0
“,",c,,0
stable,stable,c,,0
”,",s,,0
or,or,s,OtherSyntacticComplexityOther,0
“,",c,,0
respectable,respectable,c,PosValuesGoodness,0
”,",s,,0
by,by,s,OtherOrphanedOther,0
authorities,authorities,n,PubAdministrationNeutral,0
Less,less,s,ConfidenceLowNeg,0
likely,likely,s,ConfidenceLowNeg,1
to,to,s,OtherOrphanedOther,0
receive,receive,s,NarrActsNeutral,0
land,land,n,SpecialTopicsPlaceNeutral,0
Single,single,s,CharTypesNeutral,0
women,women,n,CharTypesNeutral,1
Widows,widows,s,CharTypesNeutral,0
without,without,s,ForcefulEmphaticNeutral,0
male,male,s,CharTypesNeutral,0
kin,kin,n,CharTypesNeutral,0
Labourers,labourers,s,CharTypesNeutral,0
with,with,s,OtherOrphanedOther,0
prison,prison,s,SpecialTopicsMiscellanyNeutral,0
records,records,s,DescriptObjectsNeutral,0
(,(,c,OtherOrphanedOther,0
often,often,s,NarrDurationNeutral,0
for,for,s,CitationQuotationNeutral,0
“,",c,CitationQuotationNeutral,1
breach,breach,s,NegActsAggressive,0
of,of,s,NegActsAggressive,1
contract,contract,c,NegActsAggressive,2
”,",c,,0
),),n,OtherOrphanedOther,0
Gender,gender,s,SpecialTopicsMiscellanyNeutral,0
and,and,s,OtherSyntacticComplexityOther,0
moral,moral,s,StratCognitionPos,0
judgments,judgments,s,StratCognitionPos,1
strongly,strongly,s,ForcefulEmphaticNeutral,0
shaped,shaped,s,OtherOrphanedOther,0
access,access,c,FacilitateEnableNeutral,0
.,.,n,,0
5,5,c,ExpoOtherNeutral,0
.,.,s,ExpoOtherNeutral,1
Where,where,s,OtherOrphanedOther,0
Land,land,s,SpecialTopicsPlaceNeutral,0
Was,was,s,FacilitateSponsorNeutral,0
Granted,granted,n,FacilitateSponsorNeutral,1
Land,land,s,PubAdministrationNeutral,0
grants,grants,s,PubAdministrationNeutral,1
were,were,s,SpecialTopicsMiscellanyNeutral,0
concentrated,concentrated,s,SpecialTopicsMiscellanyNeutral,1
in,in,c,OtherOrphanedOther,0
:,:,n,,0
Former,former,s,NarrSequenceNeutral,0
plantation,plantation,s,DescriptVisualNeutral,0
zones,zones,n,SpecialTopicsPlaceNeutral,0
Rural,rural,s,PosRelAgree,0
settlement,settlement,s,PosRelAgree,1
schemes,schemes,n,StratCoordinationNeutral,0
Areas,areas,s,SpecialTopicsMiscellanyNeutral,0
intended,intended,s,FutureExpectNeutral,0
for,for,s,FutureExpectNeutral,1
agricultural,agricultural,s,SpecialTopicsMiscellanyNeutral,0
colonization,colonization,n,DescriptChangeNeutral,0
This,this,s,OtherOrphanedOther,0
created,created,s,DescriptChangeNeutral,0
enduring,enduring,s,NarrDurationNeutral,0
patterns,patterns,s,OtherOrphanedOther,0
of,of,s,OtherOrphanedOther,0
Indo-Surinamese,indo-surinamese,s,,0
rural,rural,s,PosRelAgree,0
settlement,settlement,s,PosRelAgree,1
that,that,s,OtherOrphanedOther,0
persist,persist,s,NarrDurationNeutral,0
today,today,c,NarrImmediacyNeutral,0
.,.,n,,0
6,6,c,ExpoOtherNeutral,0
.,.,s,ExpoOtherNeutral,1
Consequences,consequences,s,ReasoningOtherNeutral,0
of,of,s,OtherOrphanedOther,0
Land,land,s,PubAdministrationNeutral,0
Grants,grants,n,PubAdministrationNeutral,1
Positive,positive,s,SpecialTopicsMiscellanyNeutral,0
outcomes,outcomes,n,SpecialTopicsMiscellanyNeutral,1
Enabled,enabled,s,FacilitateEnablePos,0
permanent,permanent,s,PosRelAgree,0
settlement,settlement,n,PosRelAgree,1
Fostered,fostered,s,FacilitateEncouragePos,0
economic,economic,s,SpecialTopicsMiscellanyNeutral,0
independence,independence,s,SpecialTopicsMiscellanyNeutral,1
for,for,s,OtherOrphanedOther,0
some,some,s,ExpoOtherNeutral,0
families,families,n,SpecialTopicsMiscellanyNeutral,0
Anchored,anchored,s,OtherOrphanedOther,0
cultural,cultural,s,SpecialTopicsMiscellanyNeutral,0
and,and,s,OtherSyntacticComplexityOther,0
religious,religious,s,CharTraitsNeutral,0
life,life,n,NarrBiographyNeutral,0
Replaced,replaced,s,ExpoOtherNeutral,0
plantation,plantation,s,DescriptVisualNeutral,0
discipline,discipline,s,PubAdministrationNeutral,0
with,with,s,OtherOrphanedOther,0
community,community,s,SpecialTopicsMiscellanyNeutral,0
structures,structures,n,SpecialTopicsMiscellanyNeutral,1
Limitations,limitations,n,NegEmotionsIdentifyGaps,0
Poverty,poverty,s,NegValuesPoverty,0
persisted,persisted,s,NarrDurationNeutral,0
due,due,s,ReasoningOtherNeutral,0
to,to,s,ReasoningOtherNeutral,1
land,land,s,SpecialTopicsPlaceNeutral,0
quality,quality,s,ExpoOtherNeutral,0
and,and,s,OtherSyntacticComplexityOther,0
isolation,isolation,n,NegRelOther,0
Lack,lack,s,NegValuesLack,0
of,of,s,NegValuesLack,1
capital,capital,s,SpecialTopicsMiscellanyNeutral,0
constrained,constrained,s,SpecialTopicsMiscellanyNeutral,0
development,development,n,SpecialTopicsMiscellanyNeutral,1
Social,social,s,SpecialTopicsMiscellanyNeutral,0
mobility,mobility,s,SpecialTopicsMiscellanyNeutral,1
remained,remained,s,NarrDurationNeutral,0
slow,slow,n,DescriptMotionNeutral,0
Land,land,s,SpecialTopicsPlaceNeutral,0
provided,provided,s,PosActsProvide,0
stability,stability,c,PosActsProvide,1
",",",",s,,0
not,not,s,NegActsResist,0
prosperity,prosperity,c,PosValuesOther,0
.,.,n,,0
7,7,c,ExpoOtherNeutral,0
.,.,s,ExpoOtherNeutral,1
How,how,s,OtherOrphanedOther,0
the,the,s,PubAdministrationNeutral,0
Community,community,s,PubAdministrationNeutral,1
Remembers,remembers,s,CharMentalStatesNeutral,0
It,it,n,,0
In,in,s,OtherOrphanedOther,0
collective,collective,s,PubCognitionNeutral,0
memory,memory,c,PubCognitionNeutral,1
",",",",s,,0
land,land,s,PubAdministrationNeutral,0
grants,grants,s,PubAdministrationNeutral,1
are,are,s,NarrOtherNeutral,0
remembered,remembered,s,NarrOtherNeutral,1
as,as,c,NarrOtherNeutral,2
:,:,n,,0
A,a,s,OtherOrphanedOther,0
hard-won,hard-won,s,PosActsAchieve,0
foothold,foothold,n,ConfidenceHighNeutral,0
Proof,proof,s,ConfidenceHighNeutral,0
of,of,s,ConfidenceHighNeutral,1
permanence,permanence,n,ForcefulEmphaticNeutral,0
A,a,s,OtherOrphanedOther,0
moral,moral,s,PosValuesOther,0
turning,turning,s,NarrTurningPointNeutral,0
point,point,c,NarrTurningPointNeutral,1
:,:,s,,0
“,",c,,0
this,this,s,OtherOrphanedOther,0
became,became,s,DescriptChangeNeutral,0
our,our,s,FPOtherNeutral,0
home,home,c,SpecialTopicsPlaceNeutral,0
”,",n,,0
But,but,s,MetadiscourseContrastNeutral,0
also,also,s,MetadiscourseAdditionNeutral,0
as,as,c,OtherOrphanedOther,0
:,:,n,,0
Insufficient,insufficient,s,NegValuesInsufficient,0
compensation,compensation,s,NegValuesInsufficient,1
for,for,s,OtherOrphanedOther,0
suffering,suffering,n,NegEmotionsSuffer,0
A,a,s,NegEmotionsSuffer,1
burden,burden,s,NegEmotionsSuffer,2
passed,passed,s,PubCommunicationNeutral,0
down,down,s,PubCommunicationNeutral,1
rather,rather,s,ExpoOtherNeutral,0
than,than,s,ExpoOtherNeutral,1
a,a,s,PosEmotionsOther,0
gift,gift,n,PosEmotionsOther,1
In,in,s,MetadiscourseCuesNeutral,0
Summary,summary,n,MetadiscourseCuesNeutral,1
Land,land,s,SpecialTopicsPlaceNeutral,0
was,was,s,FacilitateSponsorNeutral,0
granted,granted,s,FacilitateSponsorNeutral,1
to,to,s,FacilitateSponsorNeutral,2
indentured,indentured,s,PubLawNeutral,0
labourers,labourers,s,CharTypesNeutral,0
in,in,s,OtherOrphanedOther,0
Suriname,suriname,s,SpecialTopicsPlaceNeutral,0
when,when,c,OtherOrphanedOther,0
:,:,n,,0
They,they,s,OtherOrphanedOther,0
completed,completed,s,NarrSequenceNeutral,0
their,their,s,NarrSequenceNeutral,1
contracts,contracts,n,NarrActsNeutral,0
They,they,s,OtherOrphanedOther,0
chose,chose,s,CharTraitsNeutral,0
settlement,settlement,s,PubDiplomacyNeutral,0
over,over,s,PubDiplomacyNeutral,1
return,return,s,NarrSceneShiftNeutral,0
to,to,s,NarrSceneShiftNeutral,1
India,india,n,SpecialTopicsPlaceNeutral,0
The,the,s,OtherOrphanedOther,0
colonial,colonial,s,SpecialTopicsMiscellanyNeutral,0
state,state,s,OtherOrphanedOther,0
sought,sought,s,StratActsNeutral,0
to,to,s,StratActsNeutral,1
stabilize,stabilize,s,PosValuesOther,0
the,the,s,OtherOrphanedOther,0
post-indenture,post-indenture,s,,0
workforce,workforce,n,SpecialTopicsMiscellanyNeutral,0
It,it,s,NarrOtherNeutral,0
was,was,c,NarrOtherNeutral,1
:,:,n,,0
Conditional,conditional,n,ContingentRelationshipNeutral,0
Unequal,unequal,n,NegValuesUnequal,0
Often,often,s,NarrDurationNeutral,0
poor,poor,s,NegValuesOther,0
in,in,s,NegValuesOther,1
quality,quality,n,ExpoOtherNeutral,0
Yet,yet,s,MetadiscourseContrastNeutral,0
it,it,s,MetadiscourseContrastNeutral,1
became,became,s,DescriptChangeNeutral,0
the,the,s,DescriptChangeNeutral,1
material,material,s,SpecialTopicsMiscellanyNeutral,0
foundation,foundation,s,SpecialTopicsMiscellanyNeutral,0
of,of,s,OtherOrphanedOther,0
Indo-Surinamese,indo-surinamese,s,,0
society,society,c,PubAdministrationNeutral,0
",",",",s,,0
turning,turning,s,OtherOrphanedOther,0
former,former,s,NarrSequenceNeutral,0
indentured,indentured,s,PubLawNeutral,0
labourers,labourers,s,CharTypesNeutral,0
into,into,s,OtherOrphanedOther,0
settlers,settlers,c,CharTypesNeutral,0
",",",",s,,0
farmers,farmers,c,CharTypesNeutral,0
",",",",s,,0
and,and,s,OtherSyntacticComplexityOther,0
citizens,citizens,c,PubAdministrationNeutral,0
.,.,n,,0
Identity,identity,s,SpecialTopicsMiscellanyNeutral,0
in,in,s,ExpoExampleNeutral,0
the,the,s,ExpoExampleNeutral,1
case,case,s,ExpoExampleNeutral,2
of,of,s,ExpoExampleNeutral,3
indentured,indentured,s,PubLawNeutral,0
labour,labour,s,,0
is,is,s,NegActsResist,0
not,not,s,NegActsResist,1
inherited,inherited,s,,0
biologically,biologically,s,SpecialTopicsMiscellanyNeutral,0
alone,alone,c,ForcefulEmphaticNeutral,0
;,;,s,,0
it,it,s,ConfidenceHighNeutral,0
is,is,s,ConfidenceHighNeutral,1
transmitted,transmitted,s,OtherOrphanedOther,0
through,through,s,OtherOrphanedOther,0
memory,memory,s,CharMentalStatesNeutral,0
—,—,s,,0
through,through,s,InquiryCuriosityNeutral,0
what,what,s,InquiryCuriosityNeutral,1
is,is,s,UpdatesOtherNeutral,0
told,told,c,UpdatesOtherNeutral,1
",",",",s,,0
what,what,s,InterQuestionNeutral,0
is,is,s,InterQuestionNeutral,1
silenced,silenced,c,DescriptVisualNeutral,0
",",",",s,,0
and,and,s,OtherSyntacticComplexityOther,0
how,how,s,OtherOrphanedOther,0
suffering,suffering,s,NegEmotionsSuffer,0
is,is,s,OtherOrphanedOther,0
given,given,s,OtherOrphanedOther,1
meaning,meaning,c,SpecialTopicsMiscellanyNeutral,0
.,.,s,,0
Among,among,s,OtherOrphanedOther,0
descendants,descendants,s,UncertaintyIndefiniteNeutral,0
of,of,s,OtherOrphanedOther,0
indentured,indentured,s,PubLawNeutral,0
labourers,labourers,c,CharTypesNeutral,0
",",",",s,,0
especially,especially,s,ForcefulEmphaticNeutral,0
within,within,s,OtherOrphanedOther,0
the,the,s,CharTypesNeutral,0
Indian,indian,s,CharTypesNeutral,1
(,(,c,OtherOrphanedOther,0
Hindostani,hindostani,c,,0
),),s,OtherOrphanedOther,0
community,community,s,SpecialTopicsMiscellanyNeutral,0
in,in,s,OtherOrphanedOther,0
Suriname,suriname,c,SpecialTopicsPlaceNeutral,0
",",",",s,,0
identity,identity,s,SpecialTopicsMiscellanyNeutral,0
is,is,s,ForcefulEmphaticNeutral,0
inseparable,inseparable,s,ForcefulEmphaticNeutral,1
from,from,s,InquiryCuriosityNeutral,0
how,how,s,InquiryCuriosityNeutral,1
indenture,indenture,s,PubLawNeutral,0
is,is,s,CharMentalStatesNeutral,0
remembered,remembered,c,CharMentalStatesNeutral,1
",",",",s,,0
narrated,narrated,c,NarrOtherNeutral,0
",",",",s,,0
and,and,s,OtherSyntacticComplexityOther,0
reinterpreted,reinterpreted,s,NarrDurationNeutral,0
across,across,s,NarrTimeShiftNeutral,0
generations,generations,c,NarrTimeShiftNeutral,1
.,.,n,ForcefulEmphaticNeutral,0
What,what,s,ForcefulEmphaticNeutral,1
follows,follows,s,ForcefulEmphaticNeutral,2
explains,explains,s,InquiryOtherNeutral,0
how,how,s,InquiryOtherNeutral,1
memory,memory,s,CharMentalStatesNeutral,0
produces,produces,s,NarrActsNeutral,0
identity,identity,c,SpecialTopicsMiscellanyNeutral,0
",",",",s,,0
and,and,s,OtherSyntacticComplexityOther,0
how,how,s,OtherOrphanedOther,0
that,that,s,OtherOrphanedOther,0
identity,identity,s,SpecialTopicsMiscellanyNeutral,0
is,is,s,OtherOrphanedOther,0
received,received,c,NarrActsNeutral,0
",",",",s,,0
questioned,questioned,c,,0
",",",",s,,0
and,and,s,OtherSyntacticComplexityOther,0
reshaped,reshaped,s,NarrDurationNeutral,0
by,by,s,OtherOrphanedOther,0
newer,newer,s,ExpoComparisonNeutral,0
generations,generations,c,SpecialTopicsMiscellanyNeutral,0
.,.,n,,0
1,1,c,ExpoOtherNeutral,0
.,.,s,ExpoOtherNeutral,1
Identity,identity,s,SpecialTopicsMiscellanyNeutral,0
as,as,s,OtherOrphanedOther,0
Memory-Made,memory-made,c,,0
",",",",s,,0
Not,not,s,NegActsResist,0
Migration-Made,migration-made,n,,0
For,for,s,OtherOrphanedOther,0
indentured,indentured,s,PubLawNeutral,0
communities,communities,c,SpecialTopicsMiscellanyNeutral,0
",",",",s,,0
identity,identity,s,SpecialTopicsMiscellanyNeutral,0
does,does,s,NegActsResist,0
not,not,s,NegActsResist,1
rest,rest,s,DescriptMotionNeutral,0
primarily,primarily,s,ForcefulEmphaticNeutral,0
on,on,c,OtherOrphanedOther,0
:,:,n,,0
India,india,s,SpecialTopicsPlaceNeutral,0
as,as,s,OtherOrphanedOther,0
a,a,s,OtherOrphanedOther,1
lived,lived,s,NarrBiographyNeutral,0
homeland,homeland,n,,0
Indenture,indenture,s,PubLawNeutral,0
as,as,s,OtherOrphanedOther,0
a,a,s,OtherOrphanedOther,1
chosen,chosen,s,CharTraitsNeutral,0
migration,migration,n,NarrSceneShiftNeutral,0
Instead,instead,c,MetadiscourseOtherNeutral,0
",",",",s,MetadiscourseOtherNeutral,1
it,it,s,,0
rests,rests,s,DescriptMotionNeutral,0
on,on,c,DescriptMotionNeutral,1
:,:,n,,0
Remembered,remembered,s,CharMentalStatesNeutral,0
rupture,rupture,s,NegActsAggressive,0
(,(,c,OtherOrphanedOther,0
the,the,s,OtherOrphanedOther,0
crossing,crossing,s,DescriptVisualNeutral,0
of,of,s,OtherSyntacticComplexityOther,0
the,the,s,OtherSyntacticComplexityOther,1
kala,kala,s,CharNamesNeutral,0
pani,pani,c,CharNamesNeutral,0
),),n,OtherOrphanedOther,0
Remembered,remembered,s,CharMentalStatesNeutral,0
suffering,suffering,s,NegEmotionsSuffer,0
(,(,c,OtherOrphanedOther,0
plantation,plantation,s,DescriptVisualNeutral,0
life,life,c,NarrBiographyNeutral,0
",",",",s,,0
humiliation,humiliation,c,NegEmotionsHumiliate,0
",",",",s,,0
endurance,endurance,c,PosValuesStamina,0
),),n,OtherOrphanedOther,0
Remembered,remembered,s,CharMentalStatesNeutral,0
survival,survival,s,NarrTurningPointNeutral,0
(,(,c,OtherOrphanedOther,0
“,",c,,0
we,we,s,FPOtherNeutral,0
are,are,s,FPOtherNeutral,1
here,here,s,NarrImmediacyNeutral,0
because,because,s,ReasoningOtherNeutral,0
they,they,s,OtherOrphanedOther,0
endured,endured,c,CharTraitsNeutral,0
”,",c,,0
),),n,OtherOrphanedOther,0
Thus,thus,c,ReasoningConcludeNeutral,0
",",",",s,,0
identity,identity,s,SpecialTopicsMiscellanyNeutral,0
is,is,s,DescriptVisualNeutral,0
anchored,anchored,s,DescriptVisualNeutral,1
in,in,s,OtherOrphanedOther,0
collective,collective,s,PubCognitionNeutral,0
memory,memory,c,PubCognitionNeutral,1
",",",",s,,0
not,not,s,NegActsResist,0
geography,geography,c,SpecialTopicsMiscellanyNeutral,0
.,.,n,,0
Many,many,s,ExpoOtherNeutral,0
descendants,descendants,s,UncertaintyIndefiniteNeutral,0
do,do,s,NegActsResist,0
not,not,s,NegActsResist,1
say,say,c,CitationQuotationNeutral,0
:,:,n,CitationQuotationNeutral,1
“,",c,CitationQuotationNeutral,2
We,we,s,OtherOrphanedOther,0
came,came,s,NarrSceneShiftNeutral,0
from,from,s,NarrSceneShiftNeutral,1
India,india,c,SpecialTopicsPlaceNeutral,0
",",",",c,,0
”,",n,,0
but,but,s,MetadiscourseContrastNeutral,0
rather,rather,c,MetadiscourseContrastNeutral,1
:,:,n,,0
“,",c,,0
We,we,s,OtherOrphanedOther,0
survived,survived,s,NarrBiographyNeutral,0
indenture,indenture,c,PubLawNeutral,0
.,.,c,,0
”,",n,,0
2,2,c,ExpoOtherNeutral,0
.,.,s,ExpoOtherNeutral,1
Memory,memory,s,CharMentalStatesNeutral,0
as,as,s,OtherOrphanedOther,0
Moral,moral,s,SpecialTopicsMiscellanyNeutral,0
Inheritance,inheritance,n,SpecialTopicsMiscellanyNeutral,1
Memory,memory,s,NarrOtherNeutral,0
of,of,s,NarrOtherNeutral,1
indenture,indenture,s,PubLawNeutral,0
functions,functions,s,ExpoOtherNeutral,0
as,as,s,ExpoOtherNeutral,1
a,a,s,OtherOrphanedOther,0
moral,moral,s,PosValuesOther,0
framework,framework,c,SpecialTopicsMiscellanyNeutral,0
.,.,n,,0
It,it,s,,0
transmits,transmits,s,OtherOrphanedOther,0
values,values,s,,0
such,such,s,ExpoExampleNeutral,0
as,as,c,ExpoExampleNeutral,1
:,:,n,,0
Endurance,endurance,n,PosValuesStamina,0
Discipline,discipline,n,PubAdministrationNeutral,0
Sacrifice,sacrifice,n,NegRelForego,0
Respect,respect,s,PosRelRespect,0
for,for,s,PosRelRespect,1
elders,elders,n,CharTypesNeutral,0
Suspicion,suspicion,s,FutureSignsNeg,0
of,of,s,FutureSignsNeg,1
authority,authority,n,PubAdministrationNeutral,0
Parents,parents,s,CharTypesNeutral,0
and,and,s,OtherSyntacticComplexityOther,0
grandparents,grandparents,s,CharTypesNeutral,0
rarely,rarely,s,ForcefulEmphaticNeutral,0
narrated,narrated,s,NarrOtherNeutral,0
indenture,indenture,s,PubLawNeutral,0
as,as,s,OtherOrphanedOther,0
detailed,detailed,s,NarrOtherNeutral,0
history,history,c,NarrOtherNeutral,1
.,.,s,,0
Instead,instead,c,MetadiscourseOtherNeutral,0
",",",",s,MetadiscourseOtherNeutral,1
they,they,s,OtherOrphanedOther,0
conveyed,conveyed,s,NarrActsNeutral,0
it,it,s,,0
through,through,c,OtherOrphanedOther,0
:,:,n,,0
Warnings,warnings,s,FutureAnticipateNeg,0
(,(,c,OtherOrphanedOther,0
“,",c,,0
don’t,don’t,s,NegActsResist,0
complain,complain,c,NegActsComplain,0
",",",",s,,0
endure,endure,c,CharTraitsNeutral,0
”,",c,,0
),),n,OtherOrphanedOther,0
Work,work,s,OtherOrphanedOther,0
ethics,ethics,s,PosValuesOther,0
(,(,c,OtherOrphanedOther,0
“,",c,,0
we,we,s,FPOtherNeg,0
didn’t,didn’t,s,FPOtherNeg,1
have,have,s,UpdatesOtherNeutral,0
this,this,s,UpdatesOtherNeutral,1
luxury,luxury,c,ForcefulEmphaticNeutral,0
”,",c,,0
),),n,OtherOrphanedOther,0
Silences,silences,s,DescriptVisualNeutral,0
around,around,s,OtherOrphanedOther,0
pain,pain,n,SpecialTopicsMiscellanyNeutral,0
Identity,identity,s,SpecialTopicsMiscellanyNeutral,1
formed,formed,s,OtherOrphanedOther,0
through,through,s,OtherOrphanedOther,0
emotional,emotional,s,SpecialTopicsMiscellanyNeutral,0
inheritance,inheritance,c,SpecialTopicsMiscellanyNeutral,1
",",",",s,,0
not,not,s,NegActsResist,0
factual,factual,s,SpecialTopicsMiscellanyNeutral,0
storytelling,storytelling,c,OtherOrphanedGenericActivity,0
.,.,n,,0
3,3,c,ExpoOtherNeutral,0
.,.,s,ExpoOtherNeutral,1
Silence,silence,s,DescriptVisualNeutral,0
as,as,s,OtherOrphanedOther,0
a,a,s,OtherOrphanedOther,1
Constitutive,constitutive,s,PubAdministrationNeutral,0
Memory,memory,n,CharMentalStatesNeutral,0
One,one,s,ForcefulEmphaticNeutral,0
of,of,s,ForcefulEmphaticNeutral,1
the,the,s,ForcefulEmphaticNeutral,2
most,most,s,ForcefulEmphaticNeutral,3
powerful,powerful,s,ForcefulEmphaticNeutral,0
ways,ways,s,DescriptObjectsNeutral,0
memory,memory,s,CharMentalStatesNeutral,0
shapes,shapes,s,SpecialTopicsMiscellanyNeutral,0
identity,identity,s,SpecialTopicsMiscellanyNeutral,0
is,is,s,OtherOrphanedOther,0
through,through,s,InquiryCuriosityNeutral,0
what,what,s,InquiryCuriosityNeutral,1
is,is,s,NegActsResist,0
not,not,s,NegActsResist,1
said,said,c,InterOtherNeutral,0
.,.,n,,0
Sexual,sexual,s,NegActsViolence,0
violence,violence,n,NegActsViolence,1
Extreme,extreme,s,ForcefulEmphaticNeutral,0
hunger,hunger,n,NegEmotionsOther,0
Suicide,suicide,s,NegActsSuicide,0
and,and,s,OtherSyntacticComplexityOther,0
abandonment,abandonment,n,NarrSceneShiftNeg,0
Humiliation,humiliation,s,NegEmotionsHumiliate,0
by,by,s,OtherOrphanedOther,0
the,the,s,OtherOrphanedOther,0
colonial,colonial,s,SpecialTopicsMiscellanyNeutral,0
state,state,n,OtherOrphanedOther,0
These,these,s,OtherOrphanedOther,0
experiences,experiences,s,NarrActsNeutral,0
were,were,s,NarrDurationNeutral,0
often,often,s,NarrDurationNeutral,1
deliberately,deliberately,s,StratCognitionNeutral,0
unspoken,unspoken,c,NegActsResist,0
",",",",s,,0
especially,especially,s,ForcefulEmphaticNeutral,0
by,by,s,OtherOrphanedOther,0
women,women,c,CharTypesNeutral,0
.,.,n,,0
For,for,s,OtherOrphanedOther,0
descendants,descendants,c,UncertaintyIndefiniteNeutral,0
",",",",s,,0
this,this,s,OtherOrphanedOther,0
silence,silence,s,DescriptVisualNeutral,0
produced,produced,c,NarrActsNeutral,0
:,:,n,,0
A,a,s,OtherOrphanedOther,0
sense,sense,s,SpecialTopicsMiscellanyNeutral,0
of,of,s,SpecialTopicsMiscellanyNeutral,1
unnamed,unnamed,s,UncertaintyUnknownNeutral,0
loss,loss,n,UncertaintyUnknownNeutral,1
Emotional,emotional,s,CharSubjectivityNeg,0
distance,distance,s,CharSubjectivityNeg,1
from,from,s,OtherOrphanedOther,0
elders,elders,n,CharTypesNeutral,0
Respect,respect,s,PosRelRespect,0
mixed,mixed,s,DescriptVisualNeutral,0
with,with,s,DescriptVisualNeutral,1
incomprehension,incomprehension,n,InquiryLearningNeg,0
Identity,identity,s,SpecialTopicsMiscellanyNeutral,0
here,here,s,NarrImmediacyNeutral,0
is,is,s,NarrImmediacyNeutral,1
shaped,shaped,s,OtherOrphanedOther,0
by,by,s,OtherOrphanedOther,0
absence,absence,s,SpecialTopicsMiscellanyNeutral,0
as,as,s,ExpoComparisonNeutral,0
much,much,s,ExpoComparisonNeutral,1
as,as,s,ExpoComparisonNeutral,2
presence,presence,c,SpecialTopicsMiscellanyNeutral,0
.,.,n,,0
4,4,c,ExpoOtherNeutral,0
.,.,s,ExpoOtherNeutral,1
The,the,s,OtherOrphanedOther,0
First,first,s,,0
Generations,generations,s,SpecialTopicsMiscellanyNeutral,0
After,after,s,NarrSequenceNeutral,0
Indenture,indenture,c,PubLawNeutral,0
:,:,s,,0
Gratitude,gratitude,s,PosRelGratitude,0
and,and,s,OtherSyntacticComplexityOther,0
Restraint,restraint,n,CharTraitsPos,0
The,the,s,CharTypesNeutral,0
children,children,s,CharTypesNeutral,1
of,of,s,OtherOrphanedOther,0
indentured,indentured,s,PubLawNeutral,0
labourers,labourers,s,CharTypesNeutral,0
typically,typically,s,NarrDurationNeutral,0
internalized,internalized,c,OtherOrphanedOther,0
:,:,n,,0
Gratitude,gratitude,s,PosRelGratitude,0
for,for,s,PosRelGratitude,1
survival,survival,n,NarrTurningPointNeutral,0
Loyalty,loyalty,s,PosRelOther,0
to,to,s,PosRelOther,1
family,family,s,SpecialTopicsMiscellanyNeutral,0
and,and,s,OtherSyntacticComplexityOther,0
community,community,n,StratActsNeg,0
Avoidance,avoidance,s,StratActsNeg,1
of,of,s,OtherOrphanedOther,0
public,public,s,PubAdministrationNeutral,0
grievance,grievance,n,NegActsPlaintive,0
For,for,s,OtherOrphanedOther,0
them,them,c,NarrActsNeutral,0
:,:,n,,0
Identity,identity,s,SpecialTopicsMiscellanyNeutral,0
meant,meant,s,OtherOrphanedOther,0
proving,proving,s,CitationAuthoritativePos,0
that,that,s,CitationAuthoritativePos,1
suffering,suffering,s,NegEmotionsSuffer,0
was,was,s,NarrOtherNeutral,0
“,",c,,0
worth,worth,s,SpecialTopicsMiscellanyNeutral,0
it,it,c,,0
”,",n,,0
Education,education,s,SpecialTopicsMiscellanyNeutral,0
and,and,s,OtherSyntacticComplexityOther,0
respectability,respectability,s,PosValuesPropriety,0
became,became,s,DescriptChangeNeutral,0
moral,moral,s,PosValuesEthics,0
obligations,obligations,n,PosValuesEthics,1
Criticism,criticism,s,NegActsCriticize,0
of,of,s,OtherOrphanedOther,0
indenture,indenture,s,PubLawNeutral,0
could,could,s,CharMentalStatesNeutral,0
feel,feel,s,CharMentalStatesNeutral,1
like,like,s,OtherOrphanedOther,0
disrespect,disrespect,n,NegRelDisrespect,0
Memory,memory,s,CharMentalStatesNeutral,0
was,was,s,NarrOtherNeutral,0
preserved,preserved,c,NarrOtherNeutral,1
",",",",s,MetadiscourseContrastNeutral,0
but,but,s,MetadiscourseContrastNeutral,1
not,not,s,NegActsResist,0
interrogated,interrogated,c,InterConversationNeg,0
.,.,n,,0
5,5,c,ExpoOtherNeutral,0
.,.,s,ExpoOtherNeutral,1
Newer,newer,s,ExpoComparisonNeutral,0
Generations,generations,c,SpecialTopicsMiscellanyNeutral,0
:,:,s,,0
From,from,s,OtherOrphanedOther,0
Inheritance,inheritance,s,SpecialTopicsMiscellanyNeutral,0
to,to,s,OtherOrphanedOther,0
Inquiry,inquiry,n,InquiryOtherNeutral,0
Younger,younger,s,ExpoComparisonNeutral,0
generations,generations,s,SpecialTopicsMiscellanyNeutral,0
—,—,s,,0
especially,especially,s,ExpoOtherNeutral,0
those,those,s,ExpoOtherNeutral,1
born,born,s,NarrSequenceNeutral,0
after,after,s,NarrSequenceNeutral,1
independence,independence,s,PosValuesOther,0
and,and,s,OtherSyntacticComplexityOther,0
migration,migration,s,NarrSceneShiftNeutral,0
to,to,s,OtherOrphanedOther,0
urban,urban,s,SpecialTopicsMiscellanyNeutral,0
or,or,s,OtherSyntacticComplexityOther,0
diasporic,diasporic,s,SpecialTopicsMiscellanyNeutral,0
settings,settings,s,ContingentEventNeutral,0
—,—,s,,0
relate,relate,s,ExpoComparisonNeutral,0
to,to,s,ExpoComparisonNeutral,1
indenture,indenture,s,PubLawNeutral,0
memory,memory,s,CharMentalStatesNeutral,0
differently,differently,c,ExpoComparisonNeutral,0
.,.,n,InterCommandNeutral,0
Key,key,s,InterCommandNeutral,1
shifts,shifts,n,DescriptChangeNeutral,0
From,from,s,DescriptChangeNeutral,1
silence,silence,s,DescriptVisualNeutral,0
to,to,s,OtherOrphanedOther,0
questioning,questioning,n,,0
From,from,s,OtherOrphanedOther,0
gratitude,gratitude,s,PosRelGratitude,0
to,to,s,OtherOrphanedOther,0
critical,critical,s,ForcefulSignificantNeutral,0
reflection,reflection,n,SpecialTopicsMiscellanyNeutral,0
From,from,s,OtherOrphanedOther,0
endurance,endurance,s,PosValuesStamina,0
to,to,s,OtherOrphanedOther,0
dignity,dignity,s,PosValuesDignity,0
and,and,s,OtherSyntacticComplexityOther,0
justice,justice,n,PosValuesJustice,0
They,they,s,OtherOrphanedOther,0
ask,ask,c,InterQuestionNeutral,0
:,:,n,InquiryCuriosityNeutral,0
Why,why,s,InquiryCuriosityNeutral,1
was,was,s,NarrOtherNeutral,0
this,this,s,OtherOrphanedOther,0
allowed,allowed,s,FacilitateExpediteNeutral,0
?,?,n,InquiryCuriosityNeutral,0
Why,why,s,InquiryCuriosityNeutral,1
were,were,s,NarrOtherNeutral,0
women’s,women’s,s,CharTypesNeutral,0
experiences,experiences,s,NarrActsNeutral,0
erased,erased,s,DescriptMotionNeutral,0
?,?,n,InquiryCuriosityNeutral,0
Why,why,s,InquiryCuriosityNeutral,1
is,is,s,ForcefulIntenseNeutral,0
there,there,s,ForcefulIntenseNeutral,1
no,no,s,ForcefulIntenseNeutral,2
accountability,accountability,s,ResponsibilityAcceptNeutral,0
?,?,n,InterQuestionNeutral,0
Indenture,indenture,s,PubLawNeutral,0
becomes,becomes,s,DescriptChangeNeutral,0
not,not,s,ForcefulEmphaticNeutral,0
just,just,s,ForcefulEmphaticNeutral,1
ancestry,ancestry,c,NarrBiographyNeutral,0
",",",",s,MetadiscourseContrastNeutral,0
but,but,s,MetadiscourseContrastNeutral,1
a,a,s,SpecialTopicsMiscellanyNeutral,0
subject,subject,s,SpecialTopicsMiscellanyNeutral,1
of,of,s,SpecialTopicsMiscellanyNeutral,2
ethical,ethical,s,PosValuesOther,0
and,and,s,OtherSyntacticComplexityOther,0
political,political,s,InquiryOtherNeutral,0
inquiry,inquiry,c,InquiryOtherNeutral,1
.,.,n,,0
6,6,c,ExpoOtherNeutral,0
.,.,s,ExpoOtherNeutral,1
Identity,identity,s,SpecialTopicsMiscellanyNeutral,0
as,as,s,OtherOrphanedOther,0
Both,both,s,OtherSyntacticComplexityOther,0
Burden,burden,s,NegEmotionsBurden,0
and,and,s,OtherSyntacticComplexityOther,0
Resource,resource,n,SpecialTopicsMiscellanyNeutral,0
For,for,s,OtherOrphanedOther,0
newer,newer,s,ExpoComparisonNeutral,0
generations,generations,c,SpecialTopicsMiscellanyNeutral,0
",",",",s,,0
indenture,indenture,s,PubLawNeutral,0
memory,memory,s,CharMentalStatesNeutral,0
functions,functions,s,SpecialTopicsMiscellanyNeutral,0
ambivalently,ambivalently,c,UncertaintyUndecidedNeutral,0
.,.,n,NarrDurationNeutral,0
As,as,s,NarrDurationNeutral,1
a,a,s,NarrDurationNeutral,2
burden,burden,n,NegEmotionsBurden,0
Inherited,inherited,s,NegActsTrauma,0
trauma,trauma,s,NegActsTrauma,1
without,without,s,ForcefulEmphaticNeutral,0
direct,direct,s,StratOtherPos,0
experience,experience,n,StratOtherPos,1
Pressure,pressure,s,NegActsCoercive,0
to,to,s,NegActsCoercive,1
honor,honor,s,PosValuesHonor,0
sacrifice,sacrifice,s,ForcefulEmphaticNeutral,0
without,without,s,ForcefulEmphaticNeutral,1
complaint,complaint,n,NegEmotionsDifficult,0
Difficulty,difficulty,s,NegEmotionsDifficult,1
reconciling,reconciling,s,DescriptChangePos,0
pride,pride,s,PosEmotionsPride,0
with,with,s,OtherOrphanedOther,0
injustice,injustice,n,NegValuesInjustice,0
As,as,s,OtherOrphanedOther,0
a,a,s,OtherOrphanedOther,1
resource,resource,n,FacilitateOtherNeutral,0
A,a,s,FacilitateOtherNeutral,1
strong,strong,s,PosValuesStrong,0
sense,sense,s,SpecialTopicsMiscellanyNeutral,0
of,of,s,SpecialTopicsMiscellanyNeutral,1
historical,historical,s,NarrOtherNeutral,0
rootedness,rootedness,n,PubAdministrationNeutral,0
Cultural,cultural,s,NarrOtherNeutral,0
continuity,continuity,s,NarrOtherNeutral,1
(,(,c,OtherOrphanedOther,0
language,language,c,SpecialTopicsMiscellanyNeutral,0
",",",",s,,0
religion,religion,c,SpecialTopicsMiscellanyNeutral,0
",",",",s,,0
ritual,ritual,c,PubAdministrationNeutral,0
),),n,OtherOrphanedOther,0
A,a,s,OtherOrphanedOther,0
moral,moral,s,PosValuesOther,0
claim,claim,s,CitationControversyNeutral,0
to,to,s,CitationControversyNeutral,1
belonging,belonging,s,PubLawNeutral,0
and,and,s,OtherSyntacticComplexityOther,0
recognition,recognition,n,,0
Identity,identity,s,SpecialTopicsMiscellanyNeutral,0
becomes,becomes,s,DescriptChangeNeutral,0
negotiated,negotiated,c,PubDiplomacyNeutral,0
",",",",s,,0
not,not,s,NegActsResist,0
fixed,fixed,c,,0
.,.,n,,0
7,7,c,ExpoOtherNeutral,0
.,.,s,ExpoOtherNeutral,1
Reclaiming,reclaiming,s,DescriptChangePos,0
Voice,voice,c,SpecialTopicsMiscellanyNeutral,0
:,:,s,,0
Culture,culture,c,SpecialTopicsMiscellanyNeutral,0
",",",",s,,0
Scholarship,scholarship,c,SpecialTopicsMiscellanyNeutral,0
",",",",s,,0
and,and,s,OtherSyntacticComplexityOther,0
Art,art,n,SpecialTopicsMiscellanyNeutral,0
New,new,s,NarrImmediacyNeutral,0
generations,generations,s,SpecialTopicsMiscellanyNeutral,0
increasingly,increasingly,s,DescriptChangeNeutral,0
reclaim,reclaim,s,DescriptChangePos,0
indenture,indenture,s,PubLawNeutral,0
memory,memory,s,CharMentalStatesNeutral,0
through,through,c,OtherOrphanedOther,0
:,:,n,,0
Academic,academic,s,SpecialTopicsMiscellanyNeutral,0
research,research,n,SpecialTopicsMiscellanyNeutral,1
Literature,literature,s,SpecialTopicsMiscellanyNeutral,2
and,and,s,OtherSyntacticComplexityOther,0
poetry,poetry,n,SpecialTopicsMiscellanyNeutral,0
Music,music,s,DescriptSoundNeutral,0
and,and,s,OtherSyntacticComplexityOther,0
performance,performance,n,NarrActsNeutral,0
Public,public,s,StratCoordinationNeutral,0
commemoration,commemoration,s,StratCoordinationNeutral,1
and,and,s,OtherSyntacticComplexityOther,0
debate,debate,n,PubCommunicationNeutral,0
This,this,s,ReasoningConcludeNeutral,0
marks,marks,s,ReasoningConcludeNeutral,1
a,a,s,OtherOrphanedOther,0
shift,shift,c,DescriptChangeNeutral,0
:,:,n,,0
From,from,s,CharMentalStatesNeutral,0
memory,memory,s,CharMentalStatesNeutral,1
as,as,s,CharSubjectivityNeutral,0
private,private,s,CharSubjectivityNeutral,1
burden,burden,n,NegEmotionsBurden,0
To,to,s,OtherOrphanedOther,0
memory,memory,s,CharMentalStatesNeutral,0
as,as,s,OtherOrphanedOther,0
public,public,s,SpecialTopicsMiscellanyNeutral,0
knowledge,knowledge,n,SpecialTopicsMiscellanyNeutral,1
Identity,identity,s,SpecialTopicsMiscellanyNeutral,0
thus,thus,s,ReasoningConcludeNeutral,0
moves,moves,s,NarrSceneShiftNeutral,0
from,from,c,NarrSceneShiftNeutral,1
:,:,n,,0
“,",c,InterDialogueNeutral,0
What,what,s,InterDialogueNeutral,1
we,we,s,OtherOrphanedOther,0
endured,endured,s,CharTraitsNeutral,0
quietly,quietly,c,DescriptVisualNeutral,0
”,",n,,0
to,to,n,CitationQuotationNeutral,0
“,",c,CitationQuotationNeutral,1
What,what,s,ForcefulEmphaticNeutral,0
must,must,s,ForcefulEmphaticNeutral,1
be,be,s,ForcefulEmphaticNeutral,2
acknowledged,acknowledged,s,CharSubjectivityNeutral,0
openly,openly,c,CharSubjectivityNeutral,1
.,.,c,,0
”,",n,,0
8,8,c,ExpoOtherNeutral,0
.,.,s,ExpoOtherNeutral,1
Tension,tension,s,NegEmotionsNervousTense,0
Between,between,s,NegEmotionsNervousTense,1
Respect,respect,s,PosRelRespect,0
and,and,s,OtherSyntacticComplexityOther,0
Revision,revision,n,OtherOrphanedGenericActivity,0
A,a,s,SpecialTopicsMiscellanyNeutral,0
key,key,s,SpecialTopicsMiscellanyNeutral,1
generational,generational,s,NegRelDisharmony,0
tension,tension,s,NegRelDisharmony,1
remains,remains,c,NarrDurationNeutral,0
:,:,n,,0
Elders,elders,s,CharTypesNeutral,0
fear,fear,s,NegEmotionsFear,0
that,that,s,NegEmotionsFear,1
revisiting,revisiting,s,NarrSceneShiftNeutral,0
trauma,trauma,s,NegActsTrauma,0
may,may,c,ConfidenceHedgedNeutral,0
:,:,n,InterCommandNeutral,0
Reopen,reopen,s,InterCommandNeutral,1
wounds,wounds,n,NegActsInjure,0
Undermine,undermine,s,NegActsResist,0
dignity,dignity,n,PosValuesDignity,0
Younger,younger,s,ExpoComparisonNeutral,0
generations,generations,s,SpecialTopicsMiscellanyNeutral,0
argue,argue,s,CitationControversyNeutral,0
that,that,c,CitationControversyNeutral,1
:,:,n,,0
Silence,silence,s,DescriptVisualNeutral,0
preserves,preserves,s,OtherOrphanedOther,0
injustice,injustice,n,NegValuesInjustice,0
Memory,memory,s,CharMentalStatesNeutral,0
without,without,s,ForcefulEmphaticNeutral,0
critique,critique,s,ReasoningCriticizeNeg,0
becomes,becomes,s,DescriptChangeNeutral,0
myth,myth,n,SpecialTopicsMiscellanyNeutral,0
Identity,identity,s,SpecialTopicsMiscellanyNeutral,0
today,today,s,NarrImmediacyNeutral,0
is,is,s,NarrImmediacyNeutral,1
shaped,shaped,s,OtherOrphanedOther,0
within,within,s,OtherSyntacticComplexityOther,0
this,this,s,OtherSyntacticComplexityOther,1
tension,tension,c,NegEmotionsNervousTense,0
",",",",s,,0
not,not,s,MetadiscourseCuesNeutral,0
beyond,beyond,s,MetadiscourseCuesNeutral,1
it,it,c,,0
.,.,n,,0
In,in,s,MetadiscourseCuesNeutral,0
Summary,summary,n,MetadiscourseCuesNeutral,1
Identity,identity,s,SpecialTopicsMiscellanyNeutral,0
and,and,s,OtherSyntacticComplexityOther,0
memory,memory,s,CharMentalStatesNeutral,0
in,in,s,ExpoExampleNeutral,0
the,the,s,ExpoExampleNeutral,1
case,case,s,ExpoExampleNeutral,2
of,of,s,ExpoExampleNeutral,3
indentured,indentured,s,PubLawNeutral,0
labour,labour,s,,0
are,are,s,ForcefulEmphaticNeutral,0
inseparable,inseparable,c,ForcefulEmphaticNeutral,1
.,.,n,,0
Identity,identity,s,SpecialTopicsMiscellanyNeutral,0
is,is,s,OtherOrphanedOther,0
formed,formed,s,OtherOrphanedOther,0
through,through,s,OtherOrphanedOther,0
remembered,remembered,s,CharMentalStatesNeutral,0
suffering,suffering,s,NegEmotionsSuffer,0
and,and,s,OtherSyntacticComplexityOther,0
survival,survival,n,NarrTurningPointNeutral,0
Silence,silence,s,DescriptVisualNeutral,0
is,is,s,OtherOrphanedOther,0
as,as,s,OtherOrphanedOther,0
formative,formative,s,DescriptVisualNeutral,0
as,as,s,OtherOrphanedOther,0
storytelling,storytelling,n,OtherOrphanedGenericActivity,0
Early,early,s,NarrSequenceNeutral,0
generations,generations,s,SpecialTopicsMiscellanyNeutral,0
emphasized,emphasized,s,ForcefulEmphaticNeutral,0
endurance,endurance,s,PosValuesStamina,0
and,and,s,OtherSyntacticComplexityOther,0
gratitude,gratitude,n,PosRelGratitude,0
New,new,s,NarrImmediacyNeutral,0
generations,generations,s,SpecialTopicsMiscellanyNeutral,0
emphasize,emphasize,s,ForcefulEmphaticNeutral,0
inquiry,inquiry,c,InquiryOtherNeutral,0
",",",",s,,0
justice,justice,c,PosValuesJustice,0
",",",",s,,0
and,and,s,OtherSyntacticComplexityOther,0
voice,voice,n,SpecialTopicsMiscellanyNeutral,0
Identity,identity,s,SpecialTopicsMiscellanyNeutral,0
is,is,s,UpdatesNewsNeutral,0
no,no,s,UpdatesNewsNeutral,1
longer,longer,s,UpdatesNewsNeutral,2
static,static,s,SpecialTopicsMiscellanyNeutral,0
inheritance,inheritance,c,SpecialTopicsMiscellanyNeutral,1
",",",",s,MetadiscourseContrastNeutral,0
but,but,s,MetadiscourseContrastNeutral,1
an,an,s,OtherOrphanedOther,0
ongoing,ongoing,s,PubDiplomacyNeutral,0
negotiation,negotiation,n,PubDiplomacyNeutral,1
Indenture,indenture,s,PubLawNeutral,0
lives,lives,s,NarrActsNeutral,0
on,on,s,NarrActsNeutral,1
not,not,s,MetadiscourseContrastNeutral,0
because,because,s,MetadiscourseContrastNeutral,1
it,it,s,ConfidenceHighNeutral,0
is,is,s,ConfidenceHighNeutral,1
past,past,c,SpecialTopicsMiscellanyNeutral,0
",",",",s,MetadiscourseContrastNeutral,0
but,but,s,MetadiscourseContrastNeutral,1
because,because,s,ReasoningOtherNeutral,0
its,its,s,CharMentalStatesNeutral,0
memory,memory,s,CharMentalStatesNeutral,1
continues,continues,s,NarrDurationNeutral,0
to,to,s,NarrDurationNeutral,1
shape,shape,s,SpecialTopicsMiscellanyNeutral,0
how,how,s,OtherOrphanedOther,0
people,people,s,CharTypesNeutral,0
understand,understand,s,InquiryLearningNeutral,0
who,who,s,InquiryLearningNeutral,1
they,they,s,OtherOrphanedOther,0
are,are,c,OtherOrphanedOther,0
",",",",s,,0
where,where,s,OtherOrphanedOther,0
they,they,s,OtherOrphanedOther,0
belong,belong,c,PubLawNeutral,0
",",",",s,,0
and,and,s,OtherSyntacticComplexityOther,0
what,what,s,OtherOrphanedOther,0
they,they,s,OtherOrphanedOther,0
are,are,s,OtherOrphanedOther,0
owed,owed,c,OtherOrphanedOther,0
.,.,n,,0
Short,short,s,SpecialTopicsMiscellanyNeutral,0
answer,answer,c,SpecialTopicsMiscellanyNeutral,1
:,:,n,,0
The,the,s,OtherOrphanedOther,0
Dutch,dutch,s,PubAdministrationNeutral,0
government,government,s,PubAdministrationNeutral,1
acknowledged,acknowledged,s,PosRelAcknowledgement,0
aspects,aspects,s,SpecialTopicsMiscellanyNeutral,0
of,of,s,SpecialTopicsMiscellanyNeutral,1
abuse,abuse,s,NegActsAggressive,0
within,within,s,OtherOrphanedOther,0
the,the,s,OtherOrphanedOther,0
indenture,indenture,s,SpecialTopicsMiscellanyNeutral,0
system,system,c,SpecialTopicsMiscellanyNeutral,1
",",",",s,MetadiscourseContrastNeutral,0
but,but,s,MetadiscourseContrastNeutral,1
it,it,s,NegActsResist,0
has,has,s,NegActsResist,1
never,never,s,NegActsResist,2
formally,formally,s,SpecialTopicsMiscellanyNeutral,0
recognized,recognized,s,PosRelOther,0
the,the,s,PosRelOther,1
system,system,s,SpecialTopicsMiscellanyNeutral,0
itself,itself,s,ForcefulEmphaticNeutral,0
as,as,s,NegActsViolence,0
violent,violent,s,NegActsViolence,1
in,in,s,OtherSyntacticComplexityOther,0
a,a,s,OtherSyntacticComplexityOther,1
way,way,s,OtherSyntacticComplexityOther,2
that,that,s,OtherSyntacticComplexityOther,3
warrants,warrants,s,PubAdministrationNeutral,0
reparations,reparations,c,ResponsibilityAcceptNeg,0
",",",",s,,0
nor,nor,s,MetadiscourseContrastNeutral,0
has,has,s,MetadiscourseContrastNeutral,1
it,it,s,,0
offered,offered,s,ResponsibilityAcceptNeg,0
reparations,reparations,s,ResponsibilityAcceptNeg,1
to,to,s,OtherOrphanedOther,0
descendants,descendants,s,UncertaintyIndefiniteNeutral,0
of,of,s,OtherOrphanedOther,0
Indian,indian,s,PubLawNeutral,0
indentured,indentured,s,PubLawNeutral,1
labourers,labourers,s,CharTypesNeutral,0
in,in,s,OtherOrphanedOther,0
Suriname,suriname,c,SpecialTopicsPlaceNeutral,0
.,.,n,,0
What,what,s,InterQuestionNeutral,0
has,has,s,InterQuestionNeutral,1
existed,existed,s,NarrActsNeutral,0
instead,instead,s,MetadiscourseOtherNeutral,0
is,is,s,OtherOrphanedOther,0
a,a,s,OtherOrphanedOther,0
pattern,pattern,s,OtherOrphanedOther,0
of,of,s,OtherOrphanedOther,0
partial,partial,s,NegRelBias,0
recognition,recognition,c,,0
",",",",s,,0
administrative,administrative,s,PubAdministrationNeutral,0
reform,reform,c,PubAdministrationNeutral,1
",",",",s,,0
and,and,s,OtherSyntacticComplexityOther,0
long,long,s,NarrDurationNeutral,0
silence,silence,c,NarrDurationNeutral,1
",",",",s,,0
followed,followed,s,NarrSequenceNeutral,0
by,by,s,NarrSequenceNeutral,1
very,very,s,NegEmotionsIdentifyGaps,0
limited,limited,s,NegEmotionsIdentifyGaps,1
contemporary,contemporary,s,NarrSimultaneityNeutral,0
engagement,engagement,c,OtherOrphanedGenericActivity,0
.,.,n,,0
1,1,c,ExpoOtherNeutral,0
.,.,s,ExpoOtherNeutral,1
Did,did,s,NarrActsNeutral,0
the,the,s,NarrActsNeutral,1
Dutch,dutch,s,NarrActsNeutral,2
Colonial,colonial,s,SpecialTopicsMiscellanyNeutral,0
State,state,s,OtherOrphanedOther,0
Recognize,recognize,s,ConfidenceHighNeutral,0
Violence,violence,s,NegActsViolence,0
at,at,s,NarrTimeShiftNeutral,0
the,the,s,NarrTimeShiftNeutral,1
Time,time,s,NarrTimeShiftNeutral,2
?,?,n,InterQuestionNeutral,0
Yes,yes,s,InterDialogueNeutral,0
—,—,s,,0
but,but,s,NegActsResist,0
only,only,s,NegActsResist,1
in,in,s,OtherOrphanedOther,0
a,a,s,OtherOrphanedOther,0
narrow,narrow,c,DescriptVisualNeutral,0
",",",",s,,0
strategic,strategic,s,StratCognitionNeutral,0
way,way,n,DescriptObjectsNeutral,0
During,during,s,NarrDurationNeutral,0
the,the,s,NarrDurationNeutral,1
late,late,s,ExpoOtherNeutral,0
19th,19th,s,ExpoOtherNeutral,1
and,and,s,OtherSyntacticComplexityOther,0
early,early,s,NarrSequenceNeutral,0
20th,20th,s,,0
centuries,centuries,c,NarrDurationNeutral,0
",",",",s,,0
the,the,s,OtherOrphanedOther,0
Dutch,dutch,s,SpecialTopicsMiscellanyNeutral,0
colonial,colonial,s,SpecialTopicsMiscellanyNeutral,1
administration,administration,s,PubAdministrationNeutral,0
did,did,s,ForcefulIntenseNeutral,0
identify,identify,s,ReasoningAnalyzeNeutral,0
violence,violence,s,NegActsViolence,0
and,and,s,OtherSyntacticComplexityOther,0
abuse,abuse,c,NegActsAggressive,0
",",",",s,MetadiscourseContrastNeutral,0
but,but,s,MetadiscourseContrastNeutral,1
it,it,s,,0
framed,framed,s,OtherOrphanedOther,0
these,these,s,OtherOrphanedOther,0
as,as,c,CitationQuotationNeutral,0
:,:,n,CitationQuotationNeutral,1
“,",c,CitationQuotationNeutral,2
Excesses,excesses,c,NegValuesExcess,0
”,",n,,0
“,",c,,0
Abuses,abuses,s,NegActsAggressive,0
by,by,s,OtherOrphanedOther,0
individual,individual,s,CharTypesNeutral,0
overseers,overseers,c,CharTypesNeutral,0
”,",n,,0
“,",c,,0
Administrative,administrative,s,InquiryCuriosityNeg,0
irregularities,irregularities,c,InquiryCuriosityNeg,1
”,",n,,0
—,—,s,,0
not,not,s,NegActsResist,0
as,as,s,NegActsResist,1
systemic,systemic,s,NegActsViolence,0
violence,violence,s,NegActsViolence,1
inherent,inherent,s,ExpoOtherNeutral,0
to,to,s,OtherOrphanedOther,0
indenture,indenture,c,PubLawNeutral,0
.,.,n,,0
How,how,s,InquiryCuriosityNeutral,0
this,this,s,InquiryCuriosityNeutral,1
recognition,recognition,s,,0
appeared,appeared,n,UpdatesNewsNeutral,0
Internal,internal,s,SpecialTopicsMiscellanyNeutral,0
reports,reports,s,NarrActsNeutral,0
noted,noted,c,CitationOtherNeutral,0
:,:,n,,0
Excessive,excessive,s,NegValuesInjustice,0
punishment,punishment,n,NegValuesInjustice,1
Withholding,withholding,s,NegActsOther,0
of,of,s,NegActsOther,1
wages,wages,n,NegActsOther,2
High,high,s,DescriptVisualNeutral,0
imprisonment,imprisonment,s,SpecialTopicsMiscellanyNeutral,0
rates,rates,n,SpecialTopicsMiscellanyNeutral,1
Investigations,investigations,s,InquiryExplorationNeutral,0
followed,followed,s,NarrSequenceNeutral,0
major,major,s,NegEmotionsDisturb,0
disturbances,disturbances,c,NegEmotionsDisturb,1
",",",",s,,0
especially,especially,s,NarrTimeShiftNeutral,0
when,when,c,NarrTimeShiftNeutral,1
:,:,n,,0
Violence,violence,s,NegActsViolence,0
became,became,s,PubCommunicationNeutral,0
public,public,n,PubCommunicationNeutral,1
International,international,s,InquiryExplorationNeutral,0
scrutiny,scrutiny,s,InquiryExplorationNeutral,1
increased,increased,n,DescriptChangeNeutral,0
Labour,labour,s,DescriptChangeNeutral,1
unrest,unrest,s,StratActsNeg,0
threatened,threatened,s,NegRelThreaten,0
production,production,n,SpecialTopicsMiscellanyNeutral,0
A,a,s,ExpoExampleNeutral,0
key,key,s,ExpoExampleNeutral,1
example,example,s,ExpoExampleNeutral,2
is,is,s,ForcefulEmphaticNeutral,0
the,the,s,ForcefulEmphaticNeutral,1
aftermath,aftermath,s,ForcefulEmphaticNeutral,2
of,of,s,ForcefulEmphaticNeutral,3
the,the,s,OtherOrphanedOther,0
Mariënburg,mariënburg,s,,0
killings,killings,s,,0
(,(,c,CitationReferenceNeutral,0
1902,1902,c,CitationReferenceNeutral,1
),),c,CitationReferenceNeutral,2
",",",",s,,0
when,when,s,OtherOrphanedOther,0
colonial,colonial,s,CharTypesNeutral,0
troops,troops,s,CharTypesNeutral,1
fired,fired,s,NegActsAggressive,0
on,on,s,NegActsAggressive,1
Indian,indian,s,CharTypesNeutral,0
workers,workers,s,CharTypesNeutral,0
protesting,protesting,s,NegActsPlaintive,0
unpaid,unpaid,s,SpecialTopicsMiscellanyNeutral,0
wages,wages,c,SpecialTopicsMiscellanyNeutral,0
.,.,s,,0
The,the,s,NarrActsNeutral,0
event,event,s,NarrActsNeutral,1
forced,forced,s,StratOtherNeutral,0
inquiries,inquiries,s,InquiryOtherNeutral,0
—,—,s,,0
but,but,s,MetadiscourseContrastNeutral,0
responsibility,responsibility,s,ResponsibilityOtherNeutral,0
was,was,s,NarrOtherNeutral,0
diffused,diffused,c,NarrOtherNeutral,1
",",",",s,,0
and,and,s,OtherSyntacticComplexityOther,0
no,no,s,NegActsResist,0
systemic,systemic,s,ResponsibilityAcceptNeutral,0
accountability,accountability,s,ResponsibilityAcceptNeutral,1
followed,followed,c,NarrSequenceNeutral,0
.,.,n,,0
Crucially,crucially,c,ForcefulEmphaticNeutral,0
:,:,n,,0
The,the,s,SpecialTopicsPlaceNeutral,0
state,state,s,SpecialTopicsPlaceNeutral,1
treated,treated,s,OtherOrphanedOther,0
violence,violence,s,NegActsViolence,0
as,as,s,OtherOrphanedOther,0
a,a,s,OtherOrphanedOther,1
failure,failure,s,NegActsLapse,0
of,of,s,NegActsLapse,1
supervision,supervision,c,ResponsibilitySuperviseNeutral,0
",",",",s,,0
not,not,s,NegActsResist,0
as,as,s,NegActsResist,1
a,a,s,NegActsResist,2
feature,feature,s,SpecialTopicsMiscellanyNeutral,0
of,of,s,SpecialTopicsMiscellanyNeutral,1
the,the,s,OtherOrphanedOther,0
system,system,c,SpecialTopicsMiscellanyNeutral,0
.,.,n,,0
2,2,c,ExpoOtherNeutral,0
.,.,s,ExpoOtherNeutral,1
Why,why,s,InterQuestionNeutral,0
the,the,s,InterQuestionNeutral,1
System,system,s,SpecialTopicsMiscellanyNeutral,0
Was,was,s,NarrOtherNeutral,0
Not,not,s,NegActsResist,0
Condemned,condemned,s,NegActsCriticize,0
Structurally,structurally,n,SpecialTopicsMiscellanyNeutral,0
The,the,s,OtherOrphanedOther,0
Dutch,dutch,s,PubAdministrationNeutral,0
government,government,s,PubAdministrationNeutral,1
never,never,s,NegActsResist,0
officially,officially,s,PubAdministrationNeutral,0
condemned,condemned,s,NegActsCriticize,0
indenture,indenture,s,PubLawNeutral,0
because,because,c,ReasoningOtherNeutral,0
:,:,n,,0
Indenture,indenture,s,PubLawNeutral,0
was,was,s,NegActsAggressive,0
framed,framed,s,NegActsAggressive,1
as,as,s,OtherOrphanedOther,0
contractual,contractual,s,PubLawNeutral,0
wage,wage,s,SpecialTopicsMiscellanyNeutral,0
labour,labour,c,,0
",",",",s,,0
not,not,s,NegActsResist,0
slavery,slavery,n,NegRelServility,0
It,it,s,NarrOtherNeutral,0
was,was,s,NarrOtherNeutral,1
justified,justified,s,ReasoningDefendPos,0
as,as,c,OtherOrphanedOther,0
:,:,n,,0
Legal,legal,n,PubLawNeutral,0
Necessary,necessary,s,ReasoningConcludeNeutral,0
for,for,s,ReasoningConcludeNeutral,1
economic,economic,s,SpecialTopicsMiscellanyNeutral,0
survival,survival,s,SpecialTopicsMiscellanyNeutral,1
of,of,s,OtherSyntacticComplexityOther,0
the,the,s,OtherSyntacticComplexityOther,1
colony,colony,n,SpecialTopicsMiscellanyNeutral,0
Acknowledging,acknowledging,s,PosRelAcknowledgement,0
systemic,systemic,s,NegActsViolence,0
violence,violence,s,NegActsViolence,1
would,would,s,NarrOtherNeutral,0
have,have,c,NarrActsNeutral,0
:,:,n,,0
Undermined,undermined,s,NegActsResist,0
colonial,colonial,s,SpecialTopicsMiscellanyNeutral,0
legitimacy,legitimacy,n,PosValuesLegitimate,0
Created,created,s,DescriptChangeNeutral,0
legal,legal,s,DescriptVisualNeutral,0
exposure,exposure,n,DescriptVisualNeutral,1
Invited,invited,s,PosRelInvitation,0
compensation,compensation,s,PosRelOther,0
claims,claims,n,CitationControversyNeutral,0
Thus,thus,c,ReasoningConcludeNeutral,0
",",",",s,,0
reform,reform,s,DescriptChangePos,0
was,was,s,NarrOtherNeutral,0
preferred,preferred,s,CharSubjectivityNeutral,0
over,over,s,OtherOrphanedOther,0
reckoning,reckoning,c,CharTraitsNeutral,0
.,.,n,,0
3,3,c,ExpoOtherNeutral,0
.,.,s,ExpoOtherNeutral,1
How,how,s,OtherOrphanedOther,0
Indenture,indenture,s,PubLawNeutral,0
Ended,ended,s,NarrSequenceNeutral,0
—,—,s,,0
Without,without,s,ForcefulEmphaticNeutral,0
Accountability,accountability,n,ResponsibilityAcceptNeutral,0
Indenture,indenture,s,PubLawNeutral,0
in,in,s,OtherOrphanedOther,0
Suriname,suriname,s,SpecialTopicsPlaceNeutral,0
ended,ended,s,NarrSequenceNeutral,0
in,in,s,NarrSequenceNeutral,1
1916,1916,c,NarrOtherNeutral,0
",",",",s,MetadiscourseContrastNeutral,0
but,but,c,MetadiscourseContrastNeutral,1
:,:,n,,0
There,there,s,NarrOtherNeutral,0
was,was,s,NarrOtherNeutral,1
no,no,s,NegActsResist,0
official,official,s,PubAdministrationNeutral,0
apology,apology,n,PubAdministrationNeutral,1
No,no,s,NegActsResist,0
admission,admission,s,CharSubjectivityNeutral,0
of,of,s,CharSubjectivityNeutral,1
wrongdoing,wrongdoing,n,CharSubjectivityNeutral,2
No,no,s,NegActsResist,0
compensation,compensation,s,SpecialTopicsMiscellanyNeutral,0
for,for,c,SpecialTopicsMiscellanyNeutral,1
:,:,n,,0
Violence,violence,n,NegActsViolence,0
Forced,forced,s,StratOtherNeutral,0
labour,labour,n,,0
Family,family,s,SpecialTopicsMiscellanyNeutral,0
separation,separation,n,SpecialTopicsMiscellanyNeutral,0
Deaths,deaths,s,DescriptChangeNeg,0
and,and,s,OtherSyntacticComplexityOther,0
imprisonment,imprisonment,n,NegValuesOther,0
The,the,s,NarrSequenceNeutral,0
end,end,s,NarrSequenceNeutral,1
of,of,s,NarrSequenceNeutral,2
indenture,indenture,s,PubLawNeutral,0
was,was,s,NarrOtherNeutral,0
treated,treated,s,NarrOtherNeutral,1
as,as,c,OtherOrphanedOther,0
:,:,n,,0
an,an,s,OtherOrphanedOther,0
administrative,administrative,s,PubAdministrationNeutral,0
transition,transition,c,PubAdministrationNeutral,1
",",",",s,,0
not,not,s,NegActsResist,0
a,a,s,NegActsResist,1
moral,moral,s,PosValuesOther,0
correction,correction,c,DescriptChangePos,0
.,.,n,,0
4,4,c,ExpoOtherNeutral,0
.,.,s,ExpoOtherNeutral,1
Post-Colonial,post-colonial,s,SpecialTopicsMiscellanyNeutral,0
Netherlands,netherlands,c,SpecialTopicsPlaceNeutral,0
:,:,s,,0
Recognition,recognition,s,,0
Without,without,s,ForcefulEmphaticNeutral,0
Reparations,reparations,n,ResponsibilityAcceptNeg,0
After,after,s,NarrSequenceNeutral,0
Suriname’s,suriname’s,s,,0
independence,independence,s,PosValuesOther,0
(,(,c,CitationReferenceNeutral,0
1975,1975,c,CitationReferenceNeutral,1
),),c,CitationReferenceNeutral,2
",",",",s,,0
the,the,s,OtherOrphanedOther,0
Netherlands,netherlands,s,SpecialTopicsPlaceNeutral,0
engaged,engaged,s,OtherOrphanedOther,0
selectively,selectively,s,,0
with,with,s,OtherOrphanedOther,0
colonial,colonial,s,NarrOtherNeutral,0
history,history,c,NarrOtherNeutral,1
.,.,n,,0
What,what,s,InterQuestionNeutral,0
has,has,s,InterQuestionNeutral,1
been,been,s,OtherOrphanedOther,0
acknowledged,acknowledged,n,PosRelAcknowledgement,0
General,general,s,SpecialTopicsMiscellanyNeutral,0
suffering,suffering,s,NegEmotionsSuffer,0
under,under,s,OtherOrphanedOther,0
colonialism,colonialism,n,SpecialTopicsMiscellanyNeutral,0
The,the,s,NegActsAggressive,0
exploitative,exploitative,s,NegActsAggressive,1
nature,nature,s,SpecialTopicsMiscellanyNeutral,0
of,of,s,OtherOrphanedOther,0
plantation,plantation,s,SpecialTopicsMiscellanyNeutral,0
economies,economies,n,SpecialTopicsMiscellanyNeutral,1
Recently,recently,c,UpdatesOtherNeutral,0
",",",",s,UpdatesOtherNeutral,1
slavery,slavery,s,NegRelServility,0
has,has,s,UpdatesOtherNeutral,0
been,been,s,UpdatesOtherNeutral,1
explicitly,explicitly,s,ConfidenceHighNeutral,0
named,named,s,ConfidenceHighNeutral,1
as,as,s,OtherOrphanedOther,0
a,a,s,OtherOrphanedOther,1
crime,crime,s,NegValuesOther,0
against,against,s,NegValuesOther,1
humanity,humanity,n,NegValuesOther,2
What,what,s,InterQuestionNeutral,0
has,has,s,InterQuestionNeutral,1
not,not,s,NegActsResist,0
been,been,s,NegActsResist,1
acknowledged,acknowledged,n,PosRelAcknowledgement,0
Indenture,indenture,s,PubLawNeutral,0
as,as,s,OtherOrphanedOther,0
a,a,s,OtherOrphanedOther,1
violent,violent,s,NegActsViolence,0
system,system,s,NegActsViolence,1
comparable,comparable,s,ExpoComparisonNeutral,0
to,to,s,OtherOrphanedOther,0
slavery,slavery,n,NegRelServility,0
The,the,s,OtherOrphanedOther,0
criminalization,criminalization,s,DescriptChangeNeg,0
of,of,s,OtherOrphanedOther,0
labour,labour,s,,0
under,under,s,OtherOrphanedOther,0
indenture,indenture,n,PubLawNeutral,0
Gendered,gendered,s,SpecialTopicsMiscellanyNeutral,0
and,and,s,OtherSyntacticComplexityOther,0
sexual,sexual,s,NegActsViolence,0
violence,violence,s,NegActsViolence,1
against,against,s,NegActsResist,0
indentured,indentured,s,PubLawNeutral,0
women,women,n,CharTypesNeutral,0
There,there,s,NegEmotionsIdentifyGaps,0
has,has,s,NegEmotionsIdentifyGaps,1
been,been,s,NegEmotionsIdentifyGaps,2
no,no,s,NegEmotionsIdentifyGaps,3
formal,formal,s,SpecialTopicsMiscellanyNeutral,0
apology,apology,s,SpecialTopicsMiscellanyNeutral,0
for,for,s,OtherOrphanedOther,0
indenture,indenture,s,PubLawNeutral,0
from,from,s,OtherOrphanedOther,0
the,the,s,OtherOrphanedOther,0
Dutch,dutch,s,CharTypesNeutral,0
state,state,c,OtherOrphanedOther,0
.,.,n,,0
5,5,c,ExpoOtherNeutral,0
.,.,s,ExpoOtherNeutral,1
Reparations,reparations,c,ResponsibilityAcceptNeg,0
:,:,s,,0
A,a,s,OtherOrphanedOther,0
Clear,clear,s,DescriptVisualNeutral,0
Absence,absence,n,SpecialTopicsMiscellanyNeutral,0
No,no,s,NegActsResist,0
reparations,reparations,s,ResponsibilityAcceptNeg,0
have,have,s,PosActsAchieve,0
been,been,s,PosActsAchieve,1
offered,offered,s,PosActsAchieve,2
for,for,s,OtherOrphanedOther,0
indenture,indenture,n,PubLawNeutral,0
No,no,s,NegActsResist,0
financial,financial,s,SpecialTopicsMiscellanyNeutral,0
compensation,compensation,n,SpecialTopicsMiscellanyNeutral,1
No,no,s,NegActsResist,0
land,land,s,DescriptChangePos,0
restitution,restitution,n,DescriptChangePos,1
No,no,s,NegActsResist,0
institutional,institutional,s,PubAdministrationNeutral,0
redress,redress,n,DescriptChangePos,0
No,no,s,NegActsResist,0
state-backed,state-backed,s,PubAdministrationNeutral,0
survivor,survivor,s,NarrBiographyNeutral,0
or,or,s,OtherSyntacticComplexityOther,0
descendant,descendant,s,UncertaintyIndefiniteNeutral,0
programs,programs,n,OtherOrphanedGenericActivity,0
This,this,s,OtherOrphanedOther,0
stands,stands,s,DescriptVisualNeutral,0
in,in,s,DescriptVisualNeutral,1
contrast,contrast,s,MetadiscourseContrastNeutral,0
to,to,c,MetadiscourseContrastNeutral,1
:,:,n,,0
Recent,recent,s,NarrImmediacyNeutral,0
Dutch,dutch,s,CharTypesNeutral,0
initiatives,initiatives,s,StratActsNeutral,0
acknowledging,acknowledging,s,PosRelAcknowledgement,0
slavery,slavery,s,NegRelServility,0
(,(,c,OtherOrphanedOther,0
symbolic,symbolic,s,SpecialTopicsMiscellanyNeutral,0
apologies,apologies,c,InterConversationNeg,0
",",",",s,,0
funding,funding,s,SpecialTopicsMiscellanyNeutral,0
for,for,s,SpecialTopicsMiscellanyNeutral,1
research,research,s,,0
and,and,s,OtherSyntacticComplexityOther,0
memorialization,memorialization,c,SpecialTopicsMiscellanyNeutral,0
),),n,OtherOrphanedOther,0
Indenture,indenture,s,PubLawNeutral,0
remains,remains,s,NarrDurationNeutral,0
outside,outside,s,DescriptVisualNeutral,0
the,the,s,DescriptVisualNeutral,1
reparative,reparative,s,SpecialTopicsMiscellanyNeutral,0
frame,frame,c,OtherOrphanedOther,0
.,.,n,,0
6,6,c,ExpoOtherNeutral,0
.,.,s,ExpoOtherNeutral,1
Why,why,s,InterQuestionNeutral,0
Indenture,indenture,s,PubLawNeutral,0
Is,is,s,NarrActsNeutral,0
Excluded,excluded,s,NarrActsNeutral,1
from,from,s,OtherOrphanedOther,0
Reparations,reparations,s,PubCommunicationNeutral,0
Debates,debates,n,PubCommunicationNeutral,1
Several,several,s,ExpoOtherNeutral,0
structural,structural,s,ReasoningReasonsNeutral,0
reasons,reasons,s,ReasoningReasonsNeutral,1
explain,explain,s,InquiryOtherNeutral,0
this,this,s,OtherOrphanedOther,0
exclusion,exclusion,c,StratActsNeg,0
:,:,n,,0
Legal,legal,s,PubLawNeutral,0
framing,framing,n,OtherOrphanedOther,0
Indenture,indenture,s,PubLawNeutral,0
was,was,s,NarrOtherNeutral,0
“,",c,,0
contractual,contractual,c,PubLawNeutral,0
",",",",c,,0
”,",s,,0
making,making,s,NarrActsNeutral,0
harm,harm,s,NegRelHarm,0
harder,harder,s,NegEmotionsOther,0
to,to,s,NegEmotionsOther,1
litigate,litigate,s,PubLawNeutral,0
retrospectively,retrospectively,n,,0
Racialized,racialized,s,SpecialTopicsMiscellanyNeutral,0
memory,memory,n,CharMentalStatesNeutral,0
Slavery,slavery,s,NegRelServility,0
has,has,s,NarrActsNeutral,0
a,a,s,NarrActsNeutral,1
clearer,clearer,s,ExpoComparisonNeutral,0
moral,moral,s,PosValuesOther,0
narrative,narrative,s,SpecialTopicsMiscellanyNeutral,0
in,in,s,NegEmotionsOther,0
Dutch,dutch,s,NegEmotionsOther,1
discourse,discourse,n,InterOtherNeutral,0
Indenture,indenture,s,PubLawNeutral,0
is,is,s,NarrDurationNeutral,0
often,often,s,NarrDurationNeutral,1
misrepresented,misrepresented,s,NegActsMisrepresent,0
as,as,s,CitationQuotationNeutral,0
“,",c,CitationQuotationNeutral,1
voluntary,voluntary,s,CharTraitsNeutral,0
migration,migration,c,CharTraitsNeutral,1
”,",n,,0
Fragmented,fragmented,s,NegValuesOther,0
advocacy,advocacy,n,StratActsNeutral,0
Descendants,descendants,s,UncertaintyIndefiniteNeutral,0
of,of,s,OtherOrphanedOther,0
indentured,indentured,s,PubLawNeutral,0
labourers,labourers,s,CharTypesNeutral,0
have,have,s,UpdatesOtherNeutral,0
had,had,s,UpdatesOtherNeutral,1
less,less,s,ExpoComparisonNeutral,0
unified,unified,s,PosRelOther,0
international,international,s,ResponsibilityAcceptNeg,0
reparations,reparations,s,ResponsibilityAcceptNeg,1
movements,movements,n,DescriptMotionNeutral,0
Gendered,gendered,s,SpecialTopicsMiscellanyNeutral,0
silence,silence,n,DescriptVisualNeutral,0
Much,much,s,OtherOrphanedOther,0
of,of,s,OtherOrphanedOther,0
indenture’s,indenture’s,s,,0
violence,violence,s,NegActsViolence,0
(,(,c,OtherOrphanedOther,0
sexual,sexual,s,SpecialTopicsMiscellanyNeutral,0
coercion,coercion,c,NegActsCoercive,0
",",",",s,,0
reproductive,reproductive,s,DescriptChangeNeutral,0
exploitation,exploitation,c,NegActsAggressive,0
),),s,OtherOrphanedOther,0
was,was,s,NegActsResist,0
never,never,s,NegActsResist,1
formally,formally,s,SpecialTopicsMiscellanyNeutral,0
recorded,recorded,n,SpecialTopicsMiscellanyNeutral,0
7,7,c,ExpoOtherNeutral,0
.,.,s,ExpoOtherNeutral,1
Community,community,s,SpecialTopicsMiscellanyNeutral,0
Response,response,s,SpecialTopicsMiscellanyNeutral,1
in,in,s,OtherOrphanedOther,0
Suriname,suriname,n,SpecialTopicsPlaceNeutral,0
Among,among,s,OtherOrphanedOther,0
Indo-Surinamese,indo-surinamese,s,,0
communities,communities,c,SpecialTopicsMiscellanyNeutral,0
",",",",s,,0
this,this,s,OtherOrphanedOther,0
absence,absence,s,SpecialTopicsMiscellanyNeutral,0
of,of,s,SpecialTopicsMiscellanyNeutral,1
recognition,recognition,s,,0
has,has,s,NarrOtherNeutral,0
produced,produced,c,NarrOtherNeutral,1
:,:,n,,0
Frustration,frustration,s,NegEmotionsFrustration,0
at,at,s,OtherOrphanedOther,0
historical,historical,s,NarrOtherNeutral,0
erasure,erasure,n,NarrActsNeutral,0
A,a,s,CharMentalStatesNeutral,0
sense,sense,s,CharMentalStatesNeutral,1
that,that,s,CharMentalStatesNeutral,2
ancestors,ancestors,c,NarrOtherNeutral,0
’,',s,,0
suffering,suffering,s,NegEmotionsSuffer,0
is,is,s,OtherOrphanedOther,0
treated,treated,s,OtherOrphanedOther,0
as,as,s,OtherOrphanedOther,1
“,",c,,0
less,less,s,ExpoComparisonNeutral,0
serious,serious,c,NegEmotionsOther,0
”,",s,,0
than,than,s,ExpoComparisonNeutral,0
slavery,slavery,n,NegRelServility,0
Increasing,increasing,s,DescriptChangeNeutral,0
calls,calls,s,DescriptChangeNeutral,1
for,for,c,OtherOrphanedOther,0
:,:,n,InterCommandNeutral,0
Equal,equal,s,InterCommandNeutral,1
recognition,recognition,n,,0
Inclusion,inclusion,s,SpecialTopicsMiscellanyNeutral,0
of,of,s,OtherOrphanedOther,0
indenture,indenture,s,PubLawNeutral,0
in,in,s,OtherOrphanedOther,0
reparations,reparations,s,ResponsibilityAcceptNeg,0
discourse,discourse,n,InterOtherNeutral,0
Public,public,s,PubAdministrationNeutral,0
education,education,s,PubAdministrationNeutral,1
and,and,s,OtherSyntacticComplexityOther,0
memorialization,memorialization,n,SpecialTopicsMiscellanyNeutral,0
For,for,s,OtherSyntacticComplexityOther,0
many,many,c,OtherSyntacticComplexityOther,1
",",",",s,,0
land,land,s,PubAdministrationNeutral,0
grants,grants,s,PubAdministrationNeutral,1
after,after,s,NarrSequenceNeutral,0
indenture,indenture,s,PubLawNeutral,0
are,are,s,DescriptVisualNeg,0
not,not,s,DescriptVisualNeg,1
seen,seen,s,DescriptVisualNeg,2
as,as,s,OtherOrphanedOther,0
reparations,reparations,c,ResponsibilityAcceptNeg,0
",",",",s,MetadiscourseContrastNeutral,0
but,but,s,MetadiscourseContrastNeutral,1
as,as,s,OtherOrphanedOther,0
tools,tools,s,DescriptObjectsNeutral,0
of,of,s,OtherOrphanedOther,0
colonial,colonial,s,SpecialTopicsMiscellanyNeutral,0
control,control,c,StratCoordinationNeutral,0
.,.,n,,0
8,8,c,ExpoOtherNeutral,0
.,.,s,ExpoOtherNeutral,1
The,the,s,NarrImmediacyNeutral,0
Present,present,s,NarrImmediacyNeutral,1
Moment,moment,c,NarrImmediacyNeutral,2
:,:,s,,0
Slow,slow,s,DescriptMotionNeutral,0
Shifts,shifts,c,DescriptChangeNeutral,0
",",",",s,,0
No,no,s,NegActsResist,0
Reckoning,reckoning,n,CharTraitsNeutral,0
In,in,s,CharTraitsNeutral,1
recent,recent,s,NarrImmediacyNeutral,0
years,years,c,NarrImmediacyNeutral,1
:,:,n,,0
Scholars,scholars,s,CharTypesNeutral,0
and,and,s,OtherSyntacticComplexityOther,0
activists,activists,s,CharTypesNeutral,0
have,have,s,UpdatesOtherNeutral,0
begun,begun,s,UpdatesOtherNeutral,1
explicitly,explicitly,s,ConfidenceHighNeutral,0
naming,naming,s,ConfidenceHighNeutral,1
indenture,indenture,s,PubLawNeutral,0
as,as,s,OtherOrphanedOther,0
coercive,coercive,s,NegActsCoercive,0
labour,labour,n,,0
Cultural,cultural,s,PubAdministrationNeutral,0
institutions,institutions,s,PubAdministrationNeutral,1
increasingly,increasingly,s,DescriptChangeNeutral,0
include,include,s,NarrActsNeutral,0
indenture,indenture,s,PubLawNeutral,0
in,in,s,OtherOrphanedOther,0
colonial,colonial,s,SpecialTopicsMiscellanyNeutral,0
narratives,narratives,n,SpecialTopicsMiscellanyNeutral,0
However,however,c,MetadiscourseContrastNeutral,0
:,:,n,,0
The,the,s,OtherOrphanedOther,0
Dutch,dutch,s,CharTypesNeutral,0
state,state,s,OtherOrphanedOther,0
has,has,s,NegActsResist,0
not,not,s,NegActsResist,1
issued,issued,s,InterConversationNeg,0
an,an,s,InterConversationNeg,1
apology,apology,n,InterConversationNeg,2
There,there,s,NegActsResist,0
is,is,s,NegActsResist,1
no,no,s,NegActsResist,2
reparations,reparations,s,ResponsibilityAcceptNeg,0
framework,framework,n,SpecialTopicsMiscellanyNeutral,0
Indenture,indenture,s,PubLawNeutral,0
remains,remains,s,NarrDurationNeutral,0
marginal,marginal,s,StratCoordinationNeutral,0
in,in,s,OtherOrphanedOther,0
official,official,s,PubAdministrationNeutral,0
memory,memory,s,CharMentalStatesNeutral,0
politics,politics,n,PubPoliticsNeutral,0
In,in,s,MetadiscourseCuesNeutral,0
Summary,summary,n,MetadiscourseCuesNeutral,1
The,the,s,OtherOrphanedOther,0
Dutch,dutch,s,SpecialTopicsMiscellanyNeutral,0
colonial,colonial,s,SpecialTopicsMiscellanyNeutral,1
state,state,s,OtherOrphanedOther,0
recognized,recognized,s,ConfidenceHighNeutral,0
individual,individual,s,NegActsAggressive,0
abuses,abuses,c,NegActsAggressive,1
",",",",s,,0
not,not,s,NegActsResist,0
systemic,systemic,s,NegActsViolence,0
violence,violence,n,NegActsViolence,1
Indenture,indenture,s,PubLawNeutral,0
ended,ended,s,ForcefulEmphaticNeutral,0
without,without,s,ForcefulEmphaticNeutral,1
apology,apology,s,SpecialTopicsMiscellanyNeutral,0
or,or,s,OtherSyntacticComplexityOther,0
accountability,accountability,n,ResponsibilityAcceptNeutral,0
Post-colonial,post-colonial,s,SpecialTopicsMiscellanyNeutral,0
Netherlands,netherlands,s,SpecialTopicsPlaceNeutral,0
has,has,s,NegActsResist,0
not,not,s,NegActsResist,1
offered,offered,s,ResponsibilityAcceptNeg,0
reparations,reparations,s,ResponsibilityAcceptNeg,1
for,for,s,OtherOrphanedOther,0
indenture,indenture,n,PubLawNeutral,0
Slavery,slavery,s,NegRelServility,0
has,has,s,NarrActsNeutral,0
received,received,s,NarrActsNeutral,0
formal,formal,s,SpecialTopicsMiscellanyNeutral,0
recognition,recognition,c,,0
;,;,s,,0
indenture,indenture,s,PubLawNeutral,0
has,has,s,NegActsResist,0
not,not,n,NegActsResist,1
Indo-Surinamese,indo-surinamese,s,,0
descendants,descendants,s,UncertaintyIndefiniteNeutral,0
increasingly,increasingly,s,DescriptChangeNeutral,0
challenge,challenge,s,CharTraitsNeutral,0
this,this,s,OtherOrphanedOther,0
exclusion,exclusion,n,StratActsNeg,0
Indenture,indenture,s,PubLawNeutral,0
remains,remains,s,NarrDurationNeutral,0
an,an,s,OtherOrphanedOther,0
unacknowledged,unacknowledged,s,PubCommunicationNeg,0
injustice,injustice,s,PubCommunicationNeg,1
—,—,s,,0
recognized,recognized,s,ConfidenceHighNeutral,0
in,in,s,OtherOrphanedOther,0
fragments,fragments,c,DescriptObjectsNeutral,0
",",",",s,,0
remembered,remembered,s,CharMentalStatesNeutral,0
in,in,s,OtherOrphanedOther,0
communities,communities,c,SpecialTopicsMiscellanyNeutral,0
",",",",s,MetadiscourseContrastNeutral,0
but,but,s,MetadiscourseContrastNeutral,1
not,not,s,UpdatesNewsNeutral,0
yet,yet,s,UpdatesNewsNeutral,1
confronted,confronted,s,UpdatesNewsNeutral,2
by,by,s,OtherOrphanedOther,0
the,the,s,SpecialTopicsPlaceNeutral,0
state,state,s,SpecialTopicsPlaceNeutral,1
as,as,s,OtherOrphanedOther,0
a,a,s,OtherOrphanedOther,1
historical,historical,s,NegValuesWrong,0
wrong,wrong,s,NegValuesWrong,1
requiring,requiring,s,PubAdministrationNeutral,0
redress,redress,c,PubAdministrationNeutral,1
.,.,n,,0
Among,among,s,OtherOrphanedOther,0
descendants,descendants,s,UncertaintyIndefiniteNeutral,0
of,of,s,OtherOrphanedOther,0
Indian,indian,s,PubLawNeutral,0
indentured,indentured,s,PubLawNeutral,1
labourers,labourers,s,CharTypesNeutral,0
in,in,s,OtherOrphanedOther,0
Suriname,suriname,c,SpecialTopicsPlaceNeutral,0
",",",",s,,0
reparations,reparations,s,ResponsibilityAcceptNeg,0
are,are,s,NegActsResist,0
not,not,s,NegActsResist,1
primarily,primarily,s,ForcefulEmphaticNeutral,0
imagined,imagined,s,CharMentalStatesNeutral,0
as,as,s,OtherOrphanedOther,0
cash,cash,s,SpecialTopicsMiscellanyNeutral,0
payouts,payouts,c,SpecialTopicsMiscellanyNeutral,0
",",",",s,MetadiscourseContrastNeutral,0
but,but,s,MetadiscourseContrastNeutral,1
as,as,s,OtherOrphanedOther,0
recognition,recognition,c,,0
",",",",s,,0
redress,redress,c,DescriptChangePos,0
",",",",s,,0
and,and,s,OtherSyntacticComplexityOther,0
repair,repair,c,DescriptChangePos,0
.,.,s,,0
Individual,individual,s,SpecialTopicsMiscellanyNeutral,0
accounts,accounts,s,SpecialTopicsMiscellanyNeutral,1
—,—,s,,0
gathered,gathered,s,DescriptVisualNeutral,0
through,through,s,OtherOrphanedOther,0
interviews,interviews,c,SpecialTopicsMiscellanyNeutral,0
",",",",s,,0
public,public,s,PubAdministrationNeutral,0
testimony,testimony,c,PubAdministrationNeutral,1
",",",",s,,0
cultural,cultural,s,SpecialTopicsMiscellanyNeutral,0
forums,forums,c,PubAdministrationNeutral,0
",",",",s,,0
and,and,s,OtherSyntacticComplexityOther,0
scholarship,scholarship,s,SpecialTopicsMiscellanyNeutral,0
—,—,s,,0
show,show,s,CitationAuthoritativePos,0
that,that,s,CitationAuthoritativePos,1
expectations,expectations,s,FutureExpectNeutral,0
are,are,s,OtherOrphanedOther,0
moral,moral,c,PosValuesOther,0
",",",",s,,0
symbolic,symbolic,c,SpecialTopicsMiscellanyNeutral,0
",",",",s,,0
educational,educational,c,SpecialTopicsMiscellanyNeutral,0
",",",",s,,0
and,and,s,OtherSyntacticComplexityOther,0
institutional,institutional,c,PubAdministrationNeutral,0
",",",",s,,0
rather,rather,s,ExpoOtherNeutral,0
than,than,s,ExpoOtherNeutral,1
narrowly,narrowly,s,ForcefulEmphaticNeutral,0
financial,financial,c,SpecialTopicsMiscellanyNeutral,0
.,.,n,ForcefulEmphaticNeutral,0
What,what,s,ForcefulEmphaticNeutral,1
follows,follows,s,ForcefulEmphaticNeutral,2
is,is,s,ForcefulEmphaticNeutral,0
an,an,s,ForcefulEmphaticNeutral,1
account,account,s,ForcefulEmphaticNeutral,2
of,of,s,ForcefulEmphaticNeutral,3
how,how,s,OtherOrphanedOther,0
people,people,s,CharTypesNeutral,0
themselves,themselves,s,CharNamesNeutral,0
articulate,articulate,s,InterOtherNeutral,0
what,what,s,OtherOrphanedOther,0
reparations,reparations,s,ResponsibilityAcceptNeg,0
should,should,s,StratDirectAppealNeutral,0
mean,mean,c,StratDirectAppealNeutral,1
",",",",s,,0
in,in,s,ResponsibilityOtherNeutral,0
their,their,s,ResponsibilityOtherNeutral,1
own,own,s,ResponsibilityOtherNeutral,2
terms,terms,c,SpecialTopicsMiscellanyNeutral,0
.,.,n,,0
1,1,c,ExpoOtherNeutral,0
.,.,s,ExpoOtherNeutral,1
“,",c,,0
First,first,c,MetadiscourseCuesNeutral,0
",",",",s,MetadiscourseCuesNeutral,1
say,say,s,InterOtherNeutral,0
what,what,s,InterQuestionNeutral,0
it,it,s,InterQuestionNeutral,1
really,really,s,ForcefulEmphaticNeutral,0
was,was,c,NarrOtherNeutral,0
”,",c,,0
:,:,s,InterCommandNeutral,0
Demand,demand,s,InterCommandNeutral,1
for,for,s,OtherOrphanedOther,0
Official,official,s,PubAdministrationNeutral,0
Recognition,recognition,n,PubAdministrationNeutral,1
Individual,individual,s,SpecialTopicsMiscellanyNeutral,0
accounts,accounts,s,SpecialTopicsMiscellanyNeutral,1
emphasize,emphasize,s,ForcefulEmphaticNeutral,0
naming,naming,n,SpecialTopicsMiscellanyNeutral,0
Many,many,s,ExpoOtherNeutral,0
descendants,descendants,s,UncertaintyIndefiniteNeutral,0
begin,begin,s,NarrSequenceNeutral,0
not,not,s,NegActsResist,0
with,with,s,OtherOrphanedOther,0
money,money,c,SpecialTopicsMiscellanyNeutral,0
",",",",s,MetadiscourseContrastNeutral,0
but,but,s,MetadiscourseContrastNeutral,1
with,with,s,OtherOrphanedOther,0
truth,truth,c,PosValuesOther,0
.,.,n,,0
“,",c,,0
Before,before,s,NarrSequenceNeutral,0
anything,anything,s,NegActsResist,0
else,else,c,NegActsResist,1
",",",",s,,0
the,the,s,OtherOrphanedOther,0
Dutch,dutch,s,CharTypesNeutral,0
state,state,s,OtherOrphanedOther,0
must,must,s,ConfidenceHighNeutral,0
say,say,s,ConfidenceHighNeutral,1
this,this,s,MetadiscourseOtherNeutral,0
was,was,s,MetadiscourseOtherNeutral,1
violence,violence,c,NegActsViolence,0
",",",",s,,0
not,not,s,NegActsResist,0
opportunity,opportunity,c,FacilitateEnablePos,0
.,.,c,,0
”,",n,,0
People,people,s,CharTypesNeutral,0
consistently,consistently,s,ForcefulEmphaticNeutral,0
demand,demand,c,ForcefulEmphaticNeutral,1
:,:,n,,0
An,an,s,OtherOrphanedOther,0
official,official,s,PubAdministrationNeutral,0
acknowledgment,acknowledgment,s,PosRelAcknowledgement,0
that,that,s,OtherOrphanedOther,0
indenture,indenture,s,PubLawNeutral,0
was,was,s,NarrOtherNeutral,0
coercive,coercive,s,NegActsCoercive,0
and,and,s,OtherSyntacticComplexityOther,0
violent,violent,n,NegActsViolence,0
Rejection,rejection,s,NegActsViolence,1
of,of,s,OtherSyntacticComplexityOther,0
the,the,s,OtherSyntacticComplexityOther,1
narrative,narrative,s,SpecialTopicsMiscellanyNeutral,0
that,that,s,OtherOrphanedOther,0
indenture,indenture,s,PubLawNeutral,0
was,was,s,NarrOtherNeutral,0
“,",c,,0
voluntary,voluntary,s,CharTraitsNeutral,0
migration,migration,c,CharTraitsNeutral,1
”,",n,,0
Inclusion,inclusion,s,SpecialTopicsMiscellanyNeutral,0
of,of,s,OtherOrphanedOther,0
indenture,indenture,s,PubLawNeutral,0
alongside,alongside,s,DescriptVisualNeutral,0
slavery,slavery,s,NegRelServility,0
in,in,s,OtherOrphanedOther,0
colonial,colonial,s,SpecialTopicsMiscellanyNeutral,0
wrongdoing,wrongdoing,n,NegActsMalfeasance,0
For,for,s,OtherSyntacticComplexityOther,0
many,many,c,OtherSyntacticComplexityOther,1
",",",",s,,0
reparations,reparations,s,ResponsibilityAcceptNeg,0
begin,begin,s,NarrSequenceNeutral,0
with,with,s,NarrSequenceNeutral,1
moral,moral,s,PosValuesOther,0
recognition,recognition,c,,0
",",",",s,,0
not,not,s,NegActsResist,0
material,material,s,SpecialTopicsMiscellanyNeutral,0
compensation,compensation,c,PosRelOther,0
.,.,n,,0
2,2,c,ExpoOtherNeutral,0
.,.,s,ExpoOtherNeutral,1
Apology,apology,s,SpecialTopicsMiscellanyNeutral,0
as,as,s,OtherOrphanedOther,0
Dignity,dignity,c,PosValuesDignity,0
",",",",s,,0
Not,not,s,NegActsResist,0
Charity,charity,n,PosValuesOther,0
An,an,s,InterConversationNeg,0
apology,apology,s,InterConversationNeg,1
is,is,s,NarrDurationNeutral,0
frequently,frequently,s,NarrDurationNeutral,1
described,described,s,DescriptOtherNeutral,0
as,as,s,DescriptOtherNeutral,1
restorative,restorative,c,DescriptChangePos,0
",",",",s,,0
not,not,s,NegActsResist,0
symbolic,symbolic,c,SpecialTopicsMiscellanyNeutral,0
.,.,n,,0
“,",c,,0
My,my,s,FPAutobiographyNeutral,0
grandmother,grandmother,s,FPAutobiographyNeutral,1
died,died,s,NarrSequenceNeg,0
thinking,thinking,s,NarrSequenceNeg,1
no,no,s,NegActsResist,0
one,one,s,NegActsResist,1
cared,cared,s,PosRelBondOverNegative,0
what,what,s,NegEmotionsOther,0
they,they,s,NegEmotionsOther,1
did,did,s,NegEmotionsOther,2
to,to,s,NegEmotionsOther,3
her,her,c,NegEmotionsOther,4
.,.,c,,0
”,",n,InterDialogueNeutral,0
What,what,s,InterDialogueNeutral,1
individuals,individuals,s,CharTypesNeutral,0
ask,ask,s,InterRequestNeutral,0
for,for,c,InterRequestNeutral,1
:,:,n,,0
A,a,s,OtherOrphanedOther,0
formal,formal,s,SpecialTopicsMiscellanyNeutral,0
apology,apology,s,SpecialTopicsMiscellanyNeutral,0
by,by,s,OtherOrphanedOther,0
the,the,s,OtherOrphanedOther,0
Dutch,dutch,s,CharTypesNeutral,0
state,state,s,OtherOrphanedOther,0
(,(,c,OtherOrphanedOther,0
specifically,specifically,s,ExpoSpecificationNeutral,0
naming,naming,s,SpecialTopicsMiscellanyNeutral,0
indenture,indenture,c,PubLawNeutral,0
),),n,OtherOrphanedOther,0
Delivered,delivered,s,OtherOrphanedOther,0
publicly,publicly,s,PubAdministrationNeutral,0
and,and,s,OtherSyntacticComplexityOther,0
unambiguously,unambiguously,s,ConfidenceHighNeutral,0
by,by,s,OtherOrphanedOther,0
Netherlands,netherlands,n,SpecialTopicsPlaceNeutral,0
Without,without,s,ForcefulEmphaticNeutral,0
minimizing,minimizing,s,DescriptChangeNeutral,0
language,language,s,SpecialTopicsMiscellanyNeutral,0
(,(,c,OtherOrphanedOther,0
“,",c,,0
excesses,excesses,c,NegValuesExcess,0
",",",",c,,0
”,",s,,0
“,",c,,0
mistakes,mistakes,c,NegActsMistake,0
",",",",c,,0
”,",s,,0
“,",c,,0
context,context,s,ContingentEventNeutral,0
of,of,s,ContingentEventNeutral,1
the,the,s,NarrDurationNeutral,0
time,time,c,NarrDurationNeutral,1
”,",c,,0
),),n,OtherOrphanedOther,0
An,an,s,InterConversationNeg,0
apology,apology,s,InterConversationNeg,1
is,is,s,PubAdministrationNeutral,0
seen,seen,s,PubAdministrationNeutral,1
as,as,c,PubAdministrationNeutral,2
:,:,n,,0
Restoring,restoring,s,DescriptChangePos,0
dignity,dignity,s,DescriptChangePos,1
to,to,s,OtherOrphanedOther,0
ancestors,ancestors,n,NarrOtherNeutral,0
Relieving,relieving,s,DescriptChangePos,0
intergenerational,intergenerational,s,SpecialTopicsMiscellanyNeutral,0
shame,shame,n,NegEmotionsShame,0
Making,making,s,PubAdministrationNeutral,0
public,public,s,PubAdministrationNeutral,1
what,what,s,OtherOrphanedOther,0
families,families,s,SpecialTopicsMiscellanyNeutral,0
carried,carried,s,OtherOrphanedOther,0
privately,privately,n,PubPrivacyNeutral,0
3,3,c,ExpoOtherNeutral,0
.,.,s,ExpoOtherNeutral,1
Reparations,reparations,s,ResponsibilityAcceptNeg,0
as,as,s,OtherOrphanedOther,0
Historical,historical,s,NarrOtherNeutral,0
Inclusion,inclusion,n,SpecialTopicsMiscellanyNeutral,0
“,",c,,0
We,we,s,FPOtherNeutral,0
are,are,s,FPOtherNeutral,1
missing,missing,s,NegActsOther,0
from,from,s,NegActsOther,1
the,the,s,SpecialTopicsMiscellanyNeutral,0
story,story,c,SpecialTopicsMiscellanyNeutral,1
”,",n,,0
Many,many,s,ExpoOtherNeutral,0
accounts,accounts,s,SpecialTopicsMiscellanyNeutral,0
focus,focus,s,CharMentalStatesPos,0
on,on,s,CharMentalStatesPos,1
erasure,erasure,c,NarrActsNeutral,0
",",",",s,,0
not,not,s,ForcefulEmphaticNeutral,0
only,only,s,ForcefulEmphaticNeutral,1
injury,injury,c,NegActsInjure,0
.,.,n,,0
“,",c,,0
Slavery,slavery,s,NegRelServility,0
is,is,s,CharMentalStatesNeutral,0
remembered,remembered,c,CharMentalStatesNeutral,1
.,.,s,,0
Indenture,indenture,s,PubLawNeutral,0
is,is,s,OtherOrphanedOther,0
footnote,footnote,c,SpecialTopicsMiscellanyNeutral,0
.,.,c,,0
”,",n,,0
Individuals,individuals,s,InterCommandNeutral,0
demand,demand,c,InterCommandNeutral,1
:,:,n,InterCommandNeutral,0
Equal,equal,s,InterCommandNeutral,1
inclusion,inclusion,s,SpecialTopicsMiscellanyNeutral,0
of,of,s,OtherOrphanedOther,0
indenture,indenture,s,PubLawNeutral,0
in,in,c,OtherOrphanedOther,0
:,:,n,,0
National,national,s,PubAdministrationNeutral,0
museums,museums,n,DescriptObjectsNeutral,0
School,school,s,SpecialTopicsMiscellanyNeutral,0
curricula,curricula,n,SpecialTopicsMiscellanyNeutral,0
Public,public,s,PubAdministrationNeutral,0
memorials,memorials,n,PubAdministrationNeutral,1
Recognition,recognition,s,,0
of,of,c,OtherOrphanedOther,0
:,:,n,,0
Women’s,women’s,s,CharTypesNeutral,0
experiences,experiences,n,SpecialTopicsMiscellanyNeutral,0
Sexual,sexual,s,SpecialTopicsMiscellanyNeutral,1
violence,violence,n,NegActsViolence,0
Criminalization,criminalization,s,DescriptChangeNeg,0
of,of,s,OtherOrphanedOther,0
labour,labour,n,,0
For,for,s,OtherSyntacticComplexityOther,0
these,these,s,OtherSyntacticComplexityOther,1
speakers,speakers,c,SpecialTopicsMiscellanyNeutral,0
",",",",s,,0
reparations,reparations,s,ResponsibilityAcceptNeg,0
mean,mean,s,OtherOrphanedOther,0
being,being,s,OtherOrphanedOther,0
written,written,s,InterOtherNeutral,0
back,back,s,DescriptMotionNeutral,0
into,into,s,DescriptMotionNeutral,1
history,history,c,NarrOtherNeutral,0
.,.,n,,0
4,4,c,ExpoOtherNeutral,0
.,.,s,ExpoOtherNeutral,1
Education,education,s,SpecialTopicsMiscellanyNeutral,0
as,as,s,OtherOrphanedOther,0
Intergenerational,intergenerational,s,SpecialTopicsMiscellanyNeutral,0
Repair,repair,n,DescriptChangePos,0
Younger,younger,s,ExpoComparisonNeutral,0
Indo-Surinamese,indo-surinamese,s,,0
often,often,s,NarrDurationNeutral,0
frame,frame,s,OtherOrphanedOther,0
reparations,reparations,s,ResponsibilityAcceptNeg,0
in,in,s,OtherOrphanedOther,0
educational,educational,s,SpecialTopicsMiscellanyNeutral,0
terms,terms,c,SpecialTopicsMiscellanyNeutral,0
.,.,n,,0
“,",c,,0
We,we,s,FPOtherNeg,0
didn’t,didn’t,s,FPOtherNeg,1
inherit,inherit,s,NarrActsNeutral,0
land,land,s,NarrActsNeutral,1
or,or,s,OtherSyntacticComplexityOther,0
wealth,wealth,c,SpecialTopicsMiscellanyNeutral,0
.,.,s,,0
At,at,s,MetadiscourseOtherNeutral,0
least,least,s,MetadiscourseOtherNeutral,1
give,give,s,NarrActsNeutral,0
us,us,s,NarrActsNeutral,1
truth,truth,s,PosValuesOther,0
and,and,s,OtherSyntacticComplexityOther,0
knowledge,knowledge,c,StratOtherPos,0
.,.,c,,0
”,",n,,0
Common,common,s,OtherOrphanedOther,0
demands,demands,s,OtherOrphanedOther,0
include,include,c,NarrActsNeutral,0
:,:,n,,0
State-funded,state-funded,s,PubAdministrationNeutral,0
research,research,s,,0
on,on,s,OtherOrphanedOther,0
indenture,indenture,n,PubLawNeutral,0
Preservation,preservation,s,PubAdministrationNeutral,0
of,of,s,OtherOrphanedOther,0
oral,oral,s,ExpoOtherNeutral,0
histories,histories,n,ExpoOtherNeutral,1
Grants,grants,s,PubLawNeutral,0
for,for,s,OtherOrphanedOther,0
language,language,s,SpecialTopicsMiscellanyNeutral,0
and,and,s,OtherSyntacticComplexityOther,0
cultural,cultural,s,SpecialTopicsMiscellanyNeutral,0
preservation,preservation,s,PubAdministrationNeutral,0
(,(,c,OtherOrphanedOther,0
e.g,e.g,c,ExpoExampleNeutral,0
.,.,c,ExpoExampleNeutral,1
",",",",s,,0
Sarnami,sarnami,c,,0
),),n,OtherOrphanedOther,0
Education,education,s,SpecialTopicsMiscellanyNeutral,0
is,is,s,ReasoningOtherNeutral,0
viewed,viewed,s,ReasoningOtherNeutral,1
as,as,c,ReasoningOtherNeutral,2
:,:,n,,0
A,a,s,DescriptVisualNeutral,0
way,way,s,DescriptVisualNeutral,1
to,to,s,DescriptVisualNeutral,2
heal,heal,s,PosRelHeal,0
inherited,inherited,s,,0
silence,silence,n,DescriptVisualNeutral,0
A,a,s,OtherOrphanedOther,0
tool,tool,s,DescriptObjectsNeutral,0
to,to,s,OtherOrphanedOther,0
prevent,prevent,s,StratCoordinationNeutral,0
misrepresentation,misrepresentation,n,NegActsMisrepresent,0
A,a,s,DescriptObjectsNeutral,0
form,form,s,DescriptObjectsNeutral,1
of,of,s,OtherOrphanedOther,0
justice,justice,s,PosValuesJustice,0
for,for,s,OtherOrphanedOther,0
descendants,descendants,s,UncertaintyIndefiniteNeutral,0
who,who,s,OtherOrphanedOther,0
grew,grew,s,NarrTurningPointNeutral,0
up,up,s,NarrTurningPointNeutral,1
without,without,s,ForcefulEmphaticNeutral,0
answers,answers,n,InterOtherNeutral,0
5,5,c,ExpoOtherNeutral,0
.,.,s,ExpoOtherNeutral,1
Memorialization,memorialization,c,SpecialTopicsMiscellanyNeutral,0
:,:,s,,0
Public,public,s,PubAdministrationNeutral,0
Space,space,s,PubAdministrationNeutral,1
as,as,s,OtherOrphanedOther,0
Reparative,reparative,s,SpecialTopicsMiscellanyNeutral,0
Space,space,n,SpecialTopicsMiscellanyNeutral,0
Many,many,s,ExpoOtherNeutral,0
individuals,individuals,s,CharTypesNeutral,0
emphasize,emphasize,s,ForcefulEmphaticNeutral,0
physical,physical,s,SpecialTopicsMiscellanyNeutral,0
and,and,s,OtherSyntacticComplexityOther,0
symbolic,symbolic,s,SpecialTopicsMiscellanyNeutral,0
space,space,c,SpecialTopicsMiscellanyNeutral,0
.,.,n,,0
“,",c,,0
There,there,s,NegActsResist,0
is,is,s,NegActsResist,1
no,no,s,NegActsResist,2
place,place,s,SpecialTopicsPlaceNeutral,0
where,where,s,SpecialTopicsPlaceNeutral,1
our,our,s,FPOtherNeutral,0
pain,pain,s,NegEmotionsPain,0
stands,stands,s,DescriptVisualNeutral,0
in,in,s,DescriptVisualNeutral,1
public,public,c,PubAdministrationNeutral,0
.,.,c,,0
”,",n,,0
They,they,s,OtherOrphanedOther,0
call,call,s,StratActsNeutral,0
for,for,c,StratActsNeutral,1
:,:,n,,0
National,national,s,DescriptVisualNeutral,0
monuments,monuments,s,DescriptVisualNeutral,1
specifically,specifically,s,CharTraitsNeutral,0
dedicated,dedicated,s,CharTraitsNeutral,1
to,to,s,CharTraitsNeutral,2
indentured,indentured,s,PubLawNeutral,0
labour,labour,n,,0
Recognition,recognition,s,,0
days,days,s,NarrDurationNeutral,0
with,with,s,NarrDurationNeutral,1
equal,equal,s,ForcefulEmphaticNeutral,0
status,status,s,SpecialTopicsMiscellanyNeutral,0
to,to,s,OtherOrphanedOther,0
slavery,slavery,s,CharMentalStatesNeutral,0
remembrance,remembrance,n,CharMentalStatesNeutral,1
Museums,museums,s,DescriptObjectsNeutral,0
or,or,s,OtherSyntacticComplexityOther,0
permanent,permanent,s,NarrSequenceNeutral,0
exhibitions,exhibitions,s,DescriptVisualNeutral,0
on,on,s,OtherOrphanedOther,0
indenture,indenture,n,PubLawNeutral,0
This,this,s,MetadiscourseOtherNeutral,0
is,is,s,MetadiscourseOtherNeutral,1
about,about,s,MetadiscourseOtherNeutral,2
visibility,visibility,c,DescriptVisualNeutral,0
",",",",s,,0
not,not,s,NegActsResist,0
nostalgia,nostalgia,c,CharMentalStatesPos,0
.,.,n,,0
6,6,c,ExpoOtherNeutral,0
.,.,s,ExpoOtherNeutral,1
Material,material,s,ResponsibilityAcceptNeg,0
Reparations,reparations,c,ResponsibilityAcceptNeg,1
:,:,s,,0
Carefully,carefully,s,PosValuesCarefulness,0
Framed,framed,c,OtherOrphanedOther,0
",",",",s,,0
Not,not,s,NegActsResist,0
Central,central,n,SpecialTopicsMiscellanyNeutral,0
Some,some,s,ExpoOtherNeutral,0
individuals,individuals,s,CharTypesNeutral,0
do,do,s,ForcefulIntenseNeutral,0
speak,speak,s,InterOtherNeutral,0
about,about,s,InterOtherNeutral,1
material,material,s,SpecialTopicsMiscellanyNeutral,0
redress,redress,s,DescriptChangePos,0
—,—,s,,0
but,but,s,MetadiscourseContrastNeutral,0
cautiously,cautiously,c,ConfidenceHedgedNeutral,0
.,.,n,InterQuestionNeutral,0
How,how,s,InterQuestionNeutral,1
it,it,s,InterQuestionNeutral,2
is,is,s,OtherOrphanedOther,0
framed,framed,n,OtherOrphanedOther,0
“,",c,,0
Not,not,s,NegActsResist,0
money,money,s,SpecialTopicsMiscellanyNeutral,0
in,in,s,OtherOrphanedOther,0
our,our,s,FPOtherNeutral,0
pockets,pockets,s,DescriptObjectsNeutral,0
—,—,s,,0
but,but,s,MetadiscourseContrastNeutral,0
investment,investment,s,SpecialTopicsMiscellanyNeutral,0
in,in,s,SpecialTopicsMiscellanyNeutral,1
our,our,s,FPOtherNeutral,0
future,future,c,FPOtherNeutral,1
.,.,c,,0
”,",n,,0
Proposals,proposals,s,CitationControversyNeutral,0
include,include,c,NarrActsNeutral,0
:,:,n,,0
Community,community,s,SpecialTopicsMiscellanyNeutral,0
development,development,s,SpecialTopicsMiscellanyNeutral,1
funds,funds,n,FacilitateSponsorNeutral,0
Scholarships,scholarships,s,FacilitateSponsorNeutral,1
for,for,s,OtherOrphanedOther,0
descendants,descendants,n,UncertaintyIndefiniteNeutral,0
Cultural,cultural,s,PubAdministrationNeutral,0
institutions,institutions,s,PubAdministrationNeutral,1
financed,financed,s,SpecialTopicsMiscellanyNeutral,0
by,by,s,OtherOrphanedOther,0
former,former,s,NarrSequenceNeutral,0
colonial,colonial,s,SpecialTopicsMiscellanyNeutral,0
powers,powers,n,SpecialTopicsMiscellanyNeutral,1
Health,health,s,PosValuesHealthy,0
and,and,s,OtherSyntacticComplexityOther,0
mental,mental,s,SpecialTopicsMiscellanyNeutral,0
health,health,s,SpecialTopicsMiscellanyNeutral,1
programs,programs,s,OtherOrphanedGenericActivity,0
acknowledging,acknowledging,s,PosRelAcknowledgement,0
intergenerational,intergenerational,s,NegActsTrauma,0
trauma,trauma,n,NegActsTrauma,1
Direct,direct,s,StratActsNeutral,0
cash,cash,s,SpecialTopicsMiscellanyNeutral,0
compensation,compensation,s,PosRelOther,0
is,is,s,NarrDurationNeutral,0
often,often,s,NarrDurationNeutral,1
rejected,rejected,s,NegActsResist,0
as,as,c,OtherOrphanedOther,0
:,:,n,,0
Politically,politically,s,PubPoliticsNeutral,0
unrealistic,unrealistic,n,NegValuesImpractical,0
Morally,morally,s,NegValuesInsufficient,0
inadequate,inadequate,n,NegValuesInsufficient,1
Reductive,reductive,s,SpecialTopicsMiscellanyNeutral,0
of,of,s,OtherOrphanedOther,0
suffering,suffering,n,NegEmotionsSuffer,0
Material,material,s,NegEmotionsSuffer,1
reparations,reparations,s,ResponsibilityAcceptNeg,0
are,are,s,ForcefulSignificantNeutral,0
meaningful,meaningful,s,ForcefulSignificantNeutral,1
only,only,s,ExpoOtherNeutral,0
if,if,s,ExpoOtherNeutral,1
tied,tied,s,ExpoSpecificationNeutral,0
to,to,s,ExpoSpecificationNeutral,1
recognition,recognition,c,,0
.,.,n,,0
7,7,c,ExpoOtherNeutral,0
.,.,s,ExpoOtherNeutral,1
Gendered,gendered,s,SpecialTopicsMiscellanyNeutral,0
Reparations,reparations,c,ResponsibilityAcceptNeg,0
:,:,s,,0
Voices,voices,s,DescriptObjectsNeutral,0
Emerging,emerging,s,ContingentEventNeutral,0
Late,late,n,NarrSequenceNeutral,0
Women,women,s,CharTypesNeutral,0
and,and,s,OtherSyntacticComplexityOther,0
their,their,s,CharNamesNeutral,0
descendants,descendants,s,UncertaintyIndefiniteNeutral,0
increasingly,increasingly,s,DescriptChangeNeutral,0
articulate,articulate,s,InterOtherNeutral,0
specific,specific,s,ExpoSpecificationNeutral,0
expectations,expectations,c,ExpoSpecificationNeutral,1
.,.,n,,0
“,",c,,0
Our,our,s,FPOtherNeutral,0
grandmothers,grandmothers,s,CharTypesNeutral,0
paid,paid,s,OtherOrphanedOther,0
a,a,s,OtherOrphanedOther,0
different,different,s,SpecialTopicsMiscellanyNeutral,0
price,price,c,SpecialTopicsMiscellanyNeutral,1
.,.,c,,0
”,",n,,0
They,they,s,OtherOrphanedOther,0
demand,demand,c,OtherOrphanedOther,0
:,:,n,,0
Explicit,explicit,s,ConfidenceHighNeutral,0
acknowledgment,acknowledgment,s,PosRelAcknowledgement,0
of,of,s,OtherOrphanedOther,0
sexual,sexual,s,NegActsViolence,0
violence,violence,s,NegActsViolence,1
and,and,s,OtherSyntacticComplexityOther,0
reproductive,reproductive,s,DescriptChangeNeutral,0
exploitation,exploitation,n,NegActsAggressive,0
Inclusion,inclusion,s,SpecialTopicsMiscellanyNeutral,0
of,of,s,OtherOrphanedOther,0
women’s,women’s,s,CharTypesNeutral,0
testimonies,testimonies,s,PubAdministrationNeutral,0
in,in,s,OtherOrphanedOther,0
official,official,s,PubAdministrationNeutral,0
narratives,narratives,n,SpecialTopicsMiscellanyNeutral,0
Gender-sensitive,gender-sensitive,s,SpecialTopicsMiscellanyNeutral,0
memorialization,memorialization,s,SpecialTopicsMiscellanyNeutral,0
and,and,s,OtherSyntacticComplexityOther,0
research,research,s,,0
funding,funding,n,SpecialTopicsMiscellanyNeutral,0
For,for,s,SpecialTopicsMiscellanyNeutral,1
many,many,c,ExpoOtherNeutral,0
",",",",s,,0
reparations,reparations,s,ResponsibilityAcceptNeg,0
must,must,s,ConfidenceHighNeutral,0
address,address,s,ConfidenceHighNeutral,1
what,what,s,NarrOtherNeutral,0
was,was,s,NarrOtherNeutral,1
silenced,silenced,c,DescriptVisualNeutral,0
",",",",s,,0
not,not,s,ForcefulEmphaticNeutral,0
only,only,s,ForcefulEmphaticNeutral,1
what,what,s,NarrOtherNeutral,0
was,was,s,NarrOtherNeutral,1
counted,counted,c,SpecialTopicsMiscellanyNeutral,0
.,.,n,,0
8,8,c,ExpoOtherNeutral,0
.,.,s,ExpoOtherNeutral,1
Reparations,reparations,s,ResponsibilityAcceptNeg,0
as,as,s,OtherOrphanedOther,0
Equality,equality,c,PosValuesEquality,0
",",",",s,,0
Not,not,s,NegActsResist,0
Competition,competition,n,StratCompetitionNeutral,0
A,a,s,OtherOrphanedOther,0
recurring,recurring,s,NarrDurationNeutral,0
theme,theme,s,SpecialTopicsMiscellanyNeutral,0
in,in,s,OtherOrphanedOther,0
individual,individual,s,SpecialTopicsMiscellanyNeutral,0
accounts,accounts,s,SpecialTopicsMiscellanyNeutral,1
is,is,s,StratActsNeutral,0
solidarity,solidarity,c,StratActsNeutral,1
",",",",s,,0
not,not,s,NegActsResist,0
rivalry,rivalry,c,StratCompetitionNeutral,0
",",",",s,,0
with,with,s,OtherOrphanedOther,0
Afro-Surinamese,afro-surinamese,s,,0
slavery,slavery,s,SpecialTopicsMiscellanyNeutral,0
reparations,reparations,c,SpecialTopicsMiscellanyNeutral,1
.,.,n,SpecialTopicsMiscellanyNeutral,2
“,",c,,0
This,this,s,InterConversationNeg,0
is,is,s,InterConversationNeg,1
not,not,s,InterConversationNeg,2
about,about,s,InterConversationNeg,3
comparing,comparing,s,ExpoComparisonNeutral,0
suffering,suffering,c,NegEmotionsSuffer,0
.,.,s,,0
It’s,it’s,s,ConfidenceHighNeutral,0
about,about,s,ConfidenceHighNeutral,1
equal,equal,s,ForcefulEmphaticNeutral,0
recognition,recognition,c,,0
.,.,c,,0
”,",n,,0
People,people,s,CharTypesNeutral,0
emphasize,emphasize,c,ForcefulEmphaticNeutral,0
:,:,n,,0
Indenture,indenture,s,PubLawNeutral,0
and,and,s,OtherSyntacticComplexityOther,0
slavery,slavery,s,NegRelServility,0
as,as,s,ExpoComparisonNeutral,0
different,different,s,ExpoComparisonNeutral,1
but,but,s,MetadiscourseContrastNeutral,0
connected,connected,s,SpecialTopicsMiscellanyNeutral,0
systems,systems,n,SpecialTopicsMiscellanyNeutral,1
A,a,s,OtherOrphanedOther,0
shared,shared,s,OtherOrphanedOther,0
colonial,colonial,s,SpecialTopicsMiscellanyNeutral,0
structure,structure,s,SpecialTopicsMiscellanyNeutral,0
of,of,s,SpecialTopicsMiscellanyNeutral,1
racialized,racialized,s,SpecialTopicsMiscellanyNeutral,0
exploitation,exploitation,n,NegActsAggressive,0
The,the,s,StratDirectAppealNeutral,0
need,need,s,StratDirectAppealNeutral,1
for,for,s,StratDirectAppealNeutral,2
parallel,parallel,s,ExpoComparisonNeutral,0
recognition,recognition,c,,0
",",",",s,,0
not,not,s,NegActsResist,0
hierarchy,hierarchy,n,SpecialTopicsMiscellanyNeutral,0
This,this,s,OtherOrphanedOther,0
framing,framing,s,OtherOrphanedOther,0
resists,resists,s,NegActsResist,0
“,",c,,0
oppression,oppression,s,NegActsAggressive,0
competition,competition,c,StratCompetitionNeutral,0
”,",s,,0
and,and,s,OtherSyntacticComplexityOther,0
insists,insists,s,CharTraitsNeutral,0
on,on,s,CharTraitsNeutral,1
inclusive,inclusive,s,PosValuesJustice,0
justice,justice,c,PosValuesJustice,1
.,.,n,,0
9,9,c,ExpoOtherNeutral,0
.,.,s,ExpoOtherNeutral,1
Why,why,s,InterQuestionNeutral,0
Many,many,s,ExpoOtherNeutral,0
Say,say,c,CitationQuotationNeutral,0
:,:,s,CitationQuotationNeutral,1
“,",c,CitationQuotationNeutral,2
We,we,s,FPOtherNeutral,0
Are,are,s,FPOtherNeutral,1
Not,not,s,NegActsResist,0
Asking,asking,s,InterQuestionNeutral,0
—,—,s,,0
We,we,s,FPOtherNeutral,0
Are,are,s,FPOtherNeutral,1
Correcting,correcting,c,PosActsAddressProblems,0
”,",n,,0
Perhaps,perhaps,s,ConfidenceHedgedNeutral,0
the,the,s,ForcefulEmphaticNeutral,0
most,most,s,ForcefulEmphaticNeutral,1
striking,striking,s,ForcefulEmphaticNeutral,0
tone,tone,s,DescriptVisualNeutral,0
in,in,s,OtherOrphanedOther,0
individual,individual,s,SpecialTopicsMiscellanyNeutral,0
accounts,accounts,s,SpecialTopicsMiscellanyNeutral,1
is,is,s,MetadiscourseOtherNeutral,0
this,this,c,MetadiscourseOtherNeutral,1
:,:,n,MetadiscourseOtherNeutral,2
“,",c,,0
We,we,s,FPOtherNeutral,0
are,are,s,FPOtherNeutral,1
not,not,s,NegActsResist,0
begging,begging,c,InterRequestNeutral,0
.,.,s,,0
We,we,s,FPOtherNeutral,0
are,are,s,FPOtherNeutral,1
correcting,correcting,s,PosActsAddressProblems,0
the,the,s,PosActsAddressProblems,1
record,record,c,DescriptObjectsNeutral,0
.,.,c,,0
”,",n,,0
Reparations,reparations,s,ResponsibilityAcceptNeg,0
are,are,s,OtherOrphanedOther,0
understood,understood,s,PubAdministrationNeutral,0
as,as,c,PubAdministrationNeutral,1
:,:,n,,0
A,a,s,OtherOrphanedOther,0
correction,correction,s,DescriptChangePos,0
of,of,s,OtherOrphanedOther,0
historical,historical,s,NarrOtherNeutral,0
falsehood,falsehood,n,NegValuesFalse,0
A,a,s,DescriptChangeNeutral,0
restoration,restoration,s,DescriptChangeNeutral,1
of,of,s,OtherOrphanedOther,0
dignity,dignity,n,PosValuesDignity,0
A,a,s,OtherOrphanedOther,0
demand,demand,s,PosRelOther,0
for,for,s,PosRelOther,1
ethical,ethical,s,PosValuesOther,0
consistency,consistency,n,PosValuesOther,1
The,the,s,OtherOrphanedOther,0
emphasis,emphasis,s,ForcefulEmphaticNeutral,0
is,is,s,ForcefulEmphaticNeutral,1
on,on,s,ForcefulEmphaticNeutral,2
responsibility,responsibility,c,ResponsibilityOtherNeutral,0
",",",",s,,0
not,not,s,NegActsResist,0
generosity,generosity,c,PosRelGenerosity,0
.,.,n,,0
In,in,s,MetadiscourseCuesNeutral,0
Summary,summary,c,MetadiscourseCuesNeutral,1
:,:,s,InterQuestionNeutral,0
How,how,s,InterQuestionNeutral,1
the,the,s,OtherOrphanedOther,0
Indentured,indentured,s,PubLawNeutral,0
Community,community,s,SpecialTopicsMiscellanyNeutral,0
Envisions,envisions,s,FutureForecastNeutral,0
Reparations,reparations,n,ResponsibilityAcceptNeg,0
Based,based,s,ReasoningPremiseNeutral,0
on,on,s,ReasoningPremiseNeutral,1
individual,individual,s,SpecialTopicsMiscellanyNeutral,0
accounts,accounts,c,SpecialTopicsMiscellanyNeutral,1
",",",",s,,0
reparations,reparations,s,ResponsibilityAcceptNeg,0
are,are,s,FutureExpectNeutral,0
expected,expected,s,FutureExpectNeutral,1
to,to,s,FutureExpectNeutral,2
include,include,c,NarrActsNeutral,0
:,:,n,,0
Official,official,s,PubAdministrationNeutral,0
recognition,recognition,s,PubAdministrationNeutral,1
of,of,s,OtherOrphanedOther,0
indenture,indenture,s,PubLawNeutral,0
as,as,s,OtherOrphanedOther,0
a,a,s,OtherOrphanedOther,1
violent,violent,c,NegActsViolence,0
",",",",s,,0
coercive,coercive,s,SpecialTopicsMiscellanyNeutral,0
system,system,n,SpecialTopicsMiscellanyNeutral,1
Formal,formal,s,SpecialTopicsMiscellanyNeutral,0
apology,apology,s,SpecialTopicsMiscellanyNeutral,0
by,by,s,OtherOrphanedOther,0
the,the,s,OtherOrphanedOther,0
Dutch,dutch,s,CharTypesNeutral,0
state,state,n,OtherOrphanedOther,0
Equal,equal,s,ForcefulEmphaticNeutral,0
inclusion,inclusion,s,SpecialTopicsMiscellanyNeutral,0
in,in,s,OtherOrphanedOther,0
national,national,s,NarrOtherNeutral,0
history,history,s,NarrOtherNeutral,1
and,and,s,OtherSyntacticComplexityOther,0
memory,memory,n,CharMentalStatesNeutral,0
Education,education,s,SpecialTopicsMiscellanyNeutral,0
and,and,s,OtherSyntacticComplexityOther,0
research,research,s,,0
funding,funding,n,SpecialTopicsMiscellanyNeutral,0
Public,public,s,PubAdministrationNeutral,0
memorialization,memorialization,n,SpecialTopicsMiscellanyNeutral,0
Targeted,targeted,s,SpecialTopicsMiscellanyNeutral,0
community,community,s,SpecialTopicsMiscellanyNeutral,1
investment,investment,c,SpecialTopicsMiscellanyNeutral,0
",",",",s,,0
not,not,s,NegActsResist,0
individual,individual,s,SpecialTopicsMiscellanyNeutral,0
payouts,payouts,n,SpecialTopicsMiscellanyNeutral,1
Explicit,explicit,s,ConfidenceHighNeutral,0
acknowledgment,acknowledgment,s,PosRelAcknowledgement,0
of,of,s,OtherOrphanedOther,0
women’s,women’s,s,CharTypesNeutral,0
suffering,suffering,n,NegEmotionsSuffer,0
Above,above,s,ForcefulEmphaticNeutral,0
all,all,c,ForcefulEmphaticNeutral,1
",",",",s,,0
reparations,reparations,s,ResponsibilityAcceptNeg,0
are,are,s,CharMentalStatesNeutral,0
imagined,imagined,s,CharMentalStatesNeutral,1
as,as,s,OtherOrphanedOther,0
restoring,restoring,s,DescriptChangePos,0
truth,truth,c,DescriptChangePos,1
",",",",s,,0
dignity,dignity,c,PosValuesDignity,0
",",",",s,,0
and,and,s,OtherSyntacticComplexityOther,0
belonging,belonging,c,PubLawNeutral,0
",",",",s,,0
not,not,s,NegActsResist,0
as,as,s,NegActsResist,1
settling,settling,s,NarrActsNeutral,0
a,a,s,OtherOrphanedOther,0
financial,financial,s,SpecialTopicsMiscellanyNeutral,0
debt,debt,c,SpecialTopicsMiscellanyNeutral,1
.,.,n,OtherSyntacticComplexityOther,0
For,for,s,OtherSyntacticComplexityOther,1
many,many,s,OtherSyntacticComplexityOther,2
descendants,descendants,c,UncertaintyIndefiniteNeutral,0
",",",",s,,0
the,the,s,OtherOrphanedOther,0
demand,demand,s,OtherOrphanedOther,0
can,can,s,ContingentRelationshipNeutral,0
be,be,s,ContingentRelationshipNeutral,1
summarized,summarized,s,InterOtherNeutral,0
simply,simply,c,ConfidenceHighNeutral,0
:,:,n,,0
“,",c,,0
Say,say,s,InterOtherNeutral,0
what,what,s,InquiryExplorationNeutral,0
happened,happened,c,InquiryExplorationNeutral,1
.,.,s,InterCommandNeutral,0
Teach,teach,s,InterCommandNeutral,1
it,it,c,,0
.,.,s,InterCommandNeutral,0
Remember,remember,s,InterCommandNeutral,1
us,us,s,OtherOrphanedOther,0
properly,properly,c,PosValuesDuly,0
.,.,s,,0
Then,then,s,NarrSequenceNeutral,0
we,we,s,NarrSequenceNeutral,1
can,can,s,ContingentRelationshipNeutral,0
talk,talk,s,InterOtherNeutral,0
about,about,s,InterOtherNeutral,1
repair,repair,c,DescriptChangePos,0
.,.,c,,0
”,",n,,0
In,in,s,OtherOrphanedOther,0
post-colonial,post-colonial,s,SpecialTopicsMiscellanyNeutral,0
Suriname,suriname,c,SpecialTopicsPlaceNeutral,0
",",",",s,,0
the,the,s,OtherOrphanedOther,0
politics,politics,s,PubPoliticsNeutral,0
of,of,s,OtherOrphanedOther,0
identity,identity,s,SpecialTopicsMiscellanyNeutral,0
for,for,s,OtherOrphanedOther,0
diasporic,diasporic,s,SpecialTopicsMiscellanyNeutral,0
communities,communities,s,SpecialTopicsMiscellanyNeutral,1
operates,operates,s,OtherOrphanedOther,0
through,through,s,OtherOrphanedOther,0
negotiated,negotiated,s,PubDiplomacyNeutral,0
belonging,belonging,s,PubLawNeutral,0
rather,rather,s,ExpoOtherNeutral,0
than,than,s,ExpoOtherNeutral,1
singular,singular,s,ExpoOtherNeutral,0
national,national,s,PubAdministrationNeutral,0
loyalty,loyalty,c,PosValuesOther,0
.,.,s,,0
Identity,identity,s,SpecialTopicsMiscellanyNeutral,0
is,is,s,OtherOrphanedOther,0
shaped,shaped,s,OtherOrphanedOther,0
by,by,s,OtherOrphanedOther,0
colonial,colonial,s,NarrOtherNeutral,0
history,history,c,NarrOtherNeutral,1
",",",",s,,0
ethnicity,ethnicity,c,SpecialTopicsMiscellanyNeutral,0
",",",",s,,0
language,language,c,SpecialTopicsMiscellanyNeutral,0
",",",",s,,0
and,and,s,OtherSyntacticComplexityOther,0
memory,memory,c,CharMentalStatesNeutral,0
",",",",s,,0
and,and,s,OtherSyntacticComplexityOther,0
is,is,s,StratActsNeutral,0
mobilized,mobilized,s,StratActsNeutral,1
politically,politically,s,PubPoliticsNeutral,0
in,in,s,OtherSyntacticComplexityOther,0
ways,ways,s,OtherSyntacticComplexityOther,1
that,that,s,OtherSyntacticComplexityOther,2
are,are,s,OtherOrphanedOther,0
contextual,contextual,c,SpecialTopicsMiscellanyNeutral,0
",",",",s,,0
strategic,strategic,c,StratCognitionNeutral,0
",",",",s,,0
and,and,s,OtherSyntacticComplexityOther,0
layered,layered,c,SpecialTopicsMiscellanyNeutral,0
.,.,s,,0
For,for,s,OtherOrphanedOther,0
descendants,descendants,s,UncertaintyIndefiniteNeutral,0
of,of,s,OtherOrphanedOther,0
indentured,indentured,s,PubLawNeutral,0
Indians,indians,c,CharTypesNeutral,0
",",",",s,,0
nationality,nationality,s,SpecialTopicsMiscellanyNeutral,0
and,and,s,OtherSyntacticComplexityOther,0
identity,identity,s,SpecialTopicsMiscellanyNeutral,0
do,do,s,NegActsResist,0
not,not,s,NegActsResist,1
collapse,collapse,s,NegActsCrash,0
into,into,s,NegActsCrash,1
one,one,s,OtherSyntacticComplexityOther,0
another,another,c,OtherSyntacticComplexityOther,1
.,.,n,ReasoningConcludeNeutral,0
The,the,s,ReasoningConcludeNeutral,1
result,result,s,ReasoningConcludeNeutral,2
is,is,s,ReasoningConcludeNeutral,3
multi-layered,multi-layered,s,SpecialTopicsMiscellanyNeutral,0
affiliation,affiliation,c,StratCoordinationNeutral,0
:,:,s,,0
people,people,s,CharTypesNeutral,0
are,are,s,OtherOrphanedOther,0
Surinamese,surinamese,s,CharTypesNeutral,0
by,by,s,OtherOrphanedOther,0
nation,nation,c,SpecialTopicsPlaceNeutral,0
",",",",s,,0
Hindostani,hindostani,s,,0
by,by,s,OtherOrphanedOther,0
community,community,c,SpecialTopicsMiscellanyNeutral,0
",",",",s,,0
and,and,s,OtherSyntacticComplexityOther,0
Indian,indian,s,CharTypesNeutral,0
by,by,s,OtherOrphanedOther,0
ancestry,ancestry,s,NarrBiographyNeutral,0
—,—,s,,0
without,without,s,ForcefulEmphaticNeutral,0
these,these,s,MetadiscourseOtherNeutral,0
being,being,s,MetadiscourseOtherNeutral,1
mutually,mutually,s,ExpoOtherNeutral,0
exclusive,exclusive,c,ExpoOtherNeutral,1
.,.,n,,0
1,1,c,ExpoOtherNeutral,0
.,.,s,ExpoOtherNeutral,1
The,the,s,OtherOrphanedOther,0
Post-Colonial,post-colonial,s,SpecialTopicsMiscellanyNeutral,0
Framework,framework,s,SpecialTopicsMiscellanyNeutral,0
in,in,s,OtherOrphanedOther,0
Suriname,suriname,n,SpecialTopicsPlaceNeutral,0
Suriname’s,suriname’s,s,,0
post-colonial,post-colonial,s,SpecialTopicsMiscellanyNeutral,0
nationalism,nationalism,s,PubAdministrationNeutral,0
(,(,c,OtherOrphanedOther,0
especially,especially,s,ForcefulEmphaticNeutral,0
after,after,s,NarrSequenceNeutral,0
independence,independence,s,PosValuesOther,0
in,in,s,NarrTimeShiftNeutral,0
1975,1975,c,NarrTimeShiftNeutral,1
),),s,OtherOrphanedOther,0
did,did,s,NegActsResist,0
not,not,s,NegActsResist,1
produce,produce,s,NegActsResist,2
a,a,s,ExpoOtherNeutral,0
single,single,s,ExpoOtherNeutral,1
homogenized,homogenized,s,DescriptChangeNeutral,0
national,national,s,PubAdministrationNeutral,0
identity,identity,c,SpecialTopicsMiscellanyNeutral,0
.,.,s,,0
Instead,instead,c,MetadiscourseOtherNeutral,0
",",",",s,MetadiscourseOtherNeutral,1
it,it,s,,0
institutionalized,institutionalized,s,DescriptChangeNeutral,0
pluralism,pluralism,c,PubAdministrationNeutral,0
.,.,n,InterCommandNeutral,0
Key,key,s,InterCommandNeutral,1
features,features,c,OtherOrphanedOther,0
:,:,n,,0
Recognition,recognition,s,,0
of,of,s,OtherOrphanedOther,0
multiple,multiple,s,SpecialTopicsMiscellanyNeutral,0
ethnic,ethnic,s,SpecialTopicsMiscellanyNeutral,0
communities,communities,s,SpecialTopicsMiscellanyNeutral,1
(,(,c,OtherOrphanedOther,0
Hindostani,hindostani,c,,0
",",",",s,,0
Afro-Surinamese,afro-surinamese,c,,0
",",",",s,,0
Javanese,javanese,c,SpecialTopicsPlaceNeutral,0
",",",",s,,0
Indigenous,indigenous,c,SpecialTopicsMiscellanyNeutral,0
",",",",s,,0
Chinese,chinese,c,CharTypesNeutral,0
",",",",s,,0
Maroon,maroon,c,DescriptVisualNeutral,0
),),n,OtherOrphanedOther,0
Political,political,s,PubPoliticsNeutral,0
parties,parties,s,PubPoliticsNeutral,1
historically,historically,s,NarrOtherNeutral,0
aligned,aligned,s,ExpoComparisonNeutral,0
along,along,s,OtherOrphanedOther,0
ethnic,ethnic,s,SpecialTopicsMiscellanyNeutral,0
lines,lines,n,OtherOrphanedOther,0
Cultural,cultural,s,ExpoComparisonNeutral,0
difference,difference,s,ExpoComparisonNeutral,1
treated,treated,s,OtherOrphanedOther,0
as,as,s,OtherOrphanedOther,1
permanent,permanent,c,NarrSequenceNeutral,0
",",",",s,,0
not,not,s,NegActsResist,0
transitional,transitional,n,DescriptChangeNeutral,0
Nationalism,nationalism,s,PubAdministrationNeutral,0
in,in,s,OtherOrphanedOther,0
Suriname,suriname,s,SpecialTopicsPlaceNeutral,0
therefore,therefore,s,ReasoningConcludeNeutral,0
operates,operates,s,OtherOrphanedOther,0
as,as,s,CitationQuotationNeutral,0
“,",c,CitationQuotationNeutral,1
unity,unity,s,StratCoordinationPos,0
without,without,s,ForcefulEmphaticNeutral,0
sameness,sameness,c,ExpoComparisonNeutral,0
”,",c,,0
",",",",s,,0
rather,rather,s,ExpoOtherNeutral,0
than,than,s,ExpoOtherNeutral,1
assimilation,assimilation,c,DescriptChangeNeutral,0
.,.,n,,0
2,2,c,ExpoOtherNeutral,0
.,.,s,ExpoOtherNeutral,1
Identity,identity,s,SpecialTopicsMiscellanyNeutral,0
as,as,s,OtherOrphanedOther,0
Diasporic,diasporic,c,SpecialTopicsMiscellanyNeutral,0
",",",",s,,0
Not,not,s,NegActsResist,0
Migrant,migrant,n,NarrSceneShiftNeutral,0
Indentured,indentured,s,PubLawNeutral,0
Indians,indians,s,CharTypesNeutral,0
in,in,s,OtherOrphanedOther,0
Suriname,suriname,s,SpecialTopicsPlaceNeutral,0
were,were,s,NarrOtherNeutral,0
not,not,s,NegActsResist,0
treated,treated,s,OtherOrphanedOther,0
—,—,s,,0
and,and,s,OtherSyntacticComplexityOther,0
did,did,s,NegActsResist,0
not,not,s,NegActsResist,1
see,see,s,CharMentalStatesNeutral,0
themselves,themselves,s,CharMentalStatesNeutral,1
—,—,s,,0
as,as,s,OtherOrphanedOther,0
temporary,temporary,s,NarrDurationNeutral,0
migrants,migrants,s,NarrSceneShiftNeutral,0
after,after,s,NarrSequenceNeutral,0
indenture,indenture,s,PubLawNeutral,0
ended,ended,c,NarrSequenceNeutral,0
.,.,s,,0
Over,over,s,OtherOrphanedOther,0
generations,generations,c,SpecialTopicsMiscellanyNeutral,0
",",",",s,,0
they,they,s,NarrBiographyNeutral,0
became,became,s,NarrBiographyNeutral,1
a,a,s,OtherOrphanedOther,0
diasporic,diasporic,s,SpecialTopicsMiscellanyNeutral,0
community,community,c,SpecialTopicsMiscellanyNeutral,1
",",",",s,,0
meaning,meaning,c,SpecialTopicsMiscellanyNeutral,0
:,:,n,,0
India,india,s,SpecialTopicsPlaceNeutral,0
is,is,s,OtherOrphanedOther,0
an,an,s,NarrOtherNeutral,0
ancestral,ancestral,s,NarrOtherNeutral,1
reference,reference,c,NarrActsNeutral,0
",",",",s,,0
not,not,s,NegActsResist,0
a,a,s,NegActsResist,1
homeland,homeland,s,,0
to,to,s,StratCognitionNeutral,0
return,return,s,StratCognitionNeutral,1
to,to,n,StratCognitionNeutral,2
Identity,identity,s,SpecialTopicsMiscellanyNeutral,0
is,is,s,OtherOrphanedOther,0
shaped,shaped,s,OtherOrphanedOther,0
by,by,s,ReasoningOtherNeutral,0
memory,memory,s,ReasoningOtherNeutral,1
of,of,s,OtherOrphanedOther,0
rupture,rupture,s,NegActsAggressive,0
(,(,c,OtherOrphanedOther,0
indenture,indenture,c,PubLawNeutral,0
),),c,OtherOrphanedOther,0
",",",",s,,0
not,not,s,NegActsResist,0
ongoing,ongoing,s,NarrImmediacyNeutral,0
migration,migration,n,NarrSceneShiftNeutral,0
Belonging,belonging,s,PubLawNeutral,0
is,is,s,OtherOrphanedOther,0
claimed,claimed,s,CitationControversyNeutral,0
in,in,s,OtherOrphanedOther,0
Suriname,suriname,c,SpecialTopicsPlaceNeutral,0
",",",",s,,0
not,not,s,NegActsResist,0
deferred,deferred,n,NarrOtherNeutral,0
Thus,thus,c,ReasoningConcludeNeutral,0
",",",",s,,0
identity,identity,s,SpecialTopicsMiscellanyNeutral,0
is,is,s,OtherOrphanedOther,0
rooted,rooted,s,OtherOrphanedOther,0
where,where,s,OtherOrphanedOther,0
life,life,s,NarrBiographyNeutral,0
was,was,s,NarrOtherNeutral,0
rebuilt,rebuilt,c,DescriptChangePos,0
",",",",s,,0
not,not,s,NegActsResist,0
where,where,s,NegActsResist,1
ancestors,ancestors,s,NarrOtherNeutral,0
originated,originated,c,NarrSequenceNeutral,0
.,.,n,,0
3,3,c,ExpoOtherNeutral,0
.,.,s,ExpoOtherNeutral,1
How,how,s,OtherOrphanedOther,0
Identity,identity,s,SpecialTopicsMiscellanyNeutral,0
Operates,operates,s,OtherOrphanedOther,0
Politically,politically,n,PubPoliticsNeutral,0
a,a,c,OtherOrphanedOther,0
.,.,s,OtherOrphanedOther,1
Ethnic,ethnic,s,SpecialTopicsMiscellanyNeutral,0
Identity,identity,s,SpecialTopicsMiscellanyNeutral,0
as,as,s,OtherOrphanedOther,0
Political,political,s,PubPoliticsNeutral,0
Language,language,n,PubPoliticsNeutral,1
In,in,s,OtherOrphanedOther,0
Suriname,suriname,c,SpecialTopicsPlaceNeutral,0
",",",",s,,0
ethnic,ethnic,s,SpecialTopicsMiscellanyNeutral,0
identity,identity,s,SpecialTopicsMiscellanyNeutral,0
functions,functions,s,ExpoOtherNeutral,0
as,as,s,ExpoOtherNeutral,1
a,a,s,PosValuesOther,0
legitimate,legitimate,s,PosValuesOther,1
political,political,s,PubPoliticsNeutral,0
language,language,c,PubPoliticsNeutral,1
",",",",s,,0
not,not,s,NegActsResist,0
a,a,s,NegActsResist,1
private,private,s,PubPrivacyNeutral,0
matter,matter,c,PubPrivacyNeutral,1
.,.,n,,0
For,for,s,OtherOrphanedOther,0
Indo-Surinamese,indo-surinamese,s,,0
(,(,c,OtherOrphanedOther,0
Hindostanis,hindostanis,c,,0
),),c,OtherOrphanedOther,0
:,:,n,,0
Identity,identity,s,SpecialTopicsMiscellanyNeutral,0
is,is,s,StratActsNeutral,0
mobilized,mobilized,s,StratActsNeutral,1
to,to,c,StratActsNeutral,2
:,:,n,,0
Protect,protect,s,PosRelGuardian,0
cultural,cultural,s,PubLawNeutral,0
rights,rights,s,PubLawNeutral,1
(,(,c,OtherOrphanedOther,0
language,language,c,SpecialTopicsMiscellanyNeutral,0
",",",",s,,0
religion,religion,c,SpecialTopicsMiscellanyNeutral,0
),),n,OtherOrphanedOther,0
Secure,secure,s,PosEmotionsSecure,0
political,political,s,PubPoliticsNeutral,0
representation,representation,n,PubPoliticsNeutral,1
Demand,demand,s,OtherOrphanedOther,0
historical,historical,s,NarrOtherNeutral,0
recognition,recognition,s,,0
(,(,c,OtherOrphanedOther,0
indenture,indenture,s,PubLawNeutral,0
alongside,alongside,s,DescriptVisualNeutral,0
slavery,slavery,c,NegRelServility,0
),),n,OtherOrphanedOther,0
Ethnicity,ethnicity,s,SpecialTopicsMiscellanyNeutral,0
is,is,s,NarrActsNeutral,0
used,used,s,NarrActsNeutral,1
defensively,defensively,c,CharTypesNeg,0
",",",",s,,0
not,not,s,NegActsResist,0
secessionistly,secessionistly,n,,0
This,this,s,MetadiscourseOtherNeutral,0
is,is,s,MetadiscourseOtherNeutral,1
identity,identity,s,SpecialTopicsMiscellanyNeutral,0
politics,politics,s,PubPoliticsNeutral,0
as,as,s,OtherOrphanedOther,0
inclusion,inclusion,c,SpecialTopicsMiscellanyNeutral,0
",",",",s,,0
not,not,s,NegActsResist,0
fragmentation,fragmentation,c,NegValuesOther,0
.,.,n,,0
b,b,c,OtherOrphanedOther,0
.,.,s,OtherOrphanedOther,1
National,national,s,PubAdministrationNeutral,0
Loyalty,loyalty,s,PosValuesOther,0
Is,is,s,NegActsResist,0
Not,not,s,NegActsResist,1
in,in,s,NegRelSuspicion,0
Question,question,n,NegRelSuspicion,1
Despite,despite,s,MetadiscourseContrastNeutral,0
ethnic,ethnic,s,SpecialTopicsMiscellanyNeutral,0
political,political,s,PubPoliticsNeutral,0
organization,organization,c,PubPoliticsNeutral,1
:,:,n,,0
Indo-Surinamese,indo-surinamese,s,,0
overwhelmingly,overwhelmingly,s,ForcefulEmphaticNeutral,0
identify,identify,s,ExpoOtherNeutral,0
as,as,s,ExpoOtherNeutral,1
Surinamese,surinamese,s,CharTypesNeutral,0
nationals,nationals,n,PubAdministrationNeutral,0
There,there,s,NegActsResist,0
is,is,s,NegActsResist,1
no,no,s,NegActsResist,2
serious,serious,s,NegEmotionsOther,0
movement,movement,s,SpecialTopicsMiscellanyNeutral,0
seeking,seeking,s,StratCognitionNeutral,0
political,political,s,PubPoliticsNeutral,0
alignment,alignment,s,PubPoliticsNeutral,1
with,with,s,OtherOrphanedOther,0
India,india,n,SpecialTopicsPlaceNeutral,0
Claims,claims,s,CitationControversyNeutral,0
to,to,s,CitationControversyNeutral,1
belonging,belonging,s,PubLawNeutral,0
are,are,s,OtherOrphanedOther,0
framed,framed,s,OtherOrphanedOther,0
as,as,c,CitationQuotationNeutral,0
:,:,n,CitationQuotationNeutral,1
“,",c,CitationQuotationNeutral,2
We,we,s,FPOtherNeutral,0
are,are,s,FPOtherNeutral,1
Surinamese,surinamese,s,CharTypesNeutral,0
because,because,s,ReasoningOtherNeutral,0
we,we,s,FPAutobiographyNeutral,0
built,built,s,FPAutobiographyNeutral,1
this,this,s,OtherOrphanedOther,0
country,country,s,SpecialTopicsPlaceNeutral,0
too,too,c,MetadiscourseAdditionNeutral,0
.,.,c,MetadiscourseAdditionNeutral,1
”,",n,,0
National,national,s,PubAdministrationNeutral,0
loyalty,loyalty,s,PosValuesOther,0
is,is,s,OtherOrphanedOther,0
asserted,asserted,s,CharTraitsNeutral,0
through,through,s,OtherOrphanedOther,0
contribution,contribution,s,PosValuesOther,0
and,and,s,OtherSyntacticComplexityOther,0
endurance,endurance,c,PosValuesStamina,0
",",",",s,,0
not,not,s,NegActsResist,0
origin,origin,c,NarrSequenceNeutral,0
.,.,n,,0
4,4,c,ExpoOtherNeutral,0
.,.,s,ExpoOtherNeutral,1
With,with,s,OtherOrphanedOther,0
Which,which,s,OtherSyntacticComplexityOther,0
Nationality,nationality,s,SpecialTopicsMiscellanyNeutral,0
Do,do,s,ForcefulIntenseNeutral,0
Indentured,indentured,s,PubLawNeutral,0
Indians,indians,s,CharTypesNeutral,0
Feel,feel,s,CharSubjectivityNeutral,0
Affinity,affinity,s,PosRelCommunalTies,0
?,?,n,InterQuestionNeutral,0
Primary,primary,s,SpecialTopicsMiscellanyNeutral,0
Affinity,affinity,c,PosRelCommunalTies,0
:,:,s,,0
Surinamese,surinamese,n,CharTypesNeutral,0
For,for,s,OtherSyntacticComplexityOther,0
most,most,s,OtherSyntacticComplexityOther,1
Indo-Surinamese,indo-surinamese,c,,0
:,:,n,,0
Suriname,suriname,s,SpecialTopicsPlaceNeutral,0
is,is,s,ExpoOtherNeutral,0
the,the,s,ExpoOtherNeutral,1
only,only,s,ExpoOtherNeutral,2
lived,lived,s,NarrBiographyNeutral,0
homeland,homeland,n,,0
National,national,s,PubAdministrationNeutral,0
identity,identity,s,SpecialTopicsMiscellanyNeutral,0
is,is,s,NegActsAggressive,0
grounded,grounded,s,NegActsAggressive,1
in,in,c,OtherOrphanedOther,0
:,:,n,,0
Birth,birth,n,NarrSequenceNeutral,0
Language,language,s,SpecialTopicsMiscellanyNeutral,0
(,(,c,OtherOrphanedOther,0
Dutch,dutch,c,CharTypesNeutral,0
),),n,OtherOrphanedOther,0
Political,political,s,PubPoliticsNeutral,0
participation,participation,n,PubPoliticsNeutral,1
Shared,shared,s,OtherOrphanedOther,0
post-colonial,post-colonial,s,SpecialTopicsMiscellanyNeutral,0
struggles,struggles,n,,0
Surinamese,surinamese,s,CharTypesNeutral,0
nationality,nationality,s,SpecialTopicsMiscellanyNeutral,0
is,is,s,CharTraitsNeutral,0
non-negotiable,non-negotiable,c,CharTraitsNeutral,1
",",",",s,,0
even,even,s,ForcefulIntenseNeutral,0
when,when,s,ForcefulIntenseNeutral,1
ethnic,ethnic,s,SpecialTopicsMiscellanyNeutral,0
identity,identity,s,SpecialTopicsMiscellanyNeutral,0
is,is,s,ConfidenceHighNeutral,0
strong,strong,c,ConfidenceHighNeutral,1
.,.,n,,0
Secondary,secondary,c,SpecialTopicsMiscellanyNeutral,0
",",",",s,,0
Symbolic,symbolic,s,SpecialTopicsMiscellanyNeutral,0
Affinity,affinity,c,PosRelCommunalTies,0
:,:,s,,0
India,india,n,SpecialTopicsPlaceNeutral,0
Affinity,affinity,s,PosRelCommunalTies,0
with,with,s,PosRelCommunalTies,1
India,india,s,SpecialTopicsPlaceNeutral,0
is,is,c,OtherOrphanedOther,0
:,:,n,,0
Cultural,cultural,n,SpecialTopicsMiscellanyNeutral,0
Emotional,emotional,n,SpecialTopicsMiscellanyNeutral,0
Symbolic,symbolic,n,SpecialTopicsMiscellanyNeutral,0
It,it,s,ConfidenceHedgedNeutral,0
appears,appears,s,ConfidenceHedgedNeutral,1
through,through,c,OtherOrphanedOther,0
:,:,n,,0
Religion,religion,n,SpecialTopicsMiscellanyNeutral,0
Ritual,ritual,n,PubAdministrationNeutral,0
Music,music,n,DescriptSoundNeutral,0
Language,language,s,SpecialTopicsMiscellanyNeutral,0
memory,memory,n,CharMentalStatesNeutral,0
Mythic,mythic,s,SpecialTopicsMiscellanyNeutral,0
ancestry,ancestry,n,NarrBiographyNeutral,0
But,but,c,NegActsResist,0
:,:,n,NegActsResist,1
India,india,s,SpecialTopicsPlaceNeutral,0
is,is,s,NegActsResist,0
not,not,s,NegActsResist,1
imagined,imagined,s,CharMentalStatesNeutral,0
as,as,s,OtherOrphanedOther,0
a,a,s,OtherOrphanedOther,1
political,political,s,PubPoliticsNeutral,0
homeland,homeland,n,,0
Few,few,s,OtherOrphanedOther,0
see,see,s,DescriptVisualNeutral,0
India,india,s,SpecialTopicsPlaceNeutral,0
as,as,s,DescriptVisualNeutral,0
a,a,s,DescriptVisualNeutral,1
place,place,s,DescriptVisualNeutral,2
of,of,s,OtherOrphanedOther,0
return,return,n,NarrDurationNeutral,0
Identification,identification,s,OtherOrphanedGenericActivity,0
is,is,s,OtherOrphanedOther,0
civilizational,civilizational,c,PubAdministrationNeutral,0
",",",",s,,0
not,not,s,NegActsResist,0
civic,civic,n,PubAdministrationNeutral,0
India,india,s,SpecialTopicsPlaceNeutral,0
functions,functions,s,ExpoOtherNeutral,0
as,as,s,ExpoOtherNeutral,1
a,a,s,OtherOrphanedOther,0
source,source,s,SpecialTopicsMiscellanyNeutral,0
of,of,s,SpecialTopicsMiscellanyNeutral,1
meaning,meaning,c,SpecialTopicsMiscellanyNeutral,0
",",",",s,,0
not,not,s,NegActsResist,0
citizenship,citizenship,c,PubAdministrationNeutral,0
.,.,n,,0
Tertiary,tertiary,c,SpecialTopicsMiscellanyNeutral,0
",",",",s,,0
Ambivalent,ambivalent,s,UncertaintyUndecidedNeutral,0
Affinity,affinity,c,PosRelCommunalTies,0
:,:,s,,0
Netherlands,netherlands,n,SpecialTopicsPlaceNeutral,0
The,the,s,OtherOrphanedOther,0
Netherlands,netherlands,s,SpecialTopicsPlaceNeutral,0
occupies,occupies,s,NarrActsNeutral,0
a,a,s,OtherOrphanedOther,0
complex,complex,s,SpecialTopicsMiscellanyNeutral,0
position,position,c,SpecialTopicsMiscellanyNeutral,0
:,:,n,,0
It,it,s,ConfidenceHighNeutral,0
is,is,s,ConfidenceHighNeutral,1
associated,associated,s,ExpoOtherNeutral,0
with,with,c,ExpoOtherNeutral,1
:,:,n,,0
Colonial,colonial,s,PubAdministrationNeutral,0
rule,rule,n,PubAdministrationNeutral,1
Language,language,s,SpecialTopicsMiscellanyNeutral,0
of,of,s,OtherOrphanedOther,0
power,power,n,SpecialTopicsMiscellanyNeutral,0
Education,education,s,SpecialTopicsMiscellanyNeutral,0
and,and,s,OtherSyntacticComplexityOther,0
migration,migration,s,NarrSceneShiftNeutral,0
opportunity,opportunity,n,FacilitateEnablePos,0
Some,some,s,ExpoOtherNeutral,0
Indo-Surinamese,indo-surinamese,s,,0
migrated,migrated,s,NarrSceneShiftNeutral,0
there,there,s,MetadiscourseAdditionNeutral,0
after,after,s,NarrSequenceNeutral,0
1975,1975,n,NarrOtherNeutral,0
However,however,c,MetadiscourseContrastNeutral,0
:,:,n,,0
Affinity,affinity,s,PosRelCommunalTies,0
is,is,s,OtherOrphanedOther,0
pragmatic,pragmatic,c,StratCoordinationNeutral,0
",",",",s,,0
not,not,s,NegActsResist,0
emotional,emotional,n,SpecialTopicsMiscellanyNeutral,0
The,the,s,OtherOrphanedOther,0
Netherlands,netherlands,s,SpecialTopicsPlaceNeutral,0
is,is,s,OtherOrphanedOther,0
rarely,rarely,s,ForcefulEmphaticNeutral,0
imagined,imagined,s,CharMentalStatesNeutral,0
as,as,s,OtherOrphanedOther,0
a,a,s,OtherOrphanedOther,1
moral,moral,s,PosValuesOther,0
homeland,homeland,n,,0
Colonial,colonial,s,NegActsViolence,0
violence,violence,s,NegActsViolence,1
complicates,complicates,s,InquiryLearningNeg,0
identification,identification,n,InquiryLearningNeg,1
Dutch,dutch,s,CharTypesNeutral,0
identity,identity,s,SpecialTopicsMiscellanyNeutral,0
is,is,s,OtherOrphanedOther,0
instrumental,instrumental,c,SpecialTopicsMiscellanyNeutral,0
",",",",s,,0
not,not,s,NegActsResist,0
ancestral,ancestral,c,NarrOtherNeutral,0
.,.,n,,0
5,5,c,ExpoOtherNeutral,0
.,.,s,ExpoOtherNeutral,1
Memory,memory,s,NarrOtherNeutral,0
of,of,s,NarrOtherNeutral,1
Indenture,indenture,s,PubLawNeutral,0
as,as,s,OtherOrphanedOther,0
the,the,s,OtherOrphanedOther,1
Anchor,anchor,s,DescriptObjectsNeutral,0
of,of,s,OtherOrphanedOther,0
Identity,identity,n,SpecialTopicsMiscellanyNeutral,0
What,what,s,OtherOrphanedOther,0
distinguishes,distinguishes,s,CharMentalStatesNeutral,0
Indo-Surinamese,indo-surinamese,s,,0
identity,identity,s,SpecialTopicsMiscellanyNeutral,0
from,from,s,OtherSyntacticComplexityOther,0
other,other,s,OtherSyntacticComplexityOther,1
diasporas,diasporas,s,CharTypesNeutral,0
is,is,s,OtherSyntacticComplexityOther,0
that,that,s,OtherSyntacticComplexityOther,1
it,it,s,NegActsResist,0
is,is,s,NegActsResist,1
not,not,s,NegActsResist,2
anchored,anchored,s,OtherOrphanedOther,0
in,in,s,OtherOrphanedOther,0
India,india,c,SpecialTopicsPlaceNeutral,0
",",",",s,MetadiscourseContrastNeutral,0
but,but,s,MetadiscourseContrastNeutral,1
in,in,s,OtherOrphanedOther,0
indenture,indenture,c,PubLawNeutral,0
.,.,n,,0
Identity,identity,s,SpecialTopicsMiscellanyNeutral,0
coheres,coheres,s,PosValuesOther,0
around,around,c,OtherOrphanedOther,0
:,:,n,,0
Shared,shared,s,OtherOrphanedOther,0
suffering,suffering,n,NegEmotionsSuffer,0
Survival,survival,s,NarrTurningPointNeutral,0
in,in,s,OtherOrphanedOther,0
Suriname,suriname,n,SpecialTopicsPlaceNeutral,0
Land,land,s,OtherOrphanedGenericActivity,0
settlement,settlement,n,OtherOrphanedGenericActivity,1
Language,language,s,SpecialTopicsMiscellanyNeutral,0
evolution,evolution,s,DescriptChangePos,0
(,(,c,OtherOrphanedOther,0
Sarnami,sarnami,c,,0
),),n,OtherOrphanedOther,0
Community,community,s,SpecialTopicsMiscellanyNeutral,0
formation,formation,n,SpecialTopicsMiscellanyNeutral,1
This,this,s,OtherOrphanedOther,0
produces,produces,s,NarrActsNeutral,0
a,a,s,NarrActsNeutral,1
powerful,powerful,s,ForcefulEmphaticNeutral,0
narrative,narrative,c,SpecialTopicsMiscellanyNeutral,0
:,:,n,,0
“,",c,,0
We,we,s,FPOtherNeg,0
did,did,s,FPOtherNeg,1
not,not,s,FPOtherNeg,2
come,come,s,DescriptVisualNeutral,0
as,as,s,DescriptVisualNeutral,1
conquerors,conquerors,s,CharTypesNeutral,0
or,or,s,OtherSyntacticComplexityOther,0
traders,traders,c,CharTypesNeutral,0
.,.,s,,0
We,we,s,OtherOrphanedOther,0
stayed,stayed,s,NarrDurationNeutral,0
because,because,s,ReasoningOtherNeutral,0
we,we,s,OtherOrphanedOther,0
survived,survived,c,NarrBiographyNeutral,0
.,.,c,,0
”,",n,,0
Indenture,indenture,s,PubLawNeutral,0
memory,memory,s,CharMentalStatesNeutral,0
legitimizes,legitimizes,s,,0
belonging,belonging,c,PubLawNeutral,0
.,.,n,,0
6,6,c,ExpoOtherNeutral,0
.,.,s,ExpoOtherNeutral,1
New,new,s,NarrImmediacyNeutral,0
Generations,generations,c,SpecialTopicsMiscellanyNeutral,0
:,:,s,,0
Shifts,shifts,s,ForcefulEmphaticNeutral,0
Without,without,s,ForcefulEmphaticNeutral,1
Displacement,displacement,n,NegEmotionsOther,0
Younger,younger,s,ExpoComparisonNeutral,0
generations,generations,s,SpecialTopicsMiscellanyNeutral,0
increasingly,increasingly,c,DescriptChangeNeutral,0
:,:,n,,0
Embrace,embrace,s,PosRelOther,0
hyphenated,hyphenated,s,SpecialTopicsMiscellanyNeutral,0
identity,identity,s,SpecialTopicsMiscellanyNeutral,0
(,(,c,OtherOrphanedOther,0
Indo-Surinamese,indo-surinamese,c,,0
",",",",s,,0
Hindostani-Surinamese,hindostani-surinamese,c,,0
),),n,OtherOrphanedOther,0
Question,question,s,,0
ethnic,ethnic,s,SpecialTopicsMiscellanyNeutral,0
party,party,s,OtherOrphanedGenericActivity,0
politics,politics,n,InterCommandNeutral,0
Demand,demand,s,InterCommandNeutral,1
inclusive,inclusive,s,SpecialTopicsMiscellanyNeutral,0
national,national,s,PubAdministrationNeutral,0
narratives,narratives,n,SpecialTopicsMiscellanyNeutral,0
However,however,c,MetadiscourseContrastNeutral,0
:,:,n,,0
They,they,s,NegActsResist,0
do,do,s,NegActsResist,1
not,not,s,NegActsResist,2
reject,reject,s,NegActsResist,0
ethnic,ethnic,s,SpecialTopicsMiscellanyNeutral,0
identity,identity,n,SpecialTopicsMiscellanyNeutral,0
They,they,s,OtherOrphanedOther,0
seek,seek,s,StratCognitionNeutral,0
recognition,recognition,s,,0
without,without,s,ForcefulEmphaticNeutral,0
confinement,confinement,n,DescriptVisualNeg,0
National,national,s,PubAdministrationNeutral,0
identity,identity,s,SpecialTopicsMiscellanyNeutral,0
remains,remains,s,NarrDurationNeutral,0
Surinamese,surinamese,n,CharTypesNeutral,0
The,the,s,OtherOrphanedOther,0
shift,shift,s,DescriptChangeNeutral,0
is,is,s,ForcefulEmphaticNeutral,0
from,from,s,ForcefulEmphaticNeutral,1
defensive,defensive,s,NegEmotionsOther,0
identity,identity,s,SpecialTopicsMiscellanyNeutral,0
to,to,s,OtherOrphanedOther,0
assertive,assertive,s,,0
plural,plural,s,SpecialTopicsMiscellanyNeutral,0
citizenship,citizenship,c,PubAdministrationNeutral,0
.,.,n,,0
7,7,c,ExpoOtherNeutral,0
.,.,s,ExpoOtherNeutral,1
Comparison,comparison,s,ExpoComparisonNeutral,0
with,with,s,ExpoComparisonNeutral,1
Classical,classical,s,SpecialTopicsMiscellanyNeutral,0
Nationalism,nationalism,n,PubAdministrationNeutral,0
Classical,classical,s,SpecialTopicsMiscellanyNeutral,0
nationalism,nationalism,s,PubAdministrationNeutral,0
assumes,assumes,c,ReasoningOtherNeutral,0
:,:,n,,0
One,one,s,StratCoordinationPos,0
people,people,n,StratCoordinationPos,1
One,one,s,,0
culture,culture,n,SpecialTopicsMiscellanyNeutral,0
One,one,s,,0
origin,origin,n,NarrSequenceNeutral,0
Suriname’s,suriname’s,s,,0
reality,reality,s,SpecialTopicsMiscellanyNeutral,0
—,—,s,,0
and,and,s,OtherSyntacticComplexityOther,0
Indo-Surinamese,indo-surinamese,s,,0
identity,identity,s,SpecialTopicsMiscellanyNeutral,0
—,—,s,,0
contradicts,contradicts,s,ReasoningCriticizeNeg,0
this,this,c,NarrImmediacyNeutral,0
.,.,n,NarrImmediacyNeutral,1
Instead,instead,c,MetadiscourseOtherNeutral,0
:,:,n,,0
Nationhood,nationhood,s,PubAdministrationNeutral,0
is,is,s,OtherOrphanedOther,0
shared,shared,n,OtherOrphanedOther,0
Identity,identity,s,SpecialTopicsMiscellanyNeutral,0
is,is,s,DescriptVisualNeutral,0
layered,layered,n,DescriptVisualNeutral,1
Memory,memory,s,CharMentalStatesNeutral,0
replaces,replaces,s,ExpoOtherNeutral,0
myth,myth,s,SpecialTopicsMiscellanyNeutral,0
of,of,s,OtherOrphanedOther,0
origin,origin,n,NarrSequenceNeutral,0
This,this,s,OtherOrphanedOther,0
makes,makes,s,NarrActsNeutral,0
Suriname,suriname,s,SpecialTopicsPlaceNeutral,0
closer,closer,s,ExpoComparisonNeutral,0
to,to,s,ExpoComparisonNeutral,1
a,a,s,OtherOrphanedOther,0
post-ethnic,post-ethnic,s,,0
nation,nation,c,SpecialTopicsPlaceNeutral,0
",",",",s,,0
even,even,s,MetadiscourseContrastNeutral,0
if,if,s,MetadiscourseContrastNeutral,1
ethnic,ethnic,s,SpecialTopicsMiscellanyNeutral,0
politics,politics,s,PubPoliticsNeutral,0
persist,persist,c,NarrDurationNeutral,0
.,.,n,,0
In,in,s,MetadiscourseCuesNeutral,0
Summary,summary,n,MetadiscourseCuesNeutral,1
Post-colonial,post-colonial,s,SpecialTopicsMiscellanyNeutral,0
identity,identity,s,SpecialTopicsMiscellanyNeutral,0
politics,politics,s,PubPoliticsNeutral,0
in,in,s,OtherOrphanedOther,0
Suriname,suriname,s,SpecialTopicsPlaceNeutral,0
operates,operates,s,OtherOrphanedOther,0
through,through,s,OtherOrphanedOther,0
pluralism,pluralism,c,PubAdministrationNeutral,0
",",",",s,,0
not,not,s,NegActsResist,0
assimilation,assimilation,n,DescriptChangeNeutral,0
Indo-Surinamese,indo-surinamese,s,,0
identity,identity,s,SpecialTopicsMiscellanyNeutral,0
is,is,s,OtherOrphanedOther,0
diasporic,diasporic,c,SpecialTopicsMiscellanyNeutral,0
",",",",s,,0
memory-based,memory-based,c,SpecialTopicsMiscellanyNeutral,0
",",",",s,,0
and,and,s,OtherSyntacticComplexityOther,0
locally,locally,s,SpecialTopicsPlaceNeutral,0
rooted,rooted,n,OtherOrphanedOther,0
Primary,primary,s,SpecialTopicsMiscellanyNeutral,0
national,national,s,PubAdministrationNeutral,0
affinity,affinity,s,PosRelCommunalTies,0
is,is,s,OtherOrphanedOther,0
Surinamese,surinamese,n,CharTypesNeutral,0
India,india,s,SpecialTopicsPlaceNeutral,0
functions,functions,s,ExpoOtherNeutral,0
as,as,s,ExpoOtherNeutral,1
a,a,s,OtherOrphanedOther,0
symbolic,symbolic,s,SpecialTopicsMiscellanyNeutral,0
ancestral,ancestral,s,NarrOtherNeutral,0
reference,reference,c,NarrActsNeutral,0
",",",",s,,0
not,not,s,NegActsResist,0
a,a,s,NegActsResist,1
homeland,homeland,n,,0
The,the,s,OtherOrphanedOther,0
Netherlands,netherlands,s,SpecialTopicsPlaceNeutral,0
is,is,s,OtherOrphanedOther,0
a,a,s,OtherOrphanedOther,0
pragmatic,pragmatic,c,StratCoordinationNeutral,0
",",",",s,,0
ambivalent,ambivalent,s,UncertaintyUndecidedNeutral,0
reference,reference,n,NarrActsNeutral,0
Indenture,indenture,s,PubLawNeutral,0
—,—,s,,0
not,not,s,NegActsResist,0
India,india,s,SpecialTopicsPlaceNeutral,0
—,—,s,,0
is,is,s,ForcefulEmphaticNeutral,0
the,the,s,ForcefulEmphaticNeutral,1
central,central,s,ForcefulEmphaticNeutral,2
anchor,anchor,s,DescriptObjectsNeutral,0
of,of,s,OtherOrphanedOther,0
identity,identity,n,SpecialTopicsMiscellanyNeutral,0
For,for,s,OtherOrphanedOther,0
descendants,descendants,s,UncertaintyIndefiniteNeutral,0
of,of,s,OtherOrphanedOther,0
indentured,indentured,s,PubLawNeutral,0
Indians,indians,c,CharTypesNeutral,0
",",",",s,,0
belonging,belonging,s,PubLawNeutral,0
is,is,s,OtherOrphanedOther,0
ultimately,ultimately,s,ConfidenceHighNeutral,0
expressed,expressed,s,NarrActsNeutral,0
as,as,c,NarrActsNeutral,1
:,:,n,,0
“,",c,,0
We,we,s,FPOtherNeutral,0
are,are,s,FPOtherNeutral,1
Surinamese,surinamese,s,CharTypesNeutral,0
because,because,s,ReasoningPremiseNeutral,0
this,this,s,ReasoningPremiseNeutral,1
is,is,s,ReasoningPremiseNeutral,2
where,where,s,OtherOrphanedOther,0
our,our,s,FPOtherNeutral,0
ancestors,ancestors,s,NarrOtherNeutral,0
suffered,suffered,c,NegEmotionsSuffer,0
",",",",s,,0
settled,settled,c,NarrActsNeutral,0
",",",",s,,0
and,and,s,OtherSyntacticComplexityOther,0
made,made,s,DescriptChangePos,0
life,life,s,DescriptChangePos,1
possible,possible,c,DescriptChangePos,2
.,.,c,,0
”,",e,,0
