Peggy,peggy,s,CharNamesNeutral,0
Mohan's,mohan's,s,,0
Jahajin,jahajin,s,,0
is,is,s,OtherOrphanedOther,0
a,a,s,OtherOrphanedOther,0
debut,debut,s,SpecialTopicsMiscellanyNeutral,0
novel,novel,s,SpecialTopicsMiscellanyNeutral,1
that,that,s,OtherOrphanedOther,0
intertwines,intertwines,s,DescriptVisualNeutral,0
history,history,c,NarrOtherNeutral,0
",",",",s,,0
folklore,folklore,c,SpecialTopicsMiscellanyNeutral,0
",",",",s,,0
and,and,s,OtherSyntacticComplexityOther,0
personal,personal,s,SpecialTopicsMiscellanyNeutral,0
narratives,narratives,s,SpecialTopicsMiscellanyNeutral,1
to,to,s,InquiryCuriosityNeutral,0
explore,explore,s,InquiryCuriosityNeutral,1
the,the,s,OtherOrphanedOther,0
experiences,experiences,s,NarrActsNeutral,0
of,of,s,OtherOrphanedOther,0
Indian,indian,s,PubLawNeutral,0
indentured,indentured,s,PubLawNeutral,1
laborers,laborers,s,CharTypesNeutral,0
in,in,s,OtherOrphanedOther,0
Trinidad,trinidad,c,SpecialTopicsPlaceNeutral,0
.,.,s,,0
The,the,s,SpecialTopicsMiscellanyNeutral,0
story,story,s,SpecialTopicsMiscellanyNeutral,1
is,is,s,OtherOrphanedOther,0
framed,framed,s,OtherOrphanedOther,0
through,through,s,OtherOrphanedOther,0
the,the,s,OtherOrphanedOther,0
perspective,perspective,s,SpecialTopicsMiscellanyNeutral,0
of,of,s,OtherSyntacticComplexityOther,0
a,a,s,OtherSyntacticComplexityOther,1
young,young,s,DescriptVisualNeutral,0
linguist,linguist,s,CharTypesNeutral,0
researching,researching,s,InquiryLearningNeutral,0
the,the,s,InquiryLearningNeutral,1
Bhojpuri,bhojpuri,s,,0
language,language,s,SpecialTopicsMiscellanyNeutral,0
in,in,s,OtherOrphanedOther,0
Trinidad,trinidad,c,SpecialTopicsPlaceNeutral,0
",",",",s,CharNamesNeutral,0
who,who,s,CharNamesNeutral,1
encounters,encounters,s,ContingentEventNeg,0
Deeda,deeda,c,,0
",",",",s,,0
a,a,s,OtherOrphanedOther,0
110-year-old,110-year-old,s,CharTypesNeutral,0
woman,woman,s,CharTypesNeutral,0
who,who,s,OtherOrphanedOther,0
made,made,s,NarrSceneShiftNeutral,0
the,the,s,NarrSceneShiftNeutral,1
journey,journey,s,NarrSceneShiftNeutral,2
from,from,s,OtherOrphanedOther,0
India,india,s,SpecialTopicsPlaceNeutral,0
to,to,s,OtherOrphanedOther,0
Trinidad,trinidad,s,SpecialTopicsPlaceNeutral,0
as,as,s,NarrBiographyNeutral,0
a,a,s,NarrBiographyNeutral,1
child,child,c,NarrBiographyNeutral,2
.,.,s,,0
Deeda,deeda,s,,0
shares,shares,s,PosEmotionsOther,0
her,her,s,PosEmotionsOther,1
life,life,s,PosEmotionsOther,2
story,story,c,NarrSequenceNeutral,0
",",",",s,,0
recounting,recounting,s,NarrOtherNeutral,0
her,her,s,CharNamesNeutral,0
departure,departure,s,NarrSceneShiftNeutral,0
from,from,s,NarrSceneShiftNeutral,1
Basti,basti,c,,0
",",",",s,,0
India,india,c,SpecialTopicsPlaceNeutral,0
",",",",s,,0
with,with,s,OtherOrphanedOther,0
her,her,s,NarrBiographyNeutral,0
son,son,c,NarrBiographyNeutral,1
",",",",s,NarrBiographyNeutral,2
and,and,s,OtherSyntacticComplexityOther,0
the,the,s,OtherSyntacticComplexityOther,1
arduous,arduous,s,NarrSceneShiftNeutral,0
voyage,voyage,s,NarrSceneShiftNeutral,1
across,across,s,OtherOrphanedOther,0
the,the,s,CitationQuotationNeutral,0
“,",c,CitationQuotationNeutral,1
kala,kala,s,CharNamesNeutral,0
pani,pani,c,CharNamesNeutral,0
”,",s,,0
(,(,c,OtherOrphanedOther,0
black,black,s,DescriptObjectsNeutral,0
water,water,c,DescriptObjectsNeutral,1
),),s,OtherOrphanedOther,0
to,to,s,CitationQuotationNeutral,0
“,",c,CitationQuotationNeutral,1
Chini-dad,chini-dad,c,,0
”,",s,,0
(,(,c,OtherOrphanedOther,0
the,the,s,DescriptVisualNeutral,0
land,land,s,DescriptVisualNeutral,1
of,of,s,DescriptVisualNeutral,2
sugar,sugar,c,DescriptObjectsNeutral,0
),),c,OtherOrphanedOther,0
",",",",s,,0
where,where,s,OtherOrphanedOther,0
she,she,s,CharNamesNeutral,0
worked,worked,s,NarrBiographyNeutral,0
on,on,s,NarrBiographyNeutral,1
the,the,s,NarrBiographyNeutral,2
Esperanza,esperanza,s,CharNamesNeutral,0
estate,estate,c,PubLawNeutral,0
.,.,n,,0
Interwoven,interwoven,s,DescriptVisualNeutral,0
with,with,s,DescriptVisualNeutral,1
Deeda's,deeda's,s,,0
narrative,narrative,s,SpecialTopicsMiscellanyNeutral,0
is,is,s,ForcefulEmphaticNeutral,0
the,the,s,ForcefulEmphaticNeutral,1
myth,myth,s,ForcefulEmphaticNeutral,2
of,of,s,ForcefulEmphaticNeutral,3
Saranga,saranga,c,,0
",",",",s,,0
a,a,s,SpecialTopicsMiscellanyNeutral,0
tale,tale,s,SpecialTopicsMiscellanyNeutral,1
about,about,s,OtherOrphanedOther,0
a,a,s,OtherOrphanedOther,0
female,female,s,CharTypesNeutral,0
monkey,monkey,s,DescriptObjectsNeutral,0
torn,torn,s,CharSubjectivityNeg,0
between,between,s,CharSubjectivityNeg,1
her,her,s,CharNamesNeutral,0
monkey,monkey,s,DescriptObjectsNeutral,0
lover,lover,s,PosRelIntimate,0
and,and,s,OtherSyntacticComplexityOther,0
a,a,s,OtherSyntacticComplexityOther,1
human,human,s,SpecialTopicsMiscellanyNeutral,0
prince,prince,c,CharTypesNeutral,0
.,.,s,,0
This,this,s,OtherOrphanedOther,0
allegorical,allegorical,s,NarrSequenceNeutral,0
story,story,s,NarrSequenceNeutral,1
reflects,reflects,s,OtherOrphanedOther,0
themes,themes,s,SpecialTopicsMiscellanyNeutral,0
of,of,s,OtherOrphanedOther,0
transformation,transformation,c,DescriptChangeNeutral,0
",",",",s,,0
choice,choice,c,CharTraitsNeutral,0
",",",",s,,0
and,and,s,OtherSyntacticComplexityOther,0
identity,identity,c,SpecialTopicsMiscellanyNeutral,0
",",",",s,,0
paralleling,paralleling,s,OtherOrphanedOther,0
the,the,s,OtherOrphanedOther,1
real-life,real-life,s,StratOtherPos,0
experiences,experiences,s,StratOtherPos,1
of,of,s,OtherSyntacticComplexityOther,0
the,the,s,OtherSyntacticComplexityOther,1
indentured,indentured,s,PubLawNeutral,0
laborers,laborers,c,CharTypesNeutral,0
.,.,n,,0
HarperCollins,harpercollins,s,,0
India,india,n,SpecialTopicsPlaceNeutral,0
The,the,s,DescriptObjectsNeutral,0
novel,novel,s,DescriptObjectsNeutral,1
delves,delves,s,InquiryExplorationNeutral,0
into,into,s,InquiryExplorationNeutral,1
the,the,s,OtherOrphanedOther,0
complexities,complexities,s,UncertaintyOtherNeutral,0
of,of,s,UncertaintyOtherNeutral,1
migration,migration,c,NarrSceneShiftNeutral,0
",",",",s,,0
cultural,cultural,s,SpecialTopicsMiscellanyNeutral,0
dislocation,dislocation,c,NegActsInjure,0
",",",",s,,0
and,and,s,OtherSyntacticComplexityOther,0
the,the,s,OtherSyntacticComplexityOther,1
formation,formation,s,ExpoOtherNeutral,0
of,of,s,ExpoOtherNeutral,1
new,new,s,NarrImmediacyNeutral,0
identities,identities,c,,0
.,.,s,,0
It,it,s,,0
highlights,highlights,s,OtherOrphanedOther,0
the,the,s,OtherOrphanedOther,1
resilience,resilience,s,PosActsResilience,0
of,of,s,OtherOrphanedOther,0
women,women,s,ExpoExampleNeutral,0
like,like,s,ExpoExampleNeutral,1
Deeda,deeda,c,,0
",",",",s,CharNamesNeutral,0
who,who,s,CharNamesNeutral,1
navigated,navigated,s,NarrOtherNeutral,0
the,the,s,NarrOtherNeutral,1
challenges,challenges,s,CharTraitsNeutral,0
of,of,s,OtherSyntacticComplexityOther,0
a,a,s,OtherSyntacticComplexityOther,1
new,new,s,NarrImmediacyNeutral,0
land,land,s,SpecialTopicsPlaceNeutral,0
while,while,s,NarrDurationNeutral,0
preserving,preserving,s,OtherOrphanedOther,0
their,their,s,CharNamesNeutral,0
cultural,cultural,s,SpecialTopicsMiscellanyNeutral,0
heritage,heritage,c,NarrOtherNeutral,0
.,.,s,,0
Through,through,s,ReasoningOtherNeutral,0
the,the,s,ReasoningOtherNeutral,1
use,use,s,ReasoningOtherNeutral,2
of,of,s,ReasoningOtherNeutral,3
Trinidad,trinidad,s,SpecialTopicsPlaceNeutral,0
Bhojpuri,bhojpuri,s,,0
and,and,s,OtherSyntacticComplexityOther,0
rich,rich,s,PosEmotionsOther,0
storytelling,storytelling,c,OtherOrphanedGenericActivity,0
",",",",s,,0
Jahajin,jahajin,s,,0
offers,offers,s,FacilitateSponsorNeutral,0
a,a,s,FacilitateSponsorNeutral,1
poignant,poignant,s,InquiryExplorationNeutral,0
exploration,exploration,s,InquiryExplorationNeutral,1
of,of,s,OtherSyntacticComplexityOther,0
the,the,s,OtherSyntacticComplexityOther,1
Indo-Caribbean,indo-caribbean,s,,0
diaspora's,diaspora's,s,,0
history,history,s,NarrOtherNeutral,0
and,and,s,OtherSyntacticComplexityOther,0
legacy,legacy,c,NarrOtherNeutral,0
.,.,n,,0
For,for,s,OtherOrphanedOther,0
a,a,s,ExpoComparisonNeutral,0
more,more,s,ExpoComparisonNeutral,1
in-depth,in-depth,s,PosValuesOther,0
discussion,discussion,s,PubAdministrationNeutral,0
of,of,s,OtherOrphanedOther,0
Jahajin,jahajin,c,,0
",",",",s,,0
you,you,s,InterOtherNeutral,0
might,might,s,InterOtherNeutral,1
find,find,s,NarrActsNeutral,0
the,the,s,NarrActsNeutral,1
following,following,s,NarrSequenceNeutral,0
video,video,s,DescriptObjectsNeutral,0
insightful,insightful,c,CharMentalStatesPos,0
:,:,n,,0
The,the,s,SpecialTopicsMiscellanyNeutral,0
word,word,s,SpecialTopicsMiscellanyNeutral,1
“,",c,,0
girmit,girmit,c,,0
”,",s,,0
comes,comes,s,NarrSceneShiftNeutral,0
from,from,s,NarrSceneShiftNeutral,1
a,a,s,NarrSceneShiftNeutral,2
local,local,s,SpecialTopicsPlaceNeutral,0
pronunciation,pronunciation,s,SpecialTopicsMiscellanyNeutral,0
of,of,s,SpecialTopicsMiscellanyNeutral,1
the,the,s,OtherOrphanedOther,0
English,english,s,SpecialTopicsMiscellanyNeutral,0
word,word,s,SpecialTopicsMiscellanyNeutral,0
“,",c,,0
agreement,agreement,c,PosRelAgree,0
”,",c,,0
.,.,n,,0
It,it,s,,0
originated,originated,s,NarrSequenceNeutral,0
during,during,s,NarrDurationNeutral,0
the,the,s,NarrDurationNeutral,1
19th,19th,s,,0
and,and,s,OtherSyntacticComplexityOther,0
early,early,s,NarrSequenceNeutral,0
20th,20th,s,,0
centuries,centuries,s,NarrDurationNeutral,0
when,when,s,OtherOrphanedOther,0
Indian,indian,s,PubLawNeutral,0
indentured,indentured,s,PubLawNeutral,1
laborers,laborers,s,CharTypesNeutral,0
were,were,s,NarrOtherNeutral,0
sent,sent,s,NarrOtherNeutral,1
to,to,s,OtherOrphanedOther,0
British,british,s,CharTypesNeutral,0
colonies,colonies,s,SpecialTopicsMiscellanyNeutral,0
like,like,s,OtherOrphanedOther,0
Fiji,fiji,c,SpecialTopicsPlaceNeutral,0
",",",",s,,0
Trinidad,trinidad,c,SpecialTopicsPlaceNeutral,0
",",",",s,,0
Guyana,guyana,c,SpecialTopicsPlaceNeutral,0
",",",",s,,0
and,and,s,OtherSyntacticComplexityOther,0
others,others,c,,0
.,.,s,,0
These,these,s,OtherOrphanedOther,0
laborers,laborers,s,CharTypesNeutral,0
signed,signed,s,NarrOtherNeutral,0
an,an,s,NarrOtherNeutral,1
indenture,indenture,s,PosRelAgree,0
agreement,agreement,s,PosRelAgree,1
(,(,c,OtherOrphanedOther,0
a,a,s,OtherOrphanedOther,0
contract,contract,c,NarrActsNeutral,0
),),s,OtherOrphanedOther,0
that,that,s,OtherOrphanedOther,0
bound,bound,s,SpecialTopicsMiscellanyNeutral,0
them,them,s,NarrActsNeutral,0
to,to,s,OtherOrphanedOther,0
work,work,s,NarrBiographyNeutral,0
for,for,s,NarrBiographyNeutral,1
a,a,s,OtherOrphanedOther,0
fixed,fixed,s,NarrDurationNeutral,0
period,period,s,NarrDurationNeutral,1
(,(,c,OtherOrphanedOther,0
usually,usually,s,NarrDurationNeutral,0
5,5,s,NarrDurationNeutral,0
years,years,c,NarrDurationNeutral,1
),),s,OtherOrphanedOther,0
in,in,s,ExpoOtherNeutral,0
return,return,s,ExpoOtherNeutral,1
for,for,s,ExpoOtherNeutral,2
wages,wages,c,SpecialTopicsMiscellanyNeutral,0
",",",",s,,0
housing,housing,c,DescriptVisualNeutral,0
",",",",s,,0
and,and,s,OtherSyntacticComplexityOther,0
sometimes,sometimes,s,ContingentRelationshipNeutral,0
a,a,s,OtherOrphanedOther,0
return,return,s,NarrDurationNeutral,0
passage,passage,s,DescriptObjectsNeutral,0
to,to,s,NarrSceneShiftNeutral,0
India,india,c,NarrSceneShiftNeutral,1
.,.,n,,0
Because,because,s,ReasoningOtherNeutral,0
most,most,s,ExpoComparisonNeutral,0
of,of,s,OtherOrphanedOther,0
these,these,s,OtherOrphanedOther,0
workers,workers,s,CharTypesNeutral,0
spoke,spoke,s,InterOtherNeutral,0
little,little,s,DescriptVisualNeutral,0
or,or,s,OtherSyntacticComplexityOther,0
no,no,s,NegActsResist,0
English,english,c,SpecialTopicsMiscellanyNeutral,0
",",",",s,,0
the,the,s,SpecialTopicsMiscellanyNeutral,0
word,word,s,SpecialTopicsMiscellanyNeutral,1
“,",c,,0
agreement,agreement,c,PosRelAgree,0
”,",s,,0
was,was,s,NarrOtherNeutral,0
phonetically,phonetically,s,DescriptSoundNeutral,0
adapted,adapted,s,DescriptChangeNeutral,0
into,into,s,OtherOrphanedOther,0
“,",c,,0
girmit,girmit,c,,0
”,",s,,0
in,in,s,OtherSyntacticComplexityOther,0
their,their,s,OtherSyntacticComplexityOther,1
everyday,everyday,s,NarrDurationNeutral,0
speech,speech,c,SpecialTopicsMiscellanyNeutral,0
.,.,s,NarrDurationNeutral,0
As,as,s,NarrDurationNeutral,1
a,a,s,NarrDurationNeutral,2
result,result,c,,0
:,:,n,,0
The,the,s,OtherOrphanedOther,0
workers,workers,s,CharTypesNeutral,0
themselves,themselves,s,CharNamesNeutral,0
were,were,s,NarrDurationNeutral,0
often,often,s,NarrDurationNeutral,1
called,called,s,OtherOrphanedOther,0
“,",c,,0
girmityas,girmityas,c,,0
”,",s,,0
(,(,c,OtherOrphanedOther,0
people,people,s,CharTypesNeutral,0
bound,bound,s,DescriptVisualNeutral,0
by,by,s,DescriptVisualNeutral,1
a,a,s,OtherOrphanedOther,0
girmit,girmit,c,,0
),),c,OtherOrphanedOther,0
.,.,n,,0
“,",c,,0
Girmit,girmit,c,,0
”,",s,,0
became,became,s,DescriptChangeNeutral,0
a,a,s,DescriptChangeNeutral,1
broader,broader,s,ExpoComparisonNeutral,0
cultural,cultural,s,SpecialTopicsMiscellanyNeutral,0
term,term,s,SpecialTopicsMiscellanyNeutral,0
to,to,s,OtherOrphanedOther,0
refer,refer,s,NarrActsNeutral,0
to,to,s,NarrActsNeutral,1
the,the,s,NarrActsNeutral,2
entire,entire,s,PubLawNeutral,0
indenture,indenture,s,PubLawNeutral,1
experience,experience,s,NarrActsNeutral,0
—,—,s,,0
the,the,s,OtherOrphanedOther,0
contracts,contracts,c,NarrActsNeutral,0
",",",",s,,0
the,the,s,OtherOrphanedOther,0
voyage,voyage,c,NarrSceneShiftNeutral,0
",",",",s,,0
the,the,s,NegEmotionsOther,0
hardships,hardships,c,NegEmotionsOther,1
",",",",s,,0
and,and,s,OtherSyntacticComplexityOther,0
the,the,s,OtherSyntacticComplexityOther,1
new,new,s,SpecialTopicsMiscellanyNeutral,0
communities,communities,s,SpecialTopicsMiscellanyNeutral,1
formed,formed,s,OtherOrphanedOther,0
abroad,abroad,c,NarrSceneShiftNeutral,0
.,.,n,,0
Resistance,resistance,s,NegActsResist,0
by,by,s,OtherOrphanedOther,0
indentured,indentured,s,PubLawNeutral,0
laborers,laborers,s,CharTypesNeutral,0
in,in,s,OtherOrphanedOther,0
Suriname,suriname,s,SpecialTopicsPlaceNeutral,0
(,(,c,OtherOrphanedOther,0
then,then,s,NarrTimeShiftNeutral,0
a,a,s,OtherOrphanedOther,0
Dutch,dutch,s,CharTypesNeutral,0
colony,colony,c,SpecialTopicsMiscellanyNeutral,0
),),s,OtherOrphanedOther,0
was,was,s,NarrOtherNeutral,0
a,a,s,NarrOtherNeutral,1
significant,significant,s,ForcefulSignificantNeutral,0
part,part,s,SpecialTopicsMiscellanyNeutral,0
of,of,s,SpecialTopicsMiscellanyNeutral,1
the,the,s,SpecialTopicsMiscellanyNeutral,2
history,history,s,NarrOtherNeutral,0
of,of,s,NarrOtherNeutral,1
indenture,indenture,s,PubLawNeutral,0
there,there,c,DescriptVisualNeutral,0
.,.,s,DescriptVisualNeutral,1
Here’s,here’s,s,UpdatesOtherNeutral,0
a,a,s,UpdatesOtherNeutral,1
clear,clear,s,DescriptVisualNeutral,0
overview,overview,c,MetadiscourseOtherNeutral,0
:,:,n,,0
Context,context,c,ContingentEventNeutral,0
:,:,n,,0
Between,between,s,NarrDurationNeutral,0
1873,1873,s,NarrDurationNeutral,1
and,and,s,OtherSyntacticComplexityOther,0
1916,1916,c,NarrOtherNeutral,0
",",",",s,,0
about,about,s,OtherOrphanedOther,0
"34,000","34,000",s,,0
Indians,indians,s,CharTypesNeutral,0
were,were,s,NarrActsNeutral,0
brought,brought,s,NarrActsNeutral,1
to,to,s,OtherOrphanedOther,0
Suriname,suriname,s,SpecialTopicsPlaceNeutral,0
under,under,s,OtherOrphanedOther,0
contracts,contracts,s,NarrActsNeutral,0
(,(,c,OtherOrphanedOther,0
“,",c,,0
girmits,girmits,c,,0
”,",c,,0
),),s,OtherOrphanedOther,0
after,after,s,NarrSequenceNeutral,0
slavery,slavery,s,NegRelServility,0
was,was,s,NarrOtherNeutral,0
abolished,abolished,s,NarrOtherNeutral,1
(,(,c,OtherOrphanedOther,0
in,in,s,NarrTimeShiftNeutral,0
1863,1863,c,NarrTimeShiftNeutral,1
),),s,OtherOrphanedOther,0
and,and,s,OtherSyntacticComplexityOther,0
plantation,plantation,s,DescriptVisualNeutral,0
owners,owners,s,NegEmotionsIdentifyGaps,0
needed,needed,s,NegEmotionsIdentifyGaps,1
cheap,cheap,s,SpecialTopicsMiscellanyNeutral,0
labor,labor,c,SpecialTopicsMiscellanyNeutral,0
.,.,n,,0
Conditions,conditions,s,ContingentPossibilityNeg,0
were,were,s,ContingentPossibilityNeg,1
harsh,harsh,c,ContingentPossibilityNeg,2
:,:,s,,0
long,long,s,NarrDurationNeutral,0
working,working,s,NarrDurationNeutral,1
hours,hours,c,NarrDurationNeutral,0
",",",",s,,0
poor,poor,s,NegValuesPoor,0
wages,wages,c,NegValuesPoor,1
",",",",s,,0
physical,physical,s,NegRelPunish,0
punishments,punishments,c,NegRelPunish,1
",",",",s,,0
racial,racial,s,NegRelDiscriminatory,0
discrimination,discrimination,c,NegRelDiscriminatory,1
",",",",s,,0
and,and,s,OtherSyntacticComplexityOther,0
legal,legal,s,SpecialTopicsMiscellanyNeutral,0
systems,systems,s,SpecialTopicsMiscellanyNeutral,1
heavily,heavily,s,ForcefulEmphaticNeutral,0
biased,biased,s,NegRelBias,0
in,in,s,PosRelOther,0
favor,favor,s,PosRelOther,1
of,of,s,PosRelOther,2
plantation,plantation,s,DescriptVisualNeutral,0
owners,owners,c,CharTypesNeutral,0
.,.,n,,0
Forms,forms,s,SpecialTopicsMiscellanyNeutral,0
of,of,s,SpecialTopicsMiscellanyNeutral,1
Resistance,resistance,c,NegActsResist,0
:,:,n,,0
1,1,c,ExpoOtherNeutral,0
.,.,s,ExpoOtherNeutral,1
Desertion,desertion,s,NegRelForsake,0
(,(,c,OtherOrphanedOther,0
Running,running,s,NarrSceneShiftNeutral,0
Away,away,c,NarrSceneShiftNeutral,1
),),c,OtherOrphanedOther,0
:,:,n,,0
Many,many,s,ExpoOtherNeutral,0
laborers,laborers,s,CharTypesNeutral,0
simply,simply,s,ConfidenceHighNeutral,0
fled,fled,s,DescriptMotionNeutral,0
plantations,plantations,s,DescriptVisualNeutral,0
into,into,s,DescriptChangeNeutral,0
the,the,s,DescriptChangeNeutral,1
forests,forests,c,DescriptVisualNeutral,0
",",",",s,,0
sometimes,sometimes,s,ContingentRelationshipNeutral,0
joining,joining,s,StratCoordinationNeutral,0
or,or,s,OtherSyntacticComplexityOther,0
forming,forming,s,OtherOrphanedOther,0
new,new,s,SpecialTopicsMiscellanyNeutral,0
communities,communities,s,SpecialTopicsMiscellanyNeutral,1
with,with,s,OtherOrphanedOther,0
Maroons,maroons,s,DescriptVisualNeutral,0
(,(,c,OtherOrphanedOther,0
escaped,escaped,s,StratActsPos,0
African,african,s,CharTypesNeutral,0
slaves,slaves,c,CharTypesNeg,0
),),c,OtherOrphanedOther,0
.,.,n,,0
Dense,dense,s,DescriptVisualNeutral,0
Surinamese,surinamese,s,CharTypesNeutral,0
forests,forests,s,DescriptVisualNeutral,0
made,made,s,PosEmotionsOther,0
it,it,s,PosEmotionsOther,1
possible,possible,s,PosEmotionsOther,2
for,for,s,PosEmotionsOther,3
laborers,laborers,s,CharTypesNeutral,0
to,to,s,OtherOrphanedOther,0
vanish,vanish,s,DescriptChangeNeutral,0
and,and,s,DescriptChangeNeutral,1
survive,survive,s,NarrBiographyNeutral,0
outside,outside,s,OtherOrphanedOther,0
colonial,colonial,s,SpecialTopicsMiscellanyNeutral,0
control,control,c,StratCoordinationNeutral,0
.,.,n,,0
2,2,c,ExpoOtherNeutral,0
.,.,s,ExpoOtherNeutral,1
Strikes,strikes,s,NegEmotionsOther,0
and,and,s,OtherSyntacticComplexityOther,0
Work,work,s,NegEmotionsOther,0
Stoppages,stoppages,c,NegEmotionsOther,1
:,:,n,,0
There,there,s,NarrOtherNeutral,0
were,were,s,NarrOtherNeutral,1
frequent,frequent,s,NarrDurationNeutral,0
strikes,strikes,s,NegEmotionsOther,0
where,where,s,OtherOrphanedOther,0
groups,groups,s,SpecialTopicsMiscellanyNeutral,0
refused,refused,s,NegActsResist,0
to,to,s,NegActsResist,1
work,work,s,NegActsResist,2
unless,unless,s,ContingentRelationshipNeutral,0
conditions,conditions,s,ContingentEventNeutral,0
improved,improved,s,DescriptChangePos,0
—,—,s,,0
particularly,particularly,s,ExpoSpecificationNeutral,0
protesting,protesting,s,NegActsPlaintive,0
against,against,s,NegActsPlaintive,1
physical,physical,s,NegRelPunish,0
punishments,punishments,c,NegRelPunish,1
",",",",s,,0
extra,extra,s,SpecialTopicsMiscellanyNeutral,0
working,working,s,OtherOrphanedOther,0
hours,hours,c,NarrDurationNeutral,0
",",",",s,,0
low,low,s,NegValuesOther,0
wages,wages,c,NegValuesOther,1
",",",",s,,0
or,or,s,OtherSyntacticComplexityOther,0
food,food,s,NegValuesOther,0
shortages,shortages,c,NegValuesOther,1
.,.,n,,0
Strikes,strikes,s,NegEmotionsOther,0
sometimes,sometimes,s,ContingentRelationshipNeutral,0
involved,involved,s,NarrActsNeutral,0
mass,mass,s,NegActsResist,0
refusals,refusals,s,NegActsResist,1
and,and,s,ForcefulEmphaticNeutral,0
even,even,s,ForcefulEmphaticNeutral,1
organized,organized,s,OtherOrphanedOther,0
negotiations,negotiations,s,PubDiplomacyNeutral,0
with,with,s,OtherOrphanedOther,0
estate,estate,s,CharTypesNeutral,0
owners,owners,c,CharTypesNeutral,1
.,.,n,,0
3,3,c,ExpoOtherNeutral,0
.,.,s,ExpoOtherNeutral,1
Violent,violent,s,NegActsViolence,0
Rebellions,rebellions,c,NegActsViolence,1
:,:,n,,0
On,on,s,OtherOrphanedOther,0
some,some,s,ExpoOtherNeutral,0
occasions,occasions,c,OtherOrphanedGenericActivity,0
",",",",s,,0
anger,anger,s,NegEmotionsAnger,0
led,led,s,ReasoningOtherNeutral,0
to,to,s,ReasoningOtherNeutral,1
violent,violent,s,NegActsViolence,0
confrontations,confrontations,c,NegActsViolence,1
.,.,n,,0
The,the,s,ForcefulEmphaticNeutral,0
most,most,s,ForcefulEmphaticNeutral,1
famous,famous,s,CharTypesNeutral,0
is,is,s,OtherOrphanedOther,0
the,the,s,OtherOrphanedOther,0
Mariënburg,mariënburg,s,,0
Uprising,uprising,s,StratActsNeg,0
in,in,s,NarrTimeShiftNeutral,0
1902,1902,c,NarrTimeShiftNeutral,1
:,:,n,,0
At,at,s,DescriptVisualNeutral,0
the,the,s,DescriptVisualNeutral,1
Mariënburg,mariënburg,s,,0
sugar,sugar,s,DescriptObjectsNeutral,0
estate,estate,c,PubLawNeutral,0
",",",",s,,0
Indian,indian,s,CharTypesNeutral,0
workers,workers,s,CharTypesNeutral,0
protested,protested,s,NegActsPlaintive,0
against,against,s,NegActsPlaintive,1
wage,wage,s,SpecialTopicsMiscellanyNeutral,0
cuts,cuts,c,NarrActsNeutral,0
.,.,n,,0
The,the,s,OtherOrphanedOther,0
protest,protest,s,NegActsPlaintive,0
turned,turned,s,DescriptChangeNeg,0
violent,violent,c,DescriptChangeNeg,1
",",",",s,,0
and,and,s,OtherSyntacticComplexityOther,0
the,the,s,OtherSyntacticComplexityOther,1
authorities,authorities,s,PubAdministrationNeutral,0
brutally,brutally,s,NegActsAggressive,0
suppressed,suppressed,s,NegActsAggressive,1
it,it,c,,0
",",",",s,,0
resulting,resulting,s,ReasoningOtherNeutral,0
in,in,s,ReasoningOtherNeutral,1
dozens,dozens,s,ExpoOtherNeutral,0
of,of,s,OtherOrphanedOther,0
deaths,deaths,s,DescriptChangeNeg,0
when,when,s,OtherOrphanedOther,0
police,police,s,PubLawNeutral,0
opened,opened,s,NegRelHostility,0
fire,fire,s,NegRelHostility,1
on,on,s,NegRelHostility,2
the,the,s,CharTypesNeutral,0
crowd,crowd,c,CharTypesNeutral,1
.,.,n,,0
4,4,c,ExpoOtherNeutral,0
.,.,s,ExpoOtherNeutral,1
Legal,legal,s,PubLawNeutral,0
Petitions,petitions,c,PubCommunicationNeutral,0
:,:,n,,0
Some,some,s,ExpoOtherNeutral,0
laborers,laborers,s,CharTypesNeutral,0
petitioned,petitioned,s,PubCommunicationNeutral,0
colonial,colonial,s,SpecialTopicsMiscellanyNeutral,0
authorities,authorities,s,PubAdministrationNeutral,0
about,about,s,NegEmotionsBroken,0
broken,broken,s,NegEmotionsBroken,1
promises,promises,s,FutureOtherPos,0
in,in,s,OtherSyntacticComplexityOther,0
their,their,s,OtherSyntacticComplexityOther,1
contracts,contracts,s,NarrActsNeutral,0
or,or,s,OtherSyntacticComplexityOther,0
mistreatment,mistreatment,c,NegActsAggressive,0
.,.,n,MetadiscourseContrastNeutral,0
Even,even,s,MetadiscourseContrastNeutral,1
though,though,s,MetadiscourseContrastNeutral,2
the,the,s,OtherOrphanedOther,0
colonial,colonial,s,SpecialTopicsMiscellanyNeutral,0
legal,legal,s,SpecialTopicsMiscellanyNeutral,0
system,system,s,SpecialTopicsMiscellanyNeutral,1
was,was,s,NarrOtherNeutral,0
stacked,stacked,s,NegRelStackedAgainst,0
against,against,s,NegRelStackedAgainst,1
them,them,c,NegRelStackedAgainst,2
",",",",s,,0
petitions,petitions,s,PubCommunicationNeutral,0
were,were,s,NarrOtherNeutral,0
a,a,s,NarrOtherNeutral,1
non-violent,non-violent,s,SpecialTopicsMiscellanyNeutral,0
and,and,s,OtherSyntacticComplexityOther,0
persistent,persistent,s,CharTraitsNeutral,0
form,form,s,SpecialTopicsMiscellanyNeutral,0
of,of,s,SpecialTopicsMiscellanyNeutral,1
protest,protest,c,NegActsPlaintive,0
.,.,n,,0
5,5,c,ExpoOtherNeutral,0
.,.,s,ExpoOtherNeutral,1
Cultural,cultural,s,SpecialTopicsMiscellanyNeutral,0
and,and,s,OtherSyntacticComplexityOther,0
Everyday,everyday,s,NarrDurationNeutral,0
Resistance,resistance,c,NegActsResist,0
:,:,n,,0
Laborers,laborers,s,CharTypesNeutral,0
preserved,preserved,s,NarrOtherNeutral,0
their,their,s,NarrOtherNeutral,1
languages,languages,s,SpecialTopicsMiscellanyNeutral,0
(,(,c,OtherOrphanedOther,0
Bhojpuri,bhojpuri,c,,0
",",",",s,,0
Awadhi,awadhi,c,,0
),),c,OtherOrphanedOther,0
",",",",s,,0
religions,religions,s,SpecialTopicsMiscellanyNeutral,0
(,(,c,OtherOrphanedOther,0
Hinduism,hinduism,c,SpecialTopicsMiscellanyNeutral,0
",",",",s,,0
Islam,islam,c,SpecialTopicsMiscellanyNeutral,0
),),c,OtherOrphanedOther,0
",",",",s,,0
and,and,s,OtherSyntacticComplexityOther,0
rituals,rituals,s,PubAdministrationNeutral,0
as,as,s,OtherSyntacticComplexityOther,0
a,a,s,OtherSyntacticComplexityOther,1
way,way,s,OtherSyntacticComplexityOther,2
of,of,s,OtherSyntacticComplexityOther,3
resisting,resisting,s,NegActsResist,0
total,total,s,NegActsUnrestrained,0
assimilation,assimilation,s,DescriptChangeNeutral,0
into,into,s,OtherOrphanedOther,0
plantation,plantation,s,DescriptVisualNeutral,0
society,society,c,PubAdministrationNeutral,0
.,.,n,,0
Maintaining,maintaining,s,NarrDurationNeutral,0
cultural,cultural,s,SpecialTopicsMiscellanyNeutral,0
identity,identity,s,SpecialTopicsMiscellanyNeutral,1
became,became,s,DescriptChangeNeutral,0
an,an,s,DescriptChangeNeutral,1
act,act,s,OtherOrphanedGenericActivity,0
of,of,s,OtherOrphanedGenericActivity,1
quiet,quiet,s,NegActsResist,0
defiance,defiance,c,NegActsResist,1
.,.,n,InterCommandNeutral,0
Impact,impact,c,InterCommandNeutral,1
:,:,n,,0
These,these,s,OtherOrphanedOther,0
resistances,resistances,s,,0
helped,helped,s,FacilitateHelpPos,0
bring,bring,s,FacilitateHelpPos,1
attention,attention,s,CharMentalStatesNeutral,0
to,to,s,OtherOrphanedOther,0
the,the,s,NegActsAggressive,0
abuses,abuses,s,NegActsAggressive,1
of,of,s,OtherSyntacticComplexityOther,0
the,the,s,OtherSyntacticComplexityOther,1
indenture,indenture,s,SpecialTopicsMiscellanyNeutral,0
system,system,c,SpecialTopicsMiscellanyNeutral,1
.,.,n,,0
After,after,s,NarrSequenceNeutral,0
growing,growing,s,DescriptChangeNeutral,0
international,international,s,SpecialTopicsMiscellanyNeutral,0
and,and,s,OtherSyntacticComplexityOther,0
local,local,s,SpecialTopicsPlaceNeutral,0
criticism,criticism,c,NegActsCriticize,0
",",",",s,,0
the,the,s,OtherOrphanedOther,0
indenture,indenture,s,SpecialTopicsMiscellanyNeutral,0
system,system,s,SpecialTopicsMiscellanyNeutral,1
in,in,s,OtherOrphanedOther,0
Suriname,suriname,s,SpecialTopicsPlaceNeutral,0
was,was,s,UpdatesNoticeNeutral,0
finally,finally,s,UpdatesNoticeNeutral,1
abolished,abolished,s,NegActsResist,0
in,in,s,NarrTimeShiftNeutral,0
1916,1916,c,NarrTimeShiftNeutral,1
.,.,n,,0
Many,many,s,ExpoOtherNeutral,0
former,former,s,NarrSequenceNeutral,0
laborers,laborers,s,CharTypesNeutral,0
stayed,stayed,s,NarrDurationNeutral,0
in,in,s,NarrDurationNeutral,1
Suriname,suriname,c,SpecialTopicsPlaceNeutral,0
",",",",s,,0
and,and,s,OtherSyntacticComplexityOther,0
today,today,s,NarrImmediacyNeutral,0
Indo-Surinamese,indo-surinamese,s,,0
people,people,s,CharTypesNeutral,0
form,form,s,DescriptChangeNeutral,0
an,an,s,DescriptChangeNeutral,1
important,important,s,ForcefulSignificantNeutral,0
part,part,s,OtherOrphanedOther,0
of,of,s,OtherOrphanedOther,0
Suriname’s,suriname’s,s,,0
population,population,s,PubAdministrationNeutral,0
and,and,s,OtherSyntacticComplexityOther,0
culture,culture,c,SpecialTopicsMiscellanyNeutral,0
.,.,n,,0
The,the,s,OtherOrphanedOther,0
income,income,s,SpecialTopicsMiscellanyNeutral,0
of,of,s,OtherOrphanedOther,0
indentured,indentured,s,PubLawNeutral,0
laborers,laborers,s,CharTypesNeutral,0
was,was,s,ForcefulIntenseNeutral,0
very,very,s,ForcefulIntenseNeutral,1
low,low,c,SpecialTopicsMiscellanyNeutral,0
",",",",s,,0
and,and,s,OtherSyntacticComplexityOther,0
varied,varied,s,DescriptChangeNeutral,0
slightly,slightly,s,ConfidenceHedgedNeutral,0
depending,depending,s,NarrActsNeutral,0
on,on,s,NarrActsNeutral,1
the,the,s,SpecialTopicsMiscellanyNeutral,0
colony,colony,s,SpecialTopicsMiscellanyNeutral,1
and,and,s,OtherSyntacticComplexityOther,0
time,time,s,NarrDurationNeutral,0
period,period,c,NarrDurationNeutral,1
.,.,s,,0
Here's,here's,s,UpdatesOtherNeutral,0
a,a,s,UpdatesOtherNeutral,1
general,general,s,NegEmotionsBreakdown,0
breakdown,breakdown,c,NegEmotionsBreakdown,1
:,:,n,,0
Basic,basic,s,SpecialTopicsMiscellanyNeutral,0
Wages,wages,c,SpecialTopicsMiscellanyNeutral,0
:,:,n,,0
Typical,typical,s,NarrDurationNeutral,0
pay,pay,s,OtherOrphanedOther,0
was,was,s,MetadiscourseOtherNeutral,0
about,about,s,MetadiscourseOtherNeutral,1
12,12,s,ExpoOtherNeutral,0
to,to,s,OtherOrphanedOther,0
25,25,s,ExpoOtherNeutral,0
cents,cents,s,DescriptObjectsNeutral,0
per,per,s,ReasoningOtherNeutral,0
day,day,s,NarrDurationNeutral,0
(,(,c,OtherOrphanedOther,0
in,in,s,OtherOrphanedOther,0
local,local,s,SpecialTopicsPlaceNeutral,0
colonial,colonial,s,SpecialTopicsMiscellanyNeutral,0
currency,currency,c,SpecialTopicsMiscellanyNeutral,0
),),c,OtherOrphanedOther,0
",",",",s,,0
depending,depending,s,NarrActsNeutral,0
on,on,c,NarrActsNeutral,1
:,:,n,,0
the,the,s,OtherOrphanedOther,0
type,type,s,SpecialTopicsMiscellanyNeutral,0
of,of,s,SpecialTopicsMiscellanyNeutral,1
work,work,s,OtherOrphanedOther,0
(,(,c,OtherOrphanedOther,0
field,field,s,OtherOrphanedOther,0
laborers,laborers,c,CharTypesNeutral,0
",",",",s,,0
skilled,skilled,s,PosValuesAbility,0
workers,workers,c,CharTypesNeutral,0
",",",",s,,0
etc,etc,c,OtherOrphanedOther,0
.,.,c,OtherOrphanedOther,1
),),c,OtherOrphanedOther,0
",",",",n,,0
gender,gender,s,SpecialTopicsMiscellanyNeutral,0
(,(,c,OtherOrphanedOther,0
women,women,s,CharTypesNeutral,0
often,often,s,NarrDurationNeutral,0
earned,earned,s,PosActsEarn,0
less,less,s,ExpoComparisonNeutral,0
than,than,s,ExpoComparisonNeutral,1
men,men,c,CharTypesNeutral,0
),),c,OtherOrphanedOther,0
",",",",n,,0
and,and,s,OtherSyntacticComplexityOther,0
productivity,productivity,c,PosValuesOther,0
.,.,n,,0
In,in,s,OtherOrphanedOther,0
Suriname,suriname,c,SpecialTopicsPlaceNeutral,0
",",",",s,,0
Indian,indian,s,PubLawNeutral,0
indentured,indentured,s,PubLawNeutral,1
workers,workers,s,CharTypesNeutral,0
earned,earned,s,PosActsEarn,0
around,around,s,OtherOrphanedOther,0
15,15,s,ExpoOtherNeutral,0
to,to,s,OtherOrphanedOther,0
20,20,s,ExpoOtherNeutral,0
cents,cents,s,DescriptObjectsNeutral,0
per,per,s,ReasoningOtherNeutral,0
day,day,s,NarrDurationNeutral,0
initially,initially,c,NarrSequenceNeutral,0
.,.,n,,0
In,in,s,OtherOrphanedOther,0
Trinidad,trinidad,s,SpecialTopicsPlaceNeutral,0
and,and,s,OtherSyntacticComplexityOther,0
Fiji,fiji,c,SpecialTopicsPlaceNeutral,0
",",",",s,,0
daily,daily,s,NarrDurationNeutral,0
wages,wages,s,SpecialTopicsMiscellanyNeutral,0
were,were,s,NarrDurationNeutral,0
often,often,s,NarrDurationNeutral,1
between,between,s,OtherOrphanedOther,0
12,12,s,ExpoOtherNeutral,0
to,to,s,OtherOrphanedOther,0
18,18,s,ExpoOtherNeutral,0
cents,cents,c,DescriptObjectsNeutral,0
.,.,n,InterCommandNeutral,0
Work,work,s,InterCommandNeutral,1
Conditions,conditions,c,ContingentEventNeutral,0
:,:,n,,0
Laborers,laborers,s,CharTypesNeutral,0
were,were,s,NarrDurationNeutral,0
usually,usually,s,NarrDurationNeutral,1
required,required,s,PubAdministrationNeutral,0
to,to,s,PubAdministrationNeutral,1
work,work,s,OtherOrphanedOther,0
6,6,s,ExpoOtherNeutral,0
days,days,s,NarrDurationNeutral,0
a,a,s,NarrDurationNeutral,0
week,week,c,NarrDurationNeutral,1
",",",",s,,0
sometimes,sometimes,s,ContingentRelationshipNeutral,0
9,9,s,ExpoOtherNeutral,0
hours,hours,s,NarrDurationNeutral,0
a,a,s,NarrDurationNeutral,0
day,day,s,NarrDurationNeutral,1
or,or,s,OtherSyntacticComplexityOther,0
more,more,c,ExpoComparisonNeutral,0
.,.,n,ForcefulEmphaticNeutral,0
There,there,s,ForcefulEmphaticNeutral,1
were,were,s,ForcefulEmphaticNeutral,2
often,often,s,NarrDurationNeutral,0
penalties,penalties,c,ResponsibilityHoldNeg,0
:,:,s,,0
if,if,s,ContingentRelationshipNeutral,0
a,a,s,ContingentRelationshipNeutral,1
laborer,laborer,s,CharTypesNeutral,0
did,did,s,NegActsResist,0
not,not,s,NegActsResist,1
complete,complete,s,NarrSequenceNeutral,0
a,a,s,NarrSequenceNeutral,1
quota,quota,s,NarrSequenceNeutral,2
(,(,c,OtherOrphanedOther,0
amount,amount,s,SpecialTopicsMiscellanyNeutral,0
of,of,s,SpecialTopicsMiscellanyNeutral,1
work,work,s,OtherOrphanedOther,0
expected,expected,c,FutureExpectNeutral,0
),),c,OtherOrphanedOther,0
",",",",s,SpecialTopicsMiscellanyNeutral,0
their,their,s,SpecialTopicsMiscellanyNeutral,1
wages,wages,s,SpecialTopicsMiscellanyNeutral,0
could,could,s,ContingentRelationshipNeutral,0
be,be,s,ContingentRelationshipNeutral,1
cut,cut,s,NarrActsNeutral,0
or,or,s,OtherSyntacticComplexityOther,0
they,they,s,ContingentRelationshipNeutral,0
could,could,s,ContingentRelationshipNeutral,1
be,be,s,ContingentRelationshipNeutral,2
punished,punished,c,NegRelPunish,0
.,.,n,,0
Some,some,s,ExpoOtherNeutral,0
contracts,contracts,s,NarrActsNeutral,0
included,included,s,NarrActsNeutral,0
small,small,s,FacilitateSponsorNeutral,0
incentives,incentives,s,FacilitateSponsorNeutral,1
(,(,c,OtherOrphanedOther,0
bonuses,bonuses,c,ContingentPossibilityPos,0
),),s,OtherOrphanedOther,0
for,for,s,OtherOrphanedOther,0
extra,extra,s,SpecialTopicsMiscellanyNeutral,0
work,work,s,OtherOrphanedOther,0
or,or,s,OtherSyntacticComplexityOther,0
for,for,s,OtherOrphanedOther,0
completing,completing,s,NarrSequenceNeutral,0
the,the,s,NarrSequenceNeutral,1
full,full,s,NarrDurationNeutral,0
term,term,s,NarrDurationNeutral,1
of,of,s,OtherOrphanedOther,0
indenture,indenture,c,PubLawNeutral,0
.,.,n,,0
Deductions,deductions,c,ReasoningOtherNeutral,0
:,:,n,,0
From,from,s,OtherOrphanedOther,0
these,these,s,OtherOrphanedOther,0
tiny,tiny,s,DescriptVisualNeutral,0
wages,wages,c,SpecialTopicsMiscellanyNeutral,0
",",",",s,,0
deductions,deductions,s,ReasoningOtherNeutral,0
were,were,s,NarrDurationNeutral,0
often,often,s,NarrDurationNeutral,1
made,made,s,StratActsNeutral,0
for,for,c,StratActsNeutral,1
:,:,n,,0
food,food,c,DescriptObjectsNeutral,0
",",",",n,,0
medical,medical,s,SpecialTopicsMiscellanyNeutral,0
treatment,treatment,c,SpecialTopicsMiscellanyNeutral,1
",",",",n,,0
housing,housing,s,DescriptVisualNeutral,0
(,(,c,OtherOrphanedOther,0
often,often,s,NarrDurationNeutral,0
poor-quality,poor-quality,s,NegValuesOther,0
barracks,barracks,c,DescriptObjectsNeutral,0
),),c,OtherOrphanedOther,0
",",",",n,,0
tools,tools,s,DescriptObjectsNeutral,0
or,or,s,OtherSyntacticComplexityOther,0
clothing,clothing,c,DescriptObjectsNeutral,0
",",",",n,,0
and,and,s,OtherSyntacticComplexityOther,0
fines,fines,s,NegRelOther,0
for,for,s,NegRelOther,1
perceived,perceived,s,CharMentalStatesNeutral,0
misconduct,misconduct,c,NegActsMisconduct,0
.,.,n,,0
In,in,s,OtherSyntacticComplexityOther,0
effect,effect,c,OtherSyntacticComplexityOther,1
",",",",s,,0
after,after,s,NarrSequenceNeutral,0
deductions,deductions,c,ReasoningOtherNeutral,0
",",",",s,,0
many,many,s,ExpoOtherNeutral,0
laborers,laborers,s,CharTypesNeutral,0
barely,barely,s,ForcefulEmphaticNeutral,0
earned,earned,s,PosActsEarn,0
enough,enough,s,PosValuesSufficient,0
to,to,s,PosValuesSufficient,1
survive,survive,c,PosValuesSufficient,2
.,.,n,,0
Big,big,s,DescriptObjectsNeutral,0
Picture,picture,c,DescriptObjectsNeutral,1
:,:,n,,0
Incomes,incomes,s,SpecialTopicsMiscellanyNeutral,0
were,were,s,NarrOtherNeutral,0
kept,kept,s,CharTraitsNeutral,0
deliberately,deliberately,s,CharTraitsNeutral,1
low,low,s,SpecialTopicsMiscellanyNeutral,0
so,so,s,OtherOrphanedOther,0
plantation,plantation,s,DescriptVisualNeutral,0
owners,owners,s,CharTypesNeutral,0
could,could,s,ContingentRelationshipNeutral,0
maximize,maximize,s,DescriptChangeNeutral,0
profits,profits,c,SpecialTopicsMiscellanyNeutral,0
.,.,n,MetadiscourseContrastNeutral,0
Although,although,s,MetadiscourseContrastNeutral,1
indenture,indenture,s,PubLawNeutral,0
was,was,s,NarrOtherNeutral,0
technically,technically,s,SpecialTopicsMiscellanyNeutral,0
not,not,s,NegActsResist,0
“,",c,,0
slavery,slavery,c,NegRelServility,0
",",",",c,,0
”,",s,,0
the,the,s,OtherOrphanedOther,0
economic,economic,s,SpecialTopicsMiscellanyNeutral,0
dependency,dependency,s,SpecialTopicsMiscellanyNeutral,1
and,and,s,NegValuesLack,0
lack,lack,s,NegValuesLack,1
of,of,s,OtherOrphanedOther,0
freedom,freedom,s,PosValuesFreedom,0
made,made,s,NarrActsNeutral,0
the,the,s,ContingentRelationshipNeutral,0
conditions,conditions,s,ContingentRelationshipNeutral,1
very,very,s,ForcefulEmphaticNeutral,0
similar,similar,s,ExpoComparisonNeutral,0
to,to,s,ExpoComparisonNeutral,1
post-slavery,post-slavery,s,NarrSequenceNeutral,0
exploitation,exploitation,c,NegActsAggressive,0
.,.,n,,0
Many,many,s,ExpoOtherNeutral,0
workers,workers,s,CharTypesNeutral,0
found,found,s,ContingentEventNeutral,0
themselves,themselves,s,ContingentEventNeutral,1
trapped,trapped,c,,0
:,:,s,,0
unable,unable,s,NegValuesInabilityunable,0
to,to,s,NegValuesInabilityunable,1
save,save,s,NegValuesInabilityunable,2
enough,enough,s,PosValuesSufficient,0
to,to,s,PosValuesSufficient,1
return,return,s,PosValuesSufficient,2
home,home,s,SpecialTopicsPlaceNeutral,0
or,or,s,OtherSyntacticComplexityOther,0
buy,buy,s,OtherOrphanedOther,0
land,land,s,SpecialTopicsPlaceNeutral,0
easily,easily,s,FacilitateEasePos,0
after,after,s,NarrSequenceNeutral,0
their,their,s,CharNamesNeutral,0
contract,contract,s,NarrActsNeutral,0
ended,ended,c,NarrSequenceNeutral,0
.,.,n,,0
Good,good,s,InquiryCuriosityNeutral,0
question,question,s,InquiryCuriosityNeutral,1
—,—,s,,0
and,and,s,OtherSyntacticComplexityOther,0
the,the,s,OtherSyntacticComplexityOther,1
answer,answer,s,InterOtherNeutral,0
is,is,s,OtherOrphanedOther,0
complex,complex,c,SpecialTopicsMiscellanyNeutral,0
.,.,n,,0
In,in,s,SpecialTopicsMiscellanyNeutral,0
theory,theory,c,SpecialTopicsMiscellanyNeutral,1
",",",",s,,0
yes,yes,c,InterDialogueNeutral,0
",",",",s,InterDialogueNeutral,1
indentured,indentured,s,PubLawNeutral,0
laborers,laborers,s,CharTypesNeutral,0
were,were,s,ContingentHypotheticalNeutral,0
supposed,supposed,s,ContingentHypotheticalNeutral,1
to,to,s,ContingentHypotheticalNeutral,2
have,have,s,ContingentHypotheticalNeutral,3
the,the,s,OtherOrphanedOther,0
option,option,s,ContingentRelationshipNeutral,0
to,to,s,StratCognitionNeutral,0
return,return,s,StratCognitionNeutral,1
to,to,s,StratCognitionNeutral,2
their,their,s,CharNamesNeutral,0
home,home,s,SpecialTopicsPlaceNeutral,0
country,country,s,SpecialTopicsPlaceNeutral,1
(,(,c,OtherOrphanedOther,0
usually,usually,s,NarrDurationNeutral,0
India,india,c,SpecialTopicsPlaceNeutral,0
),),s,OtherOrphanedOther,0
after,after,s,ExpoOtherNeutral,0
completing,completing,s,ExpoOtherNeutral,1
their,their,s,CharNamesNeutral,0
contract,contract,s,NarrActsNeutral,0
(,(,c,OtherOrphanedOther,0
typically,typically,s,NarrDurationNeutral,0
5,5,s,NarrDurationNeutral,0
years,years,c,NarrDurationNeutral,1
),),c,OtherOrphanedOther,0
.,.,s,,0
This,this,s,OtherOrphanedOther,0
return,return,s,NarrDurationNeutral,0
was,was,s,NarrOtherNeutral,0
part,part,s,SpecialTopicsMiscellanyNeutral,0
of,of,s,SpecialTopicsMiscellanyNeutral,1
the,the,s,SpecialTopicsMiscellanyNeutral,2
“,",c,,0
girmit,girmit,c,,0
”,",s,,0
(,(,c,OtherOrphanedOther,0
agreement,agreement,c,PosRelAgree,0
),),c,OtherOrphanedOther,0
:,:,s,,0
either,either,s,MetadiscourseOtherNeutral,0
a,a,s,OtherOrphanedOther,0
free,free,s,FacilitateUnobstructNeutral,0
return,return,s,NarrDurationNeutral,0
passage,passage,s,DescriptObjectsNeutral,0
or,or,s,OtherSyntacticComplexityOther,0
a,a,s,OtherOrphanedOther,0
small,small,s,DescriptVisualNeutral,0
cash,cash,s,SpecialTopicsMiscellanyNeutral,0
payment,payment,s,SpecialTopicsMiscellanyNeutral,1
(,(,c,OtherOrphanedOther,0
“,",c,,0
passage,passage,s,SpecialTopicsMiscellanyNeutral,0
money,money,c,SpecialTopicsMiscellanyNeutral,1
”,",c,,0
),),s,OtherOrphanedOther,0
if,if,s,ContingentRelationshipNeutral,0
they,they,s,ContingentRelationshipNeutral,1
chose,chose,s,CharSubjectivityNeutral,0
to,to,s,CharSubjectivityNeutral,1
stay,stay,c,NarrDurationNeutral,0
.,.,n,MetadiscourseContrastNeutral,0
But,but,s,MetadiscourseContrastNeutral,1
in,in,s,OtherOrphanedGenericActivity,0
practice,practice,c,OtherOrphanedGenericActivity,1
",",",",s,ForcefulEmphaticNeutral,0
only,only,s,ForcefulEmphaticNeutral,1
a,a,s,OtherOrphanedOther,0
minority,minority,s,CharTypesNeutral,0
actually,actually,s,ForcefulIntenseNeutral,0
returned,returned,c,OtherOrphanedOther,0
.,.,s,,0
Here's,here's,s,NarrImmediacyNeutral,0
why,why,c,InterQuestionNeutral,0
:,:,n,,0
1,1,c,ExpoOtherNeutral,0
.,.,s,ExpoOtherNeutral,1
The,the,s,OtherOrphanedOther,0
Numbers,numbers,c,SpecialTopicsMiscellanyNeutral,0
:,:,n,,0
Historians,historians,s,ConfidenceHedgedNeutral,0
estimate,estimate,s,ConfidenceHedgedNeutral,1
that,that,s,OtherOrphanedOther,0
only,only,s,OtherOrphanedOther,0
about,about,s,UncertaintyOtherNeutral,0
25,25,s,UncertaintyOtherNeutral,1
%,%,s,ExpoOtherNeutral,0
to,to,s,OtherOrphanedOther,0
30,30,s,ExpoOtherNeutral,0
%,%,s,ExpoOtherNeutral,1
of,of,s,OtherOrphanedOther,0
Indian,indian,s,PubLawNeutral,0
indentured,indentured,s,PubLawNeutral,1
laborers,laborers,s,CharTypesNeutral,0
returned,returned,s,NarrSceneShiftNeutral,0
to,to,s,NarrSceneShiftNeutral,1
India,india,c,SpecialTopicsPlaceNeutral,0
.,.,n,,0
In,in,s,OtherOrphanedOther,0
Suriname,suriname,c,SpecialTopicsPlaceNeutral,0
",",",",s,ExpoExampleNeutral,0
for,for,s,ExpoExampleNeutral,1
instance,instance,c,ExpoExampleNeutral,2
",",",",s,ExpoExampleNeutral,3
about,about,s,OtherOrphanedOther,0
one-third,one-third,s,ExpoOtherNeutral,0
of,of,s,OtherSyntacticComplexityOther,0
the,the,s,OtherSyntacticComplexityOther,1
Indian,indian,s,CharTypesNeutral,0
workers,workers,s,CharTypesNeutral,0
went,went,s,NarrSceneShiftNeutral,0
back,back,c,NarrSceneShiftNeutral,1
.,.,n,,0
In,in,s,OtherSyntacticComplexityOther,0
places,places,s,OtherSyntacticComplexityOther,1
like,like,s,OtherOrphanedOther,0
Fiji,fiji,s,SpecialTopicsPlaceNeutral,0
or,or,s,OtherSyntacticComplexityOther,0
Trinidad,trinidad,c,SpecialTopicsPlaceNeutral,0
",",",",s,,0
even,even,s,OtherOrphanedOther,0
fewer,fewer,s,ExpoComparisonNeutral,0
returned,returned,c,OtherOrphanedOther,0
.,.,n,,0
2,2,c,ExpoOtherNeutral,0
.,.,s,ExpoOtherNeutral,1
Reasons,reasons,s,ReasoningReasonsNeutral,0
Why,why,s,ReasoningReasonsNeutral,1
Many,many,s,ExpoOtherNeutral,0
Stayed,stayed,c,NarrDurationNeutral,0
:,:,n,,0
High,high,s,DescriptChangeNeg,0
Costs,costs,s,DescriptChangeNeg,1
and,and,s,OtherSyntacticComplexityOther,0
Difficult,difficult,s,DescriptVisualNeg,0
Travel,travel,c,DescriptVisualNeg,1
:,:,n,,0
Although,although,s,MetadiscourseContrastNeutral,0
return,return,s,NarrDurationNeutral,0
passages,passages,s,SpecialTopicsMiscellanyNeutral,0
were,were,s,FutureOtherPos,0
promised,promised,c,FutureOtherPos,1
",",",",s,,0
plantation,plantation,s,DescriptVisualNeutral,0
owners,owners,s,CharTypesNeutral,0
and,and,s,OtherSyntacticComplexityOther,0
governments,governments,s,PubAdministrationNeutral,0
often,often,s,NarrDurationNeutral,0
made,made,s,PosValuesSatisfaction,0
it,it,s,PosValuesSatisfaction,1
bureaucratically,bureaucratically,s,NegEmotionsDifficult,0
difficult,difficult,s,NegEmotionsDifficult,1
to,to,s,OtherOrphanedOther,0
claim,claim,s,CitationControversyNeutral,0
them,them,c,NarrActsNeutral,0
.,.,n,,0
Some,some,s,ExpoOtherNeutral,0
workers,workers,s,CharTypesNeutral,0
were,were,s,NarrOtherNeutral,0
too,too,s,ForcefulEmphaticNeutral,0
poor,poor,s,ForcefulEmphaticNeutral,1
to,to,s,ForcefulEmphaticNeutral,2
afford,afford,s,FacilitateExpediteNeutral,0
the,the,s,FacilitateExpediteNeutral,1
extra,extra,s,SpecialTopicsMiscellanyNeutral,0
costs,costs,s,SpecialTopicsMiscellanyNeutral,1
not,not,s,NegActsResist,0
covered,covered,s,NegActsResist,1
by,by,s,NegActsResist,2
the,the,s,ReasoningOtherNeutral,0
basic,basic,s,ReasoningOtherNeutral,1
ticket,ticket,s,DescriptObjectsNeutral,0
(,(,c,OtherOrphanedOther,0
like,like,s,SpecialTopicsMiscellanyNeutral,0
family,family,s,SpecialTopicsMiscellanyNeutral,1
travel,travel,c,DescriptMotionNeutral,0
",",",",s,,0
luggage,luggage,c,DescriptObjectsNeutral,0
",",",",s,,0
or,or,s,OtherSyntacticComplexityOther,0
documents,documents,c,DescriptObjectsNeutral,0
),),c,OtherOrphanedOther,0
.,.,n,,0
Settling,settling,s,NarrBiographyNeutral,0
Down,down,c,NarrBiographyNeutral,1
:,:,n,,0
After,after,s,NarrSequenceNeutral,0
5-10,5-10,s,,0
years,years,c,NarrDurationNeutral,0
",",",",s,,0
many,many,s,ExpoOtherNeutral,0
had,had,s,NarrOtherNeutral,0
families,families,c,SpecialTopicsMiscellanyNeutral,0
",",",",s,,0
children,children,s,CharTypesNeutral,0
born,born,s,CharNamesNeutral,0
abroad,abroad,c,NarrSceneShiftNeutral,0
",",",",s,,0
and,and,s,OtherSyntacticComplexityOther,0
small,small,s,DescriptVisualNeutral,0
plots,plots,s,DescriptVisualNeutral,0
of,of,s,DescriptVisualNeutral,1
land,land,s,DescriptVisualNeutral,2
they,they,s,ExpoOtherNeutral,0
acquired,acquired,s,ExpoOtherNeutral,1
or,or,s,OtherSyntacticComplexityOther,0
leased,leased,c,PubLawNeutral,0
.,.,n,,0
Life,life,s,NarrBiographyNeutral,0
in,in,s,OtherOrphanedOther,0
India,india,c,SpecialTopicsPlaceNeutral,0
",",",",s,,0
especially,especially,s,ForcefulEmphaticNeutral,0
rural,rural,s,SpecialTopicsPlaceNeutral,0
areas,areas,c,SpecialTopicsPlaceNeutral,1
",",",",s,,0
remained,remained,s,NarrDurationNeutral,0
extremely,extremely,s,NegEmotionsDifficult,0
hard,hard,s,NegEmotionsDifficult,1
—,—,s,,0
famines,famines,c,DescriptVisualNeg,0
",",",",s,,0
caste,caste,s,NegActsAggressive,0
oppression,oppression,c,NegActsAggressive,1
",",",",s,,0
or,or,s,NegValuesLack,0
lack,lack,s,NegValuesLack,1
of,of,s,OtherOrphanedOther,0
opportunity,opportunity,s,FacilitateEnablePos,0
made,made,s,NarrActsNeutral,0
return,return,s,NarrDurationNeutral,0
less,less,s,ExpoComparisonNeutral,0
attractive,attractive,c,PosValuesAttractive,0
.,.,n,,0
Fear,fear,s,NegEmotionsFear,0
and,and,s,OtherSyntacticComplexityOther,0
Shame,shame,c,NegEmotionsShame,0
:,:,n,,0
There,there,s,NarrOtherNeutral,0
was,was,s,NarrOtherNeutral,1
a,a,s,ForcefulEmphaticNeutral,0
strong,strong,s,ForcefulEmphaticNeutral,1
cultural,cultural,s,SpecialTopicsMiscellanyNeutral,0
taboo,taboo,s,NegActsResist,0
against,against,s,NegActsResist,0
crossing,crossing,s,DescriptVisualNeutral,0
the,the,s,CitationQuotationNeutral,0
“,",c,CitationQuotationNeutral,1
kala,kala,s,CharNamesNeutral,0
pani,pani,c,CharNamesNeutral,0
”,",s,,0
(,(,c,OtherOrphanedOther,0
black,black,s,DescriptObjectsNeutral,0
water,water,c,DescriptObjectsNeutral,1
),),s,OtherOrphanedOther,0
in,in,s,OtherOrphanedOther,0
Hindu,hindu,s,SpecialTopicsMiscellanyNeutral,0
society,society,c,PubAdministrationNeutral,0
.,.,n,,0
Returning,returning,s,NarrDurationNeutral,0
girmityas,girmityas,s,,0
were,were,s,NarrOtherNeutral,0
sometimes,sometimes,s,NegActsCriticize,0
ostracized,ostracized,s,NegActsCriticize,1
in,in,s,OtherOrphanedOther,0
India,india,s,SpecialTopicsPlaceNeutral,0
as,as,s,OtherOrphanedOther,0
ritually,ritually,s,NarrDurationNeutral,0
“,",c,,0
polluted,polluted,c,NegValuesOther,0
”,",s,,0
because,because,s,ReasoningOtherNeutral,0
they,they,s,NarrOtherNeutral,0
had,had,s,NarrOtherNeutral,1
crossed,crossed,s,NarrSceneShiftNeutral,0
the,the,s,NarrSceneShiftNeutral,1
ocean,ocean,c,NarrSceneShiftNeutral,2
.,.,n,,0
Deception,deception,s,NegRelTrickery,0
and,and,s,OtherSyntacticComplexityOther,0
Betrayal,betrayal,c,NegRelBetrayal,0
:,:,n,,0
Some,some,s,ExpoOtherNeutral,0
workers,workers,s,CharTypesNeutral,0
were,were,s,NegActsMislead,0
misled,misled,s,NegActsMislead,1
about,about,s,OtherOrphanedOther,0
the,the,s,PosEmotionsEase,0
ease,ease,s,PosEmotionsEase,1
of,of,s,OtherOrphanedOther,0
return,return,c,NarrDurationNeutral,0
.,.,s,,0
Officials,officials,s,CharTypesNeutral,0
often,often,s,NarrDurationNeutral,0
discouraged,discouraged,s,NegEmotionsDiscouraged,0
applications,applications,s,NegEmotionsDiscouraged,1
for,for,s,OtherOrphanedOther,0
repatriation,repatriation,c,NarrSceneShiftNeutral,0
.,.,n,,0
3,3,c,ExpoOtherNeutral,0
.,.,s,ExpoOtherNeutral,1
Who,who,s,OtherOrphanedOther,0
Returned,returned,s,OtherOrphanedOther,0
?,?,n,InterQuestionNeutral,0
Those,those,s,ExpoSpecificationNeutral,0
who,who,s,ExpoSpecificationNeutral,1
were,were,s,NarrOtherNeutral,0
single,single,c,SpecialTopicsMiscellanyNeutral,0
",",",",s,,0
had,had,s,NegActsResist,0
no,no,s,NegActsResist,1
strong,strong,s,PubDiplomacyNeutral,0
ties,ties,s,PubDiplomacyNeutral,1
abroad,abroad,c,NarrSceneShiftNeutral,0
",",",",s,,0
or,or,s,OtherSyntacticComplexityOther,0
had,had,s,NarrOtherNeutral,0
saved,saved,s,OtherOrphanedOther,0
enough,enough,s,FacilitateOtherNeutral,0
money,money,s,FacilitateOtherNeutral,1
were,were,s,NarrOtherNeutral,0
more,more,s,ConfidenceHedgedNeutral,0
likely,likely,s,ConfidenceHedgedNeutral,1
to,to,s,OtherOrphanedOther,0
go,go,s,NarrSceneShiftNeutral,0
back,back,c,NarrSceneShiftNeutral,1
.,.,n,,0
Some,some,s,CharTypesNeutral,0
who,who,s,CharTypesNeutral,1
returned,returned,s,OtherOrphanedOther,0
even,even,s,OtherOrphanedOther,0
migrated,migrated,s,NarrSceneShiftNeutral,0
again,again,s,NarrSequenceNeutral,0
later,later,c,NarrTimeShiftNeutral,0
",",",",s,,0
realizing,realizing,s,ConfidenceHighNeutral,0
they,they,s,StratDirectAppealNeutral,0
had,had,s,StratDirectAppealNeutral,1
better,better,s,StratDirectAppealNeutral,2
opportunities,opportunities,s,FacilitateEnablePos,0
abroad,abroad,c,NarrSceneShiftNeutral,0
.,.,n,,0
4,4,c,ExpoOtherNeutral,0
.,.,s,ExpoOtherNeutral,1
Legacy,legacy,c,NarrOtherNeutral,0
:,:,n,,0
Those,those,s,ExpoSpecificationNeutral,0
who,who,s,ExpoSpecificationNeutral,1
stayed,stayed,s,NarrDurationNeutral,0
behind,behind,s,SpecialTopicsMiscellanyNeutral,0
eventually,eventually,s,NarrSequenceNeutral,0
became,became,s,NarrSequenceNeutral,1
the,the,s,OtherOrphanedOther,0
ancestors,ancestors,s,NarrTimeShiftNeutral,0
of,of,s,NarrTimeShiftNeutral,1
today's,today's,s,NarrImmediacyNeutral,0
Indo-Caribbean,indo-caribbean,c,,0
",",",",s,,0
Indo-Fijian,indo-fijian,c,,0
",",",",s,,0
Indo-Surinamese,indo-surinamese,c,,0
",",",",s,,0
Mauritian,mauritian,c,,0
",",",",s,,0
and,and,s,OtherSyntacticComplexityOther,0
other,other,s,,0
diasporic,diasporic,s,SpecialTopicsMiscellanyNeutral,0
communities,communities,c,SpecialTopicsMiscellanyNeutral,1
.,.,n,,0
Their,their,s,CharNamesNeutral,0
cultures,cultures,s,SpecialTopicsMiscellanyNeutral,0
evolved,evolved,s,DescriptChangeNeutral,0
into,into,s,DescriptChangeNeutral,1
new,new,s,NarrImmediacyNeutral,0
Indo-diasporic,indo-diasporic,s,,0
identities,identities,s,,0
—,—,s,,0
blending,blending,s,SpecialTopicsMiscellanyNeutral,0
Indian,indian,s,NarrOtherNeutral,0
traditions,traditions,s,NarrOtherNeutral,1
with,with,s,OtherOrphanedOther,0
local,local,s,SpecialTopicsPlaceNeutral,0
influences,influences,c,StratCoordinationNeutral,0
.,.,n,,0
In,in,s,OtherOrphanedOther,0
short,short,c,DescriptVisualNeutral,0
:,:,n,,0
✔,✔,s,,0
Some,some,s,ExpoOtherNeutral,0
did,did,s,ForcefulIntenseNeutral,0
return,return,c,NarrDurationNeutral,0
.,.,n,,0
✔,✔,s,,0
Most,most,s,ExpoComparisonNeutral,0
stayed,stayed,s,NarrDurationNeutral,0
and,and,s,OtherSyntacticComplexityOther,0
built,built,s,NarrActsNeutral,0
new,new,s,NarrImmediacyNeutral,0
lives,lives,s,SpecialTopicsPlaceNeutral,0
far,far,s,SpecialTopicsPlaceNeutral,1
from,from,s,SpecialTopicsPlaceNeutral,2
their,their,s,CharNamesNeutral,0
ancestral,ancestral,s,NarrOtherNeutral,0
homes,homes,c,SpecialTopicsPlaceNeutral,0
.,.,n,,0
✔,✔,s,,0
Over,over,s,NarrOtherNeutral,0
time,time,c,NarrOtherNeutral,1
",",",",s,,0
they,they,s,ExpoOtherNeutral,0
created,created,s,ExpoOtherNeutral,1
vibrant,vibrant,s,ForcefulEnergizedPos,0
new,new,s,SpecialTopicsMiscellanyNeutral,0
communities,communities,s,SpecialTopicsMiscellanyNeutral,1
that,that,s,OtherOrphanedOther,0
still,still,s,OtherOrphanedOther,0
carry,carry,s,OtherOrphanedOther,0
memories,memories,s,NarrOtherNeutral,0
of,of,s,NarrOtherNeutral,1
the,the,s,OtherOrphanedOther,0
girmit,girmit,s,,0
experience,experience,c,NarrActsNeutral,0
.,.,n,,0
Of,of,s,ConfidenceHighNeutral,0
course,course,s,ConfidenceHighNeutral,1
—,—,s,,0
personal,personal,s,CharSubjectivityNeutral,0
testimonies,testimonies,s,PubAdministrationNeutral,0
from,from,s,OtherOrphanedOther,0
indentured,indentured,s,PubLawNeutral,0
laborers,laborers,s,CharTypesNeutral,0
are,are,s,ForcefulIntenseNeutral,0
incredibly,incredibly,s,ForcefulIntenseNeutral,1
powerful,powerful,c,ForcefulEmphaticNeutral,0
",",",",s,,0
because,because,s,ReasoningOtherNeutral,0
they,they,s,CitationAuthoritativePos,0
reveal,reveal,s,CitationAuthoritativePos,1
the,the,s,OtherOrphanedOther,0
human,human,s,SpecialTopicsMiscellanyNeutral,0
side,side,s,DescriptVisualNeutral,0
of,of,s,DescriptVisualNeutral,1
what,what,s,OtherOrphanedOther,0
often,often,s,NarrDurationNeutral,0
sounds,sounds,s,DescriptVisualNeutral,0
like,like,s,DescriptVisualNeutral,1
a,a,s,DescriptVisualNeutral,2
dry,dry,s,DescriptVisualNeutral,0
historical,historical,s,SpecialTopicsMiscellanyNeutral,0
process,process,c,SpecialTopicsMiscellanyNeutral,1
.,.,n,,0
Here’s,here’s,s,UpdatesOtherNeutral,0
a,a,s,UpdatesOtherNeutral,1
structured,structured,s,SpecialTopicsMiscellanyNeutral,0
account,account,s,CitationAuthoritativePos,0
of,of,s,CitationAuthoritativePos,1
real,real,s,,0
testimonies,testimonies,s,PubAdministrationNeutral,0
and,and,s,OtherSyntacticComplexityOther,0
common,common,s,ReasoningAnalyzeNeutral,0
themes,themes,s,ReasoningAnalyzeNeutral,1
that,that,s,OtherOrphanedOther,0
emerged,emerged,c,ContingentEventNeutral,0
:,:,n,,0
1,1,c,ExpoOtherNeutral,0
.,.,s,ExpoOtherNeutral,1
Accounts,accounts,s,CitationAuthoritativePos,0
of,of,s,CitationAuthoritativePos,1
Deception,deception,s,NegRelTrickery,0
and,and,s,OtherSyntacticComplexityOther,0
Betrayal,betrayal,n,NegRelBetrayal,0
Many,many,s,ExpoOtherNeutral,0
laborers,laborers,s,CharTypesNeutral,0
recalled,recalled,s,CharMentalStatesNeutral,0
how,how,s,CharMentalStatesNeutral,1
they,they,s,OtherOrphanedOther,0
were,were,s,NegRelTrickery,0
tricked,tricked,s,NegRelTrickery,1
into,into,s,NegRelTrickery,2
signing,signing,s,PosRelOther,0
contracts,contracts,c,PosRelOther,1
:,:,n,,0
Testimony,testimony,s,PubAdministrationNeutral,0
(,(,c,OtherOrphanedOther,0
Suriname,suriname,c,SpecialTopicsPlaceNeutral,0
",",",",s,,0
late,late,s,ExpoOtherNeutral,0
19th,19th,s,ExpoOtherNeutral,1
century,century,c,NarrDurationNeutral,0
),),c,OtherOrphanedOther,0
:,:,n,,0
“,",c,,0
They,they,s,CitationOtherNeutral,0
told,told,s,CitationOtherNeutral,1
us,us,s,OtherOrphanedOther,0
we,we,s,NarrOtherNeutral,0
would,would,s,NarrOtherNeutral,1
earn,earn,s,PosActsEarn,0
gold,gold,s,PosActsEarn,1
in,in,s,OtherOrphanedOther,0
Chini-dad,chini-dad,s,,0
(,(,c,OtherOrphanedOther,0
Trinidad/Suriname,trinidad/suriname,c,,0
),),c,OtherOrphanedOther,0
.,.,s,NarrActsNeutral,0
They,they,s,NarrActsNeutral,1
showed,showed,s,OtherOrphanedOther,0
us,us,s,OtherOrphanedOther,0
big,big,s,DescriptVisualNeutral,0
houses,houses,c,DescriptObjectsNeutral,0
",",",",s,,0
broad,broad,s,SpecialTopicsMiscellanyNeutral,0
roads,roads,c,DescriptObjectsNeutral,0
.,.,s,MetadiscourseContrastNeutral,0
But,but,s,MetadiscourseContrastNeutral,1
when,when,s,NarrTimeShiftNeutral,0
we,we,s,NarrTimeShiftNeutral,1
came,came,c,MetadiscourseOtherNeutral,0
",",",",s,MetadiscourseOtherNeutral,1
there,there,s,NarrOtherNeutral,0
was,was,s,NarrOtherNeutral,1
only,only,s,OtherOrphanedOther,0
cane,cane,s,DescriptObjectsNeutral,0
and,and,s,OtherSyntacticComplexityOther,0
cane,cane,s,DescriptObjectsNeutral,0
and,and,s,OtherSyntacticComplexityOther,0
whip,whip,c,DescriptMotionNeutral,0
.,.,c,,0
”,",n,,0
Recruiters,recruiters,s,CharTypesNeutral,0
(,(,c,OtherOrphanedOther,0
“,",c,,0
arkatis,arkatis,c,,0
”,",c,,0
),),s,OtherOrphanedOther,0
often,often,s,NegActsTellingLies,0
lied,lied,s,NegActsTellingLies,1
to,to,s,NegActsTellingLies,2
villagers,villagers,s,CharTypesNeutral,0
about,about,s,OtherOrphanedOther,0
the,the,s,OtherOrphanedOther,0
nature,nature,s,SpecialTopicsMiscellanyNeutral,0
of,of,s,OtherSyntacticComplexityOther,0
the,the,s,OtherSyntacticComplexityOther,1
work,work,s,OtherOrphanedOther,0
and,and,s,OtherSyntacticComplexityOther,0
the,the,s,OtherSyntacticComplexityOther,1
conditions,conditions,s,ContingentEventNeutral,0
abroad,abroad,c,NarrSceneShiftNeutral,0
.,.,n,,0
2,2,c,ExpoOtherNeutral,0
.,.,s,ExpoOtherNeutral,1
Voyage,voyage,s,NarrSceneShiftNeutral,0
Across,across,s,OtherOrphanedOther,0
the,the,s,OtherOrphanedOther,0
Kala,kala,s,CharNamesNeutral,0
Pani,pani,s,CharNamesNeutral,0
(,(,c,OtherOrphanedOther,0
Black,black,s,DescriptObjectsNeutral,0
Water,water,c,DescriptObjectsNeutral,1
),),n,OtherOrphanedOther,0
The,the,s,OtherOrphanedOther,0
sea,sea,s,NarrSceneShiftNeutral,0
journey,journey,s,NarrSceneShiftNeutral,1
itself,itself,s,ForcefulEmphaticNeutral,0
was,was,s,NegActsTrauma,0
traumatic,traumatic,c,NegActsTrauma,1
:,:,n,,0
Testimony,testimony,s,PubAdministrationNeutral,0
(,(,c,OtherOrphanedOther,0
Mauritius-bound,mauritius-bound,s,,0
ship,ship,c,DescriptObjectsNeutral,0
",",",",s,,0
1860s,1860s,c,,0
),),c,OtherOrphanedOther,0
:,:,n,,0
“,",c,,0
We,we,s,OtherOrphanedOther,0
were,were,s,NarrOtherNeutral,0
packed,packed,s,OtherOrphanedOther,0
together,together,s,StratCoordinationNeutral,0
like,like,s,OtherOrphanedOther,0
goats,goats,c,DescriptObjectsNeutral,0
.,.,s,,0
Many,many,s,ExpoOtherNeutral,0
died,died,s,NarrBiographyNeutral,0
on,on,s,NarrBiographyNeutral,1
the,the,s,DescriptObjectsNeutral,0
ship,ship,c,DescriptObjectsNeutral,1
.,.,s,,0
The,the,s,DescriptSmellNeutral,0
smell,smell,s,DescriptSmellNeutral,1
of,of,s,DescriptSmellNeutral,2
sickness,sickness,s,NegEmotionsSick,0
was,was,s,NarrOtherNeutral,0
in,in,s,DescriptVisualNeutral,0
the,the,s,DescriptVisualNeutral,1
air,air,c,DescriptVisualNeutral,2
.,.,s,,0
The,the,s,OtherOrphanedOther,0
priests,priests,s,FutureAnticipateNeg,0
warned,warned,s,FutureAnticipateNeg,1
us,us,s,OtherOrphanedOther,0
that,that,s,OtherOrphanedOther,0
crossing,crossing,s,NarrSceneShiftNeutral,0
the,the,s,NarrSceneShiftNeutral,1
ocean,ocean,s,NarrSceneShiftNeutral,2
would,would,s,FutureOtherNeutral,0
make,make,s,FutureOtherNeutral,1
us,us,s,OtherOrphanedOther,0
untouchable,untouchable,c,NegActsResist,0
.,.,s,,0
Some,some,s,ExpoOtherNeutral,0
refused,refused,s,NegActsResist,0
food,food,s,NegActsResist,1
and,and,s,OtherSyntacticComplexityOther,0
died,died,s,DescriptChangeNeg,0
fasting,fasting,c,OtherOrphanedOther,0
.,.,c,,0
”,",n,,0
High,high,s,DescriptVisualNeutral,0
mortality,mortality,s,PubAdministrationNeutral,0
rates,rates,c,PubAdministrationNeutral,1
",",",",s,,0
disease,disease,s,SpecialTopicsMiscellanyNeutral,0
(,(,c,OtherOrphanedOther,0
cholera,cholera,c,SpecialTopicsMiscellanyNeutral,0
",",",",s,,0
dysentery,dysentery,c,SpecialTopicsMiscellanyNeutral,0
),),c,OtherOrphanedOther,0
",",",",s,,0
and,and,s,OtherSyntacticComplexityOther,0
depression,depression,s,NegEmotionsDepression,0
were,were,s,ExpoOtherNeutral,0
common,common,s,ExpoOtherNeutral,1
during,during,s,NarrDurationNeutral,0
the,the,s,NarrDurationNeutral,1
long,long,s,NarrSceneShiftNeutral,0
voyages,voyages,c,NarrSceneShiftNeutral,1
.,.,n,,0
3,3,c,ExpoOtherNeutral,0
.,.,s,ExpoOtherNeutral,1
Work,work,s,NarrBiographyNeutral,0
on,on,s,NarrBiographyNeutral,1
the,the,s,NarrBiographyNeutral,2
Plantations,plantations,n,DescriptVisualNeutral,0
Once,once,s,NarrOtherNeutral,0
at,at,s,DescriptVisualNeutral,0
the,the,s,DescriptVisualNeutral,1
plantations,plantations,c,DescriptVisualNeutral,0
",",",",s,,0
the,the,s,NarrOtherNeg,0
shock,shock,s,NarrOtherNeg,1
was,was,s,NarrOtherNeutral,0
immense,immense,c,DescriptVisualNeutral,0
:,:,n,,0
Testimony,testimony,s,PubAdministrationNeutral,0
(,(,c,OtherOrphanedOther,0
Fiji,fiji,c,SpecialTopicsPlaceNeutral,0
",",",",s,CitationReferenceNeutral,0
1910,1910,c,CitationReferenceNeutral,1
),),c,CitationReferenceNeutral,2
:,:,n,,0
“,",c,,0
The,the,s,OtherOrphanedOther,0
sardar,sardar,s,CharTypesNeutral,0
(,(,c,OtherOrphanedOther,0
overseer,overseer,c,CharTypesNeutral,0
),),s,OtherOrphanedOther,0
would,would,s,NarrOtherNeutral,0
beat,beat,s,StratCompetitionNeutral,0
us,us,s,StratCompetitionNeutral,1
if,if,s,ContingentRelationshipNeutral,0
we,we,s,OtherOrphanedOther,0
paused,paused,s,NarrDurationNeutral,0
even,even,s,ForcefulIntenseNeutral,0
for,for,s,ForcefulIntenseNeutral,1
a,a,s,NarrTimeShiftNeutral,0
moment,moment,c,NarrTimeShiftNeutral,1
.,.,s,,0
If,if,s,ContingentRelationshipNeutral,0
we,we,s,FPAutobiographyNeutral,0
spoke,spoke,s,FPAutobiographyNeutral,1
of,of,s,OtherOrphanedOther,0
illness,illness,c,SpecialTopicsMiscellanyNeutral,0
",",",",s,InterDialogueNeutral,0
they,they,s,InterDialogueNeutral,1
said,said,s,InterDialogueNeutral,2
we,we,s,OtherOrphanedOther,0
were,were,s,NegValuesLazy,0
lazy,lazy,c,NegValuesLazy,1
.,.,s,,0
The,the,s,DescriptObjectsNeutral,0
sun,sun,s,DescriptObjectsNeutral,1
burned,burned,s,NegActsInjure,0
us,us,c,NegActsInjure,1
.,.,s,,0
Sometimes,sometimes,s,ContingentRelationshipNeutral,0
we,we,s,OtherOrphanedOther,0
were,were,s,NarrOtherNeutral,0
made,made,s,StratActsNeutral,0
to,to,s,StratActsNeutral,1
work,work,s,OtherOrphanedOther,0
even,even,s,ForcefulIntenseNeutral,0
when,when,s,ForcefulIntenseNeutral,1
rain,rain,s,DescriptVisualNeutral,0
flooded,flooded,s,DescriptMotionNeutral,0
the,the,s,OtherOrphanedOther,0
fields,fields,c,OtherOrphanedOther,0
.,.,c,,0
”,",n,,0
Wages,wages,s,SpecialTopicsMiscellanyNeutral,0
were,were,s,NarrOtherNeutral,0
withheld,withheld,s,NarrOtherNeutral,1
or,or,s,OtherSyntacticComplexityOther,0
underpaid,underpaid,c,NegActsPrefixUnder,0
",",",",s,,0
and,and,s,OtherSyntacticComplexityOther,0
medical,medical,s,SpecialTopicsMiscellanyNeutral,0
care,care,s,SpecialTopicsMiscellanyNeutral,1
was,was,s,NegValuesPoor,0
poor,poor,c,NegValuesPoor,1
.,.,n,,0
Women,women,s,CharTypesNeutral,0
often,often,s,NarrDurationNeutral,0
faced,faced,s,DescriptVisualNeutral,0
sexual,sexual,s,SpecialTopicsMiscellanyNeutral,0
exploitation,exploitation,s,NegActsAggressive,0
both,both,s,OtherSyntacticComplexityOther,0
from,from,s,OtherOrphanedOther,0
white,white,s,DescriptVisualNeutral,0
overseers,overseers,s,CharTypesNeutral,0
and,and,s,OtherSyntacticComplexityOther,0
from,from,s,OtherOrphanedOther,0
Indian,indian,s,CharTypesNeutral,0
male,male,s,CharTypesNeutral,0
laborers,laborers,c,CharTypesNeutral,0
.,.,n,,0
4,4,c,ExpoOtherNeutral,0
.,.,s,ExpoOtherNeutral,1
Loss,loss,c,NegEmotionsLoss,0
",",",",s,,0
Longing,longing,c,,0
",",",",s,,0
and,and,s,OtherSyntacticComplexityOther,0
Nostalgia,nostalgia,n,CharMentalStatesPos,0
Homesickness,homesickness,s,CharMentalStatesPos,0
ran,ran,s,ForcefulEmphaticNeutral,0
deep,deep,c,ForcefulEmphaticNeutral,1
:,:,n,,0
Testimony,testimony,s,PubAdministrationNeutral,0
(,(,c,OtherOrphanedOther,0
Trinidad,trinidad,c,SpecialTopicsPlaceNeutral,0
",",",",s,,0
1880s,1880s,c,NarrOtherNeutral,0
),),c,OtherOrphanedOther,0
:,:,n,,0
“,",c,,0
At,at,s,NarrDurationNeutral,0
night,night,c,NarrDurationNeutral,1
",",",",s,,0
I,i,s,FPOtherNeutral,0
sing,sing,s,DescriptMotionNeutral,0
the,the,s,OtherOrphanedOther,0
songs,songs,s,DescriptSoundNeutral,0
of,of,s,OtherOrphanedOther,0
Basti,basti,c,,0
",",",",s,,0
and,and,s,OtherSyntacticComplexityOther,0
my,my,s,FPSubjectiveNeutral,0
heart,heart,s,FPSubjectiveNeutral,1
breaks,breaks,c,,0
.,.,s,,0
I,i,s,MetadiscourseOtherNeutral,0
see,see,s,MetadiscourseOtherNeutral,1
my,my,s,FPAutobiographyNeutral,0
mother's,mother's,s,FPAutobiographyNeutral,1
face,face,c,DescriptVisualNeutral,0
",",",",s,MetadiscourseContrastNeutral,0
but,but,s,MetadiscourseContrastNeutral,1
I,i,s,ConfidenceHighPos,0
can,can,s,ConfidenceHighPos,1
not,not,s,NegActsResist,0
touch,touch,s,NegActsResist,1
it,it,c,NegActsResist,2
.,.,s,,0
The,the,s,OtherOrphanedOther,0
cane,cane,s,DescriptObjectsNeutral,0
fields,fields,s,OtherOrphanedOther,0
are,are,s,NegActsResist,0
not,not,s,NegActsResist,1
my,my,s,FPOtherNeutral,0
home,home,c,SpecialTopicsPlaceNeutral,0
.,.,c,,0
”,",n,,0
Songs,songs,s,DescriptSoundNeutral,0
(,(,c,OtherOrphanedOther,0
birhas,birhas,c,,0
",",",",s,,0
sohar,sohar,c,,0
),),s,OtherOrphanedOther,0
became,became,s,DescriptChangeNeutral,0
a,a,s,DescriptChangeNeutral,1
way,way,s,FacilitateOtherNeutral,0
to,to,s,FacilitateOtherNeutral,1
keep,keep,s,NarrActsNeutral,0
memories,memories,s,CharMentalStatesNeutral,0
alive,alive,c,PosEmotionsOther,0
.,.,n,,0
5,5,c,ExpoOtherNeutral,0
.,.,s,ExpoOtherNeutral,1
Resistance,resistance,s,NegActsResist,0
and,and,s,OtherSyntacticComplexityOther,0
Defiance,defiance,n,NegActsResist,0
There,there,s,OtherSyntacticComplexityOther,0
are,are,s,OtherSyntacticComplexityOther,1
testimonies,testimonies,s,PubAdministrationNeutral,0
of,of,s,OtherOrphanedOther,0
silent,silent,s,DescriptVisualNeutral,0
resistance,resistance,s,NegActsResist,0
and,and,s,OtherSyntacticComplexityOther,0
open,open,s,OtherOrphanedOther,0
revolt,revolt,c,StratActsNeg,0
:,:,n,,0
Testimony,testimony,s,PubAdministrationNeutral,0
(,(,c,OtherOrphanedOther,0
Suriname,suriname,c,SpecialTopicsPlaceNeutral,0
",",",",s,,0
Mariënburg,mariënburg,s,,0
uprising,uprising,s,StratActsNeg,0
survivor,survivor,c,NarrBiographyNeutral,0
",",",",s,CitationReferenceNeutral,0
1902,1902,c,CitationReferenceNeutral,1
),),c,CitationReferenceNeutral,2
:,:,n,,0
“,",c,,0
We,we,s,FPAutobiographyNeutral,0
had,had,s,FPAutobiographyNeutral,1
no,no,s,NegActsResist,0
weapons,weapons,c,StratCoordinationNeg,0
",",",",s,ForcefulEmphaticNeutral,0
only,only,s,ForcefulEmphaticNeutral,1
anger,anger,c,NegEmotionsAnger,0
.,.,s,NarrDurationNeutral,0
When,when,s,NarrDurationNeutral,1
they,they,s,NarrDurationNeutral,2
cut,cut,s,NarrActsNeutral,0
our,our,s,FPOtherNeutral,0
wages,wages,c,SpecialTopicsMiscellanyNeutral,0
",",",",s,,0
we,we,s,OtherOrphanedOther,0
stopped,stopped,s,NarrSequenceNeutral,0
work,work,c,NarrSequenceNeutral,1
.,.,s,NarrActsNeutral,0
They,they,s,NarrActsNeutral,1
fired,fired,s,NegActsAggressive,0
guns,guns,s,NegActsAggressive,1
at,at,s,DescriptMotionNeutral,0
us,us,c,DescriptMotionNeutral,1
.,.,s,,0
Many,many,s,ExpoOtherNeutral,0
died,died,s,DescriptChangeNeg,0
but,but,s,MetadiscourseContrastNeutral,0
we,we,s,FPOtherNeg,0
did,did,s,FPOtherNeg,1
not,not,s,FPOtherNeg,2
beg,beg,s,CitationDialogueNeg,0
for,for,s,CitationDialogueNeg,1
mercy,mercy,c,CitationDialogueNeg,2
.,.,c,,0
”,",n,,0
Women,women,s,CharTypesNeutral,0
too,too,s,ForcefulEmphaticNeutral,0
participated,participated,s,NarrActsNeutral,0
—,—,s,,0
hiding,hiding,s,DescriptVisualNeutral,0
runaways,runaways,c,,0
",",",",s,,0
refusing,refusing,s,NegActsResist,0
to,to,s,NegActsResist,1
work,work,c,NegActsResist,2
",",",",s,,0
or,or,s,OtherSyntacticComplexityOther,0
speaking,speaking,s,StratActsNeutral,0
out,out,c,StratActsNeutral,1
.,.,n,,0
6,6,c,ExpoOtherNeutral,0
.,.,s,ExpoOtherNeutral,1
Hope,hope,s,FutureOtherPos,0
and,and,s,OtherSyntacticComplexityOther,0
New,new,s,DescriptChangePos,0
Beginnings,beginnings,n,DescriptChangePos,1
Despite,despite,s,MetadiscourseContrastNeutral,0
everything,everything,c,ExpoOtherNeutral,0
",",",",s,,0
some,some,s,ExpoOtherNeutral,0
laborers,laborers,s,CharTypesNeutral,0
eventually,eventually,s,NarrSequenceNeutral,0
found,found,s,NarrActsNeutral,0
a,a,s,NarrActsNeutral,1
sense,sense,s,PosEmotionsOther,0
of,of,s,PosEmotionsOther,1
belonging,belonging,c,PosEmotionsOther,2
:,:,n,,0
Testimony,testimony,s,PubAdministrationNeutral,0
(,(,c,OtherOrphanedOther,0
Guyana,guyana,c,SpecialTopicsPlaceNeutral,0
",",",",s,,0
1920s,1920s,c,NarrOtherNeutral,0
),),c,OtherOrphanedOther,0
:,:,n,,0
“,",c,,0
I,i,s,FPOtherNeutral,0
grew,grew,s,DescriptChangeNeutral,0
rice,rice,s,DescriptObjectsNeutral,0
on,on,s,OtherSyntacticComplexityOther,0
a,a,s,OtherSyntacticComplexityOther,1
small,small,s,DescriptVisualNeutral,0
patch,patch,s,DescriptObjectsNeutral,0
after,after,s,NarrSequenceNeutral,0
my,my,s,FPAutobiographyNeutral,0
time,time,s,FPAutobiographyNeutral,1
was,was,s,NarrSequenceNeutral,0
over,over,c,NarrSequenceNeutral,1
.,.,s,NarrSequenceNeutral,2
My,my,s,FPOtherNeutral,0
children,children,s,CharTypesNeutral,0
were,were,s,NarrBiographyNeutral,0
born,born,s,NarrBiographyNeutral,1
here,here,c,NarrImmediacyNeutral,0
.,.,s,,0
I,i,s,FPOtherNeutral,0
taught,taught,s,SpecialTopicsMiscellanyNeutral,0
them,them,s,NarrActsNeutral,0
to,to,s,OtherOrphanedOther,0
pray,pray,s,CharTraitsNeutral,0
to,to,s,CharTraitsNeutral,1
Ram,ram,s,DescriptObjectsNeutral,0
and,and,s,OtherSyntacticComplexityOther,0
Krishna,krishna,c,CharNamesNeutral,0
.,.,s,,0
This,this,s,OtherOrphanedOther,0
land,land,s,SpecialTopicsPlaceNeutral,0
became,became,s,DescriptChangeNeutral,0
ours,ours,c,FPOtherNeutral,0
",",",",s,,0
in,in,s,OtherOrphanedOther,0
sorrow,sorrow,s,NegEmotionsSadness,0
and,and,s,OtherSyntacticComplexityOther,0
in,in,s,OtherSyntacticComplexityOther,1
joy,joy,c,PosEmotionsJoy,0
.,.,c,,0
”,",n,,0
The,the,s,NarrTimeShiftNeutral,0
descendants,descendants,s,NarrTimeShiftNeutral,1
of,of,s,NarrTimeShiftNeutral,2
indentured,indentured,s,PubLawNeutral,0
laborers,laborers,s,CharTypesNeutral,0
built,built,s,NarrActsNeutral,0
temples,temples,c,DescriptVisualNeutral,0
",",",",s,,0
mosques,mosques,c,DescriptVisualNeutral,0
",",",",s,,0
schools,schools,c,SpecialTopicsMiscellanyNeutral,0
",",",",s,,0
and,and,s,OtherSyntacticComplexityOther,0
communities,communities,s,SpecialTopicsMiscellanyNeutral,0
that,that,s,OtherOrphanedOther,0
flourished,flourished,s,DescriptChangePos,0
over,over,s,NarrOtherNeutral,0
time,time,c,NarrOtherNeutral,1
.,.,n,NarrImmediacyNeutral,0
Here,here,s,NarrImmediacyNeutral,1
is,is,s,OtherOrphanedOther,0
a,a,s,ForcefulEmphaticNeutral,0
powerful,powerful,s,ForcefulEmphaticNeutral,1
female,female,s,CharTypesNeutral,0
testimony,testimony,s,PubAdministrationNeutral,0
about,about,s,OtherOrphanedOther,0
raising,raising,s,DescriptChangeNeutral,0
children,children,s,CharTypesNeutral,0
under,under,s,OtherOrphanedOther,0
indenture,indenture,s,PubLawNeutral,0
—,—,s,,0
from,from,s,OtherOrphanedOther,0
oral,oral,s,ExpoOtherNeutral,0
history,history,s,ExpoOtherNeutral,1
interviews,interviews,s,SpecialTopicsMiscellanyNeutral,0
collected,collected,s,DescriptMotionNeutral,0
in,in,s,OtherOrphanedOther,0
Fiji,fiji,s,SpecialTopicsPlaceNeutral,0
and,and,s,OtherSyntacticComplexityOther,0
the,the,s,OtherSyntacticComplexityOther,1
Caribbean,caribbean,c,SpecialTopicsPlaceNeutral,0
:,:,n,,0
Testimony,testimony,s,PubAdministrationNeutral,0
(,(,c,OtherOrphanedOther,0
Indo-Fijian,indo-fijian,s,,0
woman,woman,c,CharTypesNeutral,0
",",",",s,,0
recorded,recorded,s,SpecialTopicsMiscellanyNeutral,0
by,by,s,OtherOrphanedOther,0
historian,historian,s,CharTypesNeutral,0
Brij,brij,s,,0
Lal,lal,c,CharNamesNeutral,0
",",",",s,,0
1970s,1970s,c,NarrOtherNeutral,0
),),c,OtherOrphanedOther,0
:,:,n,,0
“,",c,,0
I,i,s,FPOtherNeutral,0
carried,carried,s,OtherOrphanedOther,0
my,my,s,FPOtherNeutral,0
child,child,s,CharTypesNeutral,0
to,to,s,OtherOrphanedOther,0
the,the,s,OtherOrphanedOther,0
cane,cane,s,DescriptObjectsNeutral,0
fields,fields,c,OtherOrphanedOther,0
.,.,s,NegActsResist,0
There,there,s,NegActsResist,1
was,was,s,NegActsResist,2
no,no,s,NegActsResist,3
one,one,s,,0
to,to,s,SpecialTopicsMiscellanyNeutral,0
leave,leave,s,SpecialTopicsMiscellanyNeutral,1
him,him,s,CharNamesNeutral,0
with,with,c,SpecialTopicsMiscellanyNeutral,0
.,.,s,SpecialTopicsMiscellanyNeutral,1
I,i,s,FPOtherNeutral,0
tied,tied,s,OtherOrphanedOther,0
him,him,s,OtherOrphanedOther,1
in,in,s,OtherOrphanedOther,0
a,a,s,DescriptObjectsNeutral,0
cloth,cloth,s,DescriptObjectsNeutral,1
on,on,s,FPSubjectiveNeutral,0
my,my,s,FPSubjectiveNeutral,1
back,back,s,,0
while,while,s,NarrDurationNeutral,0
I,i,s,FPOtherNeutral,0
cut,cut,s,NarrActsNeutral,0
cane,cane,c,DescriptObjectsNeutral,0
.,.,s,,0
If,if,s,ContingentRelationshipNeutral,0
he,he,s,ContingentRelationshipNeutral,1
cried,cried,c,InterOtherNeutral,0
",",",",s,,0
the,the,s,OtherOrphanedOther,0
overseer,overseer,s,CharTypesNeutral,0
would,would,s,NarrOtherNeutral,0
shout,shout,s,NegRelOther,0
at,at,s,NegRelOther,1
me,me,s,FPOtherNeutral,0
to,to,s,OtherOrphanedOther,0
work,work,s,PosValuesOther,0
faster,faster,c,PosValuesOther,1
.,.,s,,0
Sometimes,sometimes,s,ContingentRelationshipNeutral,0
I,i,s,FPOtherNeutral,0
hid,hid,s,DescriptVisualNeutral,0
among,among,s,OtherSyntacticComplexityOther,0
the,the,s,OtherSyntacticComplexityOther,1
stalks,stalks,s,NegActsAggressive,0
to,to,s,OtherOrphanedOther,0
feed,feed,s,DescriptObjectsNeutral,0
him,him,c,CharNamesNeutral,0
.,.,s,,0
I,i,s,FPOtherNeutral,0
prayed,prayed,s,NarrActsNeutral,0
he,he,s,NegActsResist,0
would,would,s,NegActsResist,1
not,not,s,NegActsResist,2
fall,fall,s,NegActsResist,3
sick,sick,c,NegEmotionsSick,0
",",",",s,,0
because,because,s,ReasoningOtherNeutral,0
there,there,s,NarrOtherNeutral,0
was,was,s,NarrOtherNeutral,1
no,no,s,NegActsResist,0
doctor,doctor,s,CharTypesNeutral,0
nearby,nearby,c,DescriptVisualNeutral,0
.,.,s,NarrDurationNeutral,0
When,when,s,NarrDurationNeutral,1
the,the,s,NarrDurationNeutral,2
sun,sun,s,DescriptObjectsNeutral,0
was,was,s,NarrOtherNeutral,0
too,too,s,NegValuesExcess,0
strong,strong,c,NegValuesExcess,1
",",",",s,,0
I,i,s,FPOtherNeutral,0
wrapped,wrapped,s,DescriptVisualNeutral,0
him,him,s,DescriptVisualNeutral,1
in,in,s,OtherOrphanedOther,0
leaves,leaves,c,SpecialTopicsMiscellanyNeutral,0
.,.,s,,0
We,we,s,FPAutobiographyNeutral,0
had,had,s,FPAutobiographyNeutral,1
no,no,s,NegActsResist,0
cradles,cradles,c,DescriptObjectsNeutral,0
",",",",s,,0
no,no,s,NegActsResist,0
toys,toys,s,SpecialTopicsMiscellanyNeutral,0
—,—,s,,0
only,only,s,ExpoOtherNeutral,0
the,the,s,ExpoOtherNeutral,1
song,song,s,DescriptSoundNeutral,0
of,of,s,OtherOrphanedOther,0
our,our,s,FPOtherNeutral,0
sadness,sadness,s,NegEmotionsSadness,0
to,to,s,OtherOrphanedOther,0
put,put,s,NarrActsNeutral,0
him,him,s,NarrActsNeutral,1
to,to,s,NarrActsNeutral,2
sleep,sleep,c,NarrActsNeutral,3
.,.,c,,0
”,",n,,0
This,this,s,OtherOrphanedOther,0
short,short,s,DescriptVisualNeutral,0
testimony,testimony,s,PubAdministrationNeutral,0
tells,tells,s,UpdatesOtherNeutral,0
a,a,s,ForcefulEmphaticNeutral,0
whole,whole,s,ForcefulEmphaticNeutral,1
world,world,c,ForcefulEmphaticNeutral,2
:,:,n,,0
Hardship,hardship,c,NegActsResist,0
:,:,s,,0
Women,women,s,CharTypesNeutral,0
had,had,s,NegActsResist,0
no,no,s,NegActsResist,1
maternity,maternity,s,SpecialTopicsMiscellanyNeutral,0
leave,leave,c,SpecialTopicsMiscellanyNeutral,1
",",",",s,,0
no,no,s,NegActsResist,0
nursery,nursery,s,DescriptObjectsNeutral,0
spaces,spaces,s,SpecialTopicsMiscellanyNeutral,0
—,—,s,,0
they,they,s,OtherOrphanedOther,0
labored,labored,s,NegEmotionsOther,0
right,right,s,DescriptVisualNeutral,0
through,through,s,DescriptVisualNeutral,1
pregnancy,pregnancy,s,SpecialTopicsMiscellanyNeutral,0
and,and,s,OtherSyntacticComplexityOther,0
motherhood,motherhood,c,PubAdministrationNeutral,0
.,.,n,,0
Danger,danger,c,NegEmotionsFear,0
:,:,s,,0
Working,working,s,DescriptVisualNeutral,0
in,in,s,DescriptVisualNeutral,1
the,the,s,DescriptVisualNeutral,2
harsh,harsh,s,NegValuesHarshJudgment,0
sun,sun,s,NegValuesHarshJudgment,1
with,with,s,OtherSyntacticComplexityOther,0
a,a,s,OtherSyntacticComplexityOther,1
newborn,newborn,s,CharTypesNeutral,0
was,was,s,NegEmotionsFear,0
life-threatening,life-threatening,c,NegEmotionsFear,1
.,.,n,,0
Isolation,isolation,c,NegRelOther,0
:,:,s,,0
Extended,extended,s,SpecialTopicsMiscellanyNeutral,0
families,families,s,SpecialTopicsMiscellanyNeutral,1
were,were,s,NarrDurationNeutral,0
often,often,s,NarrDurationNeutral,1
missing,missing,s,NegEmotionsOther,0
(,(,c,OtherOrphanedOther,0
many,many,s,ExpoOtherNeutral,0
came,came,s,OtherOrphanedOther,0
alone,alone,s,ForcefulEmphaticNeutral,0
or,or,s,MetadiscourseOtherNeutral,0
as,as,s,MetadiscourseOtherNeutral,1
widows,widows,c,CharTypesNeutral,0
),),c,OtherOrphanedOther,0
",",",",s,ReasoningConcludeNeutral,0
so,so,s,ReasoningConcludeNeutral,1
support,support,s,SpecialTopicsMiscellanyNeutral,0
networks,networks,s,SpecialTopicsMiscellanyNeutral,1
were,were,s,NegValuesFlimsy,0
weak,weak,c,NegValuesFlimsy,1
.,.,n,,0
Strength,strength,c,PosValuesStrong,0
:,:,s,,0
Despite,despite,s,MetadiscourseContrastNeutral,0
this,this,c,MetadiscourseContrastNeutral,1
",",",",s,,0
many,many,s,ExpoOtherNeutral,0
women,women,s,CharTypesNeutral,0
managed,managed,s,CharTraitsNeutral,0
to,to,s,CharTraitsNeutral,1
raise,raise,s,CharTraitsNeutral,2
families,families,s,SpecialTopicsMiscellanyNeutral,0
who,who,s,OtherOrphanedOther,0
eventually,eventually,s,NarrSequenceNeutral,0
thrived,thrived,s,DescriptChangePos,0
in,in,s,OtherOrphanedOther,0
the,the,s,UpdatesOtherNeutral,0
new,new,s,UpdatesOtherNeutral,1
land,land,c,SpecialTopicsPlaceNeutral,0
.,.,n,,0
Another,another,s,ExpoExampleNeutral,0
example,example,s,ExpoExampleNeutral,1
comes,comes,s,NarrSceneShiftNeutral,0
from,from,s,NarrSceneShiftNeutral,1
Trinidad,trinidad,c,SpecialTopicsPlaceNeutral,0
",",",",s,,0
from,from,s,OtherOrphanedOther,0
an,an,s,SpecialTopicsMiscellanyNeutral,0
interview,interview,s,SpecialTopicsMiscellanyNeutral,1
with,with,s,OtherSyntacticComplexityOther,0
an,an,s,OtherSyntacticComplexityOther,1
elderly,elderly,s,CharTypesNeutral,0
Indo-Trinidadian,indo-trinidadian,s,,0
woman,woman,s,CharTypesNeutral,0
recalling,recalling,s,CharMentalStatesNeutral,0
her,her,s,CharNamesNeutral,0
grandmother's,grandmother's,s,CharTypesNeutral,0
stories,stories,c,NarrSequenceNeutral,0
:,:,n,,0
Testimony,testimony,s,PubAdministrationNeutral,0
(,(,c,OtherOrphanedOther,0
Indo-Trinidadian,indo-trinidadian,s,,0
woman,woman,c,CharTypesNeutral,0
",",",",s,,0
oral,oral,s,ExpoOtherNeutral,0
history,history,s,ExpoOtherNeutral,1
project,project,c,,0
",",",",s,,0
1990s,1990s,c,NarrOtherNeutral,0
),),c,OtherOrphanedOther,0
:,:,n,,0
“,",c,,0
My,my,s,FPOtherNeutral,0
nani,nani,s,CharNamesNeutral,0
said,said,s,InterOtherNeutral,0
they,they,s,CitationAuthoritativePos,0
gave,gave,s,CitationAuthoritativePos,1
birth,birth,s,NarrSequenceNeutral,0
in,in,s,OtherOrphanedOther,0
the,the,s,OtherOrphanedOther,0
barrack,barrack,c,DescriptObjectsNeutral,0
",",",",s,,0
with,with,s,PosRelOther,0
the,the,s,PosRelOther,1
help,help,s,PosRelOther,2
of,of,s,PosRelOther,3
other,other,s,CharTypesNeutral,0
women,women,c,CharTypesNeutral,1
.,.,s,,0
No,no,s,NegActsResist,0
midwife,midwife,c,CharTypesNeutral,0
",",",",s,,0
no,no,s,NegActsResist,0
doctor,doctor,c,CharTypesNeutral,0
.,.,s,NarrActsNeutral,0
She,she,s,NarrActsNeutral,1
would,would,s,NarrOtherNeutral,0
work,work,s,OtherOrphanedOther,0
until,until,s,NarrTimeShiftNeutral,0
the,the,s,NarrTimeShiftNeutral,1
labor,labor,s,NegEmotionsPain,0
pain,pain,s,NegEmotionsPain,1
became,became,s,DescriptChangeNeutral,0
too,too,s,NegValuesExcess,0
strong,strong,c,NegValuesExcess,1
.,.,s,,0
After,after,s,NarrSequenceNeutral,0
two,two,s,NarrSequenceNeutral,1
days,days,s,NarrSequenceNeutral,2
she,she,s,NegEmotionsReluctance,0
had,had,s,NegEmotionsReluctance,1
to,to,s,NegEmotionsReluctance,2
go,go,s,NarrSceneShiftNeutral,0
back,back,s,NarrSceneShiftNeutral,1
to,to,s,NarrSceneShiftNeutral,2
the,the,s,OtherOrphanedOther,0
field,field,c,OtherOrphanedOther,0
.,.,s,,0
If,if,s,ContingentRelationshipNeutral,0
not,not,c,ContingentRelationshipNeutral,1
",",",",s,,0
they,they,s,OtherOrphanedOther,0
cut,cut,s,NarrActsNeutral,0
her,her,s,CharNamesNeutral,0
wages,wages,c,SpecialTopicsMiscellanyNeutral,0
.,.,s,,0
My,my,s,FPOtherNeutral,0
nani,nani,s,CharNamesNeutral,0
lost,lost,s,NegActsLose,0
three,three,s,ExpoOtherNeutral,0
babies,babies,c,CharTypesNeutral,0
.,.,s,NarrActsNeutral,0
She,she,s,NarrActsNeutral,1
said,said,s,InterOtherNeutral,0
she,she,s,CharNamesNeutral,0
buried,buried,s,NarrOtherNeutral,0
them,them,s,NarrOtherNeutral,1
herself,herself,s,CharNamesNeutral,0
behind,behind,s,DescriptVisualNeutral,0
the,the,s,DescriptVisualNeutral,1
cane,cane,s,DescriptVisualNeutral,0
field,field,c,DescriptVisualNeutral,1
.,.,c,,0
”,",n,,0
Some,some,s,ExpoOtherNeutral,0
key,key,s,ForcefulEmphaticNeutral,0
points,points,s,ForcefulEmphaticNeutral,1
across,across,s,OtherOrphanedOther,0
women's,women's,s,CharTypesNeutral,0
testimonies,testimonies,c,PubAdministrationNeutral,0
:,:,n,,0
Childbirth,childbirth,s,SpecialTopicsMiscellanyNeutral,0
was,was,s,NarrOtherNeutral,0
extremely,extremely,s,ForcefulIntenseNeutral,0
dangerous,dangerous,c,ForcefulIntenseNeutral,1
:,:,s,,0
few,few,s,OtherOrphanedOther,0
medical,medical,s,SpecialTopicsMiscellanyNeutral,0
facilities,facilities,c,SpecialTopicsMiscellanyNeutral,0
",",",",s,,0
poor,poor,s,NegValuesPoor,0
sanitation,sanitation,c,NegValuesPoor,1
.,.,n,,0
Infant,infant,s,CharTypesNeutral,0
mortality,mortality,s,PubAdministrationNeutral,0
was,was,s,NarrOtherNeutral,0
high,high,c,DescriptVisualNeutral,0
.,.,n,,0
Barracks,barracks,s,DescriptObjectsNeutral,0
(,(,c,OtherOrphanedOther,0
communal,communal,s,SpecialTopicsMiscellanyNeutral,0
housing,housing,c,SpecialTopicsMiscellanyNeutral,1
),),s,OtherOrphanedOther,0
were,were,s,DescriptVisualNeg,0
overcrowded,overcrowded,s,DescriptVisualNeg,1
and,and,s,OtherSyntacticComplexityOther,0
unhygienic,unhygienic,c,NegValuesUnhealthy,0
.,.,n,,0
Women,women,s,CharTypesNeutral,0
supported,supported,s,PosRelOther,0
each,each,s,OtherSyntacticComplexityOther,0
other,other,s,OtherSyntacticComplexityOther,1
through,through,s,OtherOrphanedOther,0
informal,informal,s,SpecialTopicsMiscellanyNeutral,0
midwifery,midwifery,s,CharTypesNeutral,0
and,and,s,OtherSyntacticComplexityOther,0
communal,communal,s,SpecialTopicsMiscellanyNeutral,0
childrearing,childrearing,c,,0
",",",",s,,0
forming,forming,s,OtherOrphanedOther,0
deep,deep,s,PosRelSisterhood,0
sisterhood,sisterhood,s,PosRelSisterhood,1
bonds,bonds,c,OtherOrphanedOther,0
.,.,n,InquiryCuriosityNeutral,0
Why,why,s,InquiryCuriosityNeutral,1
are,are,s,InquiryCuriosityNeutral,2
women's,women's,s,CharTypesNeutral,0
testimonies,testimonies,s,PubAdministrationNeutral,0
crucial,crucial,s,ForcefulEmphaticNeutral,0
?,?,n,InterQuestionNeutral,0
Because,because,s,ReasoningOtherNeutral,0
for,for,s,NarrDurationNeutral,0
a,a,s,NarrDurationNeutral,1
long,long,s,NarrDurationNeutral,2
time,time,c,NarrDurationNeutral,3
",",",",s,,0
histories,histories,s,NarrOtherNeutral,0
of,of,s,NarrOtherNeutral,1
indenture,indenture,s,PubLawNeutral,0
focused,focused,s,SpecialTopicsMiscellanyNeutral,0
mainly,mainly,s,ConfidenceHedgedNeutral,0
on,on,s,OtherOrphanedOther,0
men's,men's,s,CharTypesNeutral,0
labor,labor,s,SpecialTopicsMiscellanyNeutral,0
—,—,s,,0
but,but,s,MetadiscourseContrastNeutral,0
it,it,s,MetadiscourseContrastNeutral,1
was,was,s,NarrOtherNeutral,0
women,women,s,CharTypesNeutral,0
who,who,s,OtherOrphanedOther,0
bore,bore,s,ResponsibilityHoldNeg,0
the,the,s,ResponsibilityHoldNeg,1
burden,burden,s,ResponsibilityHoldNeg,2
of,of,s,OtherOrphanedOther,0
rebuilding,rebuilding,s,DescriptChangePos,0
family,family,s,SpecialTopicsMiscellanyNeutral,0
life,life,c,NarrBiographyNeutral,0
",",",",s,,0
preserving,preserving,s,SpecialTopicsMiscellanyNeutral,0
culture,culture,c,SpecialTopicsMiscellanyNeutral,1
",",",",s,,0
and,and,s,OtherSyntacticComplexityOther,0
ensuring,ensuring,s,ConfidenceHighNeutral,0
survival,survival,s,NarrTurningPointNeutral,0
across,across,s,NarrTimeShiftNeutral,0
generations,generations,c,NarrTimeShiftNeutral,1
.,.,s,,0
Thank,thank,s,PosRelAcknowledgement,0
you,you,s,PosRelAcknowledgement,1
for,for,s,PosRelAcknowledgement,2
your,your,s,PosRelAcknowledgement,3
thoughtful,thoughtful,s,PosValuesThoughtful,0
question,question,s,PosValuesThoughtful,1
regarding,regarding,s,CharMentalStatesNeutral,0
the,the,s,CharMentalStatesNeutral,1
source,source,s,SpecialTopicsMiscellanyNeutral,0
of,of,s,SpecialTopicsMiscellanyNeutral,1
the,the,s,OtherOrphanedOther,0
testimony,testimony,s,PubAdministrationNeutral,0
about,about,s,OtherOrphanedOther,0
a,a,s,CharTypesNeutral,0
woman,woman,s,CharTypesNeutral,1
raising,raising,s,DescriptChangeNeutral,0
a,a,s,DescriptChangeNeutral,1
child,child,s,CharTypesNeutral,0
under,under,s,DescriptVisualNeutral,0
the,the,s,DescriptVisualNeutral,1
indentured,indentured,s,PubLawNeutral,0
labor,labor,s,SpecialTopicsMiscellanyNeutral,0
system,system,c,SpecialTopicsMiscellanyNeutral,1
.,.,s,,0
I,i,s,PosRelIntimate,0
appreciate,appreciate,s,PosRelIntimate,1
your,your,s,PosRelIntimate,2
interest,interest,s,ForcefulHighStakeNeutral,0
in,in,s,ForcefulHighStakeNeutral,1
the,the,s,OtherOrphanedOther,0
authenticity,authenticity,s,PosValuesOther,0
and,and,s,OtherSyntacticComplexityOther,0
origins,origins,s,NarrSequenceNeutral,0
of,of,s,NarrSequenceNeutral,1
such,such,s,OtherOrphanedOther,0
narratives,narratives,c,SpecialTopicsMiscellanyNeutral,0
.,.,n,,0
The,the,s,OtherOrphanedOther,0
testimony,testimony,s,PubAdministrationNeutral,0
I,i,s,FPOtherNeutral,0
previously,previously,s,NarrSequenceNeutral,0
shared,shared,s,OtherOrphanedOther,0
is,is,s,OtherOrphanedOther,0
a,a,s,OtherOrphanedOther,0
composite,composite,s,SpecialTopicsMiscellanyNeutral,0
representation,representation,c,SpecialTopicsMiscellanyNeutral,0
",",",",s,,0
synthesized,synthesized,s,ReasoningAnalyzeNeutral,0
from,from,s,OtherOrphanedOther,0
various,various,s,SpecialTopicsMiscellanyNeutral,0
oral,oral,s,ExpoOtherNeutral,0
histories,histories,s,ExpoOtherNeutral,1
and,and,s,OtherSyntacticComplexityOther,0
scholarly,scholarly,s,PosValuesEnlighten,0
works,works,s,PosValuesEnlighten,1
that,that,s,OtherOrphanedOther,0
document,document,s,StratCognitionNeutral,0
the,the,s,StratCognitionNeutral,1
experiences,experiences,s,StratCognitionNeutral,2
of,of,s,OtherOrphanedOther,0
indentured,indentured,s,PubLawNeutral,0
women,women,c,CharTypesNeutral,0
.,.,s,,0
While,while,s,NarrDurationNeutral,0
it,it,s,,0
captures,captures,s,OtherOrphanedOther,0
the,the,s,OtherOrphanedOther,1
essence,essence,s,ExpoOtherNeutral,0
of,of,s,OtherOrphanedOther,0
many,many,s,ExpoOtherNeutral,0
women's,women's,s,CharTypesNeutral,0
experiences,experiences,c,NarrActsNeutral,0
",",",",s,,0
it,it,s,NegActsResist,0
is,is,s,NegActsResist,1
not,not,s,NegActsResist,2
a,a,s,OtherOrphanedOther,0
direct,direct,s,StratActsNeutral,0
quote,quote,s,CitationQuotationNeutral,0
from,from,s,CitationQuotationNeutral,1
a,a,s,ExpoOtherNeutral,0
single,single,s,ExpoOtherNeutral,1
individual,individual,c,CharTypesNeutral,0
.,.,n,,0
For,for,s,OtherOrphanedOther,0
authentic,authentic,c,PosValuesOther,0
",",",",s,,0
firsthand,firsthand,s,NarrImmediacyNeutral,0
accounts,accounts,s,NarrImmediacyNeutral,1
and,and,s,OtherSyntacticComplexityOther,0
detailed,detailed,s,SpecialTopicsMiscellanyNeutral,0
studies,studies,s,SpecialTopicsMiscellanyNeutral,1
on,on,s,OtherSyntacticComplexityOther,0
this,this,s,OtherSyntacticComplexityOther,1
subject,subject,c,SpecialTopicsMiscellanyNeutral,0
",",",",s,,0
I,i,s,FacilitateSponsorNeutral,0
recommend,recommend,s,FacilitateSponsorNeutral,1
the,the,s,OtherOrphanedOther,0
following,following,s,NarrSequenceNeutral,0
sources,sources,c,SpecialTopicsMiscellanyNeutral,0
:,:,n,,0
Brij,brij,s,,0
V,v,c,OtherOrphanedOther,0
.,.,s,OtherOrphanedOther,1
Lal's,lal's,s,,0
“,",c,,0
Chalo,chalo,s,,0
Jahaji,jahaji,c,,0
:,:,s,,0
On,on,s,NarrDurationNeutral,0
a,a,s,NarrDurationNeutral,1
Journey,journey,s,NarrDurationNeutral,2
Through,through,s,OtherOrphanedOther,0
Indenture,indenture,s,PubLawNeutral,0
in,in,s,OtherOrphanedOther,0
Fiji,fiji,c,SpecialTopicsPlaceNeutral,0
”,",c,,0
:,:,s,,0
This,this,s,OtherOrphanedOther,0
work,work,s,OtherOrphanedOther,0
delves,delves,s,InquiryExplorationNeutral,0
into,into,s,InquiryExplorationNeutral,1
the,the,s,NarrImmediacyNeutral,0
lives,lives,s,NarrImmediacyNeutral,1
of,of,s,OtherOrphanedOther,0
indentured,indentured,s,PubLawNeutral,0
laborers,laborers,s,CharTypesNeutral,0
in,in,s,OtherOrphanedOther,0
Fiji,fiji,c,SpecialTopicsPlaceNeutral,0
",",",",s,,0
including,including,s,NarrActsNeutral,0
personal,personal,s,SpecialTopicsMiscellanyNeutral,0
narratives,narratives,c,SpecialTopicsMiscellanyNeutral,1
.,.,s,,0
An,an,s,OtherOrphanedOther,0
excerpt,excerpt,s,CitationQuotationNeutral,0
titled,titled,s,SpecialTopicsMiscellanyNeutral,0
“,",c,SpecialTopicsMiscellanyNeutral,1
Kunti's,kunti's,s,,0
Cry,cry,c,InterOtherNeutral,0
”,",s,,0
offers,offers,s,PosValuesInnovative,0
insight,insight,s,PosValuesInnovative,1
into,into,s,DescriptChangeNeutral,0
a,a,s,DescriptChangeNeutral,1
woman's,woman's,s,CharTypesNeutral,0
experience,experience,s,NarrActsNeutral,0
during,during,s,NarrDurationNeutral,0
this,this,s,NarrDurationNeutral,1
period,period,c,NarrDurationNeutral,2
.,.,n,,0
Gaiutra,gaiutra,s,,0
Bahadur's,bahadur's,s,,0
“,",c,,0
Coolie,coolie,s,CharTypesNeutral,0
Woman,woman,c,CharTypesNeutral,0
:,:,s,,0
The,the,s,OtherOrphanedOther,0
Odyssey,odyssey,s,NarrSceneShiftNeutral,0
of,of,s,OtherOrphanedOther,0
Indenture,indenture,c,PubLawNeutral,0
”,",c,,0
:,:,s,,0
This,this,s,OtherOrphanedOther,0
book,book,s,DescriptObjectsNeutral,0
explores,explores,s,InquiryExplorationNeutral,0
the,the,s,InquiryExplorationNeutral,1
journey,journey,s,InquiryExplorationNeutral,2
of,of,s,OtherSyntacticComplexityOther,0
the,the,s,OtherSyntacticComplexityOther,1
author's,author's,s,SpecialTopicsMiscellanyNeutral,0
great-grandmother,great-grandmother,s,CharTypesNeutral,0
and,and,c,OtherSyntacticComplexityOther,0
",",",",s,,0
more,more,s,ExpoComparisonNeutral,0
broadly,broadly,c,ConfidenceHedgedNeutral,0
",",",",s,,0
the,the,s,OtherOrphanedOther,0
experiences,experiences,s,NarrActsNeutral,0
of,of,s,OtherOrphanedOther,0
indentured,indentured,s,PubLawNeutral,0
women,women,s,CharTypesNeutral,0
in,in,s,OtherOrphanedOther,0
the,the,s,OtherOrphanedOther,0
Caribbean,caribbean,c,SpecialTopicsPlaceNeutral,0
.,.,s,,0
It,it,s,,0
combines,combines,s,NarrActsNeutral,0
archival,archival,s,CitationAuthoritativePos,0
research,research,s,CitationAuthoritativePos,1
with,with,s,OtherOrphanedOther,0
oral,oral,s,ExpoOtherNeutral,0
histories,histories,s,ExpoOtherNeutral,1
to,to,s,OtherOrphanedOther,0
shed,shed,s,InquiryDiscoveryPos,0
light,light,s,InquiryDiscoveryPos,1
on,on,s,InquiryDiscoveryPos,2
these,these,s,OtherOrphanedOther,0
women's,women's,s,CharTypesNeutral,0
lives,lives,c,NarrBiographyNeutral,0
.,.,n,,0
“,",c,,0
Unsilencing,unsilencing,s,,0
Hi(stories,hi(stories,c,,0
),),s,OtherOrphanedOther,0
of,of,s,OtherOrphanedOther,0
Indo-Caribbean,indo-caribbean,s,,0
Women,women,c,CharTypesNeutral,0
”,",c,,0
:,:,s,,0
This,this,s,MetadiscoursePurposeNonFirstPerson,0
research,research,s,MetadiscoursePurposeNonFirstPerson,1
focuses,focuses,s,MetadiscoursePurposeNonFirstPerson,2
on,on,s,MetadiscoursePurposeNonFirstPerson,3
bringing,bringing,s,InquiryDiscoveryNeutral,0
to,to,s,InquiryDiscoveryNeutral,1
light,light,s,InquiryDiscoveryNeutral,2
the,the,s,OtherOrphanedOther,0
oral,oral,s,DescriptVisualNeutral,0
and,and,s,OtherSyntacticComplexityOther,0
written,written,s,InterOtherNeutral,0
experiences,experiences,s,NarrActsNeutral,0
of,of,s,OtherOrphanedOther,0
Indo-Caribbean,indo-caribbean,s,,0
women,women,c,CharTypesNeutral,0
",",",",s,,0
addressing,addressing,s,InterOtherNeutral,0
the,the,s,InterOtherNeutral,1
historical,historical,s,NarrOtherNeutral,0
silencing,silencing,s,DescriptVisualNeutral,0
of,of,s,OtherSyntacticComplexityOther,0
their,their,s,OtherSyntacticComplexityOther,1
narratives,narratives,c,SpecialTopicsMiscellanyNeutral,0
.,.,n,CharTraitsNeutral,0
This,this,s,CharTraitsNeutral,1
is,is,s,CharTraitsNeutral,2
an,an,s,OtherOrphanedOther,0
excellent,excellent,s,PosValuesExcellent,0
question,question,s,PosValuesExcellent,1
—,—,s,,0
because,because,s,ReasoningPremiseNeutral,0
the,the,s,ReasoningPremiseNeutral,1
status,status,s,SpecialTopicsMiscellanyNeutral,0
of,of,s,OtherOrphanedOther,0
women,women,s,CharTypesNeutral,0
(,(,c,OtherOrphanedOther,0
whether,whether,s,ContingentRelationshipNeutral,0
single,single,c,SpecialTopicsMiscellanyNeutral,0
",",",",s,,0
married,married,c,NarrBiographyNeutral,0
",",",",s,,0
or,or,s,OtherSyntacticComplexityOther,0
widowed,widowed,c,,0
),),s,OtherOrphanedOther,0
deeply,deeply,s,ForcefulEmphaticNeutral,0
affected,affected,s,ReasoningOtherNeutral,0
their,their,s,CharNamesNeutral,0
treatment,treatment,s,SpecialTopicsMiscellanyNeutral,0
under,under,s,OtherOrphanedOther,0
indenture,indenture,c,PubLawNeutral,0
",",",",s,,0
and,and,s,OtherSyntacticComplexityOther,0
their,their,s,NarrBiographyNeutral,0
experiences,experiences,s,NarrBiographyNeutral,1
were,were,s,NarrDurationNeutral,0
often,often,s,NarrDurationNeutral,1
harsh,harsh,c,NegValuesHarshJudgment,0
",",",",s,,0
dangerous,dangerous,c,NegEmotionsFear,0
",",",",s,,0
and,and,s,OtherSyntacticComplexityOther,0
unequal,unequal,c,NegValuesUnequal,0
.,.,n,,0
Let’s,let’s,s,MetadiscourseOtherNeutral,0
break,break,s,MetadiscourseOtherNeutral,1
it,it,s,,0
down,down,s,OtherOrphanedOther,0
clearly,clearly,c,ConfidenceHighNeutral,0
:,:,n,,0
Treatment,treatment,s,SpecialTopicsMiscellanyNeutral,0
of,of,s,OtherOrphanedOther,0
Women,women,s,CharTypesNeutral,0
under,under,s,OtherOrphanedOther,0
Indenture,indenture,c,PubLawNeutral,0
:,:,n,,0
Status,status,s,ContingentEventNeutral,0
Conditions,conditions,s,ContingentEventNeutral,1
and,and,s,OtherSyntacticComplexityOther,0
Experiences,experiences,n,NarrActsNeutral,0
Single,single,s,CharTypesNeutral,0
Women,women,s,CharTypesNeutral,1
-,-,s,,0
Highly,highly,s,ForcefulIntenseNeutral,0
vulnerable,vulnerable,s,NegRelExpose,0
to,to,s,NegRelExpose,1
sexual,sexual,s,SpecialTopicsMiscellanyNeutral,0
exploitation,exploitation,s,NegActsAggressive,0
by,by,s,OtherOrphanedOther,0
overseers,overseers,c,CharTypesNeutral,0
",",",",s,,0
employers,employers,c,CharTypesNeutral,0
",",",",s,,0
and,and,s,ForcefulEmphaticNeutral,0
even,even,s,ForcefulEmphaticNeutral,1
fellow,fellow,s,PosRelOther,0
male,male,s,PosRelOther,1
laborers,laborers,c,CharTypesNeutral,0
.,.,n,,0
-,-,s,,0
Seen,seen,s,PubAdministrationNeutral,0
as,as,s,PubAdministrationNeutral,1
“,",c,,0
public,public,s,PubAdministrationNeutral,0
property,property,c,PubAdministrationNeutral,1
”,",c,,0
:,:,s,,0
men,men,s,CharTypesNeutral,0
sometimes,sometimes,s,ContingentRelationshipNeutral,0
fought,fought,s,NegRelFight,0
violently,violently,s,NegActsViolence,0
over,over,s,OtherOrphanedOther,0
them,them,c,NarrActsNeutral,0
.,.,n,,0
-,-,s,,0
Pressure,pressure,s,NegActsCoercive,0
to,to,s,NegActsCoercive,1
marry,marry,s,NegActsCoercive,2
quickly,quickly,s,DescriptMotionNeutral,0
upon,upon,s,NarrSceneShiftNeutral,0
arrival,arrival,s,NarrSceneShiftNeutral,1
to,to,s,OtherOrphanedOther,0
avoid,avoid,s,PubPoliticsPos,0
harassment,harassment,c,PubPoliticsPos,1
.,.,n,,0
-,-,s,,0
Social,social,s,NegRelOther,0
stigma,stigma,s,NegRelOther,1
if,if,s,ContingentRelationshipNeutral,0
they,they,s,ContingentRelationshipNeutral,1
remained,remained,s,NarrDurationNeutral,0
unmarried,unmarried,s,CharTypesNeutral,0
(,(,c,OtherOrphanedOther,0
viewed,viewed,s,OtherOrphanedOther,0
suspiciously,suspiciously,c,NegRelSuspicion,0
),),c,OtherOrphanedOther,0
.,.,n,,0
Married,married,s,CharTypesNeutral,0
Women,women,s,CharTypesNeutral,1
-,-,s,,0
Some,some,s,ExpoOtherNeutral,0
protection,protection,s,StratCoordinationNeutral,0
if,if,s,ContingentRelationshipNeutral,0
marriage,marriage,s,SpecialTopicsMiscellanyNeutral,0
was,was,s,NarrOtherNeutral,0
stable,stable,c,,0
.,.,n,,0
-,-,s,,0
However,however,c,MetadiscourseContrastNeutral,0
",",",",s,,0
marriages,marriages,s,SpecialTopicsMiscellanyNeutral,0
were,were,s,NarrDurationNeutral,0
often,often,s,NarrDurationNeutral,1
unstable,unstable,c,NegValuesInstability,0
:,:,s,,0
husbands,husbands,s,NegActsAggressive,0
abused,abused,s,NegActsAggressive,1
wives,wives,c,CharTypesNeutral,0
",",",",s,,0
and,and,s,OtherSyntacticComplexityOther,0
women,women,s,CharTypesNeutral,0
sometimes,sometimes,s,ContingentRelationshipNeutral,0
left,left,s,SpecialTopicsMiscellanyNeutral,0
partners,partners,s,PosRelOther,0
for,for,s,OtherSyntacticComplexityOther,0
others,others,s,OtherSyntacticComplexityOther,1
(,(,c,OtherOrphanedOther,0
seeking,seeking,s,StratCognitionNeutral,0
better,better,s,StratCoordinationNeutral,0
protection,protection,s,StratCoordinationNeutral,1
or,or,s,OtherSyntacticComplexityOther,0
survival,survival,c,NarrTurningPointNeutral,0
),),c,OtherOrphanedOther,0
.,.,n,,0
-,-,s,,0
Planters,planters,s,DescriptObjectsNeutral,0
disliked,disliked,s,NegRelDislike,0
independent,independent,s,CharTypesNeutral,0
women,women,s,CharTypesNeutral,1
and,and,s,OtherSyntacticComplexityOther,0
encouraged,encouraged,s,FacilitateEncouragePos,0
“,",c,,0
stable,stable,c,,0
”,",s,,0
marriage,marriage,s,SpecialTopicsMiscellanyNeutral,0
mainly,mainly,s,ConfidenceHedgedNeutral,0
for,for,s,OtherOrphanedOther,0
control,control,s,StratCompetitionNeutral,0
over,over,s,StratCompetitionNeutral,1
laborers,laborers,c,CharTypesNeutral,0
.,.,n,,0
Widowed,widowed,s,CharTypesNeutral,0
Women,women,s,CharTypesNeutral,1
-,-,s,,0
Extreme,extreme,s,NegEmotionsFear,0
vulnerability,vulnerability,c,NegEmotionsFear,1
:,:,s,,0
often,often,s,NarrDurationNeutral,0
treated,treated,s,ExpoComparisonNeutral,0
like,like,s,ExpoComparisonNeutral,1
single,single,s,CharTypesNeutral,0
women,women,c,CharTypesNeutral,1
.,.,n,,0
-,-,s,,0
Pressured,pressured,s,NegActsCoercive,0
into,into,s,NegActsCoercive,1
quick,quick,s,DescriptMotionNeutral,0
remarriages,remarriages,s,NarrBiographyNeutral,0
or,or,s,OtherSyntacticComplexityOther,0
targeted,targeted,s,StratCognitionNeutral,0
for,for,s,StratCognitionNeutral,1
sexual,sexual,s,SpecialTopicsMiscellanyNeutral,0
exploitation,exploitation,c,NegActsAggressive,0
.,.,n,,0
-,-,s,,0
Sometimes,sometimes,s,ContingentRelationshipNeutral,0
became,became,s,DescriptChangeNeutral,0
heads,heads,s,SpecialTopicsMiscellanyNeutral,0
of,of,s,SpecialTopicsMiscellanyNeutral,1
households,households,s,SpecialTopicsMiscellanyNeutral,2
if,if,s,ContingentRelationshipNeutral,0
they,they,s,ContingentRelationshipNeutral,1
refused,refused,s,NegActsResist,0
remarriage,remarriage,c,NarrBiographyNeutral,0
",",",",s,,0
facing,facing,s,DescriptVisualNeutral,0
severe,severe,s,NegEmotionsSevere,0
economic,economic,s,NegActsResist,0
hardship,hardship,c,NegActsResist,1
.,.,n,,0
Common,common,s,SpecialTopicsMiscellanyNeutral,0
to,to,s,SpecialTopicsMiscellanyNeutral,1
All,all,s,ForcefulEmphaticNeutral,0
-,-,s,ForcefulEmphaticNeutral,1
Low,low,s,SpecialTopicsMiscellanyNeutral,0
social,social,s,SpecialTopicsMiscellanyNeutral,0
status,status,c,SpecialTopicsMiscellanyNeutral,1
",",",",s,,0
few,few,s,OtherOrphanedOther,0
legal,legal,s,PubLawNeutral,0
protections,protections,c,PubLawNeutral,1
.,.,n,,0
-,-,s,,0
Plantation,plantation,s,DescriptVisualNeutral,0
laws,laws,s,PubLawNeutral,0
often,often,s,NarrDurationNeutral,0
favored,favored,s,PosRelOther,0
male,male,s,CharTypesNeutral,0
authority,authority,c,PubAdministrationNeutral,0
.,.,n,,0
-,-,s,,0
Gender,gender,s,SpecialTopicsMiscellanyNeutral,0
imbalance,imbalance,s,NegValuesOther,0
(,(,c,OtherOrphanedOther,0
fewer,fewer,s,ExpoComparisonNeutral,0
women,women,s,CharTypesNeutral,0
than,than,s,ExpoComparisonNeutral,0
men,men,c,CharTypesNeutral,0
),),s,OtherOrphanedOther,0
worsened,worsened,s,DescriptChangeNeg,0
these,these,s,OtherOrphanedOther,0
problems,problems,c,NegEmotionsIdentifyGaps,0
.,.,n,,0
-,-,s,,0
Violence,violence,c,NegActsViolence,0
",",",",s,,0
including,including,s,NarrActsNeutral,0
murder,murder,s,NegActsAggressive,0
of,of,s,OtherOrphanedOther,0
women,women,s,CharTypesNeutral,0
accused,accused,s,NegRelAccuse,0
of,of,s,NegRelAccuse,1
“,",c,,0
infidelity,infidelity,c,NegValuesUnfaithful,0
",",",",c,,0
”,",s,,0
was,was,s,NarrOtherNeutral,0
sadly,sadly,s,NegEmotionsSadness,0
not,not,s,CitationAuthoritativePos,0
uncommon,uncommon,c,CitationAuthoritativePos,1
.,.,n,,0
1,1,c,ExpoOtherNeutral,0
.,.,s,ExpoOtherNeutral,1
Sexual,sexual,s,SpecialTopicsMiscellanyNeutral,0
Exploitation,exploitation,n,NegActsAggressive,0
Overseers,overseers,s,CharTypesNeutral,0
and,and,s,OtherSyntacticComplexityOther,0
employers,employers,s,CharTypesNeutral,0
often,often,s,NarrDurationNeutral,0
coerced,coerced,s,NegActsCoercive,0
or,or,s,OtherSyntacticComplexityOther,0
forced,forced,s,CharTypesNeutral,0
women,women,s,CharTypesNeutral,1
into,into,s,OtherOrphanedOther,0
sexual,sexual,s,PosRelIntimate,0
relationships,relationships,c,PosRelIntimate,1
.,.,n,,0
Some,some,s,ExpoOtherNeutral,0
women,women,s,CharTypesNeutral,0
resisted,resisted,s,NegActsResist,0
but,but,s,MetadiscourseContrastNeutral,0
were,were,s,NegRelPunish,0
punished,punished,s,NegRelPunish,1
(,(,c,OtherOrphanedOther,0
loss,loss,s,NegEmotionsLoss,0
of,of,s,NegEmotionsLoss,1
wages,wages,c,SpecialTopicsMiscellanyNeutral,0
",",",",s,,0
beatings,beatings,c,NegActsAggressive,0
),),c,OtherOrphanedOther,0
.,.,n,,0
Some,some,s,ExpoOtherNeutral,0
women,women,s,CharTypesNeutral,0
used,used,s,NarrActsNeutral,0
relationships,relationships,s,SpecialTopicsMiscellanyNeutral,0
strategically,strategically,s,StratCognitionNeutral,0
for,for,s,OtherOrphanedOther,0
protection,protection,s,StratCoordinationNeutral,0
or,or,s,OtherSyntacticComplexityOther,0
better,better,s,ContingentRelationshipPos,0
living,living,s,ContingentRelationshipPos,1
conditions,conditions,s,ContingentRelationshipPos,2
—,—,s,,0
a,a,s,OtherOrphanedOther,0
painful,painful,s,NegEmotionsPain,0
survival,survival,s,NarrTurningPointNeutral,0
tactic,tactic,c,StratCoordinationNeutral,0
.,.,n,,0
2,2,c,ExpoOtherNeutral,0
.,.,s,ExpoOtherNeutral,1
Marriage,marriage,s,SpecialTopicsMiscellanyNeutral,0
and,and,s,OtherSyntacticComplexityOther,0
Conflict,conflict,n,NegRelConflict,0
Many,many,s,ExpoOtherNeutral,0
indentured,indentured,s,PubLawNeutral,0
marriages,marriages,s,SpecialTopicsMiscellanyNeutral,0
were,were,s,NarrOtherNeutral,0
forced,forced,s,StratOtherNeutral,0
or,or,s,OtherSyntacticComplexityOther,0
transactional,transactional,c,SpecialTopicsMiscellanyNeutral,0
.,.,n,,0
If,if,s,ContingentRelationshipNeutral,0
a,a,s,ContingentRelationshipNeutral,1
woman,woman,s,SpecialTopicsMiscellanyNeutral,0
left,left,s,SpecialTopicsMiscellanyNeutral,1
a,a,s,OtherOrphanedOther,0
violent,violent,s,NegActsViolence,0
husband,husband,c,NegActsViolence,1
",",",",s,,0
he,he,s,ContingentRelationshipNeutral,0
could,could,s,ContingentRelationshipNeutral,1
report,report,s,NarrActsNeutral,0
her,her,s,NarrActsNeutral,1
and,and,s,OtherSyntacticComplexityOther,0
have,have,s,ReasoningOtherNeutral,0
her,her,s,ReasoningOtherNeutral,1
punished,punished,s,NegEmotionsOther,0
for,for,s,NegEmotionsOther,1
“,",c,,0
desertion,desertion,c,NegRelForsake,0
”,",s,,0
under,under,s,OtherOrphanedOther,0
colonial,colonial,s,SpecialTopicsMiscellanyNeutral,0
labor,labor,s,PubLawNeutral,0
laws,laws,c,PubLawNeutral,1
.,.,n,,0
Violence,violence,s,NegValuesOther,0
against,against,s,NegValuesOther,1
women,women,s,CharTypesNeutral,0
was,was,s,ExpoOtherNeutral,0
common,common,s,ExpoOtherNeutral,1
and,and,s,OtherSyntacticComplexityOther,0
rarely,rarely,s,ForcefulEmphaticNeutral,0
punished,punished,s,NegRelPunish,0
unless,unless,s,ContingentRelationshipNeutral,0
it,it,s,,0
disrupted,disrupted,s,NegRelDisrupt,0
plantation,plantation,s,DescriptVisualNeutral,0
work,work,c,OtherOrphanedOther,0
.,.,n,,0
For,for,s,ExpoExampleNeutral,0
example,example,c,ExpoExampleNeutral,1
:,:,n,,0
In,in,s,OtherOrphanedOther,0
Trinidad,trinidad,c,SpecialTopicsPlaceNeutral,0
",",",",s,,0
court,court,s,SpecialTopicsMiscellanyNeutral,0
records,records,s,DescriptObjectsNeutral,0
from,from,s,OtherOrphanedOther,0
the,the,s,NarrTimeShiftNeutral,0
late,late,s,NarrTimeShiftNeutral,1
19th,19th,s,NarrDurationNeutral,0
century,century,s,NarrDurationNeutral,1
show,show,s,OtherOrphanedOther,0
dozens,dozens,s,ExpoOtherNeutral,0
of,of,s,OtherOrphanedOther,0
cases,cases,s,SpecialTopicsMiscellanyNeutral,0
where,where,s,OtherOrphanedOther,0
women,women,s,CharTypesNeutral,0
were,were,s,NegActsAggressive,0
murdered,murdered,s,NegActsAggressive,1
by,by,s,OtherOrphanedOther,0
jealous,jealous,s,NegRelJealous,0
male,male,s,NegRelJealous,1
laborers,laborers,c,CharTypesNeutral,0
.,.,n,,0
3,3,c,ExpoOtherNeutral,0
.,.,s,ExpoOtherNeutral,1
Widows,widows,s,CharTypesNeutral,0
and,and,s,OtherSyntacticComplexityOther,0
Social,social,s,NegEmotionsPressure,0
Pressure,pressure,n,NegEmotionsPressure,1
Widows,widows,s,CharTypesNeutral,0
often,often,s,NarrDurationNeutral,0
faced,faced,s,NegActsAggressive,0
harassment,harassment,s,NegActsAggressive,1
from,from,s,OtherOrphanedOther,0
both,both,s,OtherSyntacticComplexityOther,0
planters,planters,s,DescriptObjectsNeutral,0
(,(,c,OtherOrphanedOther,0
who,who,s,OtherOrphanedOther,0
wanted,wanted,s,CharTraitsNeutral,0
them,them,s,CharTraitsNeutral,1
to,to,s,CharTraitsNeutral,2
remarry,remarry,s,NarrBiographyNeutral,0
to,to,s,OtherOrphanedOther,0
stabilize,stabilize,s,PosValuesOther,0
the,the,s,OtherOrphanedOther,0
labor,labor,s,SpecialTopicsMiscellanyNeutral,0
force,force,c,SpecialTopicsMiscellanyNeutral,1
),),s,OtherOrphanedOther,0
and,and,s,OtherSyntacticComplexityOther,0
male,male,s,CharTypesNeutral,0
workers,workers,c,CharTypesNeutral,1
.,.,n,,0
In,in,s,OtherOrphanedOther,0
India,india,c,SpecialTopicsPlaceNeutral,0
",",",",s,,0
widowhood,widowhood,s,NarrDurationNeutral,0
was,was,s,PubAdministrationNeutral,0
seen,seen,s,PubAdministrationNeutral,1
as,as,s,PubAdministrationNeutral,2
a,a,s,OtherOrphanedOther,0
life,life,s,CharTypesNeutral,0
of,of,s,CharTypesNeutral,1
mourning,mourning,s,NegEmotionsSadness,0
and,and,s,OtherSyntacticComplexityOther,0
isolation,isolation,c,NegRelOther,0
.,.,n,MetadiscourseContrastNeutral,0
But,but,s,MetadiscourseContrastNeutral,1
in,in,s,OtherOrphanedOther,0
the,the,s,OtherOrphanedOther,0
colonies,colonies,c,SpecialTopicsMiscellanyNeutral,0
",",",",s,,0
many,many,s,ExpoOtherNeutral,0
widows,widows,s,CharTypesNeutral,0
remarried,remarried,s,NarrBiographyNeutral,0
—,—,s,,0
partly,partly,s,ConfidenceHedgedNeutral,0
by,by,s,PubAdministrationNeutral,0
necessity,necessity,s,PubAdministrationNeutral,1
and,and,s,OtherSyntacticComplexityOther,0
partly,partly,s,ConfidenceHedgedNeutral,0
because,because,s,ReasoningOtherNeutral,0
caste,caste,s,NegActsResist,0
restrictions,restrictions,s,NegActsResist,1
weakened,weakened,s,DescriptChangeNeg,0
in,in,s,OtherOrphanedOther,0
diaspora,diaspora,c,SpecialTopicsMiscellanyNeutral,0
.,.,n,,0
4,4,c,ExpoOtherNeutral,0
.,.,s,ExpoOtherNeutral,1
Resistance,resistance,s,NegActsResist,0
by,by,s,OtherOrphanedOther,0
Women,women,n,CharTypesNeutral,0
Despite,despite,s,MetadiscourseContrastNeutral,0
the,the,s,OtherOrphanedOther,0
terrible,terrible,s,ContingentPossibilityNeg,0
conditions,conditions,c,ContingentPossibilityNeg,1
",",",",s,,0
women,women,s,CharTypesNeutral,0
found,found,s,InquiryDiscoveryNeutral,0
ways,ways,s,InquiryDiscoveryNeutral,1
to,to,s,OtherOrphanedOther,0
resist,resist,c,NegActsResist,0
:,:,n,,0
Some,some,s,ExpoOtherNeutral,0
refused,refused,s,NegActsResist,0
remarriage,remarriage,c,NarrBiographyNeutral,0
.,.,n,,0
Some,some,s,ExpoOtherNeutral,0
took,took,s,CharTraitsNeutral,0
collective,collective,s,CharTraitsNeutral,1
action,action,s,CharTraitsNeutral,2
(,(,c,OtherOrphanedOther,0
e.g,e.g,c,ExpoExampleNeutral,0
.,.,c,ExpoExampleNeutral,1
",",",",s,,0
protecting,protecting,s,PosRelGuardian,0
each,each,s,OtherSyntacticComplexityOther,0
other,other,c,OtherSyntacticComplexityOther,1
",",",",s,,0
running,running,s,NarrSceneShiftNeutral,0
away,away,s,NarrSceneShiftNeutral,1
in,in,s,OtherSyntacticComplexityOther,0
groups,groups,c,OtherSyntacticComplexityOther,1
),),c,OtherOrphanedOther,0
.,.,n,,0
Some,some,s,ExpoOtherNeutral,0
women,women,s,CharTypesNeutral,0
filed,filed,s,InterConversationNeg,0
complaints,complaints,s,InterConversationNeg,1
with,with,s,OtherOrphanedOther,0
immigration,immigration,s,CharTypesNeutral,0
officers,officers,s,CharTypesNeutral,1
(,(,c,OtherOrphanedOther,0
though,though,s,MetadiscourseContrastNeutral,0
often,often,s,NarrDurationNeutral,0
ignored,ignored,c,NegRelIgnore,0
),),c,OtherOrphanedOther,0
.,.,n,,0
Some,some,s,ExpoOtherNeutral,0
became,became,s,DescriptChangeNeutral,0
community,community,s,SpecialTopicsMiscellanyNeutral,0
leaders,leaders,c,SpecialTopicsMiscellanyNeutral,1
",",",",s,,0
helping,helping,s,FacilitateHelpPos,0
shape,shape,s,FacilitateHelpPos,1
early,early,s,NarrSequenceNeutral,0
Indo-Caribbean,indo-caribbean,s,,0
and,and,s,OtherSyntacticComplexityOther,0
Indo-Fijian,indo-fijian,s,,0
society,society,c,PubAdministrationNeutral,0
.,.,n,InquiryCuriosityNeutral,0
Why,why,s,InquiryCuriosityNeutral,1
were,were,s,InquiryCuriosityNeutral,2
women,women,s,CharTypesNeutral,0
treated,treated,s,OtherOrphanedOther,0
this,this,s,NarrImmediacyNeutral,0
way,way,s,NarrImmediacyNeutral,1
?,?,n,InterQuestionNeutral,0
Shortage,shortage,s,NegValuesOther,0
of,of,s,OtherOrphanedOther,0
women,women,c,CharTypesNeutral,0
:,:,s,,0
In,in,s,NarrSequenceNeutral,0
early,early,s,NarrSequenceNeutral,1
phases,phases,s,NarrSequenceNeutral,0
of,of,s,OtherOrphanedOther,0
indenture,indenture,c,PubLawNeutral,0
",",",",s,ForcefulEmphaticNeutral,0
only,only,s,ForcefulEmphaticNeutral,1
about,about,s,UncertaintyOtherNeutral,0
25,25,s,UncertaintyOtherNeutral,1
—,—,s,,0
30,30,s,ExpoOtherNeutral,0
women,women,s,CharTypesNeutral,0
per,per,s,ReasoningOtherNeutral,0
100,100,s,ExpoOtherNeutral,0
men,men,s,CharTypesNeutral,0
were,were,s,StratCoordinationNeutral,0
recruited,recruited,c,StratCoordinationNeutral,1
.,.,n,,0
➔,➔,s,,0
This,this,s,OtherOrphanedOther,0
created,created,s,DescriptChangeNeutral,0
fierce,fierce,s,StratCompetitionNeg,0
competition,competition,s,StratCompetitionNeg,1
for,for,s,OtherOrphanedOther,0
women,women,s,CharTypesNeutral,0
and,and,s,OtherSyntacticComplexityOther,0
high,high,s,DescriptVisualNeutral,0
levels,levels,s,SpecialTopicsMiscellanyNeutral,0
of,of,s,SpecialTopicsMiscellanyNeutral,1
gendered,gendered,s,NegActsViolence,0
violence,violence,c,NegActsViolence,1
.,.,n,,0
Planters,planters,s,CharTypesNeutral,0
',',s,CharTypesNeutral,1
interests,interests,c,OtherOrphanedOther,0
:,:,s,,0
Planters,planters,s,DescriptObjectsNeutral,0
wanted,wanted,s,,0
women,women,s,CharTypesNeutral,0
to,to,s,OtherOrphanedOther,0
stabilize,stabilize,s,PosValuesOther,0
male,male,s,CharTypesNeutral,0
workers,workers,s,CharTypesNeutral,1
(,(,c,OtherOrphanedOther,0
keeping,keeping,s,NarrActsNeutral,0
them,them,s,NarrActsNeutral,1
“,",c,,0
calm,calm,c,CharTraitsPos,0
”,",s,,0
and,and,s,OtherSyntacticComplexityOther,0
“,",c,,0
attached,attached,c,DescriptVisualNeutral,0
”,",s,,0
to,to,s,OtherOrphanedOther,0
the,the,s,OtherOrphanedOther,0
plantations,plantations,s,DescriptVisualNeutral,0
through,through,s,OtherOrphanedOther,0
family,family,s,SpecialTopicsMiscellanyNeutral,0
life,life,c,NarrBiographyNeutral,0
),),c,OtherOrphanedOther,0
",",",",s,,0
not,not,s,NegActsResist,0
for,for,s,OtherOrphanedOther,0
women's,women's,s,CharTypesNeutral,0
welfare,welfare,c,PosValuesOther,0
.,.,n,,0
Colonial,colonial,s,SpecialTopicsMiscellanyNeutral,0
control,control,c,StratCoordinationNeutral,0
:,:,s,,0
Laws,laws,s,PubLawNeutral,0
gave,gave,s,OtherOrphanedOther,0
plantation,plantation,s,DescriptVisualNeutral,0
owners,owners,s,CharTypesNeutral,0
great,great,s,ForcefulEmphaticNeutral,0
power,power,s,ForcefulEmphaticNeutral,1
over,over,s,OtherOrphanedOther,0
laborers,laborers,c,CharTypesNeutral,0
’,',s,,0
private,private,s,CharSubjectivityNeutral,0
lives,lives,s,CharSubjectivityNeutral,1
—,—,s,,0
including,including,s,NarrActsNeutral,0
marriages,marriages,s,SpecialTopicsMiscellanyNeutral,0
and,and,s,OtherSyntacticComplexityOther,0
sexual,sexual,s,SpecialTopicsMiscellanyNeutral,0
behavior,behavior,c,SpecialTopicsMiscellanyNeutral,0
.,.,n,,0
In,in,s,MetadiscourseCuesNeutral,0
Summary,summary,c,MetadiscourseCuesNeutral,1
:,:,n,,0
Single,single,s,CharTypesNeutral,0
women,women,s,CharTypesNeutral,1
were,were,s,NarrOtherNeutral,0
the,the,s,NarrOtherNeutral,1
most,most,s,ExpoComparisonNeutral,0
exploited,exploited,c,StratActsPos,0
.,.,n,,0
Married,married,s,CharTypesNeutral,0
women,women,s,CharTypesNeutral,1
gained,gained,s,DescriptChangeNeutral,0
some,some,s,ExpoOtherNeutral,0
fragile,fragile,s,ForcefulEmphaticNeutral,0
protection,protection,s,ForcefulEmphaticNeutral,1
but,but,s,MetadiscourseContrastNeutral,0
often,often,s,NarrDurationNeutral,0
faced,faced,s,DescriptVisualNeutral,0
domestic,domestic,s,NegActsViolence,0
violence,violence,c,NegActsViolence,1
.,.,n,,0
Widows,widows,s,CharTypesNeutral,0
were,were,s,NegRelOther,0
marginalized,marginalized,s,NegRelOther,1
and,and,s,OtherSyntacticComplexityOther,0
often,often,s,NegActsVictimized,0
pressured,pressured,s,NegActsVictimized,1
into,into,s,NegActsVictimized,2
new,new,s,NarrImmediacyNeutral,0
marriages,marriages,c,SpecialTopicsMiscellanyNeutral,0
.,.,n,,0
Across,across,s,OtherOrphanedOther,0
all,all,s,ExpoOtherNeutral,0
categories,categories,c,ExpoClassificationNeutral,0
",",",",s,,0
women,women,s,CharTypesNeutral,0
lived,lived,s,NarrBiographyNeutral,0
in,in,s,NarrBiographyNeutral,1
a,a,s,NarrBiographyNeutral,2
world,world,s,SpecialTopicsMiscellanyNeutral,0
of,of,s,SpecialTopicsMiscellanyNeutral,1
surveillance,surveillance,c,StratCognitionNeg,0
",",",",s,,0
vulnerability,vulnerability,c,NegEmotionsFear,0
",",",",s,,0
and,and,s,OtherSyntacticComplexityOther,0
sometimes,sometimes,s,ContingentRelationshipNeutral,0
incredible,incredible,s,PosActsResilience,0
resilience,resilience,c,PosActsResilience,1
.,.,n,,0
Yes,yes,c,InterDialogueNeutral,0
",",",",s,InterDialogueNeutral,1
the,the,s,OtherOrphanedOther,0
term,term,s,SpecialTopicsMiscellanyNeutral,0
“,",c,,0
coolie,coolie,c,CharTypesNeutral,0
”,",s,,0
was,was,s,NarrDurationNeutral,0
often,often,s,NarrDurationNeutral,1
used,used,s,NarrActsNeutral,0
synonymously,synonymously,s,ExpoOtherNeutral,0
with,with,s,CitationQuotationNeutral,0
“,",c,CitationQuotationNeutral,1
indentured,indentured,s,PubLawNeutral,0
laborer,laborer,c,CharTypesNeutral,0
",",",",c,,0
”,",s,,0
but,but,s,MetadiscourseContrastNeutral,0
with,with,s,OtherOrphanedOther,0
some,some,s,ExpoOtherNeutral,0
nuances,nuances,s,ReasoningAnalyzeNeutral,0
in,in,s,OtherSyntacticComplexityOther,0
its,its,s,OtherSyntacticComplexityOther,1
use,use,s,NarrActsNeutral,0
and,and,s,OtherSyntacticComplexityOther,0
history,history,c,NarrOtherNeutral,0
.,.,n,,0
Origins,origins,s,NarrSequenceNeutral,0
of,of,s,NarrSequenceNeutral,1
the,the,s,OtherOrphanedOther,0
Term,term,s,SpecialTopicsMiscellanyNeutral,0
“,",c,,0
Coolie,coolie,c,CharTypesNeutral,0
”,",n,,0
The,the,s,SpecialTopicsMiscellanyNeutral,0
word,word,s,SpecialTopicsMiscellanyNeutral,1
“,",c,,0
coolie,coolie,c,CharTypesNeutral,0
”,",s,,0
is,is,s,NarrActsNeutral,0
derived,derived,s,NarrActsNeutral,1
from,from,s,OtherOrphanedOther,0
the,the,s,OtherOrphanedOther,0
Hindi,hindi,s,SpecialTopicsMiscellanyNeutral,0
and,and,s,OtherSyntacticComplexityOther,0
Urdu,urdu,s,SpecialTopicsMiscellanyNeutral,0
word,word,s,SpecialTopicsMiscellanyNeutral,0
“,",c,,0
kuli,kuli,c,,0
”,",c,,0
",",",",s,,0
meaning,meaning,s,SpecialTopicsMiscellanyNeutral,0
day,day,s,CharTypesNeutral,0
laborer,laborer,s,CharTypesNeutral,1
or,or,s,OtherSyntacticComplexityOther,0
manual,manual,s,DescriptObjectsNeutral,0
worker,worker,c,CharTypesNeutral,0
.,.,n,NarrOtherNeutral,0
It,it,s,NarrOtherNeutral,1
was,was,s,NarrOtherNeutral,2
used,used,s,NarrActsNeutral,0
during,during,s,NarrDurationNeutral,0
the,the,s,NarrDurationNeutral,1
colonial,colonial,s,NarrDurationNeutral,0
period,period,s,NarrDurationNeutral,1
in,in,s,DescriptVisualNeutral,0
Asia,asia,c,DescriptVisualNeutral,1
",",",",s,,0
particularly,particularly,s,ExpoSpecificationNeutral,0
in,in,s,ExpoSpecificationNeutral,1
India,india,s,SpecialTopicsPlaceNeutral,0
and,and,s,OtherSyntacticComplexityOther,0
China,china,c,SpecialTopicsPlaceNeutral,0
",",",",s,,0
to,to,s,OtherOrphanedOther,0
describe,describe,s,SpecialTopicsMiscellanyNeutral,0
unskilled,unskilled,s,CharTypesNeutral,0
laborers,laborers,s,CharTypesNeutral,1
who,who,s,OtherOrphanedOther,0
were,were,s,NarrDurationNeutral,0
often,often,s,NarrDurationNeutral,1
hired,hired,s,OtherOrphanedOther,0
on,on,s,OtherOrphanedOther,1
a,a,s,OtherOrphanedOther,0
temporary,temporary,s,NarrDurationNeutral,0
or,or,s,OtherSyntacticComplexityOther,0
seasonal,seasonal,s,SpecialTopicsMiscellanyNeutral,0
basis,basis,c,SpecialTopicsMiscellanyNeutral,1
.,.,n,,0
How,how,s,OtherOrphanedOther,0
“,",c,,0
Coolie,coolie,c,CharTypesNeutral,0
”,",s,,0
Became,became,s,DescriptChangeNeutral,0
Associated,associated,s,ExpoOtherNeutral,0
with,with,s,ExpoOtherNeutral,1
Indentured,indentured,s,PubLawNeutral,0
Laborers,laborers,c,CharTypesNeutral,0
:,:,n,,0
Indentured,indentured,s,PubLawNeutral,0
laborers,laborers,s,CharTypesNeutral,0
from,from,s,OtherOrphanedOther,0
India,india,c,SpecialTopicsPlaceNeutral,0
",",",",s,,0
China,china,c,SpecialTopicsPlaceNeutral,0
",",",",s,,0
and,and,s,NarrSequenceNeutral,0
later,later,s,NarrSequenceNeutral,1
other,other,s,,0
countries,countries,s,SpecialTopicsPlaceNeutral,0
(,(,c,OtherOrphanedOther,0
like,like,s,OtherOrphanedOther,0
Japan,japan,s,SpecialTopicsPlaceNeutral,0
and,and,s,OtherSyntacticComplexityOther,0
Portuguese,portuguese,s,CharTypesNeutral,0
territories,territories,c,SpecialTopicsPlaceNeutral,0
),),s,OtherOrphanedOther,0
were,were,s,StratCoordinationNeutral,0
recruited,recruited,s,StratCoordinationNeutral,1
for,for,s,StratCoordinationNeutral,2
long-term,long-term,s,FutureOtherNeutral,0
labor,labor,s,PubAdministrationNeutral,0
contracts,contracts,s,PubAdministrationNeutral,1
in,in,s,OtherOrphanedOther,0
the,the,s,OtherOrphanedOther,0
colonies,colonies,s,SpecialTopicsMiscellanyNeutral,0
of,of,s,OtherSyntacticComplexityOther,0
the,the,s,OtherSyntacticComplexityOther,1
British,british,c,CharTypesNeutral,0
",",",",s,,0
French,french,c,CharTypesNeutral,0
",",",",s,,0
and,and,s,OtherSyntacticComplexityOther,0
Dutch,dutch,s,CharTypesNeutral,0
empires,empires,c,PubAdministrationNeutral,0
",",",",s,,0
particularly,particularly,s,ExpoSpecificationNeutral,0
in,in,s,ExpoSpecificationNeutral,1
the,the,s,OtherOrphanedOther,0
Caribbean,caribbean,c,SpecialTopicsPlaceNeutral,0
",",",",s,,0
Fiji,fiji,c,SpecialTopicsPlaceNeutral,0
",",",",s,,0
Mauritius,mauritius,c,SpecialTopicsPlaceNeutral,0
",",",",s,,0
and,and,s,OtherSyntacticComplexityOther,0
South,south,s,SpecialTopicsPlaceNeutral,0
Africa,africa,c,SpecialTopicsPlaceNeutral,1
.,.,n,,0
The,the,s,OtherOrphanedOther,0
use,use,s,SpecialTopicsMiscellanyNeutral,0
of,of,s,SpecialTopicsMiscellanyNeutral,1
the,the,s,OtherOrphanedOther,0
term,term,s,SpecialTopicsMiscellanyNeutral,0
“,",c,,0
coolie,coolie,c,CharTypesNeutral,0
”,",s,,0
in,in,s,MetadiscourseOtherNeutral,0
this,this,s,MetadiscourseOtherNeutral,1
context,context,s,MetadiscourseOtherNeutral,2
can,can,s,ContingentRelationshipNeutral,0
be,be,s,ContingentRelationshipNeutral,1
broken,broken,s,ContingentRelationshipNeutral,2
down,down,s,ContingentRelationshipNeutral,3
into,into,s,OtherOrphanedOther,0
two,two,s,ExpoOtherNeutral,0
parts,parts,c,OtherOrphanedOther,0
:,:,n,,0
Pre-Indenture,pre-indenture,s,,0
“,",c,,0
Coolie,coolie,c,CharTypesNeutral,0
”,",c,,0
:,:,s,,0
This,this,s,OtherOrphanedOther,0
refers,refers,s,CitationReferenceNeutral,0
to,to,s,CitationReferenceNeutral,1
a,a,s,CitationReferenceNeutral,2
day,day,s,CitationReferenceNeutral,3
laborer,laborer,s,CharTypesNeutral,0
or,or,s,OtherSyntacticComplexityOther,0
someone,someone,s,CharTypesNeutral,0
who,who,s,CharTypesNeutral,1
worked,worked,s,NarrBiographyNeutral,0
on,on,s,NarrBiographyNeutral,1
a,a,s,NarrBiographyNeutral,2
short-term,short-term,c,FutureOtherNeutral,0
",",",",s,,0
often,often,s,NarrDurationNeutral,0
informal,informal,s,SpecialTopicsMiscellanyNeutral,0
basis,basis,c,SpecialTopicsMiscellanyNeutral,1
",",",",s,,0
without,without,s,ForcefulEmphaticNeutral,0
the,the,s,OtherOrphanedOther,0
structure,structure,s,SpecialTopicsMiscellanyNeutral,0
of,of,s,SpecialTopicsMiscellanyNeutral,1
an,an,s,OtherOrphanedOther,0
official,official,s,PubAdministrationNeutral,0
contract,contract,c,NarrActsNeutral,0
.,.,s,,0
In,in,s,OtherOrphanedOther,0
India,india,c,SpecialTopicsPlaceNeutral,0
",",",",s,,0
this,this,s,ContingentRelationshipNeutral,0
could,could,s,ContingentRelationshipNeutral,1
include,include,s,NarrActsNeutral,0
anyone,anyone,s,ExpoOtherNeutral,0
hired,hired,s,OtherOrphanedOther,0
temporarily,temporarily,s,NarrDurationNeutral,0
for,for,s,OtherOrphanedOther,0
low-wage,low-wage,c,SpecialTopicsMiscellanyNeutral,0
",",",",s,,0
menial,menial,s,NegActsMenial,0
work,work,s,NegActsMenial,1
(,(,c,OtherOrphanedOther,0
often,often,s,NarrDurationNeutral,0
in,in,s,OtherOrphanedOther,0
rural,rural,s,SpecialTopicsPlaceNeutral,0
areas,areas,c,SpecialTopicsPlaceNeutral,1
),),c,OtherOrphanedOther,0
.,.,n,,0
Indentured,indentured,s,PubLawNeutral,0
“,",c,,0
Coolie,coolie,c,CharTypesNeutral,0
”,",c,,0
:,:,s,,0
Over,over,s,NarrOtherNeutral,0
time,time,c,NarrOtherNeutral,1
",",",",s,,0
the,the,s,SpecialTopicsMiscellanyNeutral,0
word,word,s,SpecialTopicsMiscellanyNeutral,1
“,",c,,0
coolie,coolie,c,CharTypesNeutral,0
”,",s,,0
became,became,s,DescriptChangeNeutral,0
strongly,strongly,s,ForcefulEmphaticNeutral,0
associated,associated,s,ExpoOtherNeutral,0
with,with,s,ExpoOtherNeutral,1
those,those,s,ExpoSpecificationNeutral,0
who,who,s,ExpoSpecificationNeutral,1
signed,signed,s,OtherOrphanedOther,0
long-term,long-term,s,PubLawNeutral,0
indentured,indentured,s,PubLawNeutral,1
contracts,contracts,s,NarrActsNeutral,0
to,to,s,OtherOrphanedOther,0
work,work,s,NarrActsNeutral,0
on,on,s,NarrActsNeutral,1
plantations,plantations,c,DescriptVisualNeutral,0
",",",",s,,0
in,in,s,OtherOrphanedOther,0
mines,mines,c,DescriptObjectsNeutral,0
",",",",s,,0
or,or,s,OtherSyntacticComplexityOther,0
on,on,s,OtherOrphanedOther,0
public,public,s,PubAdministrationNeutral,0
works,works,s,PubAdministrationNeutral,1
in,in,s,OtherSyntacticComplexityOther,0
various,various,s,OtherSyntacticComplexityOther,1
colonies,colonies,c,SpecialTopicsMiscellanyNeutral,0
.,.,s,,0
These,these,s,MetadiscourseOtherNeutral,0
were,were,s,MetadiscourseOtherNeutral,1
indentured,indentured,s,PubLawNeutral,0
laborers,laborers,s,CharTypesNeutral,0
who,who,s,OtherOrphanedOther,0
worked,worked,s,NarrBiographyNeutral,0
under,under,s,NarrBiographyNeutral,1
strict,strict,s,ContingentPossibilityNeg,0
conditions,conditions,c,ContingentPossibilityNeg,1
",",",",s,,0
often,often,s,NarrDurationNeutral,0
for,for,s,OtherOrphanedOther,0
5,5,s,ExpoOtherNeutral,0
—,—,s,,0
10,10,s,NarrDurationNeutral,0
years,years,c,NarrDurationNeutral,1
",",",",s,,0
to,to,s,OtherOrphanedOther,0
pay,pay,s,NarrActsNeutral,0
off,off,s,NarrActsNeutral,1
their,their,s,CharNamesNeutral,0
passage,passage,s,DescriptObjectsNeutral,0
to,to,s,OtherOrphanedOther,0
the,the,s,SpecialTopicsMiscellanyNeutral,0
colony,colony,c,SpecialTopicsMiscellanyNeutral,1
.,.,n,,0
Differences,differences,s,ExpoComparisonNeutral,0
in,in,s,ExpoComparisonNeutral,1
Usage,usage,c,OtherOrphanedGenericActivity,0
:,:,n,,0
“,",c,,0
Indentured,indentured,s,PubLawNeutral,0
laborers,laborers,c,CharTypesNeutral,0
”,",s,,0
refers,refers,s,NarrActsNeutral,0
to,to,s,NarrActsNeutral,1
people,people,s,CharTypesNeutral,0
who,who,s,OtherOrphanedOther,0
signed,signed,s,OtherOrphanedOther,0
formal,formal,c,SpecialTopicsMiscellanyNeutral,0
",",",",s,,0
legally,legally,s,PubLawNeutral,0
binding,binding,s,ResponsibilityHoldNeutral,0
contracts,contracts,s,ResponsibilityHoldNeutral,1
that,that,s,OtherOrphanedOther,0
stipulated,stipulated,s,NarrOtherNeutral,0
the,the,s,NarrOtherNeutral,1
terms,terms,s,SpecialTopicsMiscellanyNeutral,0
of,of,s,SpecialTopicsMiscellanyNeutral,1
their,their,s,CharNamesNeutral,0
work,work,c,OtherOrphanedOther,0
",",",",s,,0
including,including,s,NarrActsNeutral,0
wages,wages,c,SpecialTopicsMiscellanyNeutral,0
",",",",s,,0
living,living,s,NarrImmediacyNeutral,0
conditions,conditions,c,NarrImmediacyNeutral,1
",",",",s,,0
and,and,s,OtherSyntacticComplexityOther,0
the,the,s,OtherSyntacticComplexityOther,1
duration,duration,s,NarrDurationNeutral,0
of,of,s,NarrDurationNeutral,1
service,service,s,SpecialTopicsMiscellanyNeutral,0
(,(,c,OtherOrphanedOther,0
usually,usually,s,NarrDurationNeutral,0
5,5,s,NarrDurationNeutral,0
years,years,c,NarrDurationNeutral,1
",",",",s,,0
with,with,s,OtherSyntacticComplexityOther,0
the,the,s,OtherSyntacticComplexityOther,1
possibility,possibility,s,ConfidenceHedgedNeutral,0
of,of,s,ConfidenceHedgedNeutral,1
renewal,renewal,c,DescriptChangePos,0
),),c,OtherOrphanedOther,0
.,.,s,NarrActsNeutral,0
They,they,s,NarrActsNeutral,1
were,were,s,NarrDurationNeutral,0
often,often,s,NarrDurationNeutral,1
promised,promised,s,FutureOtherPos,0
return,return,s,FutureOtherPos,1
passage,passage,s,DescriptObjectsNeutral,0
to,to,s,OtherOrphanedOther,0
their,their,s,CharNamesNeutral,0
homeland,homeland,c,,0
",",",",s,MetadiscourseContrastNeutral,0
though,though,s,MetadiscourseContrastNeutral,1
many,many,s,ExpoOtherNeutral,0
never,never,s,NegEmotionsFrustration,0
made,made,s,NegEmotionsFrustration,1
it,it,s,NegEmotionsFrustration,2
back,back,c,,0
.,.,n,,0
“,",c,,0
Coolie,coolie,c,CharTypesNeutral,0
”,",s,,0
was,was,s,NarrOtherNeutral,0
a,a,s,NarrOtherNeutral,1
more,more,s,ExpoComparisonNeutral,0
generalized,generalized,s,ReasoningOtherNeutral,0
and,and,s,OtherSyntacticComplexityOther,0
often,often,s,NarrDurationNeutral,0
pejorative,pejorative,s,NegEmotionsOther,0
term,term,s,SpecialTopicsMiscellanyNeutral,0
applied,applied,s,InterRequestNeutral,0
to,to,s,InterRequestNeutral,1
unskilled,unskilled,s,CharTypesNeutral,0
laborers,laborers,c,CharTypesNeutral,1
",",",",s,,0
particularly,particularly,s,ExpoSpecificationNeutral,0
in,in,s,ExpoSpecificationNeutral,1
the,the,s,OtherOrphanedOther,0
context,context,s,ContingentEventNeutral,0
of,of,s,ContingentEventNeutral,1
colonial,colonial,s,SpecialTopicsMiscellanyNeutral,0
exploitation,exploitation,c,NegActsAggressive,0
.,.,s,,0
The,the,s,OtherOrphanedOther,0
term,term,s,SpecialTopicsMiscellanyNeutral,0
became,became,s,DescriptChangeNeutral,0
racialized,racialized,s,SpecialTopicsMiscellanyNeutral,0
and,and,s,OtherSyntacticComplexityOther,0
was,was,s,ExpoOtherNeutral,0
used,used,s,ExpoOtherNeutral,1
to,to,s,ExpoOtherNeutral,2
denigrate,denigrate,s,NegActsAggressive,0
these,these,s,OtherOrphanedOther,0
workers,workers,c,CharTypesNeutral,0
",",",",s,,0
highlighting,highlighting,s,OtherOrphanedOther,0
the,the,s,OtherOrphanedOther,1
dehumanizing,dehumanizing,s,NegRelDehumanize,0
aspect,aspect,s,NegRelDehumanize,1
of,of,s,OtherOrphanedOther,0
colonial,colonial,s,SpecialTopicsMiscellanyNeutral,0
labor,labor,s,SpecialTopicsMiscellanyNeutral,0
systems,systems,c,SpecialTopicsMiscellanyNeutral,1
.,.,n,,0
The,the,s,OtherOrphanedOther,0
Colonial,colonial,s,SpecialTopicsMiscellanyNeutral,0
Context,context,c,ContingentEventNeutral,0
:,:,n,,0
During,during,s,NarrDurationNeutral,0
the,the,s,NarrDurationNeutral,1
colonial,colonial,s,NarrDurationNeutral,0
era,era,c,NarrDurationNeutral,1
",",",",s,,0
the,the,s,OtherOrphanedOther,0
term,term,s,SpecialTopicsMiscellanyNeutral,0
“,",c,,0
coolie,coolie,c,CharTypesNeutral,0
”,",s,,0
was,was,s,ExpoOtherNeutral,0
used,used,s,ExpoOtherNeutral,1
to,to,s,ExpoOtherNeutral,2
refer,refer,s,NarrActsNeutral,0
to,to,s,NarrActsNeutral,1
laborers,laborers,s,CharTypesNeutral,0
from,from,s,OtherOrphanedOther,0
various,various,s,SpecialTopicsMiscellanyNeutral,0
parts,parts,s,SpecialTopicsMiscellanyNeutral,0
of,of,s,SpecialTopicsMiscellanyNeutral,1
Asia,asia,s,SpecialTopicsPlaceNeutral,0
(,(,c,OtherOrphanedOther,0
mainly,mainly,s,ConfidenceHedgedNeutral,0
India,india,s,SpecialTopicsPlaceNeutral,0
and,and,s,OtherSyntacticComplexityOther,0
China,china,c,SpecialTopicsPlaceNeutral,0
),),c,OtherOrphanedOther,0
",",",",s,,0
regardless,regardless,s,MetadiscourseOtherNeutral,0
of,of,s,MetadiscourseOtherNeutral,1
their,their,s,CharNamesNeutral,0
formal,formal,s,SpecialTopicsMiscellanyNeutral,0
status,status,c,SpecialTopicsMiscellanyNeutral,0
.,.,s,MetadiscourseContrastNeutral,0
However,however,c,MetadiscourseContrastNeutral,1
",",",",s,,0
once,once,s,NarrOtherNeutral,0
these,these,s,OtherOrphanedOther,0
laborers,laborers,s,CharTypesNeutral,0
were,were,s,StratCoordinationNeutral,0
recruited,recruited,s,StratCoordinationNeutral,1
through,through,s,OtherOrphanedOther,0
indenture,indenture,s,PubLawNeutral,0
systems,systems,s,SpecialTopicsMiscellanyNeutral,0
(,(,c,OtherOrphanedOther,0
as,as,s,OtherOrphanedOther,1
was,was,s,NarrOtherNeutral,0
the,the,s,NarrOtherNeutral,1
case,case,s,StratCoordinationNeutral,0
for,for,s,StratCoordinationNeutral,1
the,the,s,ForcefulEmphaticNeutral,0
vast,vast,s,ForcefulEmphaticNeutral,1
majority,majority,s,PubAdministrationNeutral,0
of,of,s,PubAdministrationNeutral,1
Indian,indian,s,CharTypesNeutral,0
laborers,laborers,c,CharTypesNeutral,0
),),c,OtherOrphanedOther,0
",",",",s,,0
they,they,s,OtherOrphanedOther,0
were,were,s,NarrOtherNeutral,0
technically,technically,s,SpecialTopicsMiscellanyNeutral,0
indentured,indentured,s,PubLawNeutral,0
laborers,laborers,s,CharTypesNeutral,0
—,—,s,,0
but,but,s,MetadiscourseContrastNeutral,0
“,",c,,0
coolie,coolie,c,CharTypesNeutral,0
”,",s,,0
continued,continued,s,UpdatesOtherNeutral,0
to,to,s,UpdatesOtherNeutral,1
be,be,s,UpdatesOtherNeutral,2
the,the,s,ExpoComparisonNeutral,0
more,more,s,ExpoComparisonNeutral,1
widely,widely,s,NarrOtherNeutral,0
used,used,c,NarrOtherNeutral,1
",",",",s,,0
derogatory,derogatory,s,NegActsAggressive,0
term,term,s,NegActsAggressive,1
in,in,s,OtherSyntacticComplexityOther,0
many,many,s,OtherSyntacticComplexityOther,1
places,places,c,OtherOrphanedOther,0
.,.,n,,0
The,the,s,OtherOrphanedOther,0
term,term,s,SpecialTopicsMiscellanyNeutral,0
“,",c,,0
coolie,coolie,c,CharTypesNeutral,0
”,",s,,0
often,often,s,NarrDurationNeutral,0
carried,carried,s,SpecialTopicsMiscellanyNeutral,0
with,with,s,SpecialTopicsMiscellanyNeutral,1
it,it,s,SpecialTopicsMiscellanyNeutral,2
negative,negative,s,NegEmotionsOther,0
connotations,connotations,s,ExpoDefinitionNeutral,0
of,of,s,OtherOrphanedOther,0
racial,racial,s,NegValuesInferior,0
inferiority,inferiority,s,NegValuesInferior,1
and,and,s,OtherSyntacticComplexityOther,0
inferiority,inferiority,s,ExpoComparisonNeutral,0
of,of,s,ExpoComparisonNeutral,1
labor,labor,c,SpecialTopicsMiscellanyNeutral,0
",",",",s,,0
emphasizing,emphasizing,s,ForcefulEmphaticNeutral,0
the,the,s,ForcefulEmphaticNeutral,1
colonial,colonial,s,SpecialTopicsMiscellanyNeutral,0
perspective,perspective,s,SpecialTopicsMiscellanyNeutral,0
that,that,s,OtherOrphanedOther,0
these,these,s,OtherOrphanedOther,0
workers,workers,s,CharTypesNeutral,0
were,were,s,NarrOtherNeutral,0
disposable,disposable,s,SpecialTopicsMiscellanyNeutral,0
and,and,s,OtherSyntacticComplexityOther,0
their,their,s,CharNamesNeutral,0
labor,labor,s,SpecialTopicsMiscellanyNeutral,0
was,was,s,NarrOtherNeutral,0
cheap,cheap,c,SpecialTopicsMiscellanyNeutral,0
.,.,n,,0
Modern,modern,s,NarrOtherNeutral,0
Usage,usage,c,OtherOrphanedGenericActivity,0
:,:,n,,0
Today,today,c,NarrImmediacyNeutral,0
",",",",s,,0
the,the,s,OtherOrphanedOther,0
term,term,s,SpecialTopicsMiscellanyNeutral,0
“,",c,,0
coolie,coolie,c,CharTypesNeutral,0
”,",s,,0
is,is,s,ReasoningOtherNeutral,0
considered,considered,s,ReasoningOtherNeutral,1
offensive,offensive,c,NegEmotionsOther,0
",",",",s,,0
particularly,particularly,s,ExpoSpecificationNeutral,0
in,in,s,ExpoSpecificationNeutral,1
places,places,s,SpecialTopicsPlaceNeutral,0
where,where,s,SpecialTopicsPlaceNeutral,1
Indo-Caribbean,indo-caribbean,c,,0
",",",",s,,0
Indo-Fijian,indo-fijian,c,,0
",",",",s,,0
and,and,s,OtherSyntacticComplexityOther,0
other,other,s,,0
Asian,asian,s,SpecialTopicsPlaceNeutral,0
diaspora,diaspora,s,SpecialTopicsMiscellanyNeutral,0
communities,communities,s,SpecialTopicsMiscellanyNeutral,1
are,are,s,PosValuesCommentary,0
prominent,prominent,c,PosValuesCommentary,1
.,.,s,,0
The,the,s,UpdatesOtherNeutral,0
word,word,s,UpdatesOtherNeutral,1
is,is,s,UpdatesOtherNeutral,2
seen,seen,s,PubAdministrationNeutral,0
as,as,s,PubAdministrationNeutral,1
a,a,s,OtherOrphanedOther,0
legacy,legacy,s,PubAdministrationNeutral,0
of,of,s,PubAdministrationNeutral,1
colonialism,colonialism,s,SpecialTopicsMiscellanyNeutral,0
and,and,s,OtherSyntacticComplexityOther,0
is,is,s,ExpoOtherNeutral,0
associated,associated,s,ExpoOtherNeutral,1
with,with,s,ExpoOtherNeutral,2
the,the,s,OtherOrphanedOther,0
exploitation,exploitation,s,NegActsAggressive,0
and,and,s,OtherSyntacticComplexityOther,0
racism,racism,s,NegValuesOther,0
faced,faced,s,DescriptVisualNeutral,0
by,by,s,OtherOrphanedOther,0
laborers,laborers,s,CharTypesNeutral,0
in,in,s,NarrOtherNeutral,0
the,the,s,NarrOtherNeutral,1
past,past,c,NarrOtherNeutral,2
.,.,n,MetadiscourseContrastNeutral,0
However,however,c,MetadiscourseContrastNeutral,1
",",",",s,,0
in,in,s,OtherOrphanedOther,0
some,some,s,ExpoOtherNeutral,0
contexts,contexts,c,ContingentEventNeutral,0
",",",",s,,0
the,the,s,OtherOrphanedOther,0
term,term,s,SpecialTopicsMiscellanyNeutral,0
is,is,s,DescriptChangePos,0
reclaimed,reclaimed,s,DescriptChangePos,1
or,or,s,OtherSyntacticComplexityOther,0
used,used,s,NarrActsNeutral,0
historically,historically,s,NarrOtherNeutral,0
to,to,s,PosRelAcknowledgement,0
acknowledge,acknowledge,s,PosRelAcknowledgement,1
the,the,s,NegEmotionsOther,0
hardships,hardships,s,NegEmotionsOther,1
endured,endured,s,CharTraitsNeutral,0
by,by,s,OtherOrphanedOther,0
these,these,s,OtherOrphanedOther,0
workers,workers,c,CharTypesNeutral,0
",",",",s,,0
particularly,particularly,s,ExpoSpecificationNeutral,0
in,in,s,ExpoSpecificationNeutral,1
literature,literature,c,SpecialTopicsMiscellanyNeutral,0
",",",",s,,0
activism,activism,c,StratActsNeutral,0
",",",",s,,0
or,or,s,OtherSyntacticComplexityOther,0
discussions,discussions,s,PubAdministrationNeutral,0
about,about,s,OtherOrphanedOther,0
the,the,s,OtherOrphanedOther,0
indenture,indenture,s,SpecialTopicsMiscellanyNeutral,0
system,system,c,SpecialTopicsMiscellanyNeutral,1
.,.,n,MetadiscourseCuesNeutral,0
To,to,s,MetadiscourseCuesNeutral,1
Sum,sum,s,MetadiscourseCuesNeutral,2
Up,up,c,MetadiscourseCuesNeutral,3
:,:,n,,0
Yes,yes,c,InterDialogueNeutral,0
",",",",s,InterDialogueNeutral,1
“,",c,,0
coolies,coolies,c,CharTypesNeutral,0
”,",s,,0
were,were,s,NarrDurationNeutral,0
often,often,s,NarrDurationNeutral,1
indentured,indentured,s,PubLawNeutral,0
laborers,laborers,c,CharTypesNeutral,0
",",",",s,MetadiscourseContrastNeutral,0
but,but,s,MetadiscourseContrastNeutral,1
the,the,s,OtherOrphanedOther,0
term,term,s,SpecialTopicsMiscellanyNeutral,0
“,",c,,0
coolie,coolie,c,CharTypesNeutral,0
”,",s,,0
was,was,s,NarrOtherNeutral,0
a,a,s,NarrOtherNeutral,1
broader,broader,s,ExpoComparisonNeutral,0
and,and,s,OtherSyntacticComplexityOther,0
more,more,s,ExpoComparisonNeutral,0
pejorative,pejorative,s,NegEmotionsOther,0
label,label,s,DescriptOtherNeutral,0
used,used,s,DescriptOtherNeutral,1
to,to,s,DescriptOtherNeutral,2
describe,describe,s,DescriptOtherNeutral,3
a,a,s,OtherOrphanedOther,0
class,class,s,SpecialTopicsMiscellanyNeutral,0
of,of,s,OtherOrphanedOther,0
cheap,cheap,c,SpecialTopicsMiscellanyNeutral,0
",",",",s,,0
unskilled,unskilled,c,StratOtherNeg,0
",",",",s,,0
and,and,s,OtherSyntacticComplexityOther,0
exploited,exploited,s,StratActsPos,0
laborers,laborers,c,CharTypesNeutral,0
.,.,n,,0
Indentured,indentured,s,PubLawNeutral,0
laborers,laborers,c,CharTypesNeutral,0
",",",",s,,0
on,on,s,MetadiscourseOtherNeutral,0
the,the,s,MetadiscourseOtherNeutral,1
other,other,s,MetadiscourseOtherNeutral,2
hand,hand,c,MetadiscourseOtherNeutral,3
",",",",s,,0
were,were,s,ExpoSpecificationNeutral,0
specifically,specifically,s,ExpoSpecificationNeutral,1
bound,bound,s,DescriptVisualNeutral,0
by,by,s,DescriptVisualNeutral,1
contractual,contractual,s,ResponsibilityOtherNeutral,0
obligations,obligations,c,ResponsibilityOtherNeutral,1
",",",",s,OtherOrphanedOther,0
which,which,s,OtherOrphanedOther,1
gave,gave,s,NarrOtherNeutral,0
them,them,s,NarrOtherNeutral,1
a,a,s,ExpoComparisonNeutral,0
more,more,s,ExpoComparisonNeutral,1
legal,legal,s,PubLawNeutral,0
framework,framework,s,SpecialTopicsMiscellanyNeutral,0
(,(,c,OtherOrphanedOther,0
though,though,s,MetadiscourseContrastNeutral,0
still,still,s,ForcefulIntenseNeutral,0
very,very,s,ForcefulIntenseNeutral,1
exploitative,exploitative,c,NegRelOther,0
),),s,OtherOrphanedOther,0
for,for,s,OtherOrphanedOther,0
their,their,s,CharNamesNeutral,0
labor,labor,c,SpecialTopicsMiscellanyNeutral,0
.,.,n,,0
The,the,s,OtherOrphanedOther,0
treatment,treatment,s,SpecialTopicsMiscellanyNeutral,0
of,of,s,OtherOrphanedOther,0
Chinese,chinese,s,CharTypesNeutral,0
and,and,s,OtherSyntacticComplexityOther,0
Indian,indian,s,CharTypesNeutral,0
laborers,laborers,s,CharTypesNeutral,0
in,in,s,OtherOrphanedOther,0
Suriname,suriname,s,SpecialTopicsPlaceNeutral,0
during,during,s,NarrDurationNeutral,0
the,the,s,NarrDurationNeutral,1
indenture,indenture,s,NarrDurationNeutral,0
period,period,s,NarrDurationNeutral,1
(,(,c,OtherOrphanedOther,0
from,from,s,OtherOrphanedOther,0
the,the,s,OtherOrphanedOther,0
mid-19th,mid-19th,s,,0
to,to,s,OtherOrphanedOther,0
early,early,s,NarrSequenceNeutral,0
20th,20th,s,NarrDurationNeutral,0
century,century,c,NarrDurationNeutral,1
),),s,OtherOrphanedOther,0
was,was,s,ForcefulEmphaticNeutral,0
marked,marked,s,ForcefulEmphaticNeutral,1
by,by,s,ForcefulEmphaticNeutral,2
both,both,s,OtherSyntacticComplexityOther,0
similarities,similarities,s,ExpoComparisonNeutral,0
and,and,s,OtherSyntacticComplexityOther,0
significant,significant,s,NegRelDisagreement,0
differences,differences,c,NegRelDisagreement,1
",",",",s,,0
shaped,shaped,s,OtherOrphanedOther,0
largely,largely,s,ConfidenceHedgedNeutral,0
by,by,s,OtherOrphanedOther,0
racial,racial,c,SpecialTopicsMiscellanyNeutral,0
",",",",s,,0
cultural,cultural,c,SpecialTopicsMiscellanyNeutral,0
",",",",s,,0
and,and,s,OtherSyntacticComplexityOther,0
economic,economic,s,SpecialTopicsMiscellanyNeutral,0
factors,factors,c,SpecialTopicsMiscellanyNeutral,1
.,.,s,,0
While,while,s,NarrDurationNeutral,0
both,both,s,OtherSyntacticComplexityOther,0
groups,groups,s,SpecialTopicsMiscellanyNeutral,0
endured,endured,s,CharTraitsNeutral,0
harsh,harsh,s,ContingentPossibilityNeg,0
conditions,conditions,c,ContingentPossibilityNeg,1
",",",",s,,0
they,they,s,NegValuesOther,0
faced,faced,s,NegValuesOther,1
unique,unique,s,CharTraitsNeutral,0
challenges,challenges,s,CharTraitsNeutral,1
and,and,s,OtherSyntacticComplexityOther,0
received,received,s,NarrActsNeutral,0
different,different,s,SpecialTopicsMiscellanyNeutral,0
treatment,treatment,s,SpecialTopicsMiscellanyNeutral,1
based,based,s,ReasoningPremiseNeutral,0
on,on,s,ReasoningPremiseNeutral,1
their,their,s,CharNamesNeutral,0
ethnic,ethnic,s,SpecialTopicsMiscellanyNeutral,0
background,background,c,ContingentEventNeutral,0
",",",",s,,0
the,the,s,OtherOrphanedOther,0
colonial,colonial,s,StratActsNeutral,0
agenda,agenda,c,StratActsNeutral,1
",",",",s,,0
and,and,s,OtherSyntacticComplexityOther,0
the,the,s,OtherSyntacticComplexityOther,1
way,way,s,DescriptObjectsNeutral,0
these,these,s,OtherOrphanedOther,0
labor,labor,s,SpecialTopicsMiscellanyNeutral,0
systems,systems,s,SpecialTopicsMiscellanyNeutral,1
evolved,evolved,s,DescriptChangePos,0
over,over,s,NarrOtherNeutral,0
time,time,c,NarrOtherNeutral,1
.,.,n,,0
Here’s,here’s,s,UpdatesOtherNeutral,0
a,a,s,UpdatesOtherNeutral,1
detailed,detailed,s,SpecialTopicsMiscellanyNeutral,0
breakdown,breakdown,s,SpecialTopicsMiscellanyNeutral,1
of,of,s,SpecialTopicsMiscellanyNeutral,2
the,the,s,OtherOrphanedOther,0
differences,differences,s,ExpoComparisonNeutral,0
and,and,s,OtherSyntacticComplexityOther,0
similarities,similarities,s,ExpoComparisonNeutral,0
in,in,s,OtherSyntacticComplexityOther,0
their,their,s,OtherSyntacticComplexityOther,1
treatment,treatment,c,SpecialTopicsMiscellanyNeutral,0
:,:,n,,0
1,1,c,ExpoOtherNeutral,0
.,.,s,ExpoOtherNeutral,1
Recruitment,recruitment,s,StratCoordinationNeutral,0
and,and,s,OtherSyntacticComplexityOther,0
Arrival,arrival,n,NarrSceneShiftNeutral,0
Indian,indian,s,CharTypesNeutral,0
Laborers,laborers,c,CharTypesNeutral,0
:,:,n,,0
The,the,s,CharTypesNeutral,0
Indian,indian,s,CharTypesNeutral,1
indentured,indentured,s,PubLawNeutral,0
labor,labor,s,SpecialTopicsMiscellanyNeutral,0
system,system,s,SpecialTopicsMiscellanyNeutral,1
in,in,s,OtherOrphanedOther,0
Suriname,suriname,s,SpecialTopicsPlaceNeutral,0
began,began,s,NarrSequenceNeutral,0
in,in,s,NarrSequenceNeutral,1
1873,1873,c,NarrOtherNeutral,0
",",",",s,,0
and,and,s,OtherSyntacticComplexityOther,0
it,it,s,OtherSyntacticComplexityOther,1
was,was,s,NarrOtherNeutral,0
part,part,s,SpecialTopicsMiscellanyNeutral,0
of,of,s,SpecialTopicsMiscellanyNeutral,1
the,the,s,SpecialTopicsMiscellanyNeutral,2
broader,broader,s,ExpoComparisonNeutral,0
British,british,s,CharTypesNeutral,0
Empire’s,empire’s,s,,0
recruitment,recruitment,s,StratCoordinationNeutral,0
of,of,s,OtherOrphanedOther,0
labor,labor,s,OtherOrphanedOther,0
for,for,s,OtherOrphanedOther,1
plantations,plantations,s,DescriptVisualNeutral,0
across,across,s,OtherOrphanedOther,0
the,the,s,OtherOrphanedOther,0
Caribbean,caribbean,s,SpecialTopicsPlaceNeutral,0
and,and,s,OtherSyntacticComplexityOther,0
other,other,s,,0
colonies,colonies,c,SpecialTopicsMiscellanyNeutral,0
.,.,n,,0
Indians,indians,s,CharTypesNeutral,0
were,were,s,ConfidenceHedgedNeutral,0
mostly,mostly,s,ConfidenceHedgedNeutral,1
recruited,recruited,s,StratCoordinationNeutral,0
from,from,s,OtherOrphanedOther,0
the,the,s,OtherOrphanedOther,0
rural,rural,s,SpecialTopicsPlaceNeutral,0
regions,regions,s,SpecialTopicsPlaceNeutral,1
of,of,s,OtherOrphanedOther,0
British,british,s,CharTypesNeutral,0
India,india,c,SpecialTopicsPlaceNeutral,0
",",",",s,,0
particularly,particularly,s,ExpoSpecificationNeutral,0
from,from,s,OtherOrphanedOther,0
regions,regions,s,SpecialTopicsPlaceNeutral,0
like,like,s,OtherOrphanedOther,0
Bihar,bihar,c,,0
",",",",s,,0
Uttar,uttar,s,,0
Pradesh,pradesh,c,,0
",",",",s,,0
and,and,s,OtherSyntacticComplexityOther,0
Tamil,tamil,s,SpecialTopicsMiscellanyNeutral,0
Nadu,nadu,c,SpecialTopicsPlaceNeutral,0
.,.,n,,0
The,the,s,OtherOrphanedOther,0
laborers,laborers,s,CharTypesNeutral,0
were,were,s,PubAdministrationNeutral,0
seen,seen,s,PubAdministrationNeutral,1
as,as,s,PubAdministrationNeutral,2
“,",c,,0
coolies,coolies,c,CharTypesNeutral,0
”,",c,,0
",",",",s,,0
a,a,s,OtherOrphanedOther,0
term,term,s,DescriptOtherNeutral,0
used,used,s,DescriptOtherNeutral,1
to,to,s,DescriptOtherNeutral,2
describe,describe,s,DescriptOtherNeutral,3
low-paid,low-paid,s,,0
laborers,laborers,c,CharTypesNeutral,0
.,.,s,,0
This,this,s,OtherOrphanedOther,0
term,term,s,SpecialTopicsMiscellanyNeutral,0
was,was,s,NarrOtherNeutral,0
racially,racially,s,SpecialTopicsMiscellanyNeutral,0
charged,charged,c,,0
",",",",s,,0
and,and,s,OtherSyntacticComplexityOther,0
Indians,indians,s,CharTypesNeutral,0
were,were,s,NarrDurationNeutral,0
often,often,s,NarrDurationNeutral,1
seen,seen,s,PubAdministrationNeutral,0
as,as,s,PubAdministrationNeutral,1
a,a,s,OtherOrphanedOther,0
cheaper,cheaper,s,NegValuesOther,0
labor,labor,s,SpecialTopicsMiscellanyNeutral,0
force,force,c,SpecialTopicsMiscellanyNeutral,1
.,.,n,NarrActsNeutral,0
They,they,s,NarrActsNeutral,1
were,were,s,StratCoordinationNeutral,0
recruited,recruited,s,StratCoordinationNeutral,1
under,under,s,DescriptVisualNeutral,0
the,the,s,DescriptVisualNeutral,1
British-led,british-led,s,,0
colonial,colonial,s,SpecialTopicsMiscellanyNeutral,0
system,system,c,SpecialTopicsMiscellanyNeutral,1
",",",",s,,0
where,where,s,OtherOrphanedOther,0
laborers,laborers,s,CharTypesNeutral,0
signed,signed,s,OtherOrphanedOther,0
5-year,5-year,s,NarrDurationNeutral,0
contracts,contracts,s,NarrActsNeutral,0
and,and,s,OtherSyntacticComplexityOther,0
were,were,s,FutureOtherPos,0
promised,promised,s,FutureOtherPos,1
wages,wages,c,FutureOtherPos,2
",",",",s,MetadiscourseContrastNeutral,0
but,but,s,MetadiscourseContrastNeutral,1
were,were,s,NarrDurationNeutral,0
often,often,s,NarrDurationNeutral,1
subjected,subjected,s,ContingentPossibilityNeg,0
to,to,s,ContingentPossibilityNeg,1
harsh,harsh,s,ContingentPossibilityNeg,0
conditions,conditions,s,ContingentPossibilityNeg,1
upon,upon,s,NarrSceneShiftNeutral,0
arrival,arrival,c,NarrSceneShiftNeutral,1
.,.,n,,0
Chinese,chinese,s,CharTypesNeutral,0
Laborers,laborers,c,CharTypesNeutral,0
:,:,n,,0
Chinese,chinese,s,CharTypesNeutral,0
laborers,laborers,s,CharTypesNeutral,0
were,were,s,NarrOtherNeutral,0
first,first,s,NarrOtherNeutral,1
brought,brought,s,NarrOtherNeutral,2
to,to,s,OtherOrphanedOther,0
Suriname,suriname,s,SpecialTopicsPlaceNeutral,0
from,from,s,NarrDurationNeutral,0
1853,1853,s,NarrDurationNeutral,1
as,as,s,OtherSyntacticComplexityOther,0
part,part,s,OtherSyntacticComplexityOther,1
of,of,s,OtherSyntacticComplexityOther,2
the,the,s,OtherOrphanedOther,0
Dutch,dutch,s,CharTypesNeutral,0
“,",c,,0
coolie,coolie,s,SpecialTopicsMiscellanyNeutral,0
trade,trade,c,SpecialTopicsMiscellanyNeutral,1
”,",c,,0
.,.,n,,0
The,the,s,OtherOrphanedOther,0
Chinese,chinese,s,CharTypesNeutral,0
were,were,s,ConfidenceHedgedNeutral,0
mostly,mostly,s,ConfidenceHedgedNeutral,1
recruited,recruited,s,StratCoordinationNeutral,0
from,from,s,OtherOrphanedOther,0
Guangdong,guangdong,s,SpecialTopicsPlaceNeutral,0
and,and,s,OtherSyntacticComplexityOther,0
Fujian,fujian,s,SpecialTopicsPlaceNeutral,0
provinces,provinces,s,SpecialTopicsPlaceNeutral,0
in,in,s,OtherOrphanedOther,0
southern,southern,s,SpecialTopicsPlaceNeutral,0
China,china,c,SpecialTopicsPlaceNeutral,0
",",",",s,,0
and,and,s,OtherSyntacticComplexityOther,0
their,their,s,CharNamesNeutral,0
migration,migration,s,NarrSceneShiftNeutral,0
was,was,s,NarrDurationNeutral,0
often,often,s,NarrDurationNeutral,1
driven,driven,s,NarrSceneShiftNeutral,0
by,by,s,NarrSceneShiftNeutral,1
the,the,s,OtherOrphanedOther,0
aftermath,aftermath,s,NegEmotionsOther,0
of,of,s,NegEmotionsOther,1
the,the,s,OtherOrphanedOther,0
Opium,opium,s,DescriptObjectsNeutral,0
Wars,wars,s,NegRelOther,0
and,and,s,OtherSyntacticComplexityOther,0
economic,economic,s,NegActsResist,0
hardship,hardship,s,NegActsResist,1
in,in,s,SpecialTopicsPlaceNeutral,0
China,china,c,SpecialTopicsPlaceNeutral,1
.,.,n,,0
Their,their,s,CharNamesNeutral,0
contracts,contracts,s,NarrActsNeutral,0
were,were,s,NarrSequenceNeutral,0
initially,initially,s,NarrSequenceNeutral,1
shorter,shorter,s,DescriptChangeNeutral,0
(,(,c,OtherOrphanedOther,0
around,around,s,OtherOrphanedOther,0
3,3,s,NarrDurationNeutral,0
years,years,c,NarrDurationNeutral,1
),),c,OtherOrphanedOther,0
",",",",s,,0
and,and,s,OtherSyntacticComplexityOther,0
they,they,s,OtherOrphanedOther,0
were,were,s,NarrDurationNeutral,0
often,often,s,NarrDurationNeutral,1
treated,treated,s,OtherOrphanedOther,0
as,as,s,OtherOrphanedOther,1
a,a,s,OtherOrphanedOther,0
secondary,secondary,s,SpecialTopicsMiscellanyNeutral,0
labor,labor,s,SpecialTopicsMiscellanyNeutral,0
force,force,s,SpecialTopicsMiscellanyNeutral,1
in,in,s,MetadiscourseContrastNeutral,0
contrast,contrast,s,MetadiscourseContrastNeutral,1
to,to,s,MetadiscourseContrastNeutral,2
Indian,indian,s,CharTypesNeutral,0
laborers,laborers,c,CharTypesNeutral,0
.,.,n,,0
Chinese,chinese,s,CharTypesNeutral,0
were,were,s,PubAdministrationNeutral,0
seen,seen,s,PubAdministrationNeutral,1
as,as,s,PubAdministrationNeutral,2
more,more,s,ExpoComparisonNeutral,0
temporary,temporary,s,ExpoComparisonNeutral,1
than,than,s,ExpoComparisonNeutral,2
Indian,indian,s,CharTypesNeutral,0
laborers,laborers,c,CharTypesNeutral,0
",",",",s,,0
and,and,s,OtherSyntacticComplexityOther,0
they,they,s,OtherOrphanedOther,0
were,were,s,NarrSequenceNeutral,0
initially,initially,s,NarrSequenceNeutral,1
intended,intended,s,CharTraitsNeutral,0
to,to,s,CharTraitsNeutral,1
help,help,s,PosActsHelp,0
with,with,s,PosActsHelp,1
the,the,s,PosActsHelp,2
overcrowded,overcrowded,s,DescriptVisualNeg,0
sugar,sugar,s,DescriptObjectsNeutral,0
plantations,plantations,c,DescriptVisualNeutral,0
.,.,n,,0
2,2,c,ExpoOtherNeutral,0
.,.,s,ExpoOtherNeutral,1
Labor,labor,s,ContingentEventNeutral,0
Conditions,conditions,s,ContingentEventNeutral,1
and,and,s,OtherSyntacticComplexityOther,0
Treatment,treatment,n,SpecialTopicsMiscellanyNeutral,0
Indian,indian,s,CharTypesNeutral,0
Laborers,laborers,c,CharTypesNeutral,0
:,:,n,,0
Indians,indians,s,CharTypesNeutral,0
faced,faced,s,DescriptVisualNeutral,0
long,long,s,NarrDurationNeutral,0
working,working,s,NarrDurationNeutral,1
hours,hours,s,NarrDurationNeutral,0
in,in,s,OtherOrphanedOther,0
the,the,s,OtherOrphanedOther,0
cane,cane,s,DescriptObjectsNeutral,0
fields,fields,c,OtherOrphanedOther,0
",",",",s,,0
typically,typically,s,NarrDurationNeutral,0
from,from,s,NarrDurationNeutral,0
sunrise,sunrise,s,NarrDurationNeutral,1
to,to,s,NarrDurationNeutral,2
sunset,sunset,c,NarrDurationNeutral,3
",",",",s,,0
with,with,s,OtherOrphanedOther,0
extremely,extremely,s,ForcefulIntenseNeutral,0
low,low,s,ForcefulIntenseNeutral,1
wages,wages,c,SpecialTopicsMiscellanyNeutral,0
.,.,n,NarrActsNeutral,0
They,they,s,NarrActsNeutral,1
were,were,s,NarrDurationNeutral,0
often,often,s,NarrDurationNeutral,1
given,given,s,OtherOrphanedOther,0
the,the,s,OtherOrphanedOther,0
toughest,toughest,s,ExpoComparisonNeutral,0
jobs,jobs,s,SpecialTopicsMiscellanyNeutral,0
in,in,s,OtherOrphanedOther,0
the,the,s,OtherOrphanedOther,0
plantations,plantations,c,DescriptVisualNeutral,0
",",",",s,,0
including,including,s,NarrActsNeutral,0
cutting,cutting,s,DescriptObjectsNeutral,0
sugar,sugar,s,DescriptObjectsNeutral,1
cane,cane,c,DescriptObjectsNeutral,0
",",",",s,OtherOrphanedOther,0
which,which,s,OtherOrphanedOther,1
required,required,s,PubAdministrationNeutral,0
immense,immense,s,DescriptVisualNeutral,0
physical,physical,s,SpecialTopicsMiscellanyNeutral,0
labor,labor,c,SpecialTopicsMiscellanyNeutral,0
.,.,n,,0
The,the,s,OtherOrphanedOther,0
indenture,indenture,s,SpecialTopicsMiscellanyNeutral,0
system,system,s,SpecialTopicsMiscellanyNeutral,1
for,for,s,OtherOrphanedOther,0
Indians,indians,s,CharTypesNeutral,0
was,was,s,NarrOtherNeutral,0
more,more,s,ExpoComparisonNeutral,0
rigorous,rigorous,s,PosValuesRigorous,0
and,and,s,OtherSyntacticComplexityOther,0
exploitative,exploitative,c,NegRelOther,0
.,.,s,,0
If,if,s,ContingentRelationshipNeutral,0
they,they,s,ContingentRelationshipNeutral,1
complained,complained,c,NegActsComplain,0
",",",",s,,0
they,they,s,ContingentRelationshipNeutral,0
could,could,s,ContingentRelationshipNeutral,1
face,face,s,NegRelPunish,0
punishment,punishment,s,NegRelPunish,1
or,or,s,OtherSyntacticComplexityOther,0
violence,violence,s,NegActsViolence,0
from,from,s,OtherOrphanedOther,0
overseers,overseers,c,CharTypesNeutral,0
.,.,n,,0
The,the,s,OtherOrphanedOther,0
cultural,cultural,s,SpecialTopicsMiscellanyNeutral,0
and,and,s,OtherSyntacticComplexityOther,0
linguistic,linguistic,s,NegActsResist,0
barrier,barrier,s,NegActsResist,1
also,also,s,MetadiscourseAdditionNeutral,0
made,made,s,NarrActsNeutral,0
communication,communication,s,SpecialTopicsMiscellanyNeutral,0
difficult,difficult,c,NegEmotionsDifficult,0
",",",",s,,0
and,and,s,OtherSyntacticComplexityOther,0
many,many,s,ExpoOtherNeutral,0
Indian,indian,s,CharTypesNeutral,0
laborers,laborers,s,CharTypesNeutral,0
suffered,suffered,s,NegEmotionsSuffer,0
from,from,s,NegEmotionsSuffer,1
being,being,s,NegEmotionsSuffer,2
isolated,isolated,s,DescriptVisualNeutral,0
in,in,s,OtherOrphanedOther,0
the,the,s,OtherOrphanedOther,0
colonies,colonies,c,SpecialTopicsMiscellanyNeutral,0
",",",",s,,0
separated,separated,s,DescriptVisualNeutral,0
from,from,s,DescriptVisualNeutral,1
their,their,s,CharNamesNeutral,0
communities,communities,c,SpecialTopicsMiscellanyNeutral,0
.,.,n,,0
Indians,indians,s,CharTypesNeutral,0
faced,faced,s,DescriptVisualNeutral,0
racial,racial,s,NegRelDiscriminatory,0
discrimination,discrimination,s,NegRelDiscriminatory,1
from,from,s,OtherOrphanedOther,0
both,both,s,MetadiscourseOtherNeutral,0
the,the,s,MetadiscourseOtherNeutral,1
Dutch,dutch,s,CharTypesNeutral,0
authorities,authorities,s,PubAdministrationNeutral,0
and,and,s,OtherSyntacticComplexityOther,0
Chinese,chinese,s,CharTypesNeutral,0
laborers,laborers,c,CharTypesNeutral,0
",",",",s,,0
and,and,s,OtherSyntacticComplexityOther,0
their,their,s,CharNamesNeutral,0
caste,caste,s,SpecialTopicsMiscellanyNeutral,0
system,system,s,SpecialTopicsMiscellanyNeutral,1
was,was,s,NarrOtherNeutral,0
also,also,s,MetadiscourseAdditionNeutral,0
undermined,undermined,s,NegActsResist,0
by,by,s,OtherOrphanedOther,0
the,the,s,NegValuesOther,0
lack,lack,s,NegValuesOther,1
of,of,s,NegValuesOther,2
recognition,recognition,s,,0
for,for,s,OtherOrphanedOther,0
traditional,traditional,s,NarrOtherNeutral,0
social,social,s,SpecialTopicsMiscellanyNeutral,0
hierarchies,hierarchies,s,SpecialTopicsMiscellanyNeutral,1
in,in,s,OtherOrphanedOther,0
Suriname,suriname,c,SpecialTopicsPlaceNeutral,0
.,.,n,,0
Chinese,chinese,s,CharTypesNeutral,0
Laborers,laborers,c,CharTypesNeutral,0
:,:,n,,0
Chinese,chinese,s,CharTypesNeutral,0
laborers,laborers,s,CharTypesNeutral,0
were,were,s,NarrDurationNeutral,0
often,often,s,NarrDurationNeutral,1
given,given,s,OtherOrphanedOther,0
slightly,slightly,s,ConfidenceHedgedNeutral,0
better,better,s,ContingentRelationshipPos,0
conditions,conditions,s,ContingentRelationshipPos,1
compared,compared,s,ExpoComparisonNeutral,0
to,to,s,ExpoComparisonNeutral,1
their,their,s,CharNamesNeutral,0
Indian,indian,s,CharTypesNeutral,0
counterparts,counterparts,c,ExpoComparisonNeutral,0
.,.,s,,0
In,in,s,ExpoSpecificationNeutral,0
particular,particular,c,ExpoSpecificationNeutral,1
",",",",s,,0
they,they,s,OtherOrphanedOther,0
were,were,s,NarrOtherNeutral,0
less,less,s,ExpoComparisonNeutral,0
frequently,frequently,s,NarrDurationNeutral,0
subjected,subjected,s,ContingentPossibilityNeg,0
to,to,s,ContingentPossibilityNeg,1
physical,physical,s,NegActsViolence,0
violence,violence,s,NegActsViolence,1
by,by,s,OtherOrphanedOther,0
overseers,overseers,c,CharTypesNeutral,0
.,.,n,NarrActsNeutral,0
They,they,s,NarrActsNeutral,1
were,were,s,NarrDurationNeutral,0
often,often,s,NarrDurationNeutral,1
hired,hired,s,NarrActsNeutral,0
for,for,s,NarrActsNeutral,1
different,different,s,ExpoComparisonNeutral,0
types,types,s,SpecialTopicsMiscellanyNeutral,0
of,of,s,SpecialTopicsMiscellanyNeutral,1
work,work,s,OtherOrphanedOther,0
—,—,s,,0
more,more,s,ExpoComparisonNeutral,0
involved,involved,s,ExpoComparisonNeutral,1
in,in,s,OtherOrphanedOther,0
skilled,skilled,s,PosValuesAbility,0
labor,labor,s,SpecialTopicsMiscellanyNeutral,0
or,or,s,MetadiscourseOtherNeutral,0
in,in,s,MetadiscourseOtherNeutral,1
supervisory,supervisory,s,ResponsibilitySuperviseNeutral,0
roles,roles,c,SpecialTopicsMiscellanyNeutral,0
",",",",s,ExpoExampleNeutral,0
such,such,s,ExpoExampleNeutral,1
as,as,s,ExpoExampleNeutral,2
overseeing,overseeing,s,ResponsibilitySuperviseNeutral,0
Indian,indian,s,CharTypesNeutral,0
workers,workers,c,CharTypesNeutral,0
.,.,n,,0
Some,some,s,ExpoOtherNeutral,0
Chinese,chinese,s,CharTypesNeutral,0
laborers,laborers,s,CharTypesNeutral,0
became,became,s,DescriptChangeNeutral,0
middlemen,middlemen,s,CharTypesNeutral,0
between,between,s,OtherOrphanedOther,0
the,the,s,OtherOrphanedOther,0
colonial,colonial,s,SpecialTopicsMiscellanyNeutral,0
authorities,authorities,s,PubAdministrationNeutral,0
and,and,s,OtherSyntacticComplexityOther,0
the,the,s,OtherSyntacticComplexityOther,1
Indian,indian,s,CharTypesNeutral,0
laborers,laborers,c,CharTypesNeutral,0
",",",",s,,0
managing,managing,s,StratActsNeutral,0
labor,labor,s,PubAdministrationNeutral,0
contracts,contracts,s,PubAdministrationNeutral,1
or,or,s,MetadiscourseOtherNeutral,0
even,even,s,MetadiscourseOtherNeutral,1
running,running,s,DescriptMotionNeutral,0
shops,shops,s,SpecialTopicsMiscellanyNeutral,0
and,and,s,OtherSyntacticComplexityOther,0
other,other,s,,0
small,small,s,SpecialTopicsMiscellanyNeutral,0
businesses,businesses,s,SpecialTopicsMiscellanyNeutral,1
within,within,s,SpecialTopicsPlaceNeutral,0
the,the,s,SpecialTopicsPlaceNeutral,1
community,community,c,SpecialTopicsPlaceNeutral,2
.,.,n,,0
The,the,s,OtherOrphanedOther,0
Chinese,chinese,s,CharTypesNeutral,0
workers,workers,s,CharTypesNeutral,0
also,also,s,MetadiscourseAdditionNeutral,0
had,had,s,NarrOtherNeutral,0
more,more,s,ExpoComparisonNeutral,0
autonomy,autonomy,s,PosValuesEthics,0
in,in,s,ExpoExampleNeutral,0
some,some,s,ExpoExampleNeutral,1
cases,cases,c,ExpoExampleNeutral,2
",",",",s,,0
including,including,s,OtherOrphanedOther,0
the,the,s,OtherOrphanedOther,1
ability,ability,s,PosValuesAbility,0
to,to,s,PosValuesAbility,1
form,form,s,PosValuesAbility,2
small,small,s,SpecialTopicsMiscellanyNeutral,0
communities,communities,s,SpecialTopicsMiscellanyNeutral,1
or,or,s,OtherSyntacticComplexityOther,0
associations,associations,s,,0
that,that,s,ContingentRelationshipNeutral,0
could,could,s,ContingentRelationshipNeutral,1
protect,protect,s,PosRelGuardian,0
their,their,s,CharTypesNeutral,0
interests,interests,c,CharTypesNeutral,1
.,.,n,,0
3,3,c,ExpoOtherNeutral,0
.,.,s,ExpoOtherNeutral,1
Cultural,cultural,s,SpecialTopicsMiscellanyNeutral,0
and,and,s,OtherSyntacticComplexityOther,0
Social,social,s,SpecialTopicsMiscellanyNeutral,0
Divides,divides,n,SpecialTopicsMiscellanyNeutral,1
Indian,indian,s,CharTypesNeutral,0
Laborers,laborers,c,CharTypesNeutral,0
:,:,n,,0
Indians,indians,s,CharTypesNeutral,0
brought,brought,s,NarrActsNeutral,0
with,with,s,OtherOrphanedOther,0
them,them,s,NarrActsNeutral,0
strong,strong,s,PosValuesStrong,0
cultural,cultural,s,NarrOtherNeutral,0
traditions,traditions,c,NarrOtherNeutral,1
",",",",s,ExpoExampleNeutral,0
such,such,s,ExpoExampleNeutral,1
as,as,s,ExpoExampleNeutral,2
Hinduism,hinduism,s,SpecialTopicsMiscellanyNeutral,0
and,and,s,OtherSyntacticComplexityOther,0
Islam,islam,c,SpecialTopicsMiscellanyNeutral,0
",",",",s,,0
and,and,s,OtherSyntacticComplexityOther,0
many,many,s,ExpoOtherNeutral,0
practiced,practiced,s,OtherOrphanedGenericActivity,0
their,their,s,CharNamesNeutral,0
religion,religion,s,SpecialTopicsMiscellanyNeutral,0
in,in,s,NegRelConfront,0
the,the,s,NegRelConfront,1
face,face,s,NegRelConfront,2
of,of,s,NegRelConfront,3
colonial,colonial,s,SpecialTopicsMiscellanyNeutral,0
resistance,resistance,c,NegActsResist,0
.,.,s,NarrActsNeutral,0
They,they,s,NarrActsNeutral,1
often,often,s,NarrDurationNeutral,0
lived,lived,s,NarrBiographyNeutral,0
in,in,s,NarrBiographyNeutral,1
tight-knit,tight-knit,s,SpecialTopicsMiscellanyNeutral,0
communities,communities,c,SpecialTopicsMiscellanyNeutral,1
.,.,n,,0
Family,family,s,SpecialTopicsMiscellanyNeutral,0
units,units,s,SpecialTopicsMiscellanyNeutral,0
played,played,s,ForcefulSignificantNeutral,0
an,an,s,ForcefulSignificantNeutral,1
important,important,s,ForcefulSignificantNeutral,2
role,role,s,ForcefulSignificantNeutral,3
in,in,s,ForcefulSignificantNeutral,4
the,the,s,CharTypesNeutral,0
Indian,indian,s,CharTypesNeutral,1
community,community,c,SpecialTopicsMiscellanyNeutral,0
.,.,s,MetadiscourseContrastNeutral,0
However,however,c,MetadiscourseContrastNeutral,1
",",",",s,,0
many,many,s,ExpoOtherNeutral,0
were,were,s,NegRelSeparated,0
separated,separated,s,NegRelSeparated,1
from,from,s,NegRelSeparated,2
family,family,s,SpecialTopicsMiscellanyNeutral,0
during,during,s,NarrDurationNeutral,0
the,the,s,NarrDurationNeutral,1
indenture,indenture,s,NarrDurationNeutral,0
period,period,c,NarrDurationNeutral,1
",",",",s,,0
leading,leading,s,ReasoningOtherNeutral,0
to,to,s,ReasoningOtherNeutral,1
social,social,s,,0
and,and,s,OtherSyntacticComplexityOther,0
psychological,psychological,s,NegEmotionsDistress,0
distress,distress,c,NegEmotionsDistress,1
.,.,n,,0
Over,over,s,NarrOtherNeutral,0
time,time,c,NarrOtherNeutral,1
",",",",s,,0
Indian,indian,s,PubLawNeutral,0
indentured,indentured,s,PubLawNeutral,1
laborers,laborers,s,CharTypesNeutral,0
created,created,s,DescriptChangeNeutral,0
distinct,distinct,s,ExpoComparisonNeutral,0
cultural,cultural,s,SpecialTopicsMiscellanyNeutral,0
and,and,s,OtherSyntacticComplexityOther,0
social,social,s,PubAdministrationNeutral,0
institutions,institutions,c,PubAdministrationNeutral,1
",",",",s,,0
including,including,s,NarrActsNeutral,0
temples,temples,c,DescriptVisualNeutral,0
",",",",s,,0
mosques,mosques,c,DescriptVisualNeutral,0
",",",",s,,0
and,and,s,OtherSyntacticComplexityOther,0
schools,schools,c,SpecialTopicsMiscellanyNeutral,0
",",",",s,OtherOrphanedOther,0
which,which,s,OtherOrphanedOther,1
helped,helped,s,FacilitateHelpPos,0
preserve,preserve,s,FacilitateHelpPos,1
their,their,s,CharTypesNeutral,0
identity,identity,c,CharTypesNeutral,1
.,.,n,,0
Chinese,chinese,s,CharTypesNeutral,0
Laborers,laborers,c,CharTypesNeutral,0
:,:,n,,0
The,the,s,OtherOrphanedOther,0
Chinese,chinese,s,CharTypesNeutral,0
often,often,s,NarrDurationNeutral,0
formed,formed,s,OtherOrphanedOther,0
their,their,s,OtherOrphanedOther,1
own,own,s,NarrActsNeutral,0
communities,communities,c,SpecialTopicsMiscellanyNeutral,0
",",",",s,MetadiscourseContrastNeutral,0
but,but,s,MetadiscourseContrastNeutral,1
because,because,s,ReasoningOtherNeutral,0
their,their,s,CharNamesNeutral,0
number,number,s,SpecialTopicsMiscellanyNeutral,0
was,was,s,NarrOtherNeutral,0
smaller,smaller,s,ExpoComparisonNeutral,0
than,than,s,ExpoComparisonNeutral,1
that,that,s,ExpoSpecificationNeutral,0
of,of,s,ExpoSpecificationNeutral,1
the,the,s,ExpoSpecificationNeutral,2
Indians,indians,c,CharTypesNeutral,0
",",",",s,,0
they,they,s,OtherOrphanedOther,0
were,were,s,NarrOtherNeutral,0
less,less,s,ExpoComparisonNeutral,0
influential,influential,s,StratCompetitionNeutral,0
as,as,s,StratCoordinationPos,0
a,a,s,StratCoordinationPos,1
group,group,c,StratCoordinationPos,2
.,.,n,NarrActsNeutral,0
They,they,s,NarrActsNeutral,1
followed,followed,s,NarrSequenceNeutral,0
traditional,traditional,s,NarrOtherNeutral,0
Chinese,chinese,s,CharTypesNeutral,0
customs,customs,s,PubAdministrationNeutral,0
and,and,s,OtherSyntacticComplexityOther,0
religions,religions,c,SpecialTopicsMiscellanyNeutral,0
",",",",s,ExpoExampleNeutral,0
such,such,s,ExpoExampleNeutral,1
as,as,s,ExpoExampleNeutral,2
Buddhism,buddhism,c,SpecialTopicsMiscellanyNeutral,0
",",",",s,,0
Confucianism,confucianism,c,SpecialTopicsMiscellanyNeutral,0
",",",",s,,0
and,and,s,OtherSyntacticComplexityOther,0
ancestor,ancestor,s,SpecialTopicsMiscellanyNeutral,0
worship,worship,c,SpecialTopicsMiscellanyNeutral,1
",",",",s,OtherOrphanedOther,0
which,which,s,OtherOrphanedOther,1
sometimes,sometimes,s,ContingentRelationshipNeutral,0
conflicted,conflicted,s,NegEmotionsOther,0
with,with,s,NegEmotionsOther,1
the,the,s,DescriptObjectsNeutral,0
Hindu,hindu,s,DescriptObjectsNeutral,1
and,and,s,OtherSyntacticComplexityOther,0
Muslim,muslim,s,CharTypesNeutral,0
practices,practices,s,OtherOrphanedGenericActivity,0
of,of,s,OtherOrphanedGenericActivity,1
Indian,indian,s,CharTypesNeutral,0
laborers,laborers,c,CharTypesNeutral,0
.,.,n,,0
Unlike,unlike,s,MetadiscourseContrastNeutral,0
the,the,s,MetadiscourseContrastNeutral,1
Indians,indians,c,CharTypesNeutral,0
",",",",s,,0
Chinese,chinese,s,CharTypesNeutral,0
workers,workers,s,CharTypesNeutral,0
often,often,s,NarrDurationNeutral,0
married,married,s,NarrBiographyNeutral,0
within,within,s,OtherOrphanedOther,0
their,their,s,ForcefulEmphaticNeutral,0
own,own,s,ForcefulEmphaticNeutral,1
group,group,c,SpecialTopicsMiscellanyNeutral,0
",",",",s,,0
resulting,resulting,s,ReasoningOtherNeutral,0
in,in,s,ReasoningOtherNeutral,1
a,a,s,ReasoningOtherNeutral,2
more,more,s,ExpoComparisonNeutral,0
cohesive,cohesive,s,PosValuesOther,0
social,social,s,SpecialTopicsMiscellanyNeutral,0
structure,structure,s,SpecialTopicsMiscellanyNeutral,1
in,in,s,NarrDurationNeutral,0
the,the,s,NarrDurationNeutral,1
early,early,s,NarrDurationNeutral,2
years,years,s,NarrDurationNeutral,3
of,of,s,OtherSyntacticComplexityOther,0
their,their,s,OtherSyntacticComplexityOther,1
settlement,settlement,c,PosRelAgree,0
.,.,n,,0
4,4,c,ExpoOtherNeutral,0
.,.,s,ExpoOtherNeutral,1
Post-Indenture,post-indenture,s,,0
Treatment,treatment,s,SpecialTopicsMiscellanyNeutral,0
and,and,s,OtherSyntacticComplexityOther,0
Legacy,legacy,n,NarrOtherNeutral,0
Indian,indian,s,CharTypesNeutral,0
Laborers,laborers,c,CharTypesNeutral,0
:,:,n,,0
After,after,s,NarrSequenceNeutral,0
their,their,s,CharNamesNeutral,0
indenture,indenture,s,PubLawNeutral,0
contracts,contracts,s,NarrActsNeutral,0
expired,expired,c,NarrTimeShiftNeutral,0
",",",",s,,0
many,many,s,ExpoOtherNeutral,0
Indians,indians,s,CharTypesNeutral,0
in,in,s,OtherOrphanedOther,0
Suriname,suriname,s,SpecialTopicsPlaceNeutral,0
opted,opted,s,CharSubjectivityNeutral,0
to,to,s,CharSubjectivityNeutral,1
remain,remain,s,NarrDurationNeutral,0
in,in,s,SpecialTopicsPlaceNeutral,0
the,the,s,SpecialTopicsPlaceNeutral,1
country,country,c,SpecialTopicsPlaceNeutral,2
",",",",s,,0
either,either,s,MetadiscourseOtherNeutral,0
by,by,s,OtherOrphanedOther,0
buying,buying,s,,0
land,land,s,SpecialTopicsPlaceNeutral,0
or,or,s,OtherSyntacticComplexityOther,0
by,by,s,OtherOrphanedOther,0
working,working,s,OtherOrphanedOther,0
as,as,s,OtherOrphanedOther,1
small-scale,small-scale,s,SpecialTopicsMiscellanyNeutral,0
farmers,farmers,c,CharTypesNeutral,0
.,.,s,NarrActsNeutral,0
They,they,s,NarrActsNeutral,1
were,were,s,NegActsResist,0
restricted,restricted,s,NegActsResist,1
to,to,s,NegActsResist,2
rural,rural,s,SpecialTopicsPlaceNeutral,0
areas,areas,s,SpecialTopicsPlaceNeutral,1
and,and,s,OtherSyntacticComplexityOther,0
continued,continued,s,NarrDurationNeutral,0
to,to,s,NarrDurationNeutral,1
face,face,s,NegRelDiscriminatory,0
prejudice,prejudice,c,NegRelDiscriminatory,1
.,.,n,,0
Indians,indians,s,CharTypesNeutral,0
continued,continued,s,NarrDurationNeutral,0
to,to,s,NarrDurationNeutral,1
dominate,dominate,s,NegRelOther,0
the,the,s,NegRelOther,1
sugar,sugar,s,DescriptObjectsNeutral,0
industry,industry,s,SpecialTopicsMiscellanyNeutral,0
as,as,s,OtherOrphanedOther,0
their,their,s,CharNamesNeutral,0
communities,communities,s,SpecialTopicsMiscellanyNeutral,0
expanded,expanded,c,DescriptChangeNeutral,0
.,.,s,,0
Over,over,s,NarrOtherNeutral,0
time,time,c,NarrOtherNeutral,1
",",",",s,,0
many,many,s,ExpoOtherNeutral,0
became,became,s,DescriptChangeNeutral,0
economically,economically,s,SpecialTopicsMiscellanyNeutral,0
successful,successful,c,PosActsAchieve,0
",",",",s,,0
especially,especially,s,ForcefulEmphaticNeutral,0
in,in,s,OtherOrphanedOther,0
agriculture,agriculture,c,SpecialTopicsMiscellanyNeutral,0
",",",",s,MetadiscourseContrastNeutral,0
though,though,s,MetadiscourseContrastNeutral,1
they,they,s,OtherOrphanedOther,0
still,still,s,DescriptObjectsNeutral,0
faced,faced,s,DescriptObjectsNeutral,1
discrimination,discrimination,s,SpecialTopicsMiscellanyNeutral,0
from,from,s,OtherOrphanedOther,0
the,the,s,OtherOrphanedOther,0
Dutch,dutch,s,CharTypesNeutral,0
and,and,s,OtherSyntacticComplexityOther,0
Chinese,chinese,c,CharTypesNeutral,0
.,.,n,,0
Chinese,chinese,s,CharTypesNeutral,0
Laborers,laborers,c,CharTypesNeutral,0
:,:,n,,0
Many,many,s,ExpoOtherNeutral,0
Chinese,chinese,s,CharTypesNeutral,0
workers,workers,s,CharTypesNeutral,0
did,did,s,NegActsResist,0
not,not,s,NegActsResist,1
stay,stay,s,NarrDurationNeutral,0
after,after,s,NarrSequenceNeutral,0
their,their,s,CharNamesNeutral,0
contracts,contracts,s,NarrActsNeutral,0
ended,ended,s,NarrSequenceNeutral,0
and,and,s,OtherSyntacticComplexityOther,0
returned,returned,s,NarrSceneShiftNeutral,0
to,to,s,NarrSceneShiftNeutral,1
China,china,c,SpecialTopicsPlaceNeutral,0
",",",",s,MetadiscourseContrastNeutral,0
though,though,s,MetadiscourseContrastNeutral,1
some,some,s,ExpoOtherNeutral,0
intermarried,intermarried,s,NarrBiographyNeutral,0
with,with,s,OtherOrphanedOther,0
other,other,s,,0
groups,groups,c,SpecialTopicsMiscellanyNeutral,0
",",",",s,,0
including,including,s,OtherOrphanedOther,0
the,the,s,OtherOrphanedOther,1
Indian,indian,s,CharTypesNeutral,0
laborers,laborers,c,CharTypesNeutral,0
",",",",s,,0
forming,forming,s,OtherOrphanedOther,0
mixed,mixed,s,SpecialTopicsMiscellanyNeutral,0
communities,communities,c,SpecialTopicsMiscellanyNeutral,1
.,.,n,,0
A,a,s,OtherOrphanedOther,0
small,small,s,ExpoOtherNeutral,0
number,number,s,ExpoOtherNeutral,1
of,of,s,OtherOrphanedOther,0
Chinese,chinese,s,CharTypesNeutral,0
remained,remained,s,NarrDurationNeutral,0
in,in,s,OtherOrphanedOther,0
Suriname,suriname,s,SpecialTopicsPlaceNeutral,0
and,and,s,OtherSyntacticComplexityOther,0
integrated,integrated,s,DescriptChangeNeutral,0
into,into,s,DescriptChangeNeutral,1
commercial,commercial,s,SpecialTopicsMiscellanyNeutral,0
and,and,s,OtherSyntacticComplexityOther,0
administrative,administrative,s,PubAdministrationNeutral,0
life,life,c,PubAdministrationNeutral,1
.,.,s,,0
By,by,s,OtherOrphanedOther,0
the,the,s,OtherOrphanedOther,0
early,early,s,NarrSequenceNeutral,0
20th,20th,s,NarrDurationNeutral,0
century,century,c,NarrDurationNeutral,1
",",",",s,,0
many,many,s,ExpoOtherNeutral,0
had,had,s,NarrOtherNeutral,0
become,become,s,DescriptChangeNeutral,0
shopkeepers,shopkeepers,c,CharTypesNeutral,0
",",",",s,,0
artisans,artisans,c,CharTypesNeutral,0
",",",",s,,0
and,and,s,OtherSyntacticComplexityOther,0
entrepreneurs,entrepreneurs,c,CharTypesNeutral,0
.,.,n,,0
5,5,c,ExpoOtherNeutral,0
.,.,s,ExpoOtherNeutral,1
Racial,racial,s,SpecialTopicsMiscellanyNeutral,0
Hierarchies,hierarchies,s,SpecialTopicsMiscellanyNeutral,1
and,and,s,OtherSyntacticComplexityOther,0
Discrimination,discrimination,n,SpecialTopicsMiscellanyNeutral,0
Both,both,s,OtherSyntacticComplexityOther,0
Indian,indian,s,CharTypesNeutral,0
and,and,s,OtherSyntacticComplexityOther,0
Chinese,chinese,s,CharTypesNeutral,0
laborers,laborers,s,CharTypesNeutral,0
faced,faced,s,NegRelFace,0
discrimination,discrimination,s,NegRelFace,1
from,from,s,OtherOrphanedOther,0
Dutch,dutch,s,CharTypesNeutral,0
authorities,authorities,c,PubAdministrationNeutral,0
",",",",s,MetadiscourseContrastNeutral,0
but,but,s,MetadiscourseContrastNeutral,1
the,the,s,OtherOrphanedOther,0
discrimination,discrimination,s,SpecialTopicsMiscellanyNeutral,0
was,was,s,NarrDurationNeutral,0
often,often,s,NarrDurationNeutral,1
racialized,racialized,s,SpecialTopicsMiscellanyNeutral,0
differently,differently,c,ExpoComparisonNeutral,0
.,.,n,,0
The,the,s,CharTypesNeutral,0
Indian,indian,s,CharTypesNeutral,1
laborers,laborers,s,CharTypesNeutral,0
were,were,s,NarrDurationNeutral,0
often,often,s,NarrDurationNeutral,1
treated,treated,s,OtherOrphanedOther,0
as,as,s,OtherOrphanedOther,1
“,",c,,0
lower,lower,s,OtherOrphanedOther,0
caste,caste,c,SpecialTopicsMiscellanyNeutral,0
”,",s,,0
and,and,s,OtherSyntacticComplexityOther,0
were,were,s,NegActsAggressive,0
subjected,subjected,s,NegActsAggressive,1
to,to,s,NegActsAggressive,2
harsher,harsher,s,ExpoComparisonNeutral,0
working,working,s,ContingentEventNeutral,0
conditions,conditions,c,ContingentEventNeutral,1
",",",",s,,0
especially,especially,s,ForcefulEmphaticNeutral,0
as,as,s,NarrDurationNeutral,0
they,they,s,NarrDurationNeutral,1
were,were,s,NarrDurationNeutral,2
brought,brought,s,NarrActsNeutral,0
in,in,s,NarrActsNeutral,1
greater,greater,s,ExpoComparisonNeutral,0
numbers,numbers,c,SpecialTopicsMiscellanyNeutral,0
.,.,n,,0
Chinese,chinese,s,CharTypesNeutral,0
workers,workers,s,CharTypesNeutral,0
were,were,s,NarrDurationNeutral,0
often,often,s,NarrDurationNeutral,1
seen,seen,s,PubAdministrationNeutral,0
as,as,s,PubAdministrationNeutral,1
“,",c,,0
elite,elite,s,ForcefulEmphaticNeutral,0
coolies,coolies,c,CharTypesNeutral,0
”,",s,,0
by,by,s,OtherOrphanedOther,0
the,the,s,OtherOrphanedOther,0
Dutch,dutch,s,CharTypesNeutral,0
due,due,s,ReasoningOtherNeutral,0
to,to,s,ReasoningOtherNeutral,1
their,their,s,CharNamesNeutral,0
perceived,perceived,s,CharMentalStatesNeutral,0
entrepreneurial,entrepreneurial,s,,0
skills,skills,s,PosValuesAbility,0
and,and,s,OtherSyntacticComplexityOther,0
higher,higher,s,ExpoComparisonNeutral,0
status,status,c,SpecialTopicsMiscellanyNeutral,0
.,.,s,NarrActsNeutral,0
They,they,s,NarrActsNeutral,1
were,were,s,PosValuesAble,0
able,able,s,PosValuesAble,1
to,to,s,PosValuesAble,2
navigate,navigate,s,DescriptMotionNeutral,0
the,the,s,OtherOrphanedOther,0
colonial,colonial,s,SpecialTopicsMiscellanyNeutral,0
economy,economy,s,SpecialTopicsMiscellanyNeutral,1
more,more,s,ExpoComparisonNeutral,0
successfully,successfully,c,PosActsAchieve,0
.,.,n,,0
Over,over,s,NarrOtherNeutral,0
time,time,c,NarrOtherNeutral,1
",",",",s,,0
tensions,tensions,s,NegEmotionsNervousTense,0
arose,arose,s,,0
between,between,s,OtherOrphanedOther,0
the,the,s,CharTypesNeutral,0
Indian,indian,s,CharTypesNeutral,1
and,and,s,OtherSyntacticComplexityOther,0
Chinese,chinese,s,SpecialTopicsMiscellanyNeutral,0
communities,communities,s,SpecialTopicsMiscellanyNeutral,1
in,in,s,OtherOrphanedOther,0
Suriname,suriname,c,SpecialTopicsPlaceNeutral,0
",",",",s,,0
particularly,particularly,s,ExpoSpecificationNeutral,0
because,because,s,ReasoningOtherNeutral,0
of,of,s,ReasoningOtherNeutral,1
economic,economic,s,SpecialTopicsMiscellanyNeutral,0
competition,competition,c,SpecialTopicsMiscellanyNeutral,1
",",",",s,,0
cultural,cultural,s,SpecialTopicsMiscellanyNeutral,0
differences,differences,c,SpecialTopicsMiscellanyNeutral,1
",",",",s,,0
and,and,s,OtherSyntacticComplexityOther,0
the,the,s,OtherSyntacticComplexityOther,1
role,role,s,SpecialTopicsMiscellanyNeutral,0
of,of,s,OtherOrphanedOther,0
Chinese,chinese,s,CharTypesNeutral,0
laborers,laborers,s,CharTypesNeutral,0
as,as,s,OtherOrphanedOther,0
intermediaries,intermediaries,s,PubDiplomacyNeutral,0
between,between,s,OtherOrphanedOther,0
the,the,s,OtherOrphanedOther,0
Dutch,dutch,s,CharTypesNeutral,0
and,and,s,OtherSyntacticComplexityOther,0
Indian,indian,s,CharTypesNeutral,0
laborers,laborers,c,CharTypesNeutral,0
.,.,n,,0
Conclusion,conclusion,n,ReasoningConcludeNeutral,0
While,while,s,NarrDurationNeutral,0
both,both,s,OtherSyntacticComplexityOther,0
Chinese,chinese,s,CharTypesNeutral,0
and,and,s,OtherSyntacticComplexityOther,0
Indian,indian,s,CharTypesNeutral,0
laborers,laborers,s,CharTypesNeutral,0
were,were,s,NegActsAggressive,0
subjected,subjected,s,NegActsAggressive,1
to,to,s,NegActsAggressive,2
the,the,s,OtherOrphanedOther,0
brutality,brutality,s,NegActsAggressive,0
of,of,s,OtherSyntacticComplexityOther,0
the,the,s,OtherSyntacticComplexityOther,1
indenture,indenture,s,SpecialTopicsMiscellanyNeutral,0
system,system,c,SpecialTopicsMiscellanyNeutral,1
",",",",s,SpecialTopicsMiscellanyNeutral,0
their,their,s,SpecialTopicsMiscellanyNeutral,1
experiences,experiences,s,NarrActsNeutral,0
differed,differed,s,ExpoComparisonNeutral,0
in,in,s,ExpoComparisonNeutral,1
several,several,s,ExpoOtherNeutral,0
key,key,s,ForcefulEmphaticNeutral,0
areas,areas,c,ForcefulEmphaticNeutral,1
:,:,n,,0
Indian,indian,s,CharTypesNeutral,0
laborers,laborers,s,CharTypesNeutral,0
faced,faced,s,DescriptVisualNeutral,0
the,the,s,OtherOrphanedOther,0
longest,longest,s,ExpoComparisonNeutral,0
and,and,s,OtherSyntacticComplexityOther,0
most,most,s,ExpoComparisonNeutral,0
grueling,grueling,s,NegEmotionsGrueling,0
conditions,conditions,s,NegEmotionsGrueling,1
with,with,s,OtherOrphanedOther,0
limited,limited,s,StratActsNeg,0
opportunity,opportunity,s,StratActsNeg,1
for,for,s,OtherOrphanedOther,0
upward,upward,s,PosValuesOther,0
mobility,mobility,c,PosValuesOther,1
.,.,n,,0
Chinese,chinese,s,CharTypesNeutral,0
laborers,laborers,s,CharTypesNeutral,0
were,were,s,OtherOrphanedOther,0
given,given,s,OtherOrphanedOther,1
somewhat,somewhat,s,ConfidenceHedgedNeutral,0
better,better,s,ContingentRelationshipPos,0
conditions,conditions,c,ContingentRelationshipPos,1
",",",",s,,0
had,had,s,NarrOtherNeutral,0
more,more,s,ExpoComparisonNeutral,0
autonomy,autonomy,c,PosValuesEthics,0
",",",",s,,0
and,and,s,OtherSyntacticComplexityOther,0
were,were,s,NarrDurationNeutral,0
often,often,s,NarrDurationNeutral,1
seen,seen,s,PubAdministrationNeutral,0
as,as,s,PubAdministrationNeutral,1
more,more,s,PosValuesOther,0
valuable,valuable,s,PosValuesOther,1
in,in,s,StratOtherPos,0
the,the,s,StratOtherPos,1
eyes,eyes,s,StratOtherPos,2
of,of,s,StratOtherPos,3
the,the,s,StratOtherPos,4
Dutch,dutch,s,CharTypesNeutral,0
authorities,authorities,c,PubAdministrationNeutral,0
",",",",s,,0
especially,especially,s,ForcefulEmphaticNeutral,0
due,due,s,ReasoningOtherNeutral,0
to,to,s,ReasoningOtherNeutral,1
their,their,s,CharNamesNeutral,0
perceived,perceived,s,ConfidenceHedgedNeutral,0
business,business,s,ConfidenceHedgedNeutral,1
acumen,acumen,c,CharTraitsPos,0
.,.,n,,0
These,these,s,OtherOrphanedOther,0
differences,differences,s,ExpoComparisonNeutral,0
reflect,reflect,s,OtherOrphanedOther,0
the,the,s,OtherOrphanedOther,1
colonial,colonial,s,SpecialTopicsMiscellanyNeutral,0
strategy,strategy,s,OtherOrphanedOther,0
of,of,s,OtherOrphanedOther,0
dividing,dividing,s,FacilitateSponsorNeutral,0
laborers,laborers,s,CharTypesNeutral,0
based,based,s,ReasoningPremiseNeutral,0
on,on,s,ReasoningPremiseNeutral,1
ethnicity,ethnicity,c,SpecialTopicsMiscellanyNeutral,0
",",",",s,,0
using,using,s,NarrActsNeutral,0
ethnic,ethnic,s,SpecialTopicsMiscellanyNeutral,0
hierarchies,hierarchies,s,SpecialTopicsMiscellanyNeutral,1
to,to,s,OtherOrphanedOther,0
maintain,maintain,s,StratCompetitionNeutral,0
control,control,s,StratCompetitionNeutral,1
over,over,s,StratCompetitionNeutral,2
the,the,s,OtherOrphanedOther,0
workers,workers,s,CharTypesNeutral,0
and,and,s,OtherSyntacticComplexityOther,0
minimize,minimize,s,DescriptChangeNeutral,0
any,any,s,ExpoOtherNeutral,0
potential,potential,s,ContingentPossibilityNeutral,0
unity,unity,s,StratCoordinationPos,0
between,between,s,OtherOrphanedOther,0
them,them,c,NarrActsNeutral,0
.,.,n,,0
The,the,s,OtherOrphanedOther,0
plantation,plantation,s,DescriptVisualNeutral,0
owners,owners,s,CharTypesNeutral,0
and,and,s,OtherSyntacticComplexityOther,0
colonial,colonial,s,SpecialTopicsMiscellanyNeutral,0
authorities,authorities,s,PubAdministrationNeutral,0
in,in,s,OtherOrphanedOther,0
Suriname,suriname,s,SpecialTopicsPlaceNeutral,0
committed,committed,s,CharTraitsNeutral,0
numerous,numerous,s,NegActsCrime,0
crimes,crimes,s,NegActsCrime,1
and,and,s,OtherSyntacticComplexityOther,0
violations,violations,s,NegActsViolate,0
against,against,s,NegActsResist,0
Indian,indian,s,PubLawNeutral,0
indentured,indentured,s,PubLawNeutral,1
laborers,laborers,s,CharTypesNeutral,0
during,during,s,NarrDurationNeutral,0
the,the,s,NarrDurationNeutral,1
period,period,s,NarrDurationNeutral,0
of,of,s,NarrDurationNeutral,1
indenture,indenture,s,PubLawNeutral,0
(,(,c,OtherOrphanedOther,0
from,from,s,OtherOrphanedOther,0
the,the,s,OtherOrphanedOther,0
mid-19th,mid-19th,s,,0
to,to,s,OtherOrphanedOther,0
early,early,s,NarrSequenceNeutral,0
20th,20th,s,NarrDurationNeutral,0
century,century,c,NarrDurationNeutral,1
),),c,OtherOrphanedOther,0
.,.,s,,0
These,these,s,OtherOrphanedOther,0
abuses,abuses,s,NegActsAggressive,0
occurred,occurred,s,ContingentEventNeutral,0
within,within,s,OtherOrphanedOther,0
a,a,s,OtherOrphanedOther,0
highly,highly,s,ForcefulIntenseNeutral,0
exploitative,exploitative,s,SpecialTopicsMiscellanyNeutral,0
system,system,s,SpecialTopicsMiscellanyNeutral,1
that,that,s,SpecialTopicsMiscellanyNeutral,0
left,left,s,SpecialTopicsMiscellanyNeutral,1
indentured,indentured,s,PubLawNeutral,0
workers,workers,s,CharTypesNeutral,0
extremely,extremely,s,ForcefulIntenseNeutral,0
vulnerable,vulnerable,c,ForcefulIntenseNeutral,1
",",",",s,,0
both,both,s,OtherSyntacticComplexityOther,0
socially,socially,s,PubAdministrationNeutral,0
and,and,s,OtherSyntacticComplexityOther,0
legally,legally,c,PubLawNeutral,0
.,.,s,MetadiscourseOtherNeutral,0
Below,below,s,MetadiscourseOtherNeutral,1
is,is,s,MetadiscourseOtherNeutral,2
an,an,s,InquiryExplorationNeutral,0
exploration,exploration,s,InquiryExplorationNeutral,1
of,of,s,OtherSyntacticComplexityOther,0
the,the,s,OtherSyntacticComplexityOther,1
kinds,kinds,s,SpecialTopicsMiscellanyNeutral,0
of,of,s,SpecialTopicsMiscellanyNeutral,1
crimes,crimes,s,NegActsCrime,0
committed,committed,s,CharTraitsNeutral,0
and,and,s,OtherSyntacticComplexityOther,0
the,the,s,OtherSyntacticComplexityOther,1
judicial,judicial,s,PubLawNeutral,0
system,system,s,PubLawNeutral,1
that,that,s,OtherOrphanedOther,0
allowed,allowed,s,FacilitateExpediteNeutral,0
these,these,s,OtherOrphanedOther,0
abuses,abuses,s,NegActsAggressive,0
to,to,s,OtherOrphanedOther,0
persist,persist,c,NarrDurationNeutral,0
.,.,n,,0
Crimes,crimes,s,NegActsCrime,0
Committed,committed,s,CharTraitsNeutral,0
by,by,s,OtherOrphanedOther,0
Plantation,plantation,s,DescriptVisualNeutral,0
Owners,owners,s,CharTypesNeutral,0
and,and,s,OtherSyntacticComplexityOther,0
Overseers,overseers,n,CharTypesNeutral,0
1,1,c,ExpoOtherNeutral,0
.,.,s,ExpoOtherNeutral,1
Physical,physical,s,NegActsAggressive,0
Abuse,abuse,s,NegActsAggressive,1
and,and,s,OtherSyntacticComplexityOther,0
Violence,violence,n,NegActsViolence,0
Corporal,corporal,s,NegActsAggressive,0
punishment,punishment,s,NegActsAggressive,1
was,was,s,NarrOtherNeutral,0
commonly,commonly,s,,0
used,used,s,NarrOtherNeutral,0
to,to,s,NarrOtherNeutral,1
enforce,enforce,s,NarrOtherNeutral,2
discipline,discipline,c,PubAdministrationNeutral,0
.,.,s,,0
Beatings,beatings,s,NegActsAggressive,0
with,with,s,OtherOrphanedOther,0
whips,whips,s,DescriptMotionNeutral,0
or,or,s,OtherSyntacticComplexityOther,0
sticks,sticks,s,OtherOrphanedOther,0
were,were,s,NarrDurationNeutral,0
routine,routine,s,NarrDurationNeutral,1
for,for,s,OtherOrphanedOther,0
minor,minor,s,NegActsMistake,0
infractions,infractions,s,NegActsMistake,1
like,like,s,OtherOrphanedOther,0
late,late,s,NarrSceneShiftNeg,0
arrival,arrival,s,NarrSceneShiftNeg,1
at,at,s,SpecialTopicsPlaceNeutral,0
work,work,c,SpecialTopicsPlaceNeutral,1
",",",",s,,0
poor,poor,s,NegValuesPoor,0
performance,performance,c,NegValuesPoor,1
",",",",s,,0
or,or,s,OtherSyntacticComplexityOther,0
disobedience,disobedience,c,NegRelOther,0
.,.,n,,0
Laborers,laborers,s,CharTypesNeutral,0
were,were,s,NarrDurationNeutral,0
often,often,s,NarrDurationNeutral,1
punished,punished,s,NegEmotionsOther,0
for,for,s,NegEmotionsOther,1
minor,minor,s,PosRelReassure,0
offenses,offenses,c,PosRelReassure,1
",",",",s,ExpoExampleNeutral,0
such,such,s,ExpoExampleNeutral,1
as,as,s,ExpoExampleNeutral,2
speaking,speaking,s,DescriptVisualNeutral,0
in,in,s,DescriptVisualNeutral,1
their,their,s,NarrBiographyNeutral,0
native,native,s,NarrBiographyNeutral,1
language,language,s,SpecialTopicsMiscellanyNeutral,0
instead,instead,s,MetadiscourseOtherNeutral,0
of,of,s,MetadiscourseOtherNeutral,1
English,english,s,SpecialTopicsMiscellanyNeutral,0
or,or,s,OtherSyntacticComplexityOther,0
Dutch,dutch,s,CharTypesNeutral,0
(,(,c,OtherOrphanedOther,0
which,which,s,OtherSyntacticComplexityOther,0
was,was,s,StratOtherNeutral,0
enforced,enforced,s,StratOtherNeutral,1
as,as,s,OtherOrphanedOther,0
the,the,s,OtherOrphanedOther,1
plantation,plantation,s,DescriptVisualNeutral,0
language,language,c,SpecialTopicsMiscellanyNeutral,0
),),c,OtherOrphanedOther,0
.,.,n,InterCommandNeutral,0
Murder,murder,s,InterCommandNeutral,1
was,was,s,NarrOtherNeutral,0
not,not,s,CitationAuthoritativePos,0
uncommon,uncommon,c,CitationAuthoritativePos,1
",",",",s,,0
especially,especially,s,ForcefulEmphaticNeutral,0
in,in,s,ExpoExampleNeutral,0
cases,cases,s,ExpoExampleNeutral,1
where,where,s,ExpoExampleNeutral,2
laborers,laborers,s,CharTypesNeutral,0
were,were,s,NegRelSuspicious,0
suspected,suspected,s,NegRelSuspicious,1
of,of,s,NegRelSuspicious,2
disobedience,disobedience,s,NegRelOther,0
or,or,s,OtherSyntacticComplexityOther,0
escaping,escaping,c,StratActsPos,0
.,.,s,,0
In,in,s,ExpoExampleNeutral,0
some,some,s,ExpoExampleNeutral,1
instances,instances,c,ExpoExampleNeutral,2
",",",",s,,0
overseers,overseers,s,CharTypesNeutral,0
or,or,s,OtherSyntacticComplexityOther,0
plantation,plantation,s,CharTypesNeutral,0
managers,managers,s,CharTypesNeutral,1
would,would,s,NarrOtherNeutral,0
kill,kill,s,NegActsAggressive,0
or,or,s,OtherSyntacticComplexityOther,0
severely,severely,s,NegEmotionsSevere,0
injure,injure,s,NegActsInjure,0
workers,workers,c,CharTypesNeutral,0
",",",",s,MetadiscourseContrastNeutral,0
but,but,s,MetadiscourseContrastNeutral,1
this,this,s,OtherOrphanedOther,0
rarely,rarely,s,ForcefulEmphaticNeutral,0
led,led,s,ReasoningOtherNeutral,0
to,to,s,ReasoningOtherNeutral,1
prosecution,prosecution,c,PubLawNeutral,0
.,.,n,,0
2,2,c,ExpoOtherNeutral,0
.,.,s,ExpoOtherNeutral,1
Sexual,sexual,s,SpecialTopicsMiscellanyNeutral,0
Exploitation,exploitation,n,NegActsAggressive,0
Female,female,s,CharTypesNeutral,0
laborers,laborers,c,CharTypesNeutral,0
",",",",s,,0
particularly,particularly,s,ExpoSpecificationNeutral,0
single,single,s,CharTypesNeutral,0
women,women,s,CharTypesNeutral,1
or,or,s,OtherSyntacticComplexityOther,0
widows,widows,c,CharTypesNeutral,0
",",",",s,,0
were,were,s,NarrDurationNeutral,0
frequently,frequently,s,NarrDurationNeutral,1
victims,victims,s,NegActsVictimized,0
of,of,s,NegActsVictimized,1
sexual,sexual,s,NegActsAggressive,0
abuse,abuse,s,NegActsAggressive,1
by,by,s,OtherOrphanedOther,0
plantation,plantation,s,DescriptVisualNeutral,0
owners,owners,s,CharTypesNeutral,0
and,and,s,OtherSyntacticComplexityOther,0
overseers,overseers,c,CharTypesNeutral,0
.,.,n,InterCommandNeutral,0
Rape,rape,s,InterCommandNeutral,1
and,and,s,OtherSyntacticComplexityOther,0
harassment,harassment,s,NegActsAggressive,0
were,were,s,ExpoOtherNeutral,0
common,common,c,ExpoOtherNeutral,1
",",",",s,,0
and,and,s,OtherSyntacticComplexityOther,0
many,many,s,ExpoOtherNeutral,0
women,women,s,CharTypesNeutral,0
were,were,s,NegActsVictimized,0
forced,forced,s,NegActsVictimized,1
into,into,s,NegActsVictimized,2
sexual,sexual,s,PosRelIntimate,0
relationships,relationships,s,PosRelIntimate,1
with,with,s,OtherOrphanedOther,0
their,their,s,CharNamesNeutral,0
supervisors,supervisors,s,CharTypesNeutral,0
or,or,s,OtherSyntacticComplexityOther,0
plantation,plantation,s,CharTypesNeutral,0
managers,managers,c,CharTypesNeutral,1
.,.,n,,0
If,if,s,ContingentRelationshipNeutral,0
women,women,s,CharTypesNeutral,0
resisted,resisted,c,NegActsResist,0
",",",",s,,0
they,they,s,ContingentRelationshipNeutral,0
could,could,s,ContingentRelationshipNeutral,1
face,face,s,NegRelPunish,0
punishment,punishment,c,NegRelPunish,1
",",",",s,,0
including,including,s,NarrActsNeutral,0
being,being,s,NegActsCoercive,0
forced,forced,s,NegActsCoercive,1
to,to,s,NegActsCoercive,2
work,work,s,NegActsCoercive,3
longer,longer,s,ExpoComparisonNeutral,0
hours,hours,s,NarrDurationNeutral,0
or,or,s,OtherSyntacticComplexityOther,0
being,being,s,NegActsResist,0
denied,denied,s,NegActsResist,1
food,food,c,DescriptObjectsNeutral,0
.,.,n,,0
3,3,c,ExpoOtherNeutral,0
.,.,s,ExpoOtherNeutral,1
Forced,forced,s,NegActsAggressive,0
Labor,labor,s,NegActsAggressive,1
Beyond,beyond,s,OtherOrphanedOther,0
Contract,contract,s,NarrActsNeutral,0
Terms,terms,n,SpecialTopicsMiscellanyNeutral,0
Plantation,plantation,s,DescriptVisualNeutral,0
owners,owners,s,CharTypesNeutral,0
often,often,s,NarrDurationNeutral,0
exploited,exploited,s,StratActsPos,0
workers,workers,s,CharTypesNeutral,0
by,by,s,NegActsPressureSomeone,0
forcing,forcing,s,NegActsPressureSomeone,1
them,them,s,NarrActsNeutral,0
to,to,s,OtherOrphanedOther,0
work,work,s,OtherOrphanedOther,0
beyond,beyond,s,DescriptVisualNeutral,0
the,the,s,DescriptVisualNeutral,1
terms,terms,s,SpecialTopicsMiscellanyNeutral,0
of,of,s,SpecialTopicsMiscellanyNeutral,1
their,their,s,CharNamesNeutral,0
indenture,indenture,s,PubLawNeutral,0
contracts,contracts,c,NarrActsNeutral,0
.,.,s,,0
Laborers,laborers,s,CharTypesNeutral,0
were,were,s,NarrOtherNeutral,0
made,made,s,StratActsNeutral,0
to,to,s,StratActsNeutral,1
work,work,s,NarrBiographyNeutral,0
in,in,s,NarrBiographyNeutral,1
harsh,harsh,s,ContingentPossibilityNeg,0
conditions,conditions,c,ContingentPossibilityNeg,1
",",",",s,,0
including,including,s,NarrActsNeutral,0
longer,longer,s,ExpoComparisonNeutral,0
hours,hours,s,NarrDurationNeutral,0
and,and,s,OtherSyntacticComplexityOther,0
on,on,s,OtherOrphanedOther,0
lesser,lesser,s,ExpoComparisonNeutral,0
wages,wages,s,SpecialTopicsMiscellanyNeutral,0
than,than,s,ExpoComparisonNeutral,0
agreed,agreed,s,PosRelOther,0
upon,upon,c,PosRelOther,1
.,.,n,,0
When,when,s,OtherOrphanedOther,0
workers,workers,s,CharTypesNeutral,0
reached,reached,s,NarrTimeShiftNeutral,0
the,the,s,NarrTimeShiftNeutral,1
end,end,s,NarrTimeShiftNeutral,2
of,of,s,OtherSyntacticComplexityOther,0
their,their,s,OtherSyntacticComplexityOther,1
contracts,contracts,c,NarrActsNeutral,0
",",",",s,,0
they,they,s,OtherOrphanedOther,0
were,were,s,NarrDurationNeutral,0
frequently,frequently,s,NarrDurationNeutral,1
prevented,prevented,s,StratCoordinationNeutral,0
from,from,s,StratCoordinationNeutral,1
leaving,leaving,c,SpecialTopicsMiscellanyNeutral,0
.,.,s,,0
Debt,debt,s,NegRelServility,0
bondage,bondage,s,NegRelServility,1
was,was,s,NarrOtherNeutral,0
a,a,s,NarrOtherNeutral,1
common,common,s,OtherOrphanedOther,0
tactic,tactic,s,StratCoordinationNeutral,0
used,used,s,NarrOtherNeutral,0
to,to,s,NarrOtherNeutral,1
trap,trap,s,NarrOtherNeutral,2
laborers,laborers,c,CharTypesNeutral,0
:,:,s,,0
workers,workers,s,CharTypesNeutral,0
who,who,s,OtherOrphanedOther,0
wanted,wanted,s,PosRelDesire,0
to,to,s,PosRelDesire,1
leave,leave,s,SpecialTopicsMiscellanyNeutral,0
would,would,s,NarrOtherNeutral,0
be,be,s,NarrOtherNeutral,1
told,told,s,NarrOtherNeutral,2
that,that,s,OtherOrphanedOther,0
they,they,s,OtherOrphanedOther,0
owed,owed,s,OtherOrphanedOther,0
money,money,s,StratCoordinationNeutral,0
for,for,s,StratCoordinationNeutral,1
expenses,expenses,s,SpecialTopicsMiscellanyNeutral,0
or,or,s,MetadiscourseOtherNeutral,0
that,that,s,MetadiscourseOtherNeutral,1
their,their,s,CharNamesNeutral,0
contract,contract,s,NarrActsNeutral,0
had,had,s,NarrOtherNeutral,0
been,been,s,NarrOtherNeutral,1
renewed,renewed,s,ForcefulEmphaticNeutral,0
without,without,s,ForcefulEmphaticNeutral,1
their,their,s,CharNamesNeutral,0
consent,consent,c,PubLawNeutral,0
.,.,n,,0
4,4,c,ExpoOtherNeutral,0
.,.,s,ExpoOtherNeutral,1
Denial,denial,s,NegEmotionsOther,0
of,of,s,NegEmotionsOther,1
Basic,basic,s,PosValuesEthics,0
Needs,needs,n,PosValuesEthics,1
Adequate,adequate,s,PosValuesSufficient,0
food,food,s,PosValuesSufficient,1
and,and,s,OtherSyntacticComplexityOther,0
medical,medical,s,SpecialTopicsMiscellanyNeutral,0
care,care,s,SpecialTopicsMiscellanyNeutral,1
were,were,s,NegEmotionsDeprived,0
frequently,frequently,s,NegEmotionsDeprived,1
denied,denied,c,NegEmotionsDeprived,2
.,.,s,,0
Laborers,laborers,s,CharTypesNeutral,0
were,were,s,OtherOrphanedOther,0
given,given,s,OtherOrphanedOther,1
poor,poor,s,NegValuesPoor,0
quality,quality,s,NegValuesPoor,1
rations,rations,c,NegValuesPoor,2
",",",",s,,0
and,and,s,ContingentRelationshipNeutral,0
if,if,s,ContingentRelationshipNeutral,1
they,they,s,ContingentRelationshipNeutral,2
fell,fell,s,DescriptChangeNeg,0
ill,ill,c,DescriptChangeNeg,1
",",",",s,,0
overseers,overseers,s,CharTypesNeutral,0
often,often,s,NarrDurationNeutral,0
ignored,ignored,s,NegRelIgnore,0
their,their,s,StratDirectAppealNeutral,0
needs,needs,c,StratDirectAppealNeutral,1
",",",",s,,0
leading,leading,s,ReasoningOtherNeutral,0
to,to,s,ReasoningOtherNeutral,1
widespread,widespread,s,SpecialTopicsMiscellanyNeutral,0
disease,disease,s,SpecialTopicsMiscellanyNeutral,1
and,and,s,NarrSequenceNeg,0
death,death,c,NarrSequenceNeg,1
.,.,n,,0
Inhumane,inhumane,s,NegValuesOther,0
living,living,s,NarrImmediacyNeutral,0
conditions,conditions,s,NarrImmediacyNeutral,1
in,in,s,OtherOrphanedOther,0
barracks,barracks,s,DescriptObjectsNeutral,0
meant,meant,s,ReasoningInferNeutral,0
that,that,s,ReasoningInferNeutral,1
laborers,laborers,s,CharTypesNeutral,0
often,often,s,NarrDurationNeutral,0
lived,lived,s,NarrBiographyNeutral,0
in,in,s,NarrBiographyNeutral,1
overcrowded,overcrowded,c,DescriptVisualNeg,0
",",",",s,,0
unsanitary,unsanitary,s,NegValuesUnhealthy,0
environments,environments,c,NegValuesUnhealthy,1
",",",",s,,0
leading,leading,s,ReasoningOtherNeutral,0
to,to,s,ReasoningOtherNeutral,1
outbreaks,outbreaks,s,DescriptChangeNeg,0
of,of,s,DescriptChangeNeg,1
diseases,diseases,s,DescriptChangeNeg,2
like,like,s,OtherOrphanedOther,0
malaria,malaria,c,SpecialTopicsMiscellanyNeutral,0
",",",",s,,0
dysentery,dysentery,c,SpecialTopicsMiscellanyNeutral,0
",",",",s,,0
and,and,s,OtherSyntacticComplexityOther,0
tuberculosis,tuberculosis,c,SpecialTopicsMiscellanyNeutral,0
.,.,n,,0
5,5,c,ExpoOtherNeutral,0
.,.,s,ExpoOtherNeutral,1
Kidnapping,kidnapping,s,NegActsAggressive,0
and,and,s,OtherSyntacticComplexityOther,0
Forced,forced,s,StratOtherNeutral,0
Migration,migration,n,NarrSceneShiftNeutral,0
Some,some,s,ExpoOtherNeutral,0
workers,workers,s,CharTypesNeutral,0
were,were,s,NarrOtherNeutral,0
kidnapped,kidnapped,s,NegActsAggressive,0
or,or,s,OtherSyntacticComplexityOther,0
tricked,tricked,s,NegRelTrickery,0
into,into,s,NegRelTrickery,1
becoming,becoming,s,DescriptChangeNeutral,0
indentured,indentured,s,PubLawNeutral,0
laborers,laborers,c,CharTypesNeutral,0
.,.,s,,0
Agents,agents,s,SpecialTopicsMiscellanyNeutral,0
would,would,s,NarrOtherNeutral,0
often,often,s,NarrOtherNeutral,1
deceive,deceive,s,NegRelTrickery,0
people,people,s,CharTypesNeutral,0
in,in,s,OtherOrphanedOther,0
India,india,s,SpecialTopicsPlaceNeutral,0
by,by,s,OtherOrphanedOther,0
offering,offering,s,FacilitateSponsorNeutral,0
them,them,s,FacilitateSponsorNeutral,1
promises,promises,s,PosEmotionsOther,0
of,of,s,PosEmotionsOther,1
better,better,s,ContingentRelationshipPos,0
conditions,conditions,s,ContingentRelationshipPos,1
in,in,s,OtherOrphanedOther,0
the,the,s,OtherOrphanedOther,0
colonies,colonies,c,SpecialTopicsMiscellanyNeutral,0
",",",",s,ForcefulEmphaticNeutral,0
only,only,s,ForcefulEmphaticNeutral,1
to,to,s,OtherOrphanedOther,0
find,find,s,ContingentEventNeutral,0
themselves,themselves,s,ContingentEventNeutral,1
locked,locked,s,DescriptVisualNeutral,0
into,into,s,DescriptVisualNeutral,1
indentured,indentured,s,PubLawNeutral,0
contracts,contracts,s,NarrActsNeutral,0
once,once,s,NarrTimeShiftNeutral,0
they,they,s,NarrTimeShiftNeutral,1
arrived,arrived,s,NarrSceneShiftNeutral,0
in,in,s,NarrSceneShiftNeutral,1
Suriname,suriname,c,SpecialTopicsPlaceNeutral,0
.,.,n,,0
6,6,c,ExpoOtherNeutral,0
.,.,s,ExpoOtherNeutral,1
Denial,denial,s,NegEmotionsOther,0
of,of,s,NegEmotionsOther,1
Justice,justice,s,PosValuesJustice,0
and,and,s,OtherSyntacticComplexityOther,0
Legal,legal,s,PubLawNeutral,0
Rights,rights,n,PubLawNeutral,1
Laborers,laborers,s,CharTypesNeutral,0
had,had,s,NegActsResist,0
no,no,s,NegActsResist,1
legal,legal,s,PubLawNeutral,0
recourse,recourse,s,FacilitateHelpPos,0
for,for,s,OtherSyntacticComplexityOther,0
most,most,s,OtherSyntacticComplexityOther,1
crimes,crimes,s,NegActsCrime,0
committed,committed,s,CharTraitsNeutral,0
against,against,s,NegActsResist,0
them,them,c,NegActsResist,1
.,.,s,,0
Plantation,plantation,s,DescriptVisualNeutral,0
owners,owners,s,CharTypesNeutral,0
were,were,s,PubAdministrationNeutral,0
seen,seen,s,PubAdministrationNeutral,1
as,as,s,PubAdministrationNeutral,2
above,above,s,OtherSyntacticComplexityOther,0
the,the,s,OtherSyntacticComplexityOther,1
law,law,c,PubLawNeutral,0
",",",",s,,0
and,and,s,OtherSyntacticComplexityOther,0
the,the,s,OtherSyntacticComplexityOther,1
colonial,colonial,s,SpecialTopicsMiscellanyNeutral,0
judicial,judicial,s,PubLawNeutral,0
system,system,s,PubLawNeutral,1
favored,favored,s,PosRelOther,0
the,the,s,PosRelOther,1
interests,interests,s,SpecialTopicsMiscellanyNeutral,0
of,of,s,SpecialTopicsMiscellanyNeutral,1
plantation,plantation,s,SpecialTopicsMiscellanyNeutral,0
management,management,c,SpecialTopicsMiscellanyNeutral,1
.,.,n,,0
Crimes,crimes,s,NegActsCrime,0
committed,committed,s,CharTraitsNeutral,0
by,by,s,OtherOrphanedOther,0
plantation,plantation,s,DescriptVisualNeutral,0
owners,owners,s,CharTypesNeutral,0
were,were,s,NarrOtherNeutral,0
rarely,rarely,s,InquiryExplorationNeutral,0
investigated,investigated,c,InquiryExplorationNeutral,1
",",",",s,,0
and,and,s,ForcefulEmphaticNeutral,0
even,even,s,ForcefulEmphaticNeutral,1
when,when,s,NarrTimeShiftNeutral,0
there,there,s,NarrTimeShiftNeutral,1
was,was,s,NarrOtherNeutral,0
some,some,s,ExpoOtherNeutral,0
form,form,s,SpecialTopicsMiscellanyNeutral,0
of,of,s,SpecialTopicsMiscellanyNeutral,1
investigation,investigation,c,InquiryExplorationNeutral,0
",",",",s,,0
it,it,s,NarrOtherNeutral,0
was,was,s,NarrOtherNeutral,1
often,often,s,NarrDurationNeutral,0
biased,biased,s,NegRelBias,0
and,and,s,OtherSyntacticComplexityOther,0
designed,designed,s,OtherOrphanedOther,0
to,to,s,OtherOrphanedOther,1
protect,protect,s,PosRelGuardian,0
the,the,s,OtherOrphanedOther,0
colonial,colonial,s,SpecialTopicsMiscellanyNeutral,0
economy,economy,s,SpecialTopicsMiscellanyNeutral,1
rather,rather,s,ExpoOtherNeutral,0
than,than,s,ExpoOtherNeutral,1
the,the,s,OtherOrphanedOther,0
workers,workers,c,CharTypesNeutral,0
.,.,n,,0
The,the,s,OtherOrphanedOther,0
Judicial,judicial,s,PubLawNeutral,0
System,system,n,PubLawNeutral,1
The,the,s,OtherOrphanedOther,0
judicial,judicial,s,PubLawNeutral,0
system,system,s,PubLawNeutral,1
in,in,s,OtherOrphanedOther,0
Suriname,suriname,s,SpecialTopicsPlaceNeutral,0
during,during,s,NarrDurationNeutral,0
the,the,s,NarrDurationNeutral,1
indenture,indenture,s,NarrDurationNeutral,0
period,period,s,NarrDurationNeutral,1
was,was,s,NarrOtherNeutral,0
deeply,deeply,s,ForcefulEmphaticNeutral,0
unjust,unjust,s,NegValuesInjustice,0
and,and,s,OtherSyntacticComplexityOther,0
heavily,heavily,s,ForcefulEmphaticNeutral,0
skewed,skewed,s,NegValuesOther,0
in,in,s,PosRelOther,0
favor,favor,s,PosRelOther,1
of,of,s,PosRelOther,2
plantation,plantation,s,DescriptVisualNeutral,0
owners,owners,c,CharTypesNeutral,0
.,.,s,NarrImmediacyNeutral,0
Here,here,s,NarrImmediacyNeutral,1
are,are,s,ForcefulEmphaticNeutral,0
the,the,s,ForcefulEmphaticNeutral,1
key,key,s,ForcefulEmphaticNeutral,2
features,features,c,OtherOrphanedOther,0
:,:,n,,0
1,1,c,ExpoOtherNeutral,0
.,.,s,ExpoOtherNeutral,1
Colonial,colonial,s,SpecialTopicsMiscellanyNeutral,0
Control,control,s,StratCoordinationNeutral,0
and,and,s,OtherSyntacticComplexityOther,0
Limited,limited,s,SpecialTopicsMiscellanyNeutral,0
Legal,legal,s,PubLawNeutral,0
Protection,protection,n,PubLawNeutral,1
Dutch,dutch,s,SpecialTopicsMiscellanyNeutral,0
colonial,colonial,s,SpecialTopicsMiscellanyNeutral,1
laws,laws,s,PubLawNeutral,0
were,were,s,ExpoOtherNeutral,0
designed,designed,s,ExpoOtherNeutral,1
to,to,s,StratCognitionNeutral,0
protect,protect,s,StratCognitionNeutral,1
plantation,plantation,s,DescriptVisualNeutral,0
interests,interests,c,OtherOrphanedOther,0
",",",",s,,0
not,not,s,NegActsResist,0
the,the,s,NegActsResist,1
rights,rights,s,PubLawNeutral,0
of,of,s,PubLawNeutral,1
the,the,s,PubLawNeutral,2
laborers,laborers,c,PubLawNeutral,3
.,.,n,,0
Plantation,plantation,s,DescriptVisualNeutral,0
owners,owners,s,CharTypesNeutral,0
had,had,s,NarrOtherNeutral,0
considerable,considerable,s,ExpoOtherNeutral,0
influence,influence,s,StratOtherNeutral,0
over,over,s,StratOtherNeutral,1
the,the,s,OtherOrphanedOther,0
legal,legal,s,SpecialTopicsMiscellanyNeutral,0
system,system,c,SpecialTopicsMiscellanyNeutral,1
.,.,s,NarrActsNeutral,0
They,they,s,NarrActsNeutral,1
could,could,s,ContingentRelationshipNeutral,0
often,often,s,NarrDurationNeutral,0
bribe,bribe,s,NegActsBribery,0
or,or,s,OtherSyntacticComplexityOther,0
coerce,coerce,s,NegActsCoercive,0
local,local,s,SpecialTopicsPlaceNeutral,0
officials,officials,s,CharTypesNeutral,0
to,to,s,OtherOrphanedOther,0
overlook,overlook,s,NegEmotionsOther,0
crimes,crimes,s,NegActsCrime,0
committed,committed,s,CharTraitsNeutral,0
against,against,s,NegActsResist,0
indentured,indentured,s,PubLawNeutral,0
workers,workers,c,CharTypesNeutral,0
.,.,n,,0
Indians,indians,s,CharTypesNeutral,0
and,and,s,OtherSyntacticComplexityOther,0
other,other,s,,0
laborers,laborers,s,CharTypesNeutral,0
were,were,s,NarrOtherNeutral,0
treated,treated,s,NarrOtherNeutral,1
as,as,s,OtherOrphanedOther,0
second-class,second-class,s,NegValuesOther,0
citizens,citizens,c,NegValuesOther,1
",",",",s,,0
and,and,s,OtherSyntacticComplexityOther,0
they,they,s,NarrOtherNeutral,0
had,had,s,NarrOtherNeutral,1
little,little,s,DescriptVisualNeutral,0
to,to,s,NegActsResist,0
no,no,s,NegActsResist,1
access,access,s,PosValuesOther,0
to,to,s,PosValuesOther,1
the,the,s,PubAdministrationNeutral,0
courts,courts,s,PubAdministrationNeutral,1
or,or,s,OtherSyntacticComplexityOther,0
legal,legal,s,PubLawNeutral,0
protections,protections,c,PubLawNeutral,1
.,.,s,NarrActsNeutral,0
They,they,s,NarrActsNeutral,1
were,were,s,NarrDurationNeutral,0
frequently,frequently,s,NarrDurationNeutral,1
discriminated,discriminated,s,NegActsAggressive,0
against,against,c,NegActsAggressive,1
",",",",s,,0
and,and,s,OtherSyntacticComplexityOther,0
their,their,s,CharNamesNeutral,0
complaints,complaints,s,NegActsPlaintive,0
were,were,s,NarrDurationNeutral,0
often,often,s,NarrDurationNeutral,1
dismissed,dismissed,c,OtherOrphanedOther,0
.,.,n,,0
2,2,c,ExpoOtherNeutral,0
.,.,s,ExpoOtherNeutral,1
The,the,s,PubAdministrationNeutral,0
Role,role,s,PubAdministrationNeutral,1
of,of,s,PubAdministrationNeutral,2
the,the,s,PubAdministrationNeutral,3
Overseers,overseers,s,CharTypesNeutral,0
and,and,s,OtherSyntacticComplexityOther,0
Plantations,plantations,n,DescriptVisualNeutral,0
Overseers,overseers,c,CharTypesNeutral,0
",",",",s,CharNamesNeutral,0
who,who,s,CharNamesNeutral,1
were,were,s,CharNamesNeutral,2
usually,usually,s,NarrDurationNeutral,0
Dutch,dutch,s,CharTypesNeutral,0
or,or,s,OtherSyntacticComplexityOther,0
European,european,c,SpecialTopicsPlaceNeutral,0
",",",",s,,0
had,had,s,NarrOtherNeutral,0
the,the,s,NarrOtherNeutral,1
power,power,s,NarrOtherNeutral,2
to,to,s,NarrOtherNeutral,3
impose,impose,s,NegRelImpose,0
punishments,punishments,s,NegRelImpose,1
without,without,s,ForcefulEmphaticNeutral,0
any,any,s,ExpoOtherNeutral,0
legal,legal,s,PubLawNeutral,0
oversight,oversight,c,NegActsOther,0
.,.,s,NarrActsNeutral,0
They,they,s,NarrActsNeutral,1
were,were,s,NarrOtherNeutral,0
the,the,s,NarrOtherNeutral,1
primary,primary,s,StratOtherNeutral,0
enforcers,enforcers,s,StratOtherNeutral,1
of,of,s,OtherOrphanedOther,0
labor,labor,s,SpecialTopicsMiscellanyNeutral,0
discipline,discipline,s,PubAdministrationNeutral,0
and,and,s,OtherSyntacticComplexityOther,0
could,could,s,ContingentRelationshipNeutral,0
mete,mete,s,FacilitateSponsorNeutral,0
out,out,s,FacilitateSponsorNeutral,1
physical,physical,s,NegRelPunish,0
punishments,punishments,s,NegRelPunish,1
without,without,s,ForcefulEmphaticNeutral,0
fear,fear,s,NegEmotionsFear,0
of,of,s,NegEmotionsFear,1
legal,legal,s,FutureOtherNeg,0
repercussions,repercussions,c,FutureOtherNeg,1
.,.,n,,0
In,in,s,ExpoExampleNeutral,0
cases,cases,s,ExpoExampleNeutral,1
where,where,s,ExpoExampleNeutral,2
workers,workers,s,CharTypesNeutral,0
tried,tried,s,StratCoordinationNeutral,0
to,to,s,StratCoordinationNeutral,1
escape,escape,s,StratActsPos,0
or,or,s,OtherSyntacticComplexityOther,0
protest,protest,c,NegActsPlaintive,0
",",",",s,,0
they,they,s,ContingentRelationshipNeutral,0
could,could,s,ContingentRelationshipNeutral,1
face,face,s,DescriptVisualNeutral,0
punitive,punitive,s,PubLawNeg,0
actions,actions,c,NarrActsNeutral,0
",",",",s,ExpoExampleNeutral,0
such,such,s,ExpoExampleNeutral,1
as,as,s,ExpoExampleNeutral,2
imprisonment,imprisonment,s,NegValuesOther,0
or,or,s,OtherSyntacticComplexityOther,0
further,further,s,NegActsViolence,0
violence,violence,c,NegActsViolence,1
",",",",s,,0
with,with,s,NegActsResist,0
no,no,s,NegActsResist,1
judicial,judicial,s,PubLawNeutral,0
recourse,recourse,c,PubLawNeutral,1
.,.,n,,0
3,3,c,ExpoOtherNeutral,0
.,.,s,ExpoOtherNeutral,1
Limited,limited,s,NegValuesOther,0
Access,access,s,NegValuesOther,1
to,to,s,NegValuesOther,2
Justice,justice,s,PosValuesJustice,0
for,for,s,OtherOrphanedOther,0
Laborers,laborers,n,CharTypesNeutral,0
If,if,s,ContingentRelationshipNeutral,0
laborers,laborers,s,CharTypesNeutral,0
tried,tried,s,StratCoordinationNeutral,0
to,to,s,StratCoordinationNeutral,1
file,file,s,InterConversationNeg,0
complaints,complaints,s,InterConversationNeg,1
or,or,s,OtherSyntacticComplexityOther,0
seek,seek,s,StratCognitionNeutral,0
legal,legal,s,PubLawNeutral,0
redress,redress,c,PubLawNeutral,1
",",",",s,,0
they,they,s,NarrOtherNeutral,0
would,would,s,NarrOtherNeutral,1
face,face,s,DescriptVisualNeutral,0
severe,severe,s,NegActsAggressive,0
retaliation,retaliation,s,NegActsAggressive,1
from,from,s,OtherOrphanedOther,0
plantation,plantation,s,DescriptVisualNeutral,0
owners,owners,c,CharTypesNeutral,0
.,.,s,,0
For,for,s,ExpoExampleNeutral,0
instance,instance,c,ExpoExampleNeutral,1
",",",",s,ExpoExampleNeutral,2
they,they,s,OtherOrphanedOther,0
might,might,s,ConfidenceHedgedNeutral,0
lose,lose,s,ConfidenceHedgedNeutral,1
their,their,s,OtherOrphanedGenericActivity,0
jobs,jobs,s,OtherOrphanedGenericActivity,1
or,or,s,OtherSyntacticComplexityOther,0
face,face,s,NegActsViolence,0
violence,violence,c,NegActsViolence,1
.,.,n,,0
Some,some,s,ExpoOtherNeutral,0
laborers,laborers,s,CharTypesNeutral,0
attempted,attempted,s,CharTraitsNeutral,0
to,to,s,CharTraitsNeutral,1
petition,petition,s,PubCommunicationNeutral,0
the,the,s,PubCommunicationNeutral,1
colonial,colonial,s,SpecialTopicsMiscellanyNeutral,0
authorities,authorities,c,PubAdministrationNeutral,0
",",",",s,MetadiscourseContrastNeutral,0
but,but,s,MetadiscourseContrastNeutral,1
these,these,s,OtherOrphanedOther,0
petitions,petitions,s,PubCommunicationNeutral,0
were,were,s,NarrDurationNeutral,0
usually,usually,s,NarrDurationNeutral,1
dismissed,dismissed,s,OtherOrphanedOther,0
or,or,s,OtherSyntacticComplexityOther,0
ignored,ignored,c,NegRelIgnore,0
.,.,s,,0
When,when,s,OtherOrphanedOther,0
laborers,laborers,s,CharTypesNeutral,0
were,were,s,PosValuesAble,0
able,able,s,PosValuesAble,1
to,to,s,PosValuesAble,2
reach,reach,s,NarrActsNeutral,0
Dutch,dutch,s,CharTypesNeutral,0
courts,courts,c,SpecialTopicsMiscellanyNeutral,0
",",",",s,,0
they,they,s,OtherOrphanedOther,0
often,often,s,NarrDurationNeutral,0
found,found,s,ContingentEventNeutral,0
themselves,themselves,s,ContingentEventNeutral,1
at,at,s,StratActsNeg,0
a,a,s,StratActsNeg,1
disadvantage,disadvantage,s,StratActsNeg,2
because,because,s,ReasoningPremiseNeutral,0
the,the,s,ReasoningPremiseNeutral,1
legal,legal,s,PubLawNeutral,0
framework,framework,s,SpecialTopicsMiscellanyNeutral,0
was,was,s,ForcefulEmphaticNeutral,0
so,so,s,ForcefulEmphaticNeutral,1
heavily,heavily,s,ForcefulEmphaticNeutral,0
biased,biased,s,NegRelBias,0
against,against,s,NegActsResist,0
them,them,c,NegActsResist,1
.,.,n,,0
4,4,c,ExpoOtherNeutral,0
.,.,s,ExpoOtherNeutral,1
Corruption,corruption,s,NegValuesCorruption,0
and,and,s,OtherSyntacticComplexityOther,0
Legal,legal,s,PubLawNeutral,0
Bias,bias,n,NegRelBias,0
The,the,s,NegValuesCorruption,0
corruption,corruption,s,NegValuesCorruption,1
within,within,s,OtherOrphanedOther,0
the,the,s,OtherOrphanedOther,0
judicial,judicial,s,PubLawNeutral,0
system,system,s,PubLawNeutral,1
meant,meant,s,ReasoningInferNeutral,0
that,that,s,ReasoningInferNeutral,1
plantation,plantation,s,DescriptVisualNeutral,0
owners,owners,s,CharTypesNeutral,0
often,often,s,NarrDurationNeutral,0
had,had,s,NarrOtherNeutral,0
access,access,s,NarrOtherNeutral,1
to,to,s,NarrOtherNeutral,2
the,the,s,ForcefulEmphaticNeutral,0
most,most,s,ForcefulEmphaticNeutral,1
powerful,powerful,s,ForcefulEmphaticNeutral,0
legal,legal,s,SpecialTopicsMiscellanyNeutral,0
networks,networks,s,SpecialTopicsMiscellanyNeutral,1
and,and,s,OtherSyntacticComplexityOther,0
were,were,s,PosValuesAble,0
able,able,s,PosValuesAble,1
to,to,s,PosValuesAble,2
use,use,s,NarrActsNeutral,0
legal,legal,s,PubLawNeg,0
loopholes,loopholes,s,PubLawNeg,1
to,to,s,OtherOrphanedOther,0
avoid,avoid,s,NegActsResist,0
prosecution,prosecution,s,PubLawNeutral,0
for,for,s,OtherOrphanedOther,0
crimes,crimes,s,NegActsCrime,0
committed,committed,s,CharTraitsNeutral,0
against,against,s,NegActsResist,0
workers,workers,c,CharTypesNeutral,0
.,.,n,,0
Crimes,crimes,s,NegValuesOther,0
against,against,s,NegValuesOther,1
Indian,indian,s,CharTypesNeutral,0
laborers,laborers,s,CharTypesNeutral,0
were,were,s,NarrOtherNeutral,0
not,not,s,DescriptVisualNeutral,0
taken,taken,s,DescriptVisualNeutral,1
seriously,seriously,s,CharSubjectivityNeutral,0
by,by,s,OtherOrphanedOther,0
the,the,s,OtherOrphanedOther,0
colonial,colonial,s,SpecialTopicsMiscellanyNeutral,0
authorities,authorities,c,PubAdministrationNeutral,0
",",",",s,CharNamesNeutral,0
who,who,s,CharNamesNeutral,1
considered,considered,s,CharTraitsNeutral,0
them,them,s,CharTraitsNeutral,1
a,a,s,OtherOrphanedOther,0
disposable,disposable,s,SpecialTopicsMiscellanyNeutral,0
labor,labor,s,SpecialTopicsMiscellanyNeutral,0
force,force,c,SpecialTopicsMiscellanyNeutral,1
.,.,n,,0
5,5,c,ExpoOtherNeutral,0
.,.,s,ExpoOtherNeutral,1
Protection,protection,s,StratCoordinationNeutral,0
Through,through,s,OtherOrphanedOther,0
Religious,religious,s,CharTraitsNeutral,0
and,and,s,OtherSyntacticComplexityOther,0
Social,social,s,SpecialTopicsMiscellanyNeutral,0
Networks,networks,n,SpecialTopicsMiscellanyNeutral,1
Despite,despite,s,MetadiscourseContrastNeutral,0
the,the,s,OtherOrphanedOther,0
oppressive,oppressive,s,ContingentPossibilityNeg,0
conditions,conditions,c,ContingentPossibilityNeg,1
",",",",s,,0
many,many,s,ExpoOtherNeutral,0
laborers,laborers,s,CharTypesNeutral,0
tried,tried,s,StratCoordinationNeutral,0
to,to,s,StratCoordinationNeutral,1
use,use,s,NarrActsNeutral,0
social,social,s,,0
and,and,s,OtherSyntacticComplexityOther,0
religious,religious,s,SpecialTopicsMiscellanyNeutral,0
networks,networks,s,SpecialTopicsMiscellanyNeutral,1
to,to,s,StratCognitionNeutral,0
seek,seek,s,StratCognitionNeutral,1
support,support,s,PosRelOther,0
or,or,s,OtherSyntacticComplexityOther,0
protection,protection,c,StratCoordinationNeutral,0
.,.,n,,0
Hindu,hindu,s,SpecialTopicsMiscellanyNeutral,0
temples,temples,c,DescriptVisualNeutral,0
",",",",s,,0
Muslim,muslim,s,CharTypesNeutral,0
mosques,mosques,c,DescriptVisualNeutral,0
",",",",s,,0
and,and,s,OtherSyntacticComplexityOther,0
other,other,s,SpecialTopicsMiscellanyNeutral,0
community,community,s,SpecialTopicsMiscellanyNeutral,1
structures,structures,s,SpecialTopicsMiscellanyNeutral,0
sometimes,sometimes,s,ContingentRelationshipNeutral,0
became,became,s,DescriptChangeNeutral,0
places,places,s,DescriptVisualNeutral,0
of,of,s,DescriptVisualNeutral,1
refuge,refuge,s,DescriptVisualNeutral,0
for,for,s,OtherOrphanedOther,0
laborers,laborers,s,CharTypesNeutral,0
who,who,s,OtherOrphanedOther,0
faced,faced,s,NegRelFace,0
persecution,persecution,s,NegRelFace,1
or,or,s,OtherSyntacticComplexityOther,0
violence,violence,c,NegActsViolence,0
.,.,n,,0
Colonial,colonial,s,SpecialTopicsMiscellanyNeutral,0
Protests,protests,s,NegActsPlaintive,0
and,and,s,OtherSyntacticComplexityOther,0
Legal,legal,s,PubLawNeutral,0
Reforms,reforms,n,DescriptChangePos,0
Protests,protests,s,NegActsPlaintive,0
by,by,s,OtherOrphanedOther,0
Indian,indian,s,CharTypesNeutral,0
workers,workers,s,CharTypesNeutral,0
were,were,s,ForcefulEmphaticNeutral,0
rare,rare,s,ForcefulEmphaticNeutral,1
but,but,s,MetadiscourseContrastNeutral,0
significant,significant,c,ForcefulSignificantNeutral,0
.,.,s,,0
Some,some,s,ExpoOtherNeutral,0
workers,workers,c,CharTypesNeutral,0
",",",",s,,0
especially,especially,s,ExpoOtherNeutral,0
those,those,s,ExpoOtherNeutral,1
who,who,s,NarrOtherNeutral,0
had,had,s,NarrOtherNeutral,1
completed,completed,s,NarrSequenceNeutral,0
their,their,s,NarrSequenceNeutral,1
indenture,indenture,s,PubLawNeutral,0
and,and,s,OtherSyntacticComplexityOther,0
had,had,s,NarrOtherNeutral,0
acquired,acquired,s,DescriptChangeNeutral,0
land,land,s,SpecialTopicsPlaceNeutral,0
or,or,s,OtherSyntacticComplexityOther,0
small,small,s,SpecialTopicsMiscellanyNeutral,0
businesses,businesses,c,SpecialTopicsMiscellanyNeutral,1
",",",",s,,0
challenged,challenged,s,CharTraitsNeutral,0
the,the,s,OtherOrphanedOther,0
system,system,c,SpecialTopicsMiscellanyNeutral,0
.,.,s,,0
These,these,s,OtherOrphanedOther,0
protests,protests,s,NegActsPlaintive,0
often,often,s,CharMentalStatesPos,0
focused,focused,s,CharMentalStatesPos,1
on,on,s,CharMentalStatesPos,2
forced,forced,s,NegActsAggressive,0
labor,labor,c,NegActsAggressive,1
",",",",s,,0
poor,poor,s,NegValuesPoor,0
wages,wages,c,NegValuesPoor,1
",",",",s,,0
and,and,s,OtherSyntacticComplexityOther,0
the,the,s,OtherSyntacticComplexityOther,1
mistreatment,mistreatment,s,NegActsAggressive,0
of,of,s,OtherOrphanedOther,0
women,women,c,CharTypesNeutral,0
.,.,n,,0
Legal,legal,s,PubLawNeutral,0
reforms,reforms,s,DescriptChangePos,0
were,were,s,NarrOtherNeutral,0
slow,slow,s,NegValuesOther,0
to,to,s,NegValuesOther,1
materialize,materialize,s,ContingentEventNeutral,0
but,but,s,MetadiscourseContrastNeutral,0
gained,gained,s,DescriptChangePos,0
momentum,momentum,s,DescriptChangePos,1
after,after,s,NarrSequenceNeutral,0
the,the,s,NarrSequenceNeutral,1
Indian,indian,s,CharTypesNeutral,0
independence,independence,s,PosValuesOther,0
movement,movement,s,SpecialTopicsMiscellanyNeutral,0
(,(,c,OtherOrphanedOther,0
and,and,s,OtherOrphanedOther,1
growing,growing,s,DescriptChangeNeutral,0
international,international,s,SpecialTopicsMiscellanyNeutral,0
attention,attention,s,CharMentalStatesNeutral,0
to,to,s,OtherOrphanedOther,0
the,the,s,NegActsAggressive,0
abuses,abuses,s,NegActsAggressive,1
of,of,s,OtherOrphanedOther,0
indenture,indenture,c,PubLawNeutral,0
),),c,OtherOrphanedOther,0
.,.,s,,0
Dutch,dutch,s,CharTypesNeutral,0
authorities,authorities,s,PubAdministrationNeutral,0
gradually,gradually,s,FutureOtherNeutral,0
instituted,instituted,s,PubAdministrationNeutral,0
minor,minor,s,SpecialTopicsMiscellanyNeutral,0
reforms,reforms,c,DescriptChangePos,0
",",",",s,ExpoExampleNeutral,0
such,such,s,ExpoExampleNeutral,1
as,as,s,ExpoExampleNeutral,2
better,better,s,ExpoComparisonNeutral,0
food,food,s,DescriptObjectsNeutral,0
rations,rations,s,FacilitateSponsorNeutral,0
and,and,s,OtherSyntacticComplexityOther,0
medical,medical,s,SpecialTopicsMiscellanyNeutral,0
care,care,c,SpecialTopicsMiscellanyNeutral,1
",",",",s,MetadiscourseContrastNeutral,0
but,but,s,MetadiscourseContrastNeutral,1
they,they,s,OtherOrphanedOther,0
still,still,s,OtherOrphanedOther,0
maintained,maintained,s,NarrDurationNeutral,0
a,a,s,NarrDurationNeutral,1
system,system,s,SpecialTopicsMiscellanyNeutral,0
heavily,heavily,s,ForcefulEmphaticNeutral,0
skewed,skewed,s,NegValuesOther,0
toward,toward,s,OtherOrphanedOther,0
exploitation,exploitation,c,NegActsAggressive,0
.,.,n,,0
Summary,summary,s,ReasoningConcludeNeutral,0
of,of,s,OtherSyntacticComplexityOther,0
the,the,s,OtherSyntacticComplexityOther,1
Judicial,judicial,s,PubLawNeutral,0
System's,system's,s,SpecialTopicsMiscellanyNeutral,0
Failures,failures,n,NegActsFail,0
The,the,s,OtherOrphanedOther,0
colonial,colonial,s,SpecialTopicsMiscellanyNeutral,0
judicial,judicial,s,PubLawNeutral,0
system,system,s,PubLawNeutral,1
was,was,s,NarrOtherNeutral,0
inherently,inherently,s,SpecialTopicsMiscellanyNeutral,0
biased,biased,s,NegRelBias,0
toward,toward,s,DescriptVisualNeutral,0
the,the,s,DescriptVisualNeutral,1
protection,protection,s,StratCoordinationNeutral,0
of,of,s,OtherOrphanedOther,0
plantation,plantation,s,DescriptVisualNeutral,0
owners,owners,s,CharTypesNeutral,0
and,and,s,OtherSyntacticComplexityOther,0
the,the,s,OtherSyntacticComplexityOther,1
maintenance,maintenance,s,NarrDurationNeutral,0
of,of,s,NarrDurationNeutral,1
the,the,s,OtherOrphanedOther,0
colonial,colonial,s,SpecialTopicsMiscellanyNeutral,0
economy,economy,c,SpecialTopicsMiscellanyNeutral,1
",",",",s,,0
rather,rather,s,ExpoOtherNeutral,0
than,than,s,ExpoOtherNeutral,1
the,the,s,OtherOrphanedOther,0
protection,protection,s,StratCoordinationNeutral,0
of,of,s,OtherOrphanedOther,0
laborers,laborers,s,CharTypesNeutral,0
',',s,,0
rights,rights,c,PubLawNeutral,0
.,.,n,,0
Indian,indian,s,PubLawNeutral,0
indentured,indentured,s,PubLawNeutral,1
laborers,laborers,s,CharTypesNeutral,0
had,had,s,NarrOtherNeutral,0
almost,almost,s,NegActsResist,0
no,no,s,NegActsResist,1
legal,legal,s,PubLawNeutral,0
protections,protections,c,PubLawNeutral,1
",",",",s,,0
and,and,s,OtherSyntacticComplexityOther,0
the,the,s,OtherSyntacticComplexityOther,1
colonial,colonial,s,SpecialTopicsMiscellanyNeutral,0
authorities,authorities,s,PubAdministrationNeutral,0
largely,largely,s,ConfidenceHedgedNeutral,0
ignored,ignored,s,NegRelIgnore,0
or,or,s,OtherSyntacticComplexityOther,0
dismissed,dismissed,s,OtherOrphanedOther,0
crimes,crimes,s,NegActsCrime,0
committed,committed,s,CharTraitsNeutral,0
by,by,s,OtherOrphanedOther,0
the,the,s,OtherOrphanedOther,0
plantation,plantation,s,DescriptVisualNeutral,0
owners,owners,s,CharTypesNeutral,0
or,or,s,OtherSyntacticComplexityOther,0
overseers,overseers,c,CharTypesNeutral,0
.,.,n,ForcefulEmphaticNeutral,0
Even,even,s,ForcefulEmphaticNeutral,1
when,when,s,OtherOrphanedOther,0
laborers,laborers,s,CharTypesNeutral,0
could,could,s,ContingentRelationshipNeutral,0
access,access,s,FacilitateEnableNeutral,0
the,the,s,FacilitateEnableNeutral,1
courts,courts,c,SpecialTopicsMiscellanyNeutral,0
",",",",s,,0
they,they,s,NegValuesOther,0
faced,faced,s,NegValuesOther,1
a,a,s,OtherOrphanedOther,0
racist,racist,s,CharTypesNeg,0
and,and,s,OtherSyntacticComplexityOther,0
exploitative,exploitative,s,SpecialTopicsMiscellanyNeutral,0
system,system,s,SpecialTopicsMiscellanyNeutral,1
that,that,s,OtherOrphanedOther,0
offered,offered,s,NarrActsNeutral,0
little,little,s,FutureOtherNeg,0
hope,hope,s,FutureOtherNeg,1
for,for,s,OtherOrphanedOther,0
justice,justice,c,PosValuesJustice,0
.,.,n,,0
Yes,yes,c,InterDialogueNeutral,0
",",",",s,InterDialogueNeutral,1
there,there,s,NarrOtherNeutral,0
were,were,s,NarrOtherNeutral,1
inter-racial,inter-racial,s,,0
relationships,relationships,s,SpecialTopicsMiscellanyNeutral,0
on,on,s,OtherSyntacticComplexityOther,0
the,the,s,OtherSyntacticComplexityOther,1
plantations,plantations,c,DescriptVisualNeutral,0
",",",",s,,0
particularly,particularly,s,ExpoSpecificationNeutral,0
between,between,s,OtherOrphanedOther,0
Indian,indian,s,PubLawNeutral,0
indentured,indentured,s,PubLawNeutral,1
laborers,laborers,s,CharTypesNeutral,0
and,and,s,OtherSyntacticComplexityOther,0
Chinese,chinese,s,CharTypesNeutral,0
laborers,laborers,c,CharTypesNeutral,0
",",",",s,,0
as,as,s,OtherSyntacticComplexityOther,0
well,well,s,OtherSyntacticComplexityOther,1
as,as,s,OtherSyntacticComplexityOther,2
between,between,s,OtherOrphanedOther,0
Indian,indian,s,CharTypesNeutral,0
laborers,laborers,s,CharTypesNeutral,0
and,and,s,OtherSyntacticComplexityOther,0
European,european,s,SpecialTopicsPlaceNeutral,0
overseers,overseers,s,CharTypesNeutral,0
or,or,s,OtherSyntacticComplexityOther,0
plantation,plantation,s,CharTypesNeutral,0
managers,managers,c,CharTypesNeutral,1
.,.,s,,0
These,these,s,OtherOrphanedOther,0
relationships,relationships,c,SpecialTopicsMiscellanyNeutral,0
",",",",s,MetadiscourseContrastNeutral,0
however,however,c,MetadiscourseContrastNeutral,1
",",",",s,MetadiscourseContrastNeutral,2
were,were,s,NarrOtherNeutral,0
complex,complex,s,SpecialTopicsMiscellanyNeutral,0
and,and,s,OtherSyntacticComplexityOther,0
had,had,s,NarrOtherNeutral,0
significant,significant,s,ForcefulSignificantNeutral,0
social,social,s,,0
and,and,s,OtherSyntacticComplexityOther,0
cultural,cultural,s,ReasoningImplyNeutral,0
implications,implications,c,ReasoningImplyNeutral,1
",",",",s,,0
both,both,s,OtherSyntacticComplexityOther,0
on,on,s,OtherSyntacticComplexityOther,0
the,the,s,OtherSyntacticComplexityOther,1
plantations,plantations,s,DescriptVisualNeutral,0
and,and,s,OtherSyntacticComplexityOther,0
in,in,s,OtherSyntacticComplexityOther,1
the,the,s,OtherOrphanedOther,0
broader,broader,s,ExpoComparisonNeutral,0
colonial,colonial,s,SpecialTopicsMiscellanyNeutral,0
society,society,c,PubAdministrationNeutral,0
.,.,n,,0
Types,types,s,SpecialTopicsMiscellanyNeutral,0
of,of,s,SpecialTopicsMiscellanyNeutral,1
Inter-Racial,inter-racial,s,,0
Relationships,relationships,n,SpecialTopicsMiscellanyNeutral,0
Indian,indian,s,CharTypesNeutral,0
and,and,s,OtherSyntacticComplexityOther,0
Chinese,chinese,s,CharTypesNeutral,0
Laborers,laborers,n,CharTypesNeutral,0
Indian,indian,s,CharTypesNeutral,0
and,and,s,OtherSyntacticComplexityOther,0
Chinese,chinese,s,CharTypesNeutral,0
workers,workers,s,CharTypesNeutral,0
often,often,s,NarrDurationNeutral,0
worked,worked,s,StratCoordinationPos,0
side,side,s,StratCoordinationPos,1
by,by,s,StratCoordinationPos,2
side,side,s,StratCoordinationPos,3
on,on,s,OtherSyntacticComplexityOther,0
the,the,s,OtherSyntacticComplexityOther,1
plantations,plantations,c,DescriptVisualNeutral,0
",",",",s,,0
and,and,s,OtherSyntacticComplexityOther,0
there,there,s,OtherSyntacticComplexityOther,1
were,were,s,NarrDurationNeutral,0
occasional,occasional,s,NarrDurationNeutral,1
instances,instances,s,ExpoExampleNeutral,0
of,of,s,ExpoExampleNeutral,1
inter-marriage,inter-marriage,s,SpecialTopicsMiscellanyNeutral,0
or,or,s,OtherSyntacticComplexityOther,0
romantic,romantic,s,PosRelIntimate,0
relationships,relationships,c,PosRelIntimate,1
.,.,s,MetadiscourseContrastNeutral,0
However,however,c,MetadiscourseContrastNeutral,1
",",",",s,,0
these,these,s,OtherOrphanedOther,0
relationships,relationships,s,SpecialTopicsMiscellanyNeutral,0
were,were,s,NarrOtherNeutral,0
generally,generally,s,NarrOtherNeutral,1
not,not,s,NegRelWithhold,0
encouraged,encouraged,s,NegRelWithhold,1
by,by,s,OtherOrphanedOther,0
the,the,s,OtherOrphanedOther,0
plantation,plantation,s,DescriptVisualNeutral,0
owners,owners,s,CharTypesNeutral,0
or,or,s,OtherSyntacticComplexityOther,0
colonial,colonial,s,SpecialTopicsMiscellanyNeutral,0
authorities,authorities,c,PubAdministrationNeutral,0
.,.,n,,0
Cultural,cultural,s,SpecialTopicsMiscellanyNeutral,0
differences,differences,s,SpecialTopicsMiscellanyNeutral,1
—,—,s,,0
such,such,s,ExpoExampleNeutral,0
as,as,s,ExpoExampleNeutral,1
religious,religious,s,CharTraitsNeutral,0
practices,practices,c,OtherOrphanedGenericActivity,0
",",",",s,,0
language,language,c,SpecialTopicsMiscellanyNeutral,0
",",",",s,,0
and,and,s,OtherSyntacticComplexityOther,0
customs,customs,s,PubAdministrationNeutral,0
—,—,s,,0
often,often,s,NarrDurationNeutral,0
made,made,s,NegValuesOther,0
it,it,s,NegValuesOther,1
difficult,difficult,s,NegValuesOther,2
for,for,s,OtherOrphanedOther,0
Indian,indian,s,CharTypesNeutral,0
and,and,s,OtherSyntacticComplexityOther,0
Chinese,chinese,s,CharTypesNeutral,0
laborers,laborers,s,CharTypesNeutral,0
to,to,s,StratCognitionNeutral,0
form,form,s,StratCognitionNeutral,1
close,close,s,PosRelGreatPartnership,0
bonds,bonds,c,PosRelGreatPartnership,1
.,.,s,MetadiscourseContrastNeutral,0
However,however,c,MetadiscourseContrastNeutral,1
",",",",s,,0
over,over,s,NarrOtherNeutral,0
time,time,c,NarrOtherNeutral,1
",",",",s,,0
particularly,particularly,s,ExpoSpecificationNeutral,0
in,in,s,ExpoSpecificationNeutral,1
places,places,s,DescriptVisualNeutral,0
like,like,s,DescriptVisualNeutral,1
Suriname,suriname,c,SpecialTopicsPlaceNeutral,0
",",",",s,,0
mixed,mixed,s,SpecialTopicsMiscellanyNeutral,0
communities,communities,s,SpecialTopicsMiscellanyNeutral,1
did,did,s,ForcefulIntenseNeutral,0
develop,develop,s,DescriptChangeNeutral,0
where,where,s,OtherOrphanedOther,0
Indian,indian,s,CharTypesNeutral,0
and,and,s,OtherSyntacticComplexityOther,0
Chinese,chinese,s,CharTypesNeutral,0
people,people,s,CharTypesNeutral,1
intermarried,intermarried,c,NarrBiographyNeutral,0
",",",",s,,0
creating,creating,s,DescriptChangeNeutral,0
hybrid,hybrid,s,SpecialTopicsMiscellanyNeutral,0
cultural,cultural,s,SpecialTopicsMiscellanyNeutral,0
identities,identities,c,SpecialTopicsMiscellanyNeutral,1
.,.,n,,0
Chinese,chinese,s,CharTypesNeutral,0
laborers,laborers,s,CharTypesNeutral,0
were,were,s,NarrDurationNeutral,0
often,often,s,NarrDurationNeutral,1
seen,seen,s,PubAdministrationNeutral,0
as,as,s,PubAdministrationNeutral,1
a,a,s,ExpoComparisonNeutral,0
more,more,s,ExpoComparisonNeutral,1
privileged,privileged,s,PosValuesOther,0
group,group,s,SpecialTopicsMiscellanyNeutral,0
compared,compared,s,ExpoComparisonNeutral,0
to,to,s,ExpoComparisonNeutral,1
Indian,indian,s,CharTypesNeutral,0
laborers,laborers,c,CharTypesNeutral,0
",",",",s,,0
as,as,s,NarrDurationNeutral,0
they,they,s,NarrDurationNeutral,1
were,were,s,NarrDurationNeutral,2
sometimes,sometimes,s,ContingentRelationshipNeutral,0
given,given,s,OtherOrphanedOther,0
more,more,s,ExpoComparisonNeutral,0
autonomy,autonomy,s,PosValuesEthics,0
or,or,s,MetadiscourseOtherNeutral,0
even,even,s,MetadiscourseOtherNeutral,1
elevated,elevated,s,DescriptChangePos,0
to,to,s,DescriptChangePos,1
supervisory,supervisory,s,ResponsibilitySuperviseNeutral,0
roles,roles,s,SpecialTopicsMiscellanyNeutral,0
over,over,s,OtherOrphanedOther,0
Indian,indian,s,CharTypesNeutral,0
workers,workers,c,CharTypesNeutral,0
.,.,s,,0
This,this,s,OtherOrphanedOther,0
sometimes,sometimes,s,ContingentRelationshipNeutral,0
led,led,s,ReasoningOtherNeutral,0
to,to,s,ReasoningOtherNeutral,1
tensions,tensions,c,NegEmotionsNervousTense,0
",",",",s,MetadiscourseContrastNeutral,0
but,but,s,MetadiscourseContrastNeutral,1
in,in,s,ExpoExampleNeutral,0
some,some,s,ExpoExampleNeutral,1
cases,cases,c,ExpoExampleNeutral,2
",",",",s,,0
the,the,s,OtherOrphanedOther,0
two,two,s,ExpoClassificationNeutral,0
groups,groups,s,ExpoClassificationNeutral,1
found,found,s,PubDiplomacyNeutral,0
common,common,s,PubDiplomacyNeutral,1
ground,ground,s,PubDiplomacyNeutral,2
and,and,s,OtherSyntacticComplexityOther,0
formed,formed,s,StratActsNeutral,0
alliances,alliances,c,StratActsNeutral,1
",",",",s,,0
particularly,particularly,s,ExpoSpecificationNeutral,0
in,in,s,ExpoSpecificationNeutral,1
the,the,s,DescriptObjectsNeutral,0
face,face,s,DescriptObjectsNeutral,1
of,of,s,OtherOrphanedOther,0
shared,shared,s,OtherOrphanedOther,0
exploitation,exploitation,s,NegActsAggressive,0
by,by,s,OtherOrphanedOther,0
the,the,s,OtherOrphanedOther,0
plantation,plantation,s,SpecialTopicsMiscellanyNeutral,0
system,system,c,SpecialTopicsMiscellanyNeutral,1
.,.,n,,0
Indian,indian,s,CharTypesNeutral,0
Laborers,laborers,s,CharTypesNeutral,0
and,and,s,OtherSyntacticComplexityOther,0
European,european,s,SpecialTopicsPlaceNeutral,0
Overseers/Managers,overseers/managers,n,,0
Relationships,relationships,s,ExpoComparisonNeutral,0
between,between,s,ExpoComparisonNeutral,1
Indian,indian,s,CharTypesNeutral,0
laborers,laborers,s,CharTypesNeutral,0
and,and,s,OtherSyntacticComplexityOther,0
European,european,s,SpecialTopicsPlaceNeutral,0
overseers,overseers,s,CharTypesNeutral,0
or,or,s,OtherSyntacticComplexityOther,0
plantation,plantation,s,DescriptVisualNeutral,0
owners,owners,s,CharTypesNeutral,0
were,were,s,NarrOtherNeutral,0
more,more,s,InquiryLearningNeg,0
complicated,complicated,c,InquiryLearningNeg,1
",",",",s,,0
particularly,particularly,s,ExpoSpecificationNeutral,0
because,because,s,ReasoningPremiseNeutral,0
of,of,s,ReasoningPremiseNeutral,1
the,the,s,ReasoningPremiseNeutral,2
power,power,s,SpecialTopicsMiscellanyNeutral,0
dynamics,dynamics,s,ForcefulEnergizedNeutral,0
involved,involved,c,NarrActsNeutral,0
.,.,s,,0
European,european,s,SpecialTopicsPlaceNeutral,0
overseers,overseers,s,CharTypesNeutral,0
were,were,s,NarrOtherNeutral,0
in,in,s,OtherOrphanedOther,0
positions,positions,s,SpecialTopicsMiscellanyNeutral,0
of,of,s,OtherOrphanedOther,0
authority,authority,s,PubAdministrationNeutral,0
over,over,s,PubAdministrationNeutral,1
the,the,s,OtherOrphanedOther,0
laborers,laborers,c,CharTypesNeutral,0
",",",",s,,0
and,and,s,OtherSyntacticComplexityOther,0
sexual,sexual,s,PosRelIntimate,0
relationships,relationships,s,PosRelIntimate,1
were,were,s,NarrDurationNeutral,0
often,often,s,NarrDurationNeutral,1
seen,seen,s,PubAdministrationNeutral,0
as,as,s,PubAdministrationNeutral,1
a,a,s,DescriptObjectsNeutral,0
form,form,s,DescriptObjectsNeutral,1
of,of,s,OtherOrphanedOther,0
abuse,abuse,s,NegActsAggressive,0
or,or,s,OtherSyntacticComplexityOther,0
exploitation,exploitation,c,NegActsAggressive,0
.,.,n,,0
In,in,s,ExpoExampleNeutral,0
some,some,s,ExpoExampleNeutral,1
cases,cases,c,ExpoExampleNeutral,2
",",",",s,,0
Indian,indian,s,CharTypesNeutral,0
women,women,s,CharTypesNeutral,1
were,were,s,NegActsVictimized,0
forced,forced,s,NegActsVictimized,1
into,into,s,NegActsVictimized,2
relationships,relationships,s,SpecialTopicsMiscellanyNeutral,0
with,with,s,OtherOrphanedOther,0
European,european,s,SpecialTopicsPlaceNeutral,0
overseers,overseers,c,CharTypesNeutral,0
",",",",s,,0
and,and,s,OtherSyntacticComplexityOther,0
some,some,s,ExpoOtherNeutral,0
laborers,laborers,s,CharTypesNeutral,0
even,even,s,OtherOrphanedOther,0
had,had,s,NarrOtherNeutral,0
children,children,s,CharTypesNeutral,0
as,as,s,ReasoningOtherNeutral,0
a,a,s,ReasoningOtherNeutral,1
result,result,s,ReasoningOtherNeutral,2
of,of,s,ReasoningOtherNeutral,3
such,such,s,OtherOrphanedOther,0
relationships,relationships,c,SpecialTopicsMiscellanyNeutral,0
.,.,s,,0
These,these,s,OtherOrphanedOther,0
unions,unions,s,StratCoordinationNeutral,0
were,were,s,NarrOtherNeutral,0
not,not,s,NegActsResist,0
always,always,s,NegActsResist,1
voluntary,voluntary,c,CharTraitsNeutral,0
",",",",s,,0
and,and,s,OtherSyntacticComplexityOther,0
women,women,s,CharTypesNeutral,0
who,who,s,OtherOrphanedOther,0
resisted,resisted,s,NegActsResist,0
were,were,s,NarrDurationNeutral,0
often,often,s,NarrDurationNeutral,1
punished,punished,s,NegRelPunish,0
or,or,s,OtherSyntacticComplexityOther,0
ostracized,ostracized,c,NegActsCriticize,0
.,.,n,,0
These,these,s,OtherOrphanedOther,0
relationships,relationships,s,SpecialTopicsMiscellanyNeutral,0
were,were,s,NarrDurationNeutral,0
typically,typically,s,NarrDurationNeutral,1
looked,looked,s,DescriptVisualNeutral,0
down,down,s,DescriptVisualNeutral,1
upon,upon,s,DescriptVisualNeutral,2
by,by,s,OtherOrphanedOther,0
both,both,s,MetadiscourseOtherNeutral,0
the,the,s,MetadiscourseOtherNeutral,1
Indian,indian,s,CharTypesNeutral,0
and,and,s,OtherSyntacticComplexityOther,0
European,european,s,SpecialTopicsMiscellanyNeutral,0
communities,communities,c,SpecialTopicsMiscellanyNeutral,1
.,.,s,,0
Indian,indian,s,SpecialTopicsMiscellanyNeutral,0
communities,communities,c,SpecialTopicsMiscellanyNeutral,1
",",",",s,,0
particularly,particularly,s,ExpoSpecificationNeutral,0
those,those,s,ExpoSpecificationNeutral,1
who,who,s,OtherOrphanedOther,0
followed,followed,s,NarrSequenceNeutral,0
Hinduism,hinduism,s,SpecialTopicsMiscellanyNeutral,0
or,or,s,OtherSyntacticComplexityOther,0
Islam,islam,c,SpecialTopicsMiscellanyNeutral,0
",",",",s,ReasoningOtherNeutral,0
considered,considered,s,ReasoningOtherNeutral,1
these,these,s,OtherOrphanedOther,0
unions,unions,s,StratCoordinationNeutral,0
as,as,s,OtherOrphanedOther,0
morally,morally,s,NegValuesWrong,0
wrong,wrong,c,NegValuesWrong,1
",",",",s,,0
especially,especially,s,ReasoningEvidenceNeutral,0
given,given,s,ReasoningEvidenceNeutral,1
the,the,s,OtherOrphanedOther,0
caste,caste,s,SpecialTopicsMiscellanyNeutral,0
system’s,system’s,s,SpecialTopicsMiscellanyNeutral,0
strict,strict,s,PubAdministrationNeutral,0
norms,norms,s,PubAdministrationNeutral,0
regarding,regarding,s,CharMentalStatesNeutral,0
marriage,marriage,s,SpecialTopicsMiscellanyNeutral,0
and,and,s,OtherSyntacticComplexityOther,0
relationships,relationships,c,SpecialTopicsMiscellanyNeutral,0
.,.,n,,0
The,the,s,OtherOrphanedOther,0
European,european,s,SpecialTopicsPlaceNeutral,0
overseers,overseers,c,CharTypesNeutral,0
",",",",s,,0
on,on,s,MetadiscourseOtherNeutral,0
the,the,s,MetadiscourseOtherNeutral,1
other,other,s,MetadiscourseOtherNeutral,2
hand,hand,c,MetadiscourseOtherNeutral,3
",",",",s,,0
often,often,s,NarrDurationNeutral,0
saw,saw,s,CharMentalStatesNeutral,0
themselves,themselves,s,CharMentalStatesNeutral,1
as,as,s,OtherOrphanedOther,0
socially,socially,s,PubAdministrationNeutral,0
superior,superior,s,StratCompetitionNeutral,0
and,and,s,OtherSyntacticComplexityOther,0
may,may,s,ConfidenceHedgedNeutral,0
have,have,s,ConfidenceHedgedNeutral,1
viewed,viewed,s,ConfidenceHedgedNeutral,2
their,their,s,CharNamesNeutral,0
relationships,relationships,s,SpecialTopicsMiscellanyNeutral,0
with,with,s,OtherOrphanedOther,0
Indian,indian,s,CharTypesNeutral,0
women,women,s,CharTypesNeutral,1
as,as,s,OtherOrphanedOther,0
a,a,s,OtherOrphanedOther,1
reflection,reflection,s,CharMentalStatesNeutral,0
of,of,s,CharMentalStatesNeutral,1
their,their,s,CharNamesNeutral,0
dominance,dominance,c,StratCompetitionNeutral,0
.,.,s,,0
Children,children,s,CharTypesNeutral,0
born,born,s,ReasoningOtherNeutral,0
from,from,s,ReasoningOtherNeutral,1
these,these,s,OtherOrphanedOther,0
unions,unions,s,StratCoordinationNeutral,0
were,were,s,NarrDurationNeutral,0
often,often,s,NarrDurationNeutral,1
seen,seen,s,PubAdministrationNeutral,0
as,as,s,PubAdministrationNeutral,1
illegitimate,illegitimate,c,NegValuesOther,0
",",",",s,,0
and,and,s,OtherSyntacticComplexityOther,0
their,their,s,CharNamesNeutral,0
social,social,s,SpecialTopicsMiscellanyNeutral,0
status,status,s,SpecialTopicsMiscellanyNeutral,1
was,was,s,NarrOtherNeutral,0
ambiguous,ambiguous,c,InquiryLearningNeg,0
.,.,n,,0
Indian,indian,s,CharTypesNeutral,0
Laborers,laborers,s,CharTypesNeutral,0
and,and,s,OtherSyntacticComplexityOther,0
Indigenous,indigenous,s,SpecialTopicsMiscellanyNeutral,0
or,or,s,OtherSyntacticComplexityOther,0
African,african,s,SpecialTopicsMiscellanyNeutral,0
Communities,communities,n,SpecialTopicsMiscellanyNeutral,1
Though,though,s,MetadiscourseContrastNeutral,0
not,not,s,NegActsResist,0
as,as,s,NegActsResist,1
common,common,s,DescriptVisualNeutral,0
as,as,s,DescriptVisualNeutral,1
relationships,relationships,s,ExpoComparisonNeutral,0
between,between,s,ExpoComparisonNeutral,1
Indian,indian,s,CharTypesNeutral,0
laborers,laborers,s,CharTypesNeutral,0
and,and,s,OtherSyntacticComplexityOther,0
Chinese,chinese,s,CharTypesNeutral,0
or,or,s,OtherSyntacticComplexityOther,0
European,european,s,SpecialTopicsPlaceNeutral,0
individuals,individuals,c,CharTypesNeutral,0
",",",",s,,0
there,there,s,NarrOtherNeutral,0
were,were,s,NarrOtherNeutral,1
instances,instances,s,ExpoExampleNeutral,0
where,where,s,OtherOrphanedOther,0
Indian,indian,s,PubLawNeutral,0
indentured,indentured,s,PubLawNeutral,1
laborers,laborers,s,CharTypesNeutral,0
formed,formed,s,StratActsNeutral,0
relationships,relationships,s,StratActsNeutral,1
with,with,s,StratActsNeutral,2
African-descended,african-descended,s,,0
workers,workers,s,CharTypesNeutral,0
(,(,c,OtherOrphanedOther,0
enslaved,enslaved,s,NegActsAggressive,0
or,or,s,OtherSyntacticComplexityOther,0
freed,freed,c,FacilitateUnobstructNeutral,0
),),s,OtherOrphanedOther,0
or,or,s,OtherSyntacticComplexityOther,0
indigenous,indigenous,s,CharTypesNeutral,0
peoples,peoples,s,CharTypesNeutral,1
on,on,s,OtherSyntacticComplexityOther,0
the,the,s,OtherSyntacticComplexityOther,1
plantations,plantations,c,DescriptVisualNeutral,0
.,.,n,,0
These,these,s,OtherOrphanedOther,0
relationships,relationships,s,SpecialTopicsMiscellanyNeutral,0
were,were,s,NarrDurationNeutral,0
often,often,s,NarrDurationNeutral,1
more,more,s,ExpoComparisonNeutral,0
acceptable,acceptable,s,PosValuesOther,0
within,within,s,OtherOrphanedOther,0
the,the,s,OtherOrphanedOther,0
African,african,s,CharTypesNeutral,0
or,or,s,OtherSyntacticComplexityOther,0
indigenous,indigenous,s,SpecialTopicsMiscellanyNeutral,0
communities,communities,c,SpecialTopicsMiscellanyNeutral,1
",",",",s,MetadiscourseContrastNeutral,0
though,though,s,MetadiscourseContrastNeutral,1
the,the,s,OtherOrphanedOther,0
social,social,s,,0
and,and,s,OtherSyntacticComplexityOther,0
racial,racial,s,SpecialTopicsMiscellanyNeutral,0
hierarchy,hierarchy,s,SpecialTopicsMiscellanyNeutral,1
of,of,s,NarrOtherNeutral,0
the,the,s,NarrOtherNeutral,1
time,time,s,NarrOtherNeutral,2
still,still,s,OtherOrphanedOther,0
created,created,s,DescriptChangeNeutral,0
boundaries,boundaries,c,SpecialTopicsMiscellanyNeutral,0
.,.,s,,0
Over,over,s,NarrOtherNeutral,0
time,time,c,NarrOtherNeutral,1
",",",",s,,0
some,some,s,ExpoOtherNeutral,0
Indian-Afro-Surinamese,indian-afro-surinamese,s,,0
and,and,s,OtherSyntacticComplexityOther,0
Indian-Indigenous,indian-indigenous,s,,0
communities,communities,s,SpecialTopicsMiscellanyNeutral,0
were,were,s,NarrOtherNeutral,0
formed,formed,c,OtherOrphanedOther,0
",",",",s,,0
particularly,particularly,s,ExpoSpecificationNeutral,0
in,in,s,ExpoSpecificationNeutral,1
places,places,s,DescriptVisualNeutral,0
like,like,s,DescriptVisualNeutral,1
Suriname,suriname,s,SpecialTopicsPlaceNeutral,0
and,and,s,OtherSyntacticComplexityOther,0
Trinidad,trinidad,c,SpecialTopicsPlaceNeutral,0
",",",",s,,0
where,where,s,OtherOrphanedOther,0
such,such,s,OtherOrphanedOther,0
mixed,mixed,s,SpecialTopicsMiscellanyNeutral,0
communities,communities,s,SpecialTopicsMiscellanyNeutral,1
eventually,eventually,s,NarrSequenceNeutral,0
became,became,s,NarrSequenceNeutral,1
part,part,s,SpecialTopicsMiscellanyNeutral,0
of,of,s,SpecialTopicsMiscellanyNeutral,1
the,the,s,SpecialTopicsMiscellanyNeutral,2
cultural,cultural,s,PubAdministrationNeutral,0
fabric,fabric,c,PubAdministrationNeutral,1
.,.,n,,0
Reception,reception,s,DescriptObjectsNeutral,0
of,of,s,OtherOrphanedOther,0
Inter-Racial,inter-racial,s,,0
Relationships,relationships,n,SpecialTopicsMiscellanyNeutral,0
1,1,c,ExpoOtherNeutral,0
.,.,s,ExpoOtherNeutral,1
Within,within,s,OtherOrphanedOther,0
the,the,s,CharTypesNeutral,0
Indian,indian,s,CharTypesNeutral,1
Community,community,n,SpecialTopicsMiscellanyNeutral,0
Indian,indian,s,CharTypesNeutral,0
laborers,laborers,s,CharTypesNeutral,0
who,who,s,OtherOrphanedOther,0
formed,formed,s,PosRelOther,0
relationships,relationships,s,PosRelOther,1
outside,outside,s,DescriptVisualNeutral,0
of,of,s,DescriptVisualNeutral,1
their,their,s,CharNamesNeutral,0
community,community,c,SpecialTopicsMiscellanyNeutral,0
",",",",s,,0
particularly,particularly,s,ExpoSpecificationNeutral,0
with,with,s,OtherOrphanedOther,0
European,european,s,SpecialTopicsPlaceNeutral,0
overseers,overseers,s,CharTypesNeutral,0
or,or,s,OtherSyntacticComplexityOther,0
Chinese,chinese,s,CharTypesNeutral,0
laborers,laborers,c,CharTypesNeutral,0
",",",",s,,0
often,often,s,NarrDurationNeutral,0
faced,faced,s,DescriptVisualNeutral,0
social,social,s,NegActsCriticize,0
ostracism,ostracism,c,NegActsCriticize,1
.,.,s,,0
The,the,s,OtherOrphanedOther,0
caste,caste,s,SpecialTopicsMiscellanyNeutral,0
system,system,s,SpecialTopicsMiscellanyNeutral,1
was,was,s,NarrOtherNeutral,0
extremely,extremely,s,ForcefulIntenseNeutral,0
important,important,s,ForcefulIntenseNeutral,1
in,in,s,OtherOrphanedOther,0
Indian,indian,s,CharTypesNeutral,0
society,society,c,PubAdministrationNeutral,0
",",",",s,,0
and,and,s,OtherSyntacticComplexityOther,0
inter-caste,inter-caste,s,,0
relationships,relationships,s,SpecialTopicsMiscellanyNeutral,0
or,or,s,OtherSyntacticComplexityOther,0
marriages,marriages,s,SpecialTopicsMiscellanyNeutral,0
were,were,s,NarrOtherNeutral,0
generally,generally,s,NarrOtherNeutral,1
forbidden,forbidden,c,NegActsResist,0
.,.,s,,0
The,the,s,OtherOrphanedOther,0
colonial,colonial,s,SpecialTopicsMiscellanyNeutral,0
context,context,s,ContingentEventNeutral,0
complicated,complicated,s,InquiryLearningNeg,0
this,this,c,NarrImmediacyNeutral,0
",",",",s,NarrImmediacyNeutral,1
as,as,s,OtherOrphanedOther,0
Indian,indian,s,CharTypesNeutral,0
workers,workers,s,CharTypesNeutral,0
had,had,s,NarrOtherNeutral,0
little,little,s,NegEmotionsHelpless,0
control,control,s,NegEmotionsHelpless,1
over,over,s,NegEmotionsHelpless,2
their,their,s,CharNamesNeutral,0
relationships,relationships,s,SpecialTopicsMiscellanyNeutral,0
and,and,s,OtherSyntacticComplexityOther,0
were,were,s,NarrDurationNeutral,0
often,often,s,NarrDurationNeutral,1
forced,forced,s,NegActsCoercive,0
into,into,s,NegActsCoercive,1
them,them,c,NarrActsNeutral,0
.,.,n,,0
Indian,indian,s,CharTypesNeutral,0
women,women,s,CharTypesNeutral,1
who,who,s,OtherOrphanedOther,0
were,were,s,NarrOtherNeutral,0
involved,involved,s,NarrActsNeutral,0
in,in,s,NarrActsNeutral,1
such,such,s,OtherOrphanedOther,0
relationships,relationships,s,SpecialTopicsMiscellanyNeutral,0
were,were,s,ExpoSpecificationNeutral,0
particularly,particularly,s,ExpoSpecificationNeutral,1
vulnerable,vulnerable,c,NegEmotionsFear,0
",",",",s,,0
as,as,s,ForcefulEmphaticNeutral,0
they,they,s,ForcefulEmphaticNeutral,1
could,could,s,ForcefulEmphaticNeutral,2
be,be,s,ForcefulEmphaticNeutral,3
seen,seen,s,PubAdministrationNeutral,0
as,as,s,PubAdministrationNeutral,1
dishonored,dishonored,s,NegValuesHarshJudgment,0
or,or,s,OtherSyntacticComplexityOther,0
tainted,tainted,c,DescriptChangeNeg,0
",",",",s,,0
especially,especially,s,ForcefulEmphaticNeutral,0
if,if,s,ContingentHypotheticalNeutral,0
they,they,s,ContingentHypotheticalNeutral,1
had,had,s,ContingentHypotheticalNeutral,2
children,children,s,CharTypesNeutral,0
from,from,s,OtherOrphanedOther,0
these,these,s,OtherOrphanedOther,0
unions,unions,c,StratCoordinationNeutral,0
.,.,s,,0
Family,family,s,SpecialTopicsMiscellanyNeutral,0
and,and,s,OtherSyntacticComplexityOther,0
community,community,s,SpecialTopicsMiscellanyNeutral,0
reputation,reputation,s,SpecialTopicsMiscellanyNeutral,1
were,were,s,NarrOtherNeutral,0
highly,highly,s,ForcefulIntenseNeutral,0
valued,valued,c,,0
",",",",s,ReasoningConcludeNeutral,0
so,so,s,ReasoningConcludeNeutral,1
any,any,s,ExpoOtherNeutral,0
transgression,transgression,s,,0
was,was,s,NarrDurationNeutral,0
often,often,s,NarrDurationNeutral,1
met,met,s,DescriptVisualNeutral,0
with,with,s,DescriptVisualNeutral,1
harsh,harsh,s,StratCognitionNeg,0
judgment,judgment,c,StratCognitionNeg,1
.,.,n,,0
In,in,s,ExpoExampleNeutral,0
some,some,s,ExpoExampleNeutral,1
cases,cases,c,ExpoExampleNeutral,2
",",",",s,MetadiscourseContrastNeutral,0
however,however,c,MetadiscourseContrastNeutral,1
",",",",s,MetadiscourseContrastNeutral,2
Indian,indian,s,CharTypesNeutral,0
men,men,s,CharTypesNeutral,1
who,who,s,OtherOrphanedOther,0
formed,formed,s,StratActsNeutral,0
relationships,relationships,s,StratActsNeutral,1
with,with,s,StratActsNeutral,2
Chinese,chinese,s,CharTypesNeutral,0
women,women,s,CharTypesNeutral,1
or,or,s,OtherSyntacticComplexityOther,0
African,african,s,CharTypesNeutral,0
women,women,s,CharTypesNeutral,1
could,could,s,ContingentRelationshipNeutral,0
be,be,s,ContingentRelationshipNeutral,1
more,more,s,PosRelAcceptSomething,0
accepted,accepted,c,PosRelAcceptSomething,1
",",",",s,,0
depending,depending,s,NarrActsNeutral,0
on,on,s,NarrActsNeutral,1
the,the,s,OtherOrphanedOther,0
circumstances,circumstances,s,ContingentEventNeutral,0
and,and,s,OtherSyntacticComplexityOther,0
the,the,s,OtherSyntacticComplexityOther,1
status,status,s,SpecialTopicsMiscellanyNeutral,0
of,of,s,OtherSyntacticComplexityOther,0
the,the,s,OtherSyntacticComplexityOther,1
women,women,s,CharTypesNeutral,0
involved,involved,c,NarrActsNeutral,0
.,.,n,,0
2,2,c,ExpoOtherNeutral,0
.,.,s,ExpoOtherNeutral,1
Within,within,s,OtherOrphanedOther,0
the,the,s,OtherOrphanedOther,0
Chinese,chinese,s,SpecialTopicsMiscellanyNeutral,0
Community,community,n,SpecialTopicsMiscellanyNeutral,1
Chinese,chinese,s,CharTypesNeutral,0
laborers,laborers,s,CharTypesNeutral,0
were,were,s,NarrDurationNeutral,0
often,often,s,NarrDurationNeutral,1
viewed,viewed,s,OtherOrphanedOther,0
as,as,s,OtherOrphanedOther,0
more,more,s,ExpoComparisonNeutral,0
privileged,privileged,s,ExpoComparisonNeutral,1
than,than,s,ExpoComparisonNeutral,2
their,their,s,CharNamesNeutral,0
Indian,indian,s,CharTypesNeutral,0
counterparts,counterparts,c,ExpoComparisonNeutral,0
",",",",s,,0
especially,especially,s,ForcefulEmphaticNeutral,0
because,because,s,ReasoningOtherNeutral,0
they,they,s,OtherOrphanedOther,0
were,were,s,NarrOtherNeutral,0
sometimes,sometimes,s,ContingentRelationshipNeutral,0
placed,placed,s,OtherOrphanedOther,0
in,in,s,OtherOrphanedOther,0
supervisory,supervisory,s,ResponsibilitySuperviseNeutral,0
roles,roles,s,SpecialTopicsMiscellanyNeutral,0
or,or,s,OtherSyntacticComplexityOther,0
seen,seen,s,PubAdministrationNeutral,0
as,as,s,PubAdministrationNeutral,1
skilled,skilled,s,PosValuesAbility,0
laborers,laborers,c,CharTypesNeutral,0
.,.,s,,0
Relationships,relationships,s,ExpoComparisonNeutral,0
between,between,s,ExpoComparisonNeutral,1
Chinese,chinese,s,CharTypesNeutral,0
men,men,s,CharTypesNeutral,1
and,and,s,OtherSyntacticComplexityOther,0
Indian,indian,s,CharTypesNeutral,0
women,women,s,CharTypesNeutral,1
were,were,s,NarrOtherNeutral,0
sometimes,sometimes,s,ContingentRelationshipNeutral,0
tolerated,tolerated,c,PosRelNegativeContext,0
",",",",s,MetadiscourseContrastNeutral,0
but,but,s,MetadiscourseContrastNeutral,1
not,not,s,NegActsResist,0
always,always,s,NegActsResist,1
welcomed,welcomed,s,PosEmotionsOther,0
by,by,s,OtherOrphanedOther,0
Chinese,chinese,s,SpecialTopicsMiscellanyNeutral,0
families,families,c,SpecialTopicsMiscellanyNeutral,1
.,.,n,,0
Chinese,chinese,s,SpecialTopicsMiscellanyNeutral,0
communities,communities,s,SpecialTopicsMiscellanyNeutral,1
in,in,s,OtherOrphanedOther,0
Suriname,suriname,c,SpecialTopicsPlaceNeutral,0
",",",",s,ExpoExampleNeutral,0
for,for,s,ExpoExampleNeutral,1
example,example,c,ExpoExampleNeutral,2
",",",",s,ExpoExampleNeutral,3
were,were,s,DescriptVisualNeutral,0
small,small,s,DescriptVisualNeutral,1
compared,compared,s,ExpoComparisonNeutral,0
to,to,s,ExpoComparisonNeutral,1
Indian,indian,s,SpecialTopicsMiscellanyNeutral,0
communities,communities,c,SpecialTopicsMiscellanyNeutral,1
",",",",s,,0
and,and,s,OtherSyntacticComplexityOther,0
marriage,marriage,s,SpecialTopicsMiscellanyNeutral,0
outside,outside,s,DescriptVisualNeutral,0
the,the,s,DescriptVisualNeutral,1
group,group,s,SpecialTopicsMiscellanyNeutral,0
was,was,s,NegEmotionsDiscouraged,0
discouraged,discouraged,s,NegEmotionsDiscouraged,1
but,but,s,MetadiscourseContrastNeutral,0
not,not,s,NegActsResist,0
entirely,entirely,s,NegActsResist,1
prohibited,prohibited,c,NegActsResist,0
.,.,s,,0
Chinese,chinese,s,CharTypesNeutral,0
men,men,s,CharTypesNeutral,1
who,who,s,OtherOrphanedOther,0
married,married,s,NarrBiographyNeutral,0
Indian,indian,s,CharTypesNeutral,0
women,women,c,CharTypesNeutral,1
",",",",s,,0
or,or,s,OtherSyntacticComplexityOther,0
vice,vice,s,SpecialTopicsMiscellanyNeutral,0
versa,versa,c,SpecialTopicsMiscellanyNeutral,0
",",",",s,,0
might,might,s,ConfidenceHedgedNeutral,0
have,have,s,ConfidenceHedgedNeutral,1
been,been,s,ConfidenceHedgedNeutral,2
looked,looked,s,DescriptVisualNeutral,0
down,down,s,DescriptVisualNeutral,1
upon,upon,c,DescriptVisualNeutral,2
",",",",s,,0
as,as,s,OtherOrphanedOther,0
these,these,s,OtherOrphanedOther,0
unions,unions,s,StratCoordinationNeutral,0
were,were,s,PubAdministrationNeutral,0
seen,seen,s,PubAdministrationNeutral,1
as,as,s,PubAdministrationNeutral,2
a,a,s,NegEmotionsFear,0
threat,threat,s,NegEmotionsFear,1
to,to,s,OtherOrphanedOther,0
cultural,cultural,s,SpecialTopicsMiscellanyNeutral,0
identity,identity,c,SpecialTopicsMiscellanyNeutral,1
.,.,n,,0
3,3,c,ExpoOtherNeutral,0
.,.,s,ExpoOtherNeutral,1
Within,within,s,OtherOrphanedOther,0
the,the,s,OtherOrphanedOther,0
European,european,s,SpecialTopicsMiscellanyNeutral,0
Community,community,n,SpecialTopicsMiscellanyNeutral,1
European,european,s,SpecialTopicsPlaceNeutral,0
overseers,overseers,s,CharTypesNeutral,0
and,and,s,OtherSyntacticComplexityOther,0
plantation,plantation,s,CharTypesNeutral,0
managers,managers,s,CharTypesNeutral,1
who,who,s,OtherOrphanedOther,0
engaged,engaged,s,NarrActsNeutral,0
in,in,s,NarrActsNeutral,1
relationships,relationships,s,SpecialTopicsMiscellanyNeutral,0
with,with,s,OtherOrphanedOther,0
Indian,indian,s,CharTypesNeutral,0
laborers,laborers,s,CharTypesNeutral,0
were,were,s,NarrDurationNeutral,0
typically,typically,s,NarrDurationNeutral,1
seen,seen,s,PubAdministrationNeutral,0
as,as,s,PubAdministrationNeutral,1
exploitative,exploitative,c,NegRelOther,0
",",",",s,,0
and,and,s,OtherSyntacticComplexityOther,0
their,their,s,CharNamesNeutral,0
actions,actions,s,NarrActsNeutral,0
could,could,s,ContingentRelationshipNeutral,0
be,be,s,ContingentRelationshipNeutral,1
condoned,condoned,s,CharSubjectivityNeg,0
as,as,s,MetadiscourseOtherNeutral,0
long,long,s,MetadiscourseOtherNeutral,1
as,as,s,MetadiscourseOtherNeutral,2
it,it,s,MetadiscourseOtherNeutral,3
benefited,benefited,s,PosValuesOther,0
the,the,s,PosValuesOther,1
plantation,plantation,s,SpecialTopicsMiscellanyNeutral,0
economy,economy,c,SpecialTopicsMiscellanyNeutral,1
.,.,s,MetadiscourseContrastNeutral,0
However,however,c,MetadiscourseContrastNeutral,1
",",",",s,,0
such,such,s,OtherOrphanedOther,0
relationships,relationships,s,SpecialTopicsMiscellanyNeutral,0
were,were,s,NarrOtherNeutral,0
not,not,s,NegActsResist,0
usually,usually,s,NarrDurationNeutral,0
publicly,publicly,s,ReasoningOtherNeutral,0
acknowledged,acknowledged,c,ReasoningOtherNeutral,1
",",",",s,,0
especially,especially,s,ForcefulEmphaticNeutral,0
if,if,s,ContingentRelationshipNeutral,0
children,children,s,CharTypesNeutral,0
were,were,s,NarrOtherNeutral,0
involved,involved,c,NarrActsNeutral,0
.,.,s,,0
The,the,s,OtherOrphanedOther,0
colonial,colonial,s,SpecialTopicsMiscellanyNeutral,0
powers,powers,s,SpecialTopicsMiscellanyNeutral,1
were,were,s,NarrOtherNeutral,0
less,less,s,ConfidenceLowNeg,0
likely,likely,s,ConfidenceLowNeg,1
to,to,s,PubAdministrationPos,0
recognize,recognize,s,PubAdministrationPos,1
these,these,s,OtherOrphanedOther,0
unions,unions,s,StratCoordinationNeutral,0
in,in,s,OtherOrphanedOther,0
any,any,s,ExpoOtherNeutral,0
legal,legal,s,PubLawNeutral,0
sense,sense,c,CharMentalStatesNeutral,0
",",",",s,,0
and,and,s,OtherSyntacticComplexityOther,0
mixed-race,mixed-race,s,CharTypesNeutral,0
children,children,s,CharTypesNeutral,0
from,from,s,OtherOrphanedOther,0
these,these,s,OtherOrphanedOther,0
relationships,relationships,s,SpecialTopicsMiscellanyNeutral,0
were,were,s,NarrDurationNeutral,0
often,often,s,NarrDurationNeutral,1
treated,treated,s,OtherOrphanedOther,0
as,as,s,OtherOrphanedOther,1
social,social,s,NegValuesOther,0
outcasts,outcasts,c,NegValuesOther,1
.,.,n,,0
Relationships,relationships,s,ExpoComparisonNeutral,0
between,between,s,ExpoComparisonNeutral,1
Indian,indian,s,CharTypesNeutral,0
women,women,s,CharTypesNeutral,1
and,and,s,OtherSyntacticComplexityOther,0
European,european,s,CharTypesNeutral,0
men,men,s,CharTypesNeutral,1
were,were,s,UpdatesOtherNeutral,0
seen,seen,s,UpdatesOtherNeutral,1
with,with,s,OtherOrphanedOther,0
disdain,disdain,s,NegActsCriticize,0
by,by,s,OtherOrphanedOther,0
both,both,s,OtherSyntacticComplexityOther,0
European,european,s,SpecialTopicsPlaceNeutral,0
colonists,colonists,s,CharTypesNeutral,0
and,and,s,OtherSyntacticComplexityOther,0
Indian,indian,s,CharTypesNeutral,0
workers,workers,c,CharTypesNeutral,0
.,.,s,,0
These,these,s,OtherOrphanedOther,0
relationships,relationships,s,SpecialTopicsMiscellanyNeutral,0
were,were,s,CharSubjectivityNeutral,0
viewed,viewed,s,CharSubjectivityNeutral,1
as,as,s,OtherOrphanedOther,0
unacceptable,unacceptable,c,NegValuesOther,0
",",",",s,,0
both,both,s,OtherSyntacticComplexityOther,0
morally,morally,s,,0
and,and,s,OtherSyntacticComplexityOther,0
socially,socially,c,PubAdministrationNeutral,0
.,.,n,,0
4,4,c,ExpoOtherNeutral,0
.,.,s,ExpoOtherNeutral,1
Colonial,colonial,s,SpecialTopicsMiscellanyNeutral,0
and,and,s,OtherSyntacticComplexityOther,0
Plantation,plantation,s,DescriptVisualNeutral,0
Authorities,authorities,n,PubAdministrationNeutral,0
Colonial,colonial,s,SpecialTopicsMiscellanyNeutral,0
authorities,authorities,s,PubAdministrationNeutral,0
did,did,s,NegActsResist,0
not,not,s,NegActsResist,1
generally,generally,s,ConfidenceHedgedNeutral,0
intervene,intervene,s,NegActsAggressive,0
in,in,s,NegActsAggressive,1
personal,personal,s,CharSubjectivityNeutral,0
relationships,relationships,s,CharSubjectivityNeutral,1
unless,unless,s,ContingentRelationshipNeutral,0
they,they,s,NegValuesOther,0
interfered,interfered,s,NegValuesOther,1
with,with,s,OtherSyntacticComplexityOther,0
the,the,s,OtherSyntacticComplexityOther,1
order,order,s,SpecialTopicsMiscellanyNeutral,0
of,of,s,SpecialTopicsMiscellanyNeutral,1
the,the,s,OtherOrphanedOther,0
plantation,plantation,c,DescriptVisualNeutral,0
.,.,s,MetadiscourseContrastNeutral,0
However,however,c,MetadiscourseContrastNeutral,1
",",",",s,,0
the,the,s,OtherOrphanedOther,0
idea,idea,s,SpecialTopicsMiscellanyNeutral,0
of,of,s,OtherOrphanedOther,0
racial,racial,s,SpecialTopicsMiscellanyNeutral,0
purity,purity,s,PosValuesSafeguard,0
and,and,s,OtherSyntacticComplexityOther,0
the,the,s,OtherSyntacticComplexityOther,1
maintenance,maintenance,s,NarrDurationNeutral,0
of,of,s,NarrDurationNeutral,1
social,social,s,SpecialTopicsMiscellanyNeutral,0
hierarchy,hierarchy,s,SpecialTopicsMiscellanyNeutral,1
meant,meant,s,ReasoningInferNeutral,0
that,that,s,ReasoningInferNeutral,1
such,such,s,OtherOrphanedOther,0
relationships,relationships,s,SpecialTopicsMiscellanyNeutral,0
were,were,s,NegActsCriticize,0
frowned,frowned,s,NegActsCriticize,1
upon,upon,c,OtherOrphanedOther,0
.,.,n,,0
If,if,s,ContingentRelationshipNeutral,0
a,a,s,ContingentRelationshipNeutral,1
relationship,relationship,s,SpecialTopicsMiscellanyNeutral,0
was,was,s,CharMentalStatesNeutral,0
perceived,perceived,s,CharMentalStatesNeutral,1
as,as,s,OtherOrphanedOther,0
undermining,undermining,s,,0
the,the,s,OtherOrphanedOther,0
colonial,colonial,s,SpecialTopicsMiscellanyNeutral,0
order,order,c,OtherOrphanedOther,0
",",",",s,,0
it,it,s,ConfidenceHedgedNeutral,0
might,might,s,ConfidenceHedgedNeutral,1
be,be,s,NegActsAggressive,0
suppressed,suppressed,c,NegActsAggressive,1
.,.,s,,0
For,for,s,ExpoExampleNeutral,0
instance,instance,c,ExpoExampleNeutral,1
",",",",s,ExpoExampleNeutral,2
Indian,indian,s,CharTypesNeutral,0
women,women,s,CharTypesNeutral,1
who,who,s,OtherOrphanedOther,0
entered,entered,s,NarrActsNeutral,0
into,into,s,NarrActsNeutral,1
relationships,relationships,s,SpecialTopicsMiscellanyNeutral,0
with,with,s,OtherOrphanedOther,0
European,european,s,SpecialTopicsPlaceNeutral,0
overseers,overseers,s,CharTypesNeutral,0
might,might,s,ConfidenceHedgedNeutral,0
face,face,s,ConfidenceHedgedNeutral,1
punishment,punishment,s,NegEmotionsOther,0
or,or,s,OtherSyntacticComplexityOther,0
ostracism,ostracism,c,NegActsCriticize,0
",",",",s,,0
while,while,s,NarrDurationNeutral,0
Chinese,chinese,s,CharTypesNeutral,0
laborers,laborers,s,CharTypesNeutral,0
who,who,s,NarrOtherNeutral,0
had,had,s,NarrOtherNeutral,1
relationships,relationships,s,SpecialTopicsMiscellanyNeutral,0
with,with,s,OtherOrphanedOther,0
Indian,indian,s,CharTypesNeutral,0
women,women,s,CharTypesNeutral,1
could,could,s,ContingentRelationshipNeutral,0
face,face,s,DescriptVisualNeutral,0
community,community,s,FutureOtherNeg,0
backlash,backlash,s,FutureOtherNeg,1
from,from,s,OtherOrphanedOther,0
their,their,s,ForcefulEmphaticNeutral,0
own,own,s,ForcefulEmphaticNeutral,1
ethnic,ethnic,s,SpecialTopicsMiscellanyNeutral,0
group,group,c,SpecialTopicsMiscellanyNeutral,0
.,.,n,InterCommandNeutral,0
Impact,impact,s,InterCommandNeutral,1
of,of,s,OtherOrphanedOther,0
Inter-Racial,inter-racial,s,,0
Relationships,relationships,s,SpecialTopicsMiscellanyNeutral,0
on,on,s,OtherOrphanedOther,0
Plantation,plantation,s,DescriptVisualNeutral,0
Society,society,n,PubAdministrationNeutral,0
Over,over,s,NarrOtherNeutral,0
time,time,c,NarrOtherNeutral,1
",",",",s,,0
mixed-race,mixed-race,s,CharTypesNeutral,0
communities,communities,s,SpecialTopicsMiscellanyNeutral,0
emerged,emerged,s,ContingentEventNeutral,0
in,in,s,OtherOrphanedOther,0
regions,regions,s,SpecialTopicsPlaceNeutral,0
like,like,s,OtherOrphanedOther,0
Suriname,suriname,c,SpecialTopicsPlaceNeutral,0
",",",",s,,0
Trinidad,trinidad,c,SpecialTopicsPlaceNeutral,0
",",",",s,,0
and,and,s,OtherSyntacticComplexityOther,0
Mauritius,mauritius,c,SpecialTopicsPlaceNeutral,0
.,.,s,,0
These,these,s,OtherOrphanedOther,0
communities,communities,s,SpecialTopicsMiscellanyNeutral,0
often,often,s,NarrDurationNeutral,0
developed,developed,s,DescriptChangeNeutral,0
hybrid,hybrid,s,SpecialTopicsMiscellanyNeutral,0
cultural,cultural,s,SpecialTopicsMiscellanyNeutral,0
identities,identities,c,SpecialTopicsMiscellanyNeutral,1
",",",",s,,0
blending,blending,s,SpecialTopicsMiscellanyNeutral,0
Indian,indian,c,CharTypesNeutral,0
",",",",s,,0
Chinese,chinese,c,CharTypesNeutral,0
",",",",s,,0
African,african,c,CharTypesNeutral,0
",",",",s,,0
and,and,s,OtherSyntacticComplexityOther,0
European,european,s,NarrOtherNeutral,0
traditions,traditions,c,NarrOtherNeutral,1
.,.,s,,0
This,this,s,OtherOrphanedOther,0
racial,racial,s,SpecialTopicsMiscellanyNeutral,0
mixing,mixing,s,DescriptMotionNeutral,0
contributed,contributed,s,DescriptChangePos,0
to,to,s,DescriptChangePos,1
the,the,s,OtherOrphanedOther,0
diverse,diverse,s,,0
and,and,s,OtherSyntacticComplexityOther,0
multicultural,multicultural,s,SpecialTopicsMiscellanyNeutral,0
societies,societies,s,PubAdministrationNeutral,0
in,in,s,OtherOrphanedOther,0
the,the,s,OtherOrphanedOther,0
Caribbean,caribbean,s,SpecialTopicsPlaceNeutral,0
and,and,s,OtherSyntacticComplexityOther,0
South,south,s,SpecialTopicsPlaceNeutral,0
America,america,s,SpecialTopicsPlaceNeutral,1
today,today,c,NarrImmediacyNeutral,0
.,.,n,,0
Children,children,s,CharTypesNeutral,0
from,from,s,OtherOrphanedOther,0
mixed,mixed,s,SpecialTopicsMiscellanyNeutral,0
unions,unions,s,StratCoordinationNeutral,0
often,often,s,NarrDurationNeutral,0
had,had,s,NegActsResist,0
to,to,s,NegActsResist,1
navigate,navigate,s,DescriptMotionNeutral,0
complex,complex,s,SpecialTopicsMiscellanyNeutral,0
racial,racial,s,SpecialTopicsMiscellanyNeutral,0
identities,identities,c,,0
",",",",s,,0
especially,especially,s,ForcefulEmphaticNeutral,0
as,as,s,NarrDurationNeutral,0
they,they,s,NarrDurationNeutral,1
were,were,s,NarrDurationNeutral,2
sometimes,sometimes,s,ContingentRelationshipNeutral,0
considered,considered,s,CharTraitsNeutral,0
illegitimate,illegitimate,s,NegValuesOther,0
or,or,s,OtherSyntacticComplexityOther,0
socially,socially,s,PubAdministrationNeutral,0
inferior,inferior,s,NegValuesInferior,0
in,in,s,OtherOrphanedOther,0
colonial,colonial,s,SpecialTopicsMiscellanyNeutral,0
society,society,c,PubAdministrationNeutral,0
.,.,s,MetadiscourseContrastNeutral,0
However,however,c,MetadiscourseContrastNeutral,1
",",",",s,,0
these,these,s,OtherOrphanedOther,0
children,children,s,CharTypesNeutral,0
sometimes,sometimes,s,ContingentRelationshipNeutral,0
bridged,bridged,s,PosValuesOther,0
the,the,s,PosValuesOther,1
gap,gap,s,PosValuesOther,2
between,between,s,PosValuesOther,3
communities,communities,c,SpecialTopicsMiscellanyNeutral,0
",",",",s,,0
serving,serving,s,OtherOrphanedOther,0
as,as,s,OtherOrphanedOther,1
cultural,cultural,s,SpecialTopicsMiscellanyNeutral,0
intermediaries,intermediaries,c,PubDiplomacyNeutral,0
.,.,n,,0
The,the,s,OtherOrphanedOther,0
colonial,colonial,s,SpecialTopicsMiscellanyNeutral,0
power,power,s,SpecialTopicsMiscellanyNeutral,1
structure,structure,s,SpecialTopicsMiscellanyNeutral,0
remained,remained,s,NarrDurationNeutral,0
deeply,deeply,s,NegRelDivided,0
divided,divided,s,NegRelDivided,1
along,along,s,OtherOrphanedOther,0
racial,racial,s,SpecialTopicsMiscellanyNeutral,0
lines,lines,c,OtherOrphanedOther,0
",",",",s,,0
and,and,s,OtherSyntacticComplexityOther,0
while,while,s,DescriptVisualNeutral,0
there,there,s,DescriptVisualNeutral,1
were,were,s,NarrOtherNeutral,0
some,some,s,ExpoOtherNeutral,0
instances,instances,s,ExpoExampleNeutral,0
of,of,s,ExpoExampleNeutral,1
solidarity,solidarity,s,PosRelSolidarity,0
between,between,s,ExpoComparisonNeutral,0
different,different,s,ExpoComparisonNeutral,1
groups,groups,s,SpecialTopicsMiscellanyNeutral,0
of,of,s,SpecialTopicsMiscellanyNeutral,1
laborers,laborers,c,CharTypesNeutral,0
",",",",s,,0
the,the,s,OtherOrphanedOther,0
colonial,colonial,s,SpecialTopicsMiscellanyNeutral,0
system,system,s,SpecialTopicsMiscellanyNeutral,1
was,was,s,ExpoOtherNeutral,0
designed,designed,s,ExpoOtherNeutral,1
to,to,s,NarrDurationNeutral,0
keep,keep,s,NarrDurationNeutral,1
groups,groups,s,SpecialTopicsMiscellanyNeutral,0
divided,divided,s,FacilitateSponsorNeutral,0
and,and,s,OtherSyntacticComplexityOther,0
to,to,s,OtherOrphanedOther,0
prevent,prevent,s,StratCoordinationNeutral,0
the,the,s,StratCoordinationNeutral,1
emergence,emergence,s,DescriptChangeNeutral,0
of,of,s,DescriptChangeNeutral,1
any,any,s,ExpoOtherNeutral,0
unified,unified,s,PosRelOther,0
resistance,resistance,c,NegActsResist,0
.,.,n,,0
Conclusion,conclusion,n,ReasoningConcludeNeutral,0
Inter-racial,inter-racial,s,,0
relationships,relationships,s,SpecialTopicsMiscellanyNeutral,0
on,on,s,OtherSyntacticComplexityOther,0
the,the,s,OtherSyntacticComplexityOther,1
plantations,plantations,s,DescriptVisualNeutral,0
were,were,s,NarrOtherNeutral,0
fraught,fraught,s,UncertaintyUnknownNeutral,0
with,with,s,UncertaintyUnknownNeutral,1
social,social,c,,0
",",",",s,,0
cultural,cultural,c,SpecialTopicsMiscellanyNeutral,0
",",",",s,,0
and,and,s,OtherSyntacticComplexityOther,0
political,political,s,SpecialTopicsMiscellanyNeutral,0
complexities,complexities,c,SpecialTopicsMiscellanyNeutral,1
.,.,s,NarrActsNeutral,0
They,they,s,NarrActsNeutral,1
were,were,s,NarrDurationNeutral,0
often,often,s,NarrDurationNeutral,1
disapproved,disapproved,s,NegActsCriticize,0
of,of,s,NegActsCriticize,1
by,by,s,OtherOrphanedOther,0
both,both,s,MetadiscourseOtherNeutral,0
the,the,s,MetadiscourseOtherNeutral,1
colonial,colonial,s,SpecialTopicsMiscellanyNeutral,0
authorities,authorities,s,PubAdministrationNeutral,0
and,and,s,OtherSyntacticComplexityOther,0
the,the,s,OtherSyntacticComplexityOther,1
communities,communities,s,SpecialTopicsMiscellanyNeutral,0
involved,involved,c,NarrActsNeutral,0
",",",",s,,0
and,and,s,OtherSyntacticComplexityOther,0
were,were,s,NarrDurationNeutral,0
frequently,frequently,s,NarrDurationNeutral,1
exploitive,exploitive,s,NegValuesOther,0
or,or,s,OtherSyntacticComplexityOther,0
forced,forced,s,StratOtherNeutral,0
in,in,s,ExpoExampleNeutral,0
the,the,s,ExpoExampleNeutral,1
case,case,s,ExpoExampleNeutral,2
of,of,s,ExpoExampleNeutral,3
relationships,relationships,s,ExpoComparisonNeutral,0
between,between,s,ExpoComparisonNeutral,1
laborers,laborers,s,CharTypesNeutral,0
and,and,s,OtherSyntacticComplexityOther,0
overseers,overseers,c,CharTypesNeutral,0
.,.,s,,0
Over,over,s,NarrOtherNeutral,0
time,time,c,NarrOtherNeutral,1
",",",",s,MetadiscourseContrastNeutral,0
however,however,c,MetadiscourseContrastNeutral,1
",",",",s,MetadiscourseContrastNeutral,2
these,these,s,OtherOrphanedOther,0
relationships,relationships,s,SpecialTopicsMiscellanyNeutral,0
contributed,contributed,s,DescriptChangePos,0
to,to,s,DescriptChangePos,1
the,the,s,NarrTimeShiftNeutral,0
development,development,s,NarrTimeShiftNeutral,1
of,of,s,NarrTimeShiftNeutral,2
multicultural,multicultural,s,SpecialTopicsMiscellanyNeutral,0
identities,identities,s,,0
in,in,s,OtherOrphanedOther,0
post-colonial,post-colonial,s,SpecialTopicsMiscellanyNeutral,0
societies,societies,c,PubAdministrationNeutral,0
",",",",s,,0
despite,despite,s,MetadiscourseContrastNeutral,0
the,the,s,NegRelOther,0
stigma,stigma,s,NegRelOther,1
and,and,s,OtherSyntacticComplexityOther,0
difficulties,difficulties,s,NegEmotionsDifficult,0
faced,faced,s,DescriptVisualNeutral,0
by,by,s,OtherOrphanedOther,0
those,those,s,OtherOrphanedOther,0
involved,involved,c,NarrActsNeutral,0
.,.,n,,0
Bhojpuri,bhojpuri,c,,0
",",",",s,,0
the,the,s,OtherOrphanedOther,0
language,language,s,SpecialTopicsMiscellanyNeutral,0
spoken,spoken,s,InterOtherNeutral,0
by,by,s,InterOtherNeutral,1
many,many,s,OtherSyntacticComplexityOther,0
of,of,s,OtherSyntacticComplexityOther,1
the,the,s,OtherSyntacticComplexityOther,2
Indian,indian,s,PubLawNeutral,0
indentured,indentured,s,PubLawNeutral,1
laborers,laborers,s,CharTypesNeutral,0
who,who,s,OtherOrphanedOther,0
were,were,s,NarrActsNeutral,0
brought,brought,s,NarrActsNeutral,1
to,to,s,OtherOrphanedOther,0
Suriname,suriname,s,SpecialTopicsPlaceNeutral,0
during,during,s,NarrDurationNeutral,0
the,the,s,NarrDurationNeutral,1
19th,19th,s,,0
and,and,s,OtherSyntacticComplexityOther,0
early,early,s,NarrSequenceNeutral,0
20th,20th,s,,0
centuries,centuries,c,NarrDurationNeutral,0
",",",",s,,0
underwent,underwent,s,ContingentRelationshipNeg,0
significant,significant,s,ForcefulSignificantNeutral,0
transformations,transformations,s,DescriptChangeNeutral,0
and,and,s,OtherSyntacticComplexityOther,0
found,found,s,OtherOrphanedOther,0
new,new,s,NarrImmediacyNeutral,0
cultural,cultural,s,SpecialTopicsMiscellanyNeutral,0
expressions,expressions,s,DescriptVisualNeutral,0
as,as,s,OtherSyntacticComplexityOther,0
it,it,s,OtherSyntacticComplexityOther,1
adapted,adapted,s,PosValuesOther,0
to,to,s,PosValuesOther,1
the,the,s,OtherOrphanedOther,0
colonial,colonial,s,SpecialTopicsMiscellanyNeutral,0
environment,environment,c,SpecialTopicsMiscellanyNeutral,0
.,.,s,,0
This,this,s,OtherOrphanedOther,0
process,process,s,SpecialTopicsMiscellanyNeutral,0
is,is,s,OtherOrphanedOther,0
a,a,s,ExpoExampleNeutral,0
vivid,vivid,s,ExpoExampleNeutral,1
example,example,s,ExpoExampleNeutral,2
of,of,s,ExpoExampleNeutral,3
how,how,s,OtherOrphanedOther,0
languages,languages,s,SpecialTopicsMiscellanyNeutral,0
evolve,evolve,s,DescriptChangePos,0
and,and,s,OtherSyntacticComplexityOther,0
take,take,s,CharTraitsNeutral,0
on,on,s,CharTraitsNeutral,1
new,new,s,NarrImmediacyNeutral,0
meanings,meanings,s,SpecialTopicsMiscellanyNeutral,0
and,and,s,OtherSyntacticComplexityOther,0
uses,uses,s,OtherOrphanedGenericActivity,0
in,in,s,OtherOrphanedGenericActivity,1
response,response,s,InterResponseNeutral,0
to,to,s,OtherOrphanedOther,0
changing,changing,s,DescriptChangeNeutral,0
social,social,c,,0
",",",",s,,0
cultural,cultural,c,SpecialTopicsMiscellanyNeutral,0
",",",",s,,0
and,and,s,OtherSyntacticComplexityOther,0
political,political,s,PubPoliticsNeutral,0
landscapes,landscapes,c,PubPoliticsNeutral,1
.,.,n,MetadiscourseOtherNeutral,0
Here's,here's,s,MetadiscourseOtherNeutral,1
how,how,s,MetadiscourseOtherNeutral,2
Bhojpuri,bhojpuri,s,,0
found,found,s,OtherOrphanedOther,0
new,new,s,NarrImmediacyNeutral,0
cultural,cultural,s,SpecialTopicsMiscellanyNeutral,0
expression,expression,s,DescriptVisualNeutral,0
through,through,s,OtherOrphanedOther,0
indentured,indentured,s,PubLawNeutral,0
labor,labor,s,SpecialTopicsMiscellanyNeutral,0
in,in,s,OtherOrphanedOther,0
Suriname,suriname,c,SpecialTopicsPlaceNeutral,0
:,:,n,,0
1,1,c,ExpoOtherNeutral,0
.,.,s,ExpoOtherNeutral,1
Retention,retention,s,SpecialTopicsMiscellanyNeutral,0
and,and,s,OtherSyntacticComplexityOther,0
Evolution,evolution,s,DescriptChangePos,0
of,of,s,DescriptChangePos,1
Bhojpuri,bhojpuri,s,,0
Among,among,s,OtherOrphanedOther,0
Indentured,indentured,s,PubLawNeutral,0
Laborers,laborers,n,CharTypesNeutral,0
Bhojpuri,bhojpuri,s,,0
was,was,s,NarrSequenceNeutral,0
initially,initially,s,NarrSequenceNeutral,1
brought,brought,s,DescriptChangeNeutral,0
to,to,s,DescriptChangeNeutral,1
Suriname,suriname,s,SpecialTopicsPlaceNeutral,0
by,by,s,OtherOrphanedOther,0
Indian,indian,s,PubLawNeutral,0
indentured,indentured,s,PubLawNeutral,1
laborers,laborers,c,CharTypesNeutral,0
",",",",s,,0
most,most,s,ExpoComparisonNeutral,0
of,of,s,CharTypesNeutral,0
whom,whom,s,CharTypesNeutral,1
came,came,s,NarrSceneShiftNeutral,0
from,from,s,NarrSceneShiftNeutral,1
the,the,s,NarrSceneShiftNeutral,2
Bihar,bihar,s,,0
and,and,s,OtherSyntacticComplexityOther,0
Uttar,uttar,s,,0
Pradesh,pradesh,s,,0
regions,regions,s,DescriptVisualNeutral,0
of,of,s,DescriptVisualNeutral,1
India,india,c,SpecialTopicsPlaceNeutral,0
",",",",s,,0
where,where,s,OtherOrphanedOther,0
Bhojpuri,bhojpuri,s,,0
was,was,s,NarrOtherNeutral,0
widely,widely,s,,0
spoken,spoken,c,InterOtherNeutral,0
.,.,s,OtherSyntacticComplexityOther,0
For,for,s,OtherSyntacticComplexityOther,1
many,many,s,OtherSyntacticComplexityOther,2
of,of,s,OtherOrphanedOther,0
these,these,s,OtherOrphanedOther,0
laborers,laborers,c,CharTypesNeutral,0
",",",",s,,0
the,the,s,OtherOrphanedOther,0
language,language,s,SpecialTopicsMiscellanyNeutral,0
became,became,s,DescriptChangeNeutral,0
a,a,s,DescriptChangeNeutral,1
crucial,crucial,s,ForcefulEmphaticNeutral,0
part,part,s,ForcefulEmphaticNeutral,1
of,of,s,OtherSyntacticComplexityOther,0
their,their,s,OtherSyntacticComplexityOther,1
identity,identity,s,SpecialTopicsMiscellanyNeutral,0
and,and,s,OtherSyntacticComplexityOther,0
culture,culture,c,SpecialTopicsMiscellanyNeutral,0
",",",",s,,0
helping,helping,s,PosActsHelp,0
them,them,s,PosActsHelp,1
to,to,s,OtherOrphanedOther,0
maintain,maintain,s,NarrDurationNeutral,0
a,a,s,NarrDurationNeutral,1
sense,sense,s,SpecialTopicsMiscellanyNeutral,0
of,of,s,SpecialTopicsMiscellanyNeutral,1
continuity,continuity,s,NarrOtherNeutral,0
with,with,s,OtherOrphanedOther,0
their,their,s,CharNamesNeutral,0
homeland,homeland,c,,0
.,.,n,MetadiscourseContrastNeutral,0
However,however,c,MetadiscourseContrastNeutral,1
",",",",s,,0
after,after,s,NarrDurationNeutral,0
years,years,s,NarrDurationNeutral,1
of,of,s,NarrDurationNeutral,2
isolation,isolation,s,NegRelOther,0
from,from,s,OtherOrphanedOther,0
India,india,c,SpecialTopicsPlaceNeutral,0
",",",",s,,0
the,the,s,OtherOrphanedOther,0
language,language,s,SpecialTopicsMiscellanyNeutral,0
began,began,s,NarrSequenceNeutral,0
to,to,s,NarrSequenceNeutral,1
evolve,evolve,c,DescriptChangePos,0
.,.,s,InterCommandNeutral,0
Contact,contact,s,InterCommandNeutral,1
with,with,s,OtherOrphanedOther,0
other,other,s,,0
ethnic,ethnic,s,SpecialTopicsMiscellanyNeutral,0
groups,groups,s,SpecialTopicsMiscellanyNeutral,0
—,—,s,,0
especially,especially,s,ForcefulEmphaticNeutral,0
African,african,c,CharTypesNeutral,0
",",",",s,,0
Dutch,dutch,c,CharTypesNeutral,0
",",",",s,,0
and,and,s,OtherSyntacticComplexityOther,0
Javanese,javanese,s,SpecialTopicsPlaceNeutral,0
communities,communities,s,SpecialTopicsMiscellanyNeutral,0
—,—,s,,0
caused,caused,s,ReasoningOtherNeutral,0
Bhojpuri,bhojpuri,s,,0
to,to,s,OtherOrphanedOther,0
blend,blend,s,SpecialTopicsMiscellanyNeutral,0
with,with,s,OtherOrphanedOther,0
other,other,s,,0
languages,languages,c,SpecialTopicsMiscellanyNeutral,0
",",",",s,,0
resulting,resulting,s,ReasoningOtherNeutral,0
in,in,s,ReasoningOtherNeutral,1
the,the,s,ReasoningOtherNeutral,2
development,development,s,SpecialTopicsMiscellanyNeutral,0
of,of,s,SpecialTopicsMiscellanyNeutral,1
a,a,s,ExpoOtherNeutral,0
unique,unique,s,ExpoOtherNeutral,1
Surinamese,surinamese,s,CharTypesNeutral,0
Bhojpuri,bhojpuri,s,,0
dialect,dialect,c,SpecialTopicsMiscellanyNeutral,0
.,.,s,,0
Over,over,s,NarrOtherNeutral,0
time,time,c,NarrOtherNeutral,1
",",",",s,,0
this,this,s,OtherOrphanedOther,0
dialect,dialect,s,SpecialTopicsMiscellanyNeutral,0
incorporated,incorporated,s,OtherOrphanedOther,0
influences,influences,s,CharTraitsNeutral,0
from,from,s,CharTraitsNeutral,1
the,the,s,CharTraitsNeutral,2
local,local,s,SpecialTopicsPlaceNeutral,0
creole,creole,s,SpecialTopicsMiscellanyNeutral,0
languages,languages,c,SpecialTopicsMiscellanyNeutral,1
",",",",s,,0
as,as,s,OtherSyntacticComplexityOther,0
well,well,s,OtherSyntacticComplexityOther,1
as,as,s,OtherSyntacticComplexityOther,2
words,words,s,UpdatesNoticeNeutral,0
from,from,s,UpdatesNoticeNeutral,1
Dutch,dutch,c,CharTypesNeutral,0
",",",",s,,0
African,african,s,CharTypesNeutral,0
languages,languages,c,SpecialTopicsMiscellanyNeutral,0
",",",",s,,0
and,and,s,ForcefulEmphaticNeutral,0
even,even,s,ForcefulEmphaticNeutral,1
Javanese,javanese,c,SpecialTopicsPlaceNeutral,0
",",",",s,,0
reflecting,reflecting,s,OtherOrphanedOther,0
the,the,s,OtherOrphanedOther,1
multicultural,multicultural,s,SpecialTopicsMiscellanyNeutral,0
environment,environment,s,SpecialTopicsMiscellanyNeutral,0
of,of,s,OtherSyntacticComplexityOther,0
the,the,s,OtherSyntacticComplexityOther,1
plantation,plantation,c,DescriptVisualNeutral,0
.,.,n,,0
2,2,c,ExpoOtherNeutral,0
.,.,s,ExpoOtherNeutral,1
Cultural,cultural,s,SpecialTopicsMiscellanyNeutral,0
Expression,expression,s,DescriptVisualNeutral,0
Through,through,s,OtherOrphanedOther,0
Music,music,s,DescriptSoundNeutral,0
and,and,s,OtherSyntacticComplexityOther,0
Dance,dance,n,DescriptMotionNeutral,0
One,one,s,ForcefulEmphaticNeutral,0
of,of,s,ForcefulEmphaticNeutral,1
the,the,s,ForcefulEmphaticNeutral,2
most,most,s,ForcefulEmphaticNeutral,3
significant,significant,s,ForcefulSignificantNeutral,0
ways,ways,s,DescriptObjectsNeutral,0
that,that,s,OtherOrphanedOther,0
Bhojpuri,bhojpuri,s,,0
found,found,s,OtherOrphanedOther,0
new,new,s,NarrImmediacyNeutral,0
expression,expression,s,DescriptVisualNeutral,0
was,was,s,NarrOtherNeutral,0
through,through,s,OtherOrphanedOther,0
song,song,s,DescriptMotionNeutral,0
and,and,s,DescriptMotionNeutral,1
dance,dance,c,DescriptMotionNeutral,2
.,.,s,,0
Bhojpuri-speaking,bhojpuri-speaking,s,,0
laborers,laborers,s,CharTypesNeutral,0
brought,brought,s,NarrActsNeutral,0
with,with,s,OtherOrphanedOther,0
them,them,s,NarrActsNeutral,0
a,a,s,OtherOrphanedOther,0
rich,rich,s,NarrOtherNeutral,0
tradition,tradition,s,NarrOtherNeutral,1
of,of,s,OtherOrphanedOther,0
oral,oral,s,DescriptVisualNeutral,0
storytelling,storytelling,c,OtherOrphanedGenericActivity,0
",",",",s,,0
folk,folk,s,DescriptSoundNeutral,0
songs,songs,c,DescriptSoundNeutral,1
",",",",s,,0
and,and,s,OtherSyntacticComplexityOther,0
ritual,ritual,s,DescriptSoundNeutral,0
chants,chants,c,DescriptSoundNeutral,1
.,.,s,,0
In,in,s,OtherOrphanedOther,0
Suriname,suriname,c,SpecialTopicsPlaceNeutral,0
",",",",s,,0
these,these,s,OtherOrphanedOther,0
traditional,traditional,s,DescriptSoundNeutral,0
songs,songs,s,DescriptSoundNeutral,1
were,were,s,NarrOtherNeutral,0
adapted,adapted,s,NarrOtherNeutral,1
to,to,s,OtherOrphanedOther,0
new,new,s,ContingentEventNeutral,0
circumstances,circumstances,c,ContingentEventNeutral,1
",",",",s,,0
blending,blending,s,SpecialTopicsMiscellanyNeutral,0
with,with,s,OtherOrphanedOther,0
local,local,s,SpecialTopicsPlaceNeutral,0
cultural,cultural,s,SpecialTopicsMiscellanyNeutral,0
practices,practices,s,OtherOrphanedGenericActivity,0
and,and,s,OtherSyntacticComplexityOther,0
rhythms,rhythms,c,DescriptSoundNeutral,0
.,.,n,,0
Bhojpuri,bhojpuri,s,,0
songs,songs,s,DescriptSoundNeutral,0
in,in,s,OtherOrphanedOther,0
Suriname,suriname,s,SpecialTopicsPlaceNeutral,0
began,began,s,NarrSequenceNeutral,0
to,to,s,NarrSequenceNeutral,1
reflect,reflect,s,OtherOrphanedOther,0
the,the,s,OtherOrphanedOther,1
experiences,experiences,s,NarrActsNeutral,0
of,of,s,OtherSyntacticComplexityOther,0
the,the,s,OtherSyntacticComplexityOther,1
laborers,laborers,s,CharTypesNeutral,0
in,in,s,OtherOrphanedOther,0
the,the,s,OtherOrphanedOther,0
colonial,colonial,s,SpecialTopicsMiscellanyNeutral,0
environment,environment,c,SpecialTopicsMiscellanyNeutral,0
",",",",s,,0
expressing,expressing,s,InterOtherNeutral,0
themes,themes,s,SpecialTopicsMiscellanyNeutral,0
such,such,s,ExpoExampleNeutral,0
as,as,s,ExpoExampleNeutral,1
hardship,hardship,c,NegActsResist,0
",",",",s,,0
nostalgia,nostalgia,s,CharMentalStatesPos,0
for,for,s,OtherOrphanedOther,0
India,india,c,SpecialTopicsPlaceNeutral,0
",",",",s,,0
love,love,c,PosRelLove,0
",",",",s,,0
and,and,s,OtherSyntacticComplexityOther,0
struggle,struggle,s,CharTraitsNeg,0
for,for,s,CharTraitsNeg,1
freedom,freedom,c,PosValuesFreedom,0
.,.,s,,0
Chutney,chutney,s,DescriptObjectsNeutral,0
music,music,c,DescriptSoundNeutral,0
",",",",s,OtherOrphanedOther,0
which,which,s,OtherOrphanedOther,1
emerged,emerged,s,DescriptChangeNeutral,0
from,from,s,DescriptChangeNeutral,1
these,these,s,OtherOrphanedOther,0
Bhojpuri,bhojpuri,s,,0
traditions,traditions,c,NarrOtherNeutral,0
",",",",s,CharTraitsNeutral,0
is,is,s,CharTraitsNeutral,1
a,a,s,CharTraitsNeutral,2
fusion,fusion,s,SpecialTopicsMiscellanyNeutral,0
of,of,s,OtherOrphanedOther,0
Indian,indian,s,CharTypesNeutral,0
and,and,s,OtherSyntacticComplexityOther,0
Caribbean,caribbean,s,SpecialTopicsPlaceNeutral,0
musical,musical,s,DescriptSoundNeutral,0
styles,styles,c,DescriptSoundNeutral,1
",",",",s,,0
featuring,featuring,s,ForcefulEmphaticNeutral,0
Bhojpuri,bhojpuri,s,DescriptSoundNeutral,0
lyrics,lyrics,s,DescriptSoundNeutral,1
paired,paired,s,OtherOrphanedOther,0
with,with,s,OtherSyntacticComplexityOther,0
the,the,s,OtherSyntacticComplexityOther,1
rhythms,rhythms,s,DescriptSoundNeutral,0
of,of,s,OtherOrphanedOther,0
Calypso,calypso,s,DescriptSoundNeutral,0
and,and,s,OtherSyntacticComplexityOther,0
Soca,soca,s,,0
music,music,c,DescriptSoundNeutral,0
.,.,s,,0
This,this,s,NarrImmediacyNeutral,0
music,music,s,NarrImmediacyNeutral,1
became,became,s,DescriptChangeNeutral,0
a,a,s,DescriptChangeNeutral,1
vital,vital,s,ForcefulEmphaticNeutral,0
means,means,s,ForcefulEmphaticNeutral,1
of,of,s,OtherOrphanedOther,0
cultural,cultural,s,SpecialTopicsMiscellanyNeutral,0
expression,expression,s,DescriptVisualNeutral,0
for,for,s,OtherOrphanedOther,0
the,the,s,CharTypesNeutral,0
Indian,indian,s,CharTypesNeutral,1
diaspora,diaspora,c,SpecialTopicsMiscellanyNeutral,0
",",",",s,,0
combining,combining,s,NarrActsNeutral,0
the,the,s,NarrActsNeutral,1
laborers,laborers,c,CharTypesNeutral,0
’,',s,,0
Indian,indian,s,CharTypesNeutral,0
roots,roots,s,CharTypesNeutral,1
with,with,s,OtherSyntacticComplexityOther,0
the,the,s,OtherSyntacticComplexityOther,1
Caribbean,caribbean,s,SpecialTopicsPlaceNeutral,0
context,context,s,ContingentEventNeutral,0
they,they,s,CitationAuthoritativePos,0
found,found,s,CitationAuthoritativePos,1
themselves,themselves,s,CharNamesNeutral,0
in,in,c,SpecialTopicsMiscellanyNeutral,0
.,.,n,SpecialTopicsMiscellanyNeutral,1
3,3,c,ExpoOtherNeutral,0
.,.,s,ExpoOtherNeutral,1
Religious,religious,s,CharTraitsNeutral,0
and,and,s,OtherSyntacticComplexityOther,0
Ritual,ritual,s,ExpoOtherNeutral,0
Practices,practices,n,ExpoOtherNeutral,1
The,the,s,OtherOrphanedOther,0
indentured,indentured,s,PubLawNeutral,0
laborers,laborers,s,CharTypesNeutral,0
also,also,s,MetadiscourseAdditionNeutral,0
carried,carried,s,NarrOtherNeutral,0
their,their,s,NarrOtherNeutral,1
religious,religious,s,CharTraitsNeutral,0
practices,practices,s,OtherOrphanedGenericActivity,0
with,with,s,OtherOrphanedGenericActivity,1
them,them,c,NarrActsNeutral,0
",",",",s,,0
primarily,primarily,s,ForcefulEmphaticNeutral,0
Hinduism,hinduism,s,SpecialTopicsMiscellanyNeutral,0
and,and,s,OtherSyntacticComplexityOther,0
Islam,islam,c,SpecialTopicsMiscellanyNeutral,0
.,.,s,,0
The,the,s,OtherOrphanedOther,0
use,use,s,SpecialTopicsMiscellanyNeutral,0
of,of,s,SpecialTopicsMiscellanyNeutral,1
Bhojpuri,bhojpuri,s,,0
in,in,s,OtherOrphanedOther,0
religious,religious,s,NarrDurationNeutral,0
rituals,rituals,s,NarrDurationNeutral,1
allowed,allowed,s,FacilitateExpediteNeutral,0
for,for,s,FacilitateExpediteNeutral,1
the,the,s,OtherOrphanedOther,0
adaptation,adaptation,s,DescriptChangeNeutral,0
of,of,s,OtherOrphanedOther,0
traditional,traditional,s,NarrOtherNeutral,0
Indian,indian,s,CharTypesNeutral,0
prayers,prayers,s,SpecialTopicsMiscellanyNeutral,0
and,and,s,OtherSyntacticComplexityOther,0
Hindu,hindu,s,SpecialTopicsMiscellanyNeutral,0
hymns,hymns,s,DescriptSoundNeutral,0
into,into,s,DescriptChangeNeutral,0
the,the,s,DescriptChangeNeutral,1
local,local,s,SpecialTopicsPlaceNeutral,0
context,context,c,ContingentEventNeutral,0
",",",",s,,0
creating,creating,s,DescriptChangeNeutral,0
a,a,s,DescriptChangeNeutral,1
fusion,fusion,s,SpecialTopicsMiscellanyNeutral,0
of,of,s,OtherOrphanedOther,0
cultural,cultural,s,SpecialTopicsMiscellanyNeutral,0
practices,practices,c,OtherOrphanedGenericActivity,0
.,.,n,,0
Over,over,s,NarrOtherNeutral,0
time,time,c,NarrOtherNeutral,1
",",",",s,,0
Bhojpuri,bhojpuri,s,,0
became,became,s,DescriptChangeNeutral,0
the,the,s,DescriptChangeNeutral,1
language,language,s,SpecialTopicsMiscellanyNeutral,0
of,of,s,OtherOrphanedOther,0
Hindu,hindu,s,SpecialTopicsMiscellanyNeutral,0
festivals,festivals,s,PosEmotionsFestive,0
and,and,s,OtherSyntacticComplexityOther,0
ceremonies,ceremonies,s,PubAdministrationNeutral,0
in,in,s,OtherOrphanedOther,0
Suriname,suriname,c,SpecialTopicsPlaceNeutral,0
",",",",s,MetadiscourseContrastNeutral,0
even,even,s,MetadiscourseContrastNeutral,1
though,though,s,MetadiscourseContrastNeutral,2
Dutch,dutch,s,CharTypesNeutral,0
and,and,s,OtherSyntacticComplexityOther,0
Javanese,javanese,s,SpecialTopicsPlaceNeutral,0
were,were,s,NarrOtherNeutral,0
also,also,s,MetadiscourseAdditionNeutral,0
present,present,s,DescriptVisualNeutral,0
in,in,s,DescriptVisualNeutral,1
the,the,s,DescriptVisualNeutral,2
community,community,c,SpecialTopicsMiscellanyNeutral,0
.,.,s,,0
Rituals,rituals,s,PubAdministrationNeutral,0
like,like,s,OtherOrphanedOther,0
Diwali,diwali,c,,0
",",",",s,,0
Holi,holi,c,,0
",",",",s,,0
and,and,s,OtherSyntacticComplexityOther,0
Shivaratri,shivaratri,s,,0
continued,continued,s,UpdatesOtherNeutral,0
to,to,s,UpdatesOtherNeutral,1
be,be,s,UpdatesOtherNeutral,2
celebrated,celebrated,c,PosEmotionsCelebrate,0
",",",",s,,0
and,and,s,OtherSyntacticComplexityOther,0
the,the,s,OtherSyntacticComplexityOther,1
Bhojpuri,bhojpuri,s,,0
language,language,s,SpecialTopicsMiscellanyNeutral,0
found,found,s,UpdatesOtherNeutral,0
a,a,s,UpdatesOtherNeutral,1
new,new,s,UpdatesOtherNeutral,2
expression,expression,s,DescriptVisualNeutral,0
in,in,s,OtherOrphanedOther,0
religious,religious,s,DescriptSoundNeutral,0
chants,chants,c,DescriptSoundNeutral,1
",",",",s,,0
storytelling,storytelling,c,OtherOrphanedGenericActivity,0
",",",",s,,0
and,and,s,OtherSyntacticComplexityOther,0
songs,songs,s,DescriptSoundNeutral,0
that,that,s,OtherOrphanedOther,0
resonated,resonated,s,DescriptSoundNeutral,0
deeply,deeply,s,ForcefulEmphaticNeutral,0
with,with,s,OtherSyntacticComplexityOther,0
the,the,s,OtherSyntacticComplexityOther,1
indentured,indentured,s,PubLawNeutral,0
laborers,laborers,s,CharTypesNeutral,0
',',s,,0
sense,sense,s,SpecialTopicsMiscellanyNeutral,0
of,of,s,SpecialTopicsMiscellanyNeutral,1
identity,identity,c,SpecialTopicsMiscellanyNeutral,2
.,.,n,,0
4,4,c,ExpoOtherNeutral,0
.,.,s,ExpoOtherNeutral,1
The,the,s,NarrTimeShiftNeutral,0
Emergence,emergence,s,NarrTimeShiftNeutral,1
of,of,s,NarrTimeShiftNeutral,2
New,new,s,NarrImmediacyNeutral,0
Bhojpuri,bhojpuri,s,,0
Literature,literature,n,SpecialTopicsMiscellanyNeutral,0
The,the,s,OtherOrphanedOther,0
laborers,laborers,s,CharTypesNeutral,0
',',s,,0
experiences,experiences,s,NarrActsNeutral,0
also,also,s,MetadiscourseAdditionNeutral,0
gave,gave,s,NarrOtherNeutral,0
rise,rise,s,NarrOtherNeutral,1
to,to,s,NarrOtherNeutral,2
new,new,s,NarrImmediacyNeutral,0
forms,forms,s,SpecialTopicsMiscellanyNeutral,0
of,of,s,SpecialTopicsMiscellanyNeutral,1
literature,literature,s,SpecialTopicsMiscellanyNeutral,0
in,in,s,OtherOrphanedOther,0
Bhojpuri,bhojpuri,c,,0
",",",",s,,0
including,including,s,NarrActsNeutral,0
oral,oral,s,SpecialTopicsMiscellanyNeutral,0
literature,literature,s,SpecialTopicsMiscellanyNeutral,1
that,that,s,OtherOrphanedOther,0
expressed,expressed,s,InterConversationNeg,0
their,their,s,InterConversationNeg,1
hardships,hardships,s,InterConversationNeg,2
and,and,s,OtherSyntacticComplexityOther,0
dreams,dreams,c,CharMentalStatesNeutral,0
.,.,s,,0
The,the,s,OtherOrphanedOther,0
language,language,s,SpecialTopicsMiscellanyNeutral,0
evolved,evolved,s,DescriptChangePos,0
to,to,s,OtherOrphanedOther,0
accommodate,accommodate,s,FacilitateAccommodatePos,0
the,the,s,FacilitateAccommodatePos,1
new,new,s,NarrImmediacyNeutral,0
cultural,cultural,s,SpecialTopicsMiscellanyNeutral,0
realities,realities,s,SpecialTopicsMiscellanyNeutral,0
of,of,s,OtherSyntacticComplexityOther,0
the,the,s,OtherSyntacticComplexityOther,1
plantation,plantation,s,DescriptVisualNeutral,0
workers,workers,s,CharTypesNeutral,0
in,in,s,OtherOrphanedOther,0
Suriname,suriname,c,SpecialTopicsPlaceNeutral,0
.,.,n,,0
In,in,s,OtherOrphanedOther,0
the,the,s,OtherOrphanedOther,0
post-indenture,post-indenture,s,,0
period,period,c,SpecialTopicsMiscellanyNeutral,0
",",",",s,,0
poets,poets,s,CharTypesNeutral,0
and,and,s,OtherSyntacticComplexityOther,0
storytellers,storytellers,s,CharTypesNeutral,0
from,from,s,OtherOrphanedOther,0
the,the,s,OtherOrphanedOther,0
Indo-Surinamese,indo-surinamese,s,,0
community,community,s,SpecialTopicsMiscellanyNeutral,0
began,began,s,NarrSequenceNeutral,0
to,to,s,NarrSequenceNeutral,1
craft,craft,s,OtherOrphanedOther,0
written,written,s,InterOtherNeutral,0
works,works,s,OtherOrphanedOther,0
that,that,s,OtherOrphanedOther,0
addressed,addressed,s,InterOtherNeutral,0
themes,themes,s,SpecialTopicsMiscellanyNeutral,0
of,of,s,OtherOrphanedOther,0
migration,migration,c,NarrSceneShiftNeutral,0
",",",",s,,0
identity,identity,c,SpecialTopicsMiscellanyNeutral,0
",",",",s,,0
and,and,s,OtherSyntacticComplexityOther,0
the,the,s,OtherSyntacticComplexityOther,1
complex,complex,s,SpecialTopicsMiscellanyNeutral,0
hybridity,hybridity,s,SpecialTopicsMiscellanyNeutral,0
of,of,s,OtherSyntacticComplexityOther,0
their,their,s,OtherSyntacticComplexityOther,1
existence,existence,c,,0
.,.,s,,0
These,these,s,OtherOrphanedOther,0
new,new,s,NarrImmediacyNeutral,0
forms,forms,s,SpecialTopicsMiscellanyNeutral,0
of,of,s,SpecialTopicsMiscellanyNeutral,1
expression,expression,s,DescriptVisualNeutral,0
were,were,s,NarrDurationNeutral,0
often,often,s,NarrDurationNeutral,1
bilingual,bilingual,c,SpecialTopicsMiscellanyNeutral,0
",",",",s,,0
blending,blending,s,SpecialTopicsMiscellanyNeutral,0
Bhojpuri,bhojpuri,s,,0
with,with,s,OtherOrphanedOther,0
Dutch,dutch,s,CharTypesNeutral,0
or,or,s,OtherSyntacticComplexityOther,0
local,local,s,SpecialTopicsPlaceNeutral,0
creoles,creoles,c,SpecialTopicsMiscellanyNeutral,0
.,.,s,,0
The,the,s,OtherOrphanedOther,0
literary,literary,s,SpecialTopicsMiscellanyNeutral,0
expressions,expressions,s,DescriptVisualNeutral,0
reflected,reflected,s,NarrOtherNeutral,0
the,the,s,NarrOtherNeutral,1
diasporic,diasporic,s,SpecialTopicsMiscellanyNeutral,0
experience,experience,s,NarrActsNeutral,0
and,and,s,PosRelOther,0
helped,helped,s,PosRelOther,1
to,to,s,StratCognitionNeutral,0
preserve,preserve,s,StratCognitionNeutral,1
the,the,s,OtherOrphanedOther,0
language,language,s,SpecialTopicsMiscellanyNeutral,0
for,for,s,FutureOtherNeutral,0
future,future,s,FutureOtherNeutral,1
generations,generations,c,SpecialTopicsMiscellanyNeutral,0
.,.,n,,0
5,5,c,ExpoOtherNeutral,0
.,.,s,ExpoOtherNeutral,1
The,the,s,PubAdministrationNeutral,0
Role,role,s,PubAdministrationNeutral,1
of,of,s,PubAdministrationNeutral,2
Bhojpuri,bhojpuri,s,,0
in,in,s,OtherOrphanedOther,0
Surinamese,surinamese,s,CharTypesNeutral,0
Identity,identity,s,SpecialTopicsMiscellanyNeutral,0
and,and,s,OtherSyntacticComplexityOther,0
Nationalism,nationalism,n,PubAdministrationNeutral,0
After,after,s,NarrSequenceNeutral,0
indenture,indenture,s,PubLawNeutral,0
ended,ended,c,NarrSequenceNeutral,0
",",",",s,,0
many,many,s,ExpoOtherNeutral,0
descendants,descendants,s,UncertaintyIndefiniteNeutral,0
of,of,s,OtherOrphanedOther,0
indentured,indentured,s,PubLawNeutral,0
laborers,laborers,s,CharTypesNeutral,0
continued,continued,s,NarrDurationNeutral,0
to,to,s,NarrDurationNeutral,1
speak,speak,s,InterOtherNeutral,0
Bhojpuri,bhojpuri,c,,0
",",",",s,MetadiscourseContrastNeutral,0
though,though,s,MetadiscourseContrastNeutral,1
it,it,s,NarrSequenceNeutral,0
began,began,s,NarrSequenceNeutral,1
to,to,s,OtherOrphanedOther,0
diminish,diminish,s,DescriptChangeNeg,0
in,in,s,PosRelOther,0
favor,favor,s,PosRelOther,1
of,of,s,PosRelOther,2
Dutch,dutch,s,CharTypesNeutral,0
and,and,s,OtherSyntacticComplexityOther,0
Sranan,sranan,s,,0
Tongo,tongo,s,,0
(,(,c,OtherOrphanedOther,0
the,the,s,SpecialTopicsMiscellanyNeutral,0
local,local,s,SpecialTopicsMiscellanyNeutral,1
creole,creole,c,SpecialTopicsMiscellanyNeutral,0
),),c,OtherOrphanedOther,0
.,.,s,MetadiscourseContrastNeutral,0
However,however,c,MetadiscourseContrastNeutral,1
",",",",s,,0
Bhojpuri,bhojpuri,s,,0
still,still,s,OtherOrphanedOther,0
holds,holds,s,OtherOrphanedOther,0
a,a,s,ForcefulEmphaticNeutral,0
strong,strong,s,ForcefulEmphaticNeutral,1
cultural,cultural,s,SpecialTopicsMiscellanyNeutral,0
identity,identity,s,SpecialTopicsMiscellanyNeutral,1
among,among,s,OtherSyntacticComplexityOther,0
the,the,s,OtherSyntacticComplexityOther,1
Indo-Surinamese,indo-surinamese,s,,0
people,people,c,CharTypesNeutral,0
.,.,n,,0
In,in,s,OtherOrphanedOther,0
the,the,s,OtherOrphanedOther,0
mid-20th,mid-20th,s,,0
century,century,c,NarrDurationNeutral,0
",",",",s,,0
as,as,s,OtherOrphanedOther,0
Suriname,suriname,s,SpecialTopicsPlaceNeutral,0
became,became,s,DescriptChangeNeutral,0
more,more,s,CharMentalStatesNeutral,0
aware,aware,s,CharMentalStatesNeutral,1
of,of,s,OtherSyntacticComplexityOther,0
its,its,s,OtherSyntacticComplexityOther,1
multicultural,multicultural,s,SpecialTopicsMiscellanyNeutral,0
and,and,s,OtherSyntacticComplexityOther,0
multilingual,multilingual,s,SpecialTopicsMiscellanyNeutral,0
heritage,heritage,c,NarrOtherNeutral,0
",",",",s,,0
Bhojpuri,bhojpuri,s,,0
underwent,underwent,s,ContingentRelationshipNeg,0
a,a,s,ContingentRelationshipNeg,1
resurgence,resurgence,s,ContingentRelationshipNeg,2
as,as,s,OtherOrphanedOther,0
a,a,s,OtherOrphanedOther,1
symbol,symbol,s,SpecialTopicsMiscellanyNeutral,0
of,of,s,OtherOrphanedOther,0
cultural,cultural,s,PosEmotionsPride,0
pride,pride,c,PosEmotionsPride,1
.,.,s,,0
The,the,s,OtherOrphanedOther,0
language,language,s,SpecialTopicsMiscellanyNeutral,0
became,became,s,DescriptChangeNeutral,0
a,a,s,DescriptChangeNeutral,1
marker,marker,s,ExpoExampleNeutral,0
of,of,s,ExpoExampleNeutral,1
Indo-Surinamese,indo-surinamese,s,,0
identity,identity,c,SpecialTopicsMiscellanyNeutral,0
",",",",s,,0
particularly,particularly,s,ExpoSpecificationNeutral,0
in,in,s,ExpoSpecificationNeutral,1
the,the,s,OtherOrphanedOther,0
context,context,s,ContingentEventNeutral,0
of,of,s,ContingentEventNeutral,1
nationalism,nationalism,s,PubAdministrationNeutral,0
and,and,s,OtherSyntacticComplexityOther,0
the,the,s,OtherSyntacticComplexityOther,1
fight,fight,s,CharTraitsNeutral,0
for,for,s,CharTraitsNeutral,1
cultural,cultural,s,SpecialTopicsMiscellanyNeutral,0
recognition,recognition,s,,0
within,within,s,OtherOrphanedOther,0
Surinamese,surinamese,s,CharTypesNeutral,0
society,society,c,PubAdministrationNeutral,0
.,.,n,,0
In,in,s,NarrDurationNeutral,0
the,the,s,NarrDurationNeutral,1
1980s,1980s,s,NarrDurationNeutral,2
and,and,s,OtherSyntacticComplexityOther,0
beyond,beyond,c,OtherOrphanedOther,0
",",",",s,,0
there,there,s,NarrOtherNeutral,0
was,was,s,NarrOtherNeutral,1
a,a,s,OtherOrphanedOther,0
revival,revival,s,NarrTurningPointPos,0
movement,movement,s,SpecialTopicsMiscellanyNeutral,0
of,of,s,OtherOrphanedOther,0
Bhojpuri,bhojpuri,c,,0
",",",",s,,0
with,with,s,OtherOrphanedOther,0
new,new,s,NarrImmediacyNeutral,0
generations,generations,s,SpecialTopicsMiscellanyNeutral,0
striving,striving,s,CharTraitsNeutral,0
to,to,s,CharTraitsNeutral,1
preserve,preserve,s,OtherOrphanedOther,0
and,and,s,OtherSyntacticComplexityOther,0
celebrate,celebrate,s,PosEmotionsCelebrate,0
the,the,s,OtherOrphanedOther,0
language,language,s,SpecialTopicsMiscellanyNeutral,0
through,through,s,OtherOrphanedOther,0
songs,songs,c,DescriptSoundNeutral,0
",",",",s,,0
stories,stories,c,NarrSequenceNeutral,0
",",",",s,,0
and,and,s,OtherSyntacticComplexityOther,0
theatre,theatre,c,SpecialTopicsMiscellanyNeutral,0
.,.,s,ForcefulEmphaticNeutral,0
Even,even,s,ForcefulEmphaticNeutral,1
today,today,c,NarrImmediacyNeutral,0
",",",",s,,0
efforts,efforts,s,CharTraitsNeutral,0
continue,continue,s,NarrDurationNeutral,0
in,in,s,NarrDurationNeutral,1
preserving,preserving,s,OtherOrphanedOther,0
and,and,s,OtherSyntacticComplexityOther,0
documenting,documenting,s,StratCognitionNeutral,0
Bhojpuri,bhojpuri,s,,0
as,as,s,OtherOrphanedOther,0
an,an,s,OtherOrphanedOther,1
important,important,s,ForcefulSignificantNeutral,0
cultural,cultural,s,SpecialTopicsMiscellanyNeutral,0
and,and,s,OtherSyntacticComplexityOther,0
linguistic,linguistic,s,SpecialTopicsMiscellanyNeutral,0
heritage,heritage,c,NarrOtherNeutral,0
.,.,n,,0
6,6,c,ExpoOtherNeutral,0
.,.,s,ExpoOtherNeutral,1
Bhojpuri,bhojpuri,s,,0
as,as,s,OtherOrphanedOther,0
a,a,s,OtherOrphanedOther,1
Medium,medium,s,SpecialTopicsMiscellanyNeutral,0
of,of,s,OtherOrphanedOther,0
Communication,communication,s,SpecialTopicsMiscellanyNeutral,0
Across,across,s,OtherOrphanedOther,0
Communities,communities,n,SpecialTopicsMiscellanyNeutral,0
Bhojpuri,bhojpuri,c,,0
",",",",s,,0
in,in,s,OtherSyntacticComplexityOther,0
its,its,s,OtherSyntacticComplexityOther,1
modified,modified,s,DescriptChangeNeutral,0
Surinamese,surinamese,s,CharTypesNeutral,0
form,form,c,OtherOrphanedOther,0
",",",",s,,0
served,served,s,NarrActsNeutral,0
as,as,s,NarrActsNeutral,1
a,a,s,NarrActsNeutral,2
bridge,bridge,s,DescriptObjectsNeutral,0
for,for,s,OtherOrphanedOther,0
communication,communication,s,SpecialTopicsMiscellanyNeutral,0
among,among,s,OtherSyntacticComplexityOther,0
the,the,s,OtherSyntacticComplexityOther,1
Indo-Surinamese,indo-surinamese,c,,0
",",",",s,,0
Chinese,chinese,c,CharTypesNeutral,0
",",",",s,,0
African,african,c,CharTypesNeutral,0
",",",",s,,0
and,and,s,OtherSyntacticComplexityOther,0
Javanese,javanese,s,SpecialTopicsPlaceNeutral,0
laborers,laborers,c,CharTypesNeutral,0
",",",",s,,0
facilitating,facilitating,s,FacilitateOtherNeutral,0
interaction,interaction,s,SpecialTopicsMiscellanyNeutral,0
between,between,s,OtherOrphanedOther,0
communities,communities,s,SpecialTopicsMiscellanyNeutral,0
that,that,s,OtherOrphanedOther,0
otherwise,otherwise,s,ContingentRelationshipNeutral,0
spoke,spoke,s,InterOtherNeutral,0
different,different,s,ExpoComparisonNeutral,0
languages,languages,c,SpecialTopicsMiscellanyNeutral,0
.,.,n,MetadiscourseContrastNeutral,0
Though,though,s,MetadiscourseContrastNeutral,1
there,there,s,NarrOtherNeutral,0
were,were,s,NarrOtherNeutral,1
tensions,tensions,s,NegEmotionsNervousTense,0
between,between,s,NegEmotionsNervousTense,1
different,different,s,ExpoComparisonNeutral,0
ethnic,ethnic,s,SpecialTopicsMiscellanyNeutral,0
groups,groups,c,SpecialTopicsMiscellanyNeutral,0
",",",",s,,0
Bhojpuri,bhojpuri,c,,0
",",",",s,,0
particularly,particularly,s,ExpoSpecificationNeutral,0
in,in,s,ExpoSpecificationNeutral,1
the,the,s,DescriptObjectsNeutral,0
form,form,s,DescriptObjectsNeutral,1
of,of,s,OtherOrphanedOther,0
oral,oral,s,NarrOtherNeutral,0
traditions,traditions,c,NarrOtherNeutral,1
",",",",s,,0
helped,helped,s,FacilitateHelpPos,0
create,create,s,FacilitateHelpPos,1
a,a,s,OtherOrphanedOther,0
shared,shared,s,OtherOrphanedOther,0
space,space,s,StratCoordinationNeutral,0
for,for,s,StratCoordinationNeutral,1
expression,expression,s,DescriptVisualNeutral,0
and,and,s,OtherSyntacticComplexityOther,0
solidarity,solidarity,s,PosRelSolidarity,0
in,in,s,OtherOrphanedOther,0
a,a,s,OtherOrphanedOther,0
racially,racially,s,SpecialTopicsMiscellanyNeutral,0
segregated,segregated,s,NarrSceneShiftNeutral,0
society,society,c,PubAdministrationNeutral,0
.,.,s,,0
For,for,s,ExpoExampleNeutral,0
instance,instance,c,ExpoExampleNeutral,1
",",",",s,ExpoExampleNeutral,2
the,the,s,OtherOrphanedOther,0
Chutney,chutney,s,DescriptObjectsNeutral,0
genre,genre,c,SpecialTopicsMiscellanyNeutral,0
",",",",s,,0
sung,sung,s,DescriptMotionNeutral,0
in,in,s,OtherOrphanedOther,0
Bhojpuri,bhojpuri,c,,0
",",",",s,,0
became,became,s,DescriptChangePos,0
popular,popular,s,DescriptChangePos,1
not,not,s,ForcefulEmphaticNeutral,0
just,just,s,ForcefulEmphaticNeutral,1
among,among,s,OtherSyntacticComplexityOther,0
the,the,s,OtherSyntacticComplexityOther,1
Indian,indian,s,CharTypesNeutral,0
diaspora,diaspora,s,SpecialTopicsMiscellanyNeutral,0
but,but,s,MetadiscourseContrastNeutral,0
also,also,s,MetadiscourseAdditionNeutral,0
among,among,s,MetadiscourseOtherNeutral,0
other,other,s,MetadiscourseOtherNeutral,1
ethnic,ethnic,s,SpecialTopicsMiscellanyNeutral,0
groups,groups,s,SpecialTopicsMiscellanyNeutral,0
in,in,s,OtherOrphanedOther,0
Suriname,suriname,c,SpecialTopicsPlaceNeutral,0
",",",",s,,0
contributing,contributing,s,DescriptChangePos,0
to,to,s,DescriptChangePos,1
a,a,s,OtherOrphanedOther,0
shared,shared,s,OtherOrphanedOther,0
cultural,cultural,s,SpecialTopicsMiscellanyNeutral,0
space,space,c,SpecialTopicsMiscellanyNeutral,0
.,.,n,,0
7,7,c,ExpoOtherNeutral,0
.,.,s,ExpoOtherNeutral,1
Bhojpuri,bhojpuri,s,,0
in,in,s,OtherOrphanedOther,0
the,the,s,OtherOrphanedOther,0
Diasporic,diasporic,s,CharMentalStatesNeutral,0
Consciousness,consciousness,n,CharMentalStatesNeutral,1
The,the,s,OtherOrphanedOther,0
language,language,s,SpecialTopicsMiscellanyNeutral,0
found,found,s,OtherOrphanedOther,0
expression,expression,s,DescriptVisualNeutral,0
in,in,s,OtherOrphanedOther,0
the,the,s,OtherOrphanedOther,0
diasporic,diasporic,s,CharMentalStatesNeutral,0
consciousness,consciousness,c,CharMentalStatesNeutral,1
",",",",s,,0
where,where,s,OtherOrphanedOther,0
Indian,indian,s,CharTypesNeutral,0
descendants,descendants,s,UncertaintyIndefiniteNeutral,0
in,in,s,OtherOrphanedOther,0
Suriname,suriname,s,SpecialTopicsPlaceNeutral,0
began,began,s,NarrSequenceNeutral,0
to,to,s,NarrSequenceNeutral,1
develop,develop,s,DescriptChangeNeutral,0
a,a,s,DescriptChangeNeutral,1
deeper,deeper,s,ExpoComparisonNeutral,0
connection,connection,s,SpecialTopicsMiscellanyNeutral,0
to,to,s,OtherOrphanedOther,0
their,their,s,CharNamesNeutral,0
ancestral,ancestral,s,NarrOtherNeutral,0
language,language,s,SpecialTopicsMiscellanyNeutral,0
as,as,s,OtherOrphanedOther,0
a,a,s,OtherOrphanedOther,1
marker,marker,s,ExpoExampleNeutral,0
of,of,s,ExpoExampleNeutral,1
cultural,cultural,s,SpecialTopicsMiscellanyNeutral,0
identity,identity,c,SpecialTopicsMiscellanyNeutral,1
.,.,s,MetadiscourseContrastNeutral,0
Even,even,s,MetadiscourseContrastNeutral,1
though,though,s,MetadiscourseContrastNeutral,2
Bhojpuri,bhojpuri,s,,0
was,was,s,UpdatesNewsNeutral,0
no,no,s,UpdatesNewsNeutral,1
longer,longer,s,UpdatesNewsNeutral,2
the,the,s,OtherOrphanedOther,0
dominant,dominant,s,StratCompetitionNeutral,0
language,language,s,StratCompetitionNeutral,1
spoken,spoken,s,DescriptVisualNeutral,0
in,in,s,DescriptVisualNeutral,1
the,the,s,NarrDurationNeutral,0
daily,daily,s,NarrDurationNeutral,1
lives,lives,s,NarrBiographyNeutral,0
of,of,s,OtherOrphanedOther,0
many,many,s,ExpoOtherNeutral,0
Indo-Surinamese,indo-surinamese,s,,0
people,people,c,CharTypesNeutral,0
",",",",s,,0
it,it,s,,0
remained,remained,s,NarrDurationNeutral,0
a,a,s,ForcefulEmphaticNeutral,0
powerful,powerful,s,ForcefulEmphaticNeutral,1
cultural,cultural,s,SpecialTopicsMiscellanyNeutral,0
force,force,c,SpecialTopicsMiscellanyNeutral,0
.,.,n,,0
In,in,s,UpdatesOtherNeutral,0
recent,recent,s,UpdatesOtherNeutral,1
years,years,c,UpdatesOtherNeutral,2
",",",",s,,0
Bhojpuri,bhojpuri,s,,0
festivals,festivals,s,PosEmotionsFestive,0
and,and,s,OtherSyntacticComplexityOther,0
events,events,s,NarrActsNeutral,0
have,have,s,NarrOtherNeutral,0
seen,seen,s,NarrOtherNeutral,1
a,a,s,OtherOrphanedOther,0
revival,revival,c,NarrTurningPointPos,0
",",",",s,,0
where,where,s,OtherOrphanedOther,0
language,language,c,SpecialTopicsMiscellanyNeutral,0
",",",",s,,0
music,music,c,DescriptSoundNeutral,0
",",",",s,,0
and,and,s,OtherSyntacticComplexityOther,0
dance,dance,s,DescriptMotionNeutral,0
are,are,s,OtherOrphanedOther,0
celebrated,celebrated,s,PosEmotionsCelebrate,0
as,as,s,OtherOrphanedOther,0
a,a,s,OtherOrphanedOther,1
reflection,reflection,s,CharMentalStatesNeutral,0
of,of,s,CharMentalStatesNeutral,1
the,the,s,OtherOrphanedOther,0
community's,community's,s,,0
heritage,heritage,c,NarrOtherNeutral,0
.,.,s,,0
Diaspora,diaspora,s,SpecialTopicsMiscellanyNeutral,0
communities,communities,s,SpecialTopicsMiscellanyNeutral,1
have,have,s,NarrActsNeutral,0
made,made,s,CharTraitsNeutral,0
efforts,efforts,s,CharTraitsNeutral,1
to,to,s,StratCognitionNeutral,0
ensure,ensure,s,StratCognitionNeutral,1
that,that,s,StratCognitionNeutral,2
the,the,s,OtherOrphanedOther,0
younger,younger,s,ExpoComparisonNeutral,0
generations,generations,s,SpecialTopicsMiscellanyNeutral,0
connect,connect,s,StratCoordinationPos,0
with,with,s,StratCoordinationPos,1
their,their,s,StratCoordinationPos,2
roots,roots,s,OtherOrphanedOther,0
through,through,s,OtherOrphanedOther,0
language,language,c,SpecialTopicsMiscellanyNeutral,0
.,.,n,,0
Conclusion,conclusion,n,ReasoningConcludeNeutral,0
Through,through,s,OtherOrphanedOther,0
the,the,s,OtherOrphanedOther,0
indentured,indentured,s,PubLawNeutral,0
labor,labor,s,SpecialTopicsMiscellanyNeutral,0
system,system,s,SpecialTopicsMiscellanyNeutral,1
in,in,s,OtherOrphanedOther,0
Suriname,suriname,c,SpecialTopicsPlaceNeutral,0
",",",",s,,0
Bhojpuri,bhojpuri,s,,0
was,was,s,NarrOtherNeutral,0
not,not,s,ForcefulEmphaticNeutral,0
just,just,s,ForcefulEmphaticNeutral,1
a,a,s,OtherOrphanedOther,0
language,language,s,SpecialTopicsMiscellanyNeutral,0
of,of,s,OtherOrphanedOther,0
communication,communication,c,SpecialTopicsMiscellanyNeutral,0
",",",",s,MetadiscourseOtherNeutral,0
but,but,s,MetadiscourseOtherNeutral,1
also,also,s,MetadiscourseOtherNeutral,2
a,a,s,DescriptObjectsNeutral,0
vessel,vessel,s,DescriptObjectsNeutral,1
for,for,s,OtherOrphanedOther,0
cultural,cultural,s,SpecialTopicsMiscellanyNeutral,0
expression,expression,s,DescriptVisualNeutral,0
that,that,s,OtherOrphanedOther,0
adapted,adapted,s,PosValuesOther,0
to,to,s,PosValuesOther,1
the,the,s,UpdatesOtherNeutral,0
new,new,c,UpdatesOtherNeutral,1
",",",",s,,0
hybrid,hybrid,s,SpecialTopicsMiscellanyNeutral,0
context,context,s,ContingentEventNeutral,0
of,of,s,ContingentEventNeutral,1
the,the,s,OtherOrphanedOther,0
Caribbean,caribbean,c,SpecialTopicsPlaceNeutral,0
.,.,s,,0
It,it,s,,0
evolved,evolved,s,DescriptChangeNeutral,0
into,into,s,DescriptChangeNeutral,1
a,a,s,ExpoOtherNeutral,0
unique,unique,s,ExpoOtherNeutral,1
form,form,s,SpecialTopicsMiscellanyNeutral,0
of,of,s,SpecialTopicsMiscellanyNeutral,1
cultural,cultural,s,SpecialTopicsMiscellanyNeutral,0
expression,expression,c,DescriptVisualNeutral,0
",",",",s,,0
combining,combining,s,NarrActsNeutral,0
elements,elements,s,,0
from,from,s,OtherOrphanedOther,0
India,india,c,SpecialTopicsPlaceNeutral,0
",",",",s,,0
Africa,africa,c,SpecialTopicsPlaceNeutral,0
",",",",s,,0
Dutch,dutch,s,CharTypesNeutral,0
colonialism,colonialism,c,SpecialTopicsMiscellanyNeutral,0
",",",",s,,0
and,and,s,OtherSyntacticComplexityOther,0
local,local,s,SpecialTopicsPlaceNeutral,0
Caribbean,caribbean,s,SpecialTopicsMiscellanyNeutral,0
culture,culture,c,SpecialTopicsMiscellanyNeutral,1
.,.,s,ReasoningConcludeNeutral,0
As,as,s,ReasoningConcludeNeutral,1
such,such,c,ReasoningConcludeNeutral,2
",",",",s,,0
Bhojpuri,bhojpuri,s,,0
became,became,s,DescriptChangeNeutral,0
a,a,s,DescriptChangeNeutral,1
symbol,symbol,s,SpecialTopicsMiscellanyNeutral,0
of,of,s,OtherSyntacticComplexityOther,0
the,the,s,OtherSyntacticComplexityOther,1
resilience,resilience,s,PosActsResilience,0
of,of,s,OtherSyntacticComplexityOther,0
the,the,s,OtherSyntacticComplexityOther,1
indentured,indentured,s,PubLawNeutral,0
laborers,laborers,s,CharTypesNeutral,0
and,and,s,OtherSyntacticComplexityOther,0
their,their,s,CharNamesNeutral,0
descendants,descendants,c,UncertaintyIndefiniteNeutral,0
",",",",s,,0
preserving,preserving,s,OtherOrphanedOther,0
their,their,s,CharNamesNeutral,0
stories,stories,c,NarrSequenceNeutral,0
",",",",s,,0
struggles,struggles,c,,0
",",",",s,,0
and,and,s,OtherSyntacticComplexityOther,0
heritage,heritage,s,NarrOtherNeutral,0
for,for,s,UncertaintyIndefiniteNeutral,0
generations,generations,s,UncertaintyIndefiniteNeutral,1
to,to,s,UncertaintyIndefiniteNeutral,2
come,come,c,UncertaintyIndefiniteNeutral,3
.,.,n,,0
The,the,s,OtherOrphanedOther,0
indentured,indentured,s,PubLawNeutral,0
laborers,laborers,s,CharTypesNeutral,0
on,on,s,OtherSyntacticComplexityOther,0
the,the,s,OtherSyntacticComplexityOther,1
plantations,plantations,s,DescriptVisualNeutral,0
in,in,s,OtherOrphanedOther,0
Suriname,suriname,s,SpecialTopicsPlaceNeutral,0
and,and,s,OtherSyntacticComplexityOther,0
other,other,s,,0
colonies,colonies,s,SpecialTopicsMiscellanyNeutral,0
were,were,s,NegActsAggressive,0
subjected,subjected,s,NegActsAggressive,1
to,to,s,NegActsAggressive,2
harsh,harsh,s,NegValuesHarshJudgment,0
and,and,s,OtherSyntacticComplexityOther,0
oppressive,oppressive,s,NegActsAggressive,0
working,working,s,ContingentEventNeutral,0
conditions,conditions,c,ContingentEventNeutral,1
.,.,s,,0
Despite,despite,s,MetadiscourseContrastNeutral,0
the,the,s,OtherOrphanedOther,0
significant,significant,s,ForcefulSignificantNeutral,0
power,power,s,SpecialTopicsMiscellanyNeutral,0
imbalances,imbalances,s,NegValuesOther,0
and,and,s,OtherSyntacticComplexityOther,0
systemic,systemic,s,SpecialTopicsMiscellanyNeutral,0
exploitation,exploitation,c,NegActsAggressive,0
",",",",s,,0
these,these,s,OtherOrphanedOther,0
laborers,laborers,s,CharTypesNeutral,0
found,found,s,OtherOrphanedOther,0
various,various,s,SpecialTopicsMiscellanyNeutral,0
ways,ways,s,FacilitateOtherNeutral,0
to,to,s,FacilitateOtherNeutral,1
resist,resist,s,NegActsResist,0
and,and,s,OtherSyntacticComplexityOther,0
protest,protest,s,NegActsPlaintive,0
against,against,s,NegActsPlaintive,1
their,their,s,CharNamesNeutral,0
conditions,conditions,s,ContingentRelationshipNeutral,0
of,of,s,ContingentRelationshipNeutral,1
indenture,indenture,c,PubLawNeutral,0
.,.,s,,0
Their,their,s,CharNamesNeutral,0
protests,protests,s,NegActsPlaintive,0
took,took,s,OtherOrphanedOther,0
many,many,s,SpecialTopicsMiscellanyNeutral,0
forms,forms,c,SpecialTopicsMiscellanyNeutral,1
",",",",s,,0
ranging,ranging,s,ExpoOtherNeutral,0
from,from,s,ExpoOtherNeutral,1
subtle,subtle,s,ReasoningAnalyzeNeutral,0
acts,acts,s,ReasoningAnalyzeNeutral,1
of,of,s,NegActsResist,0
defiance,defiance,s,NegActsResist,1
to,to,s,OtherOrphanedOther,0
more,more,s,ExpoComparisonNeutral,0
organized,organized,s,OtherOrphanedOther,0
uprisings,uprisings,c,StratActsNeg,0
.,.,n,,0
Here’s,here’s,s,UpdatesOtherNeutral,0
an,an,s,UpdatesOtherNeutral,1
overview,overview,s,MetadiscourseOtherNeutral,0
of,of,s,OtherSyntacticComplexityOther,0
the,the,s,OtherSyntacticComplexityOther,1
forms,forms,s,SpecialTopicsMiscellanyNeutral,0
of,of,s,SpecialTopicsMiscellanyNeutral,1
protest,protest,s,NegActsPlaintive,0
by,by,s,OtherOrphanedOther,0
indentured,indentured,s,PubLawNeutral,0
laborers,laborers,s,CharTypesNeutral,0
on,on,s,OtherSyntacticComplexityOther,0
the,the,s,OtherSyntacticComplexityOther,1
plantations,plantations,c,DescriptVisualNeutral,0
:,:,n,,0
1,1,c,ExpoOtherNeutral,0
.,.,s,ExpoOtherNeutral,1
Work,work,s,DescriptChangeNeg,0
Slowdowns,slowdowns,s,DescriptChangeNeg,1
(,(,c,OtherOrphanedOther,0
Go-slow,go-slow,c,DescriptChangeNeutral,0
),),n,OtherOrphanedOther,0
One,one,s,ForcefulEmphaticNeutral,0
of,of,s,ForcefulEmphaticNeutral,1
the,the,s,ForcefulEmphaticNeutral,2
most,most,s,ForcefulEmphaticNeutral,3
common,common,s,OtherOrphanedOther,0
forms,forms,s,SpecialTopicsMiscellanyNeutral,0
of,of,s,SpecialTopicsMiscellanyNeutral,1
protest,protest,s,NegActsPlaintive,0
by,by,s,OtherOrphanedOther,0
indentured,indentured,s,PubLawNeutral,0
laborers,laborers,s,CharTypesNeutral,0
was,was,s,NarrOtherNeutral,0
the,the,s,NarrOtherNeutral,1
work,work,s,DescriptChangeNeg,0
slowdown,slowdown,c,DescriptChangeNeg,1
",",",",s,,0
often,often,s,NarrDurationNeutral,0
referred,referred,s,NarrActsNeutral,0
to,to,s,NarrActsNeutral,1
as,as,s,NarrActsNeutral,2
“,",c,,0
go-slow,go-slow,c,DescriptChangeNeutral,0
”,",c,,0
.,.,s,,0
Instead,instead,s,MetadiscourseOtherNeutral,0
of,of,s,MetadiscourseOtherNeutral,1
outright,outright,s,NegActsResist,0
refusal,refusal,s,NegActsResist,1
to,to,s,OtherOrphanedOther,0
work,work,c,OtherOrphanedOther,0
",",",",s,,0
workers,workers,s,CharTypesNeutral,0
would,would,s,CharTraitsNeutral,0
deliberately,deliberately,s,CharTraitsNeutral,1
slow,slow,s,DescriptChangeNeutral,0
down,down,s,DescriptChangeNeutral,1
the,the,s,DescriptChangeNeutral,2
pace,pace,s,DescriptChangeNeutral,3
of,of,s,OtherSyntacticComplexityOther,0
their,their,s,OtherSyntacticComplexityOther,1
labor,labor,c,SpecialTopicsMiscellanyNeutral,0
",",",",s,,0
thus,thus,s,ReasoningConcludeNeutral,0
reducing,reducing,s,DescriptChangeNeutral,0
the,the,s,DescriptChangeNeutral,1
overall,overall,s,MetadiscourseCuesNeutral,0
productivity,productivity,s,PosValuesOther,0
of,of,s,OtherSyntacticComplexityOther,0
the,the,s,OtherSyntacticComplexityOther,1
plantation,plantation,c,DescriptVisualNeutral,0
.,.,n,,0
This,this,s,OtherOrphanedOther,0
form,form,s,SpecialTopicsMiscellanyNeutral,0
of,of,s,SpecialTopicsMiscellanyNeutral,1
protest,protest,s,NegActsPlaintive,0
allowed,allowed,s,FacilitateExpediteNeutral,0
workers,workers,s,CharTypesNeutral,0
to,to,s,OtherOrphanedOther,0
challenge,challenge,s,CharTraitsNeutral,0
their,their,s,CharNamesNeutral,0
conditions,conditions,s,ContingentEventNeutral,0
without,without,s,ForcefulEmphaticNeutral,0
openly,openly,s,CharSubjectivityNeutral,0
defying,defying,s,NegActsResist,0
the,the,s,OtherOrphanedOther,0
overseers,overseers,s,CharTypesNeutral,0
or,or,s,OtherSyntacticComplexityOther,0
plantation,plantation,s,CharTypesNeutral,0
managers,managers,c,CharTypesNeutral,1
.,.,s,NarrOtherNeutral,0
It,it,s,NarrOtherNeutral,1
was,was,s,NarrOtherNeutral,2
an,an,s,OtherOrphanedOther,0
effective,effective,s,PosValuesEffective,0
method,method,s,PosValuesEffective,1
of,of,s,OtherOrphanedOther,0
passive,passive,s,StratActsNeg,0
resistance,resistance,s,StratActsNeg,1
as,as,s,OtherSyntacticComplexityOther,0
it,it,s,OtherSyntacticComplexityOther,1
impacted,impacted,s,StratCoordinationNeutral,0
plantation,plantation,s,DescriptVisualNeutral,0
production,production,s,SpecialTopicsMiscellanyNeutral,0
without,without,s,ForcefulEmphaticNeutral,0
direct,direct,s,NegRelConfront,0
confrontation,confrontation,c,NegRelConfront,1
.,.,n,,0
2,2,c,ExpoOtherNeutral,0
.,.,s,ExpoOtherNeutral,1
Faking,faking,s,NegActsFake,0
Illness,illness,s,NegActsFake,1
and,and,s,OtherSyntacticComplexityOther,0
Desertion,desertion,n,NegRelForsake,0
Faking,faking,s,NegActsFake,0
illness,illness,s,NegActsFake,1
was,was,s,NarrOtherNeutral,0
another,another,s,MetadiscourseAdditionNeutral,0
form,form,s,SpecialTopicsMiscellanyNeutral,0
of,of,s,SpecialTopicsMiscellanyNeutral,1
passive,passive,s,StratActsNeg,0
resistance,resistance,s,StratActsNeg,1
employed,employed,s,OtherOrphanedOther,0
by,by,s,OtherOrphanedOther,0
indentured,indentured,s,PubLawNeutral,0
laborers,laborers,c,CharTypesNeutral,0
.,.,s,,0
Workers,workers,s,CharTypesNeutral,0
would,would,s,NarrOtherNeutral,0
pretend,pretend,s,CharTraitsNeutral,0
to,to,s,CharTraitsNeutral,1
be,be,s,CharTraitsNeutral,2
sick,sick,s,NegEmotionsSick,0
or,or,s,OtherSyntacticComplexityOther,0
injured,injured,s,NegActsInjure,0
to,to,s,OtherOrphanedOther,0
avoid,avoid,s,NegActsResist,0
work,work,c,OtherOrphanedOther,0
",",",",s,,0
thereby,thereby,s,ReasoningConcludeNeutral,0
disrupting,disrupting,s,NegRelDisrupt,0
the,the,s,NegRelDisrupt,1
labor,labor,s,NegRelDisrupt,2
process,process,c,SpecialTopicsMiscellanyNeutral,0
.,.,n,,0
Some,some,s,ExpoOtherNeutral,0
laborers,laborers,s,CharTypesNeutral,0
would,would,s,NarrOtherNeutral,0
desert,desert,s,NegRelForsake,0
the,the,s,NegRelForsake,1
plantation,plantation,s,DescriptVisualNeutral,0
or,or,s,OtherSyntacticComplexityOther,0
try,try,s,StratCoordinationNeutral,0
to,to,s,StratCoordinationNeutral,1
escape,escape,c,StratActsPos,0
",",",",s,,0
often,often,s,NarrDurationNeutral,0
seeking,seeking,s,NarrSceneShiftNeg,0
refuge,refuge,s,NarrSceneShiftNeg,1
in,in,s,OtherOrphanedOther,0
nearby,nearby,s,DescriptVisualNeutral,0
forests,forests,s,DescriptVisualNeutral,0
or,or,s,OtherSyntacticComplexityOther,0
among,among,s,OtherOrphanedOther,0
local,local,s,SpecialTopicsMiscellanyNeutral,0
communities,communities,c,SpecialTopicsMiscellanyNeutral,1
.,.,s,,0
Escaping,escaping,s,StratActsPos,0
was,was,s,NegEmotionsFear,0
risky,risky,c,NegEmotionsFear,1
",",",",s,,0
as,as,s,OtherSyntacticComplexityOther,0
it,it,s,OtherSyntacticComplexityOther,1
could,could,s,ContingentRelationshipNeutral,0
result,result,s,ReasoningOtherNeutral,0
in,in,s,ReasoningOtherNeutral,1
severe,severe,s,NegRelPunish,0
punishment,punishment,s,NegRelPunish,1
if,if,s,ContingentRelationshipNeutral,0
caught,caught,c,ContingentRelationshipNeutral,1
",",",",s,MetadiscourseContrastNeutral,0
but,but,s,MetadiscourseContrastNeutral,1
it,it,s,NarrOtherNeutral,0
was,was,s,NarrOtherNeutral,1
a,a,s,NarrOtherNeutral,2
form,form,s,SpecialTopicsMiscellanyNeutral,0
of,of,s,SpecialTopicsMiscellanyNeutral,1
protest,protest,s,NegActsPlaintive,0
against,against,s,NegActsPlaintive,1
the,the,s,OtherOrphanedOther,0
brutal,brutal,s,NegActsAggressive,0
conditions,conditions,s,NegActsAggressive,1
of,of,s,OtherOrphanedOther,0
indenture,indenture,c,PubLawNeutral,0
.,.,n,,0
Desertions,desertions,s,NegRelForsake,0
and,and,s,OtherSyntacticComplexityOther,0
runaways,runaways,s,,0
were,were,s,NarrOtherNeutral,0
not,not,s,CitationAuthoritativePos,0
uncommon,uncommon,c,CitationAuthoritativePos,1
",",",",s,,0
and,and,s,OtherSyntacticComplexityOther,0
the,the,s,OtherSyntacticComplexityOther,1
colonial,colonial,s,SpecialTopicsMiscellanyNeutral,0
authorities,authorities,s,PubAdministrationNeutral,0
often,often,s,NarrDurationNeutral,0
took,took,s,CharTraitsNeutral,0
harsh,harsh,s,CharTraitsNeutral,1
measures,measures,s,CharTraitsNeutral,2
to,to,s,OtherOrphanedOther,0
recapture,recapture,s,DescriptChangePos,0
those,those,s,ExpoSpecificationNeutral,0
who,who,s,ExpoSpecificationNeutral,1
fled,fled,c,DescriptMotionNeutral,0
.,.,n,,0
3,3,c,ExpoOtherNeutral,0
.,.,s,ExpoOtherNeutral,1
Strikes,strikes,s,NegEmotionsOther,0
and,and,s,OtherSyntacticComplexityOther,0
Collective,collective,s,StratCoordinationNeutral,0
Action,action,n,StratCoordinationNeutral,1
Strikes,strikes,s,NegEmotionsOther,0
were,were,s,NarrOtherNeutral,0
one,one,s,OtherSyntacticComplexityOther,0
of,of,s,OtherSyntacticComplexityOther,1
the,the,s,OtherSyntacticComplexityOther,2
more,more,s,OtherSyntacticComplexityOther,3
open,open,s,OtherOrphanedOther,0
forms,forms,s,SpecialTopicsMiscellanyNeutral,0
of,of,s,SpecialTopicsMiscellanyNeutral,1
resistance,resistance,c,NegActsResist,0
",",",",s,,0
where,where,s,OtherOrphanedOther,0
laborers,laborers,s,CharTypesNeutral,0
would,would,s,NarrOtherNeutral,0
collectively,collectively,s,PubAdministrationNeutral,0
refuse,refuse,s,NegActsResist,0
to,to,s,NegActsResist,1
work,work,s,NegActsResist,2
to,to,s,OtherOrphanedOther,0
demand,demand,s,OtherOrphanedOther,0
better,better,s,ExpoComparisonNeutral,0
wages,wages,c,SpecialTopicsMiscellanyNeutral,0
",",",",s,,0
working,working,s,ContingentEventNeutral,0
conditions,conditions,c,ContingentEventNeutral,1
",",",",s,,0
or,or,s,OtherSyntacticComplexityOther,0
other,other,s,,0
benefits,benefits,c,PosValuesOther,0
.,.,s,,0
These,these,s,OtherOrphanedOther,0
strikes,strikes,s,NegEmotionsOther,0
were,were,s,NarrDurationNeutral,0
often,often,s,NarrDurationNeutral,1
sparked,sparked,s,ForcefulEnergizedNeutral,0
by,by,s,OtherOrphanedOther,0
grievances,grievances,s,NegActsPlaintive,0
over,over,s,OtherOrphanedOther,0
low,low,s,NegValuesOther,0
wages,wages,c,NegValuesOther,1
",",",",s,,0
excessive,excessive,s,NegValuesExcess,0
hours,hours,c,NegValuesExcess,1
",",",",s,,0
or,or,s,OtherSyntacticComplexityOther,0
poor,poor,s,ContingentPossibilityNeg,0
living,living,s,ContingentPossibilityNeg,1
conditions,conditions,c,ContingentPossibilityNeg,2
.,.,n,,0
In,in,s,ExpoExampleNeutral,0
some,some,s,ExpoExampleNeutral,1
cases,cases,c,ExpoExampleNeutral,2
",",",",s,,0
strikes,strikes,s,NegEmotionsOther,0
were,were,s,NarrOtherNeutral,0
organized,organized,s,OtherOrphanedOther,0
by,by,s,OtherOrphanedOther,0
Indian,indian,s,CharTypesNeutral,0
workers,workers,c,CharTypesNeutral,0
",",",",s,MetadiscourseContrastNeutral,0
but,but,s,MetadiscourseContrastNeutral,1
they,they,s,OtherOrphanedOther,0
were,were,s,NarrDurationNeutral,0
usually,usually,s,NarrDurationNeutral,1
isolated,isolated,s,ContingentEventNeg,0
incidents,incidents,s,ContingentEventNeg,1
due,due,s,ReasoningOtherNeutral,0
to,to,s,ReasoningOtherNeutral,1
the,the,s,ReasoningOtherNeutral,2
fear,fear,s,NegEmotionsFear,0
of,of,s,NegEmotionsFear,1
retaliation,retaliation,c,NegActsAggressive,0
.,.,s,MetadiscourseContrastNeutral,0
However,however,c,MetadiscourseContrastNeutral,1
",",",",s,,0
when,when,s,InquiryCuriosityNeutral,0
these,these,s,InquiryCuriosityNeutral,1
strikes,strikes,s,NegEmotionsOther,0
did,did,s,ForcefulIntenseNeutral,0
occur,occur,c,ContingentEventNeutral,0
",",",",s,,0
they,they,s,ContingentRelationshipNeutral,0
could,could,s,ContingentRelationshipNeutral,1
create,create,s,DescriptChangeNeutral,0
significant,significant,s,NegRelDisrupt,0
disruption,disruption,s,NegRelDisrupt,1
to,to,s,OtherOrphanedOther,0
plantation,plantation,s,DescriptVisualNeutral,0
operations,operations,c,StratCoordinationNeutral,0
.,.,n,,0
For,for,s,ExpoExampleNeutral,0
example,example,c,ExpoExampleNeutral,1
",",",",s,ExpoExampleNeutral,2
in,in,s,OtherOrphanedOther,0
Trinidad,trinidad,s,SpecialTopicsPlaceNeutral,0
and,and,s,OtherSyntacticComplexityOther,0
Guyana,guyana,c,SpecialTopicsPlaceNeutral,0
",",",",s,,0
workers,workers,s,CharTypesNeutral,0
who,who,s,NarrOtherNeutral,0
had,had,s,NarrOtherNeutral,1
been,been,s,NarrOtherNeutral,2
subjected,subjected,s,NegActsVictimized,0
to,to,s,NegActsVictimized,1
poor,poor,s,NegActsVictimized,2
treatment,treatment,s,NegActsVictimized,3
on,on,s,OtherSyntacticComplexityOther,0
the,the,s,OtherSyntacticComplexityOther,1
plantations,plantations,s,DescriptVisualNeutral,0
occasionally,occasionally,s,NarrDurationNeutral,0
protested,protested,s,NegActsPlaintive,0
by,by,s,OtherOrphanedOther,0
staging,staging,s,DescriptObjectsNeutral,0
collective,collective,s,StratCoordinationNeutral,0
walkouts,walkouts,c,NegActsResist,0
.,.,n,,0
4,4,c,ExpoOtherNeutral,0
.,.,s,ExpoOtherNeutral,1
Rebellions,rebellions,s,StratActsNeg,0
and,and,s,OtherSyntacticComplexityOther,0
Uprisings,uprisings,n,StratActsNeg,0
The,the,s,CharTypesNeutral,0
Indian,indian,s,CharTypesNeutral,1
indentured,indentured,s,PubLawNeutral,0
laborers,laborers,s,CharTypesNeutral,0
in,in,s,OtherOrphanedOther,0
Suriname,suriname,c,SpecialTopicsPlaceNeutral,0
",",",",s,,0
along,along,s,OtherSyntacticComplexityOther,0
with,with,s,OtherSyntacticComplexityOther,1
workers,workers,s,CharTypesNeutral,0
in,in,s,MetadiscourseOtherNeutral,0
other,other,s,MetadiscourseOtherNeutral,1
colonies,colonies,c,SpecialTopicsMiscellanyNeutral,0
",",",",s,,0
were,were,s,NarrOtherNeutral,0
not,not,s,NegActsResist,0
passive,passive,s,CharTypesNeutral,0
in,in,s,NegRelConfront,0
the,the,s,NegRelConfront,1
face,face,s,NegRelConfront,2
of,of,s,NegRelConfront,3
their,their,s,CharNamesNeutral,0
oppression,oppression,c,NegActsAggressive,0
.,.,s,,0
In,in,s,ExpoExampleNeutral,0
some,some,s,ExpoExampleNeutral,1
cases,cases,c,ExpoExampleNeutral,2
",",",",s,,0
these,these,s,OtherOrphanedOther,0
tensions,tensions,s,NegEmotionsNervousTense,0
exploded,exploded,s,OtherOrphanedOther,0
into,into,s,OtherOrphanedOther,0
armed,armed,s,DescriptObjectsNeutral,0
uprisings,uprisings,c,StratActsNeg,0
.,.,s,,0
These,these,s,OtherOrphanedOther,0
rebellions,rebellions,s,StratActsNeg,0
were,were,s,NegActsViolence,0
violent,violent,s,NegActsViolence,1
protests,protests,s,NegActsPlaintive,0
in,in,s,OtherSyntacticComplexityOther,0
response,response,s,OtherSyntacticComplexityOther,1
to,to,s,OtherSyntacticComplexityOther,2
brutal,brutal,s,NegActsAggressive,0
conditions,conditions,c,NegActsAggressive,1
",",",",s,,0
unjust,unjust,s,NegValuesInjustice,0
treatment,treatment,c,NegValuesInjustice,1
",",",",s,,0
and,and,s,OtherSyntacticComplexityOther,0
racist,racist,s,CharTypesNeg,0
colonial,colonial,s,PubAdministrationNeutral,0
policies,policies,c,PubAdministrationNeutral,1
.,.,n,,0
The,the,s,OtherOrphanedOther,0
1903,1903,s,NarrOtherNeutral,0
Rebellion,rebellion,s,StratActsNeg,0
in,in,s,OtherOrphanedOther,0
Suriname,suriname,c,SpecialTopicsPlaceNeutral,0
:,:,s,,0
One,one,s,OtherSyntacticComplexityOther,0
of,of,s,OtherSyntacticComplexityOther,1
the,the,s,OtherSyntacticComplexityOther,2
more,more,s,OtherSyntacticComplexityOther,3
famous,famous,s,CharTypesNeutral,0
uprisings,uprisings,s,StratActsNeg,0
took,took,s,DescriptVisualNeutral,0
place,place,s,DescriptVisualNeutral,1
in,in,s,DescriptVisualNeutral,2
1903,1903,c,NarrOtherNeutral,0
",",",",s,,0
when,when,s,OtherOrphanedOther,0
a,a,s,OtherOrphanedOther,0
group,group,s,SpecialTopicsMiscellanyNeutral,0
of,of,s,SpecialTopicsMiscellanyNeutral,1
Indian,indian,s,PubLawNeutral,0
indentured,indentured,s,PubLawNeutral,1
laborers,laborers,s,CharTypesNeutral,0
staged,staged,s,StratCoordinationNeutral,0
a,a,s,StratCoordinationNeutral,1
violent,violent,s,NegActsViolence,0
rebellion,rebellion,s,NegActsViolence,1
against,against,s,NegActsResist,0
their,their,s,CharNamesNeutral,0
colonial,colonial,s,SpecialTopicsMiscellanyNeutral,0
masters,masters,c,PosValuesOther,0
.,.,s,,0
The,the,s,OtherOrphanedOther,0
Suriname,suriname,s,SpecialTopicsPlaceNeutral,0
rebellion,rebellion,s,StratActsNeg,0
involved,involved,s,ReasoningOtherNeutral,0
the,the,s,ReasoningOtherNeutral,1
workers,workers,c,CharTypesNeutral,0
’,',s,,0
demands,demands,s,PosRelOther,0
for,for,s,PosRelOther,1
better,better,s,ContingentRelationshipPos,0
conditions,conditions,c,ContingentRelationshipPos,1
",",",",s,MetadiscourseContrastNeutral,0
but,but,s,MetadiscourseContrastNeutral,1
it,it,s,NarrOtherNeutral,0
was,was,s,NarrOtherNeutral,1
crushed,crushed,s,DescriptMotionNeutral,0
by,by,s,DescriptMotionNeutral,1
colonial,colonial,s,SpecialTopicsMiscellanyNeutral,0
authorities,authorities,c,PubAdministrationNeutral,0
.,.,s,,0
This,this,s,OtherOrphanedOther,0
uprising,uprising,s,StratActsNeg,0
was,was,s,NarrOtherNeutral,0
a,a,s,NarrOtherNeutral,1
significant,significant,s,ExpoExampleNeutral,0
example,example,s,ExpoExampleNeutral,1
of,of,s,OtherOrphanedOther,0
labor,labor,s,StratActsNeg,0
unrest,unrest,s,StratActsNeg,1
and,and,s,OtherSyntacticComplexityOther,0
the,the,s,OtherSyntacticComplexityOther,1
eventual,eventual,s,NarrSequenceNeutral,0
pushback,pushback,s,NegActsResist,0
against,against,s,NegActsResist,0
the,the,s,NegActsResist,1
exploitation,exploitation,s,NegActsAggressive,0
of,of,s,OtherOrphanedOther,0
indentured,indentured,s,PubLawNeutral,0
workers,workers,c,CharTypesNeutral,0
.,.,n,,0
The,the,s,OtherOrphanedOther,0
1919,1919,s,NarrOtherNeutral,0
Indian,indian,s,CharTypesNeutral,0
Mutiny,mutiny,s,StratActsNeg,0
in,in,s,OtherOrphanedOther,0
British,british,s,CharTypesNeutral,0
Guiana,guiana,c,SpecialTopicsPlaceNeutral,0
:,:,s,,0
In,in,s,OtherOrphanedOther,0
British,british,s,CharTypesNeutral,0
Guiana,guiana,s,SpecialTopicsPlaceNeutral,0
(,(,c,OtherOrphanedOther,0
now,now,s,NarrImmediacyNeutral,0
Guyana,guyana,c,SpecialTopicsPlaceNeutral,0
),),c,OtherOrphanedOther,0
",",",",s,,0
there,there,s,NarrOtherNeutral,0
was,was,s,NarrOtherNeutral,1
a,a,s,ForcefulEmphaticNeutral,0
major,major,s,ForcefulEmphaticNeutral,1
labor,labor,s,SpecialTopicsMiscellanyNeutral,0
uprising,uprising,s,StratActsNeg,0
in,in,s,NarrTimeShiftNeutral,0
1919,1919,s,NarrTimeShiftNeutral,1
when,when,s,OtherOrphanedOther,0
indentured,indentured,s,PubLawNeutral,0
laborers,laborers,s,CharTypesNeutral,0
organized,organized,s,OtherOrphanedOther,0
against,against,s,NegActsResist,0
harsh,harsh,s,NegActsFeat,0
working,working,s,NegActsFeat,1
conditions,conditions,s,ContingentEventNeutral,0
and,and,s,OtherSyntacticComplexityOther,0
unfair,unfair,s,NegValuesUnfair,0
treatment,treatment,s,NegValuesUnfair,1
by,by,s,OtherOrphanedOther,0
plantation,plantation,s,DescriptVisualNeutral,0
owners,owners,c,CharTypesNeutral,0
.,.,s,,0
The,the,s,OtherOrphanedOther,0
rebellion,rebellion,c,StratActsNeg,0
",",",",s,OtherOrphanedOther,0
which,which,s,OtherOrphanedOther,1
was,was,s,NarrOtherNeutral,0
sparked,sparked,s,ForcefulEnergizedNeutral,0
by,by,s,OtherOrphanedOther,0
a,a,s,OtherOrphanedOther,0
combination,combination,s,SpecialTopicsMiscellanyNeutral,0
of,of,s,SpecialTopicsMiscellanyNeutral,1
economic,economic,s,SpecialTopicsMiscellanyNeutral,0
grievances,grievances,s,SpecialTopicsMiscellanyNeutral,1
and,and,s,OtherSyntacticComplexityOther,0
the,the,s,OtherSyntacticComplexityOther,1
increasing,increasing,s,NegEmotionsResent,0
resentment,resentment,s,NegEmotionsResent,1
toward,toward,s,DescriptVisualNeutral,0
the,the,s,DescriptVisualNeutral,1
exploitative,exploitative,s,NegRelOther,0
nature,nature,s,SpecialTopicsMiscellanyNeutral,0
of,of,s,OtherSyntacticComplexityOther,0
the,the,s,OtherSyntacticComplexityOther,1
system,system,c,SpecialTopicsMiscellanyNeutral,0
",",",",s,,0
was,was,s,ContingentEventNeg,0
met,met,s,ContingentEventNeg,1
with,with,s,ContingentEventNeg,2
violent,violent,s,NegActsViolence,0
repression,repression,s,NegActsViolence,1
by,by,s,OtherOrphanedOther,0
the,the,s,OtherOrphanedOther,0
colonial,colonial,s,SpecialTopicsMiscellanyNeutral,0
authorities,authorities,c,PubAdministrationNeutral,0
.,.,n,,0
5,5,c,ExpoOtherNeutral,0
.,.,s,ExpoOtherNeutral,1
Cultural,cultural,s,SpecialTopicsMiscellanyNeutral,0
and,and,s,OtherSyntacticComplexityOther,0
Religious,religious,s,CharTraitsNeutral,0
Resistance,resistance,n,NegActsResist,0
Cultural,cultural,s,SpecialTopicsMiscellanyNeutral,0
resistance,resistance,s,NegActsResist,0
played,played,s,ForcefulSignificantNeutral,0
a,a,s,ForcefulSignificantNeutral,1
significant,significant,s,ForcefulSignificantNeutral,2
role,role,s,ForcefulSignificantNeutral,3
in,in,s,ForcefulSignificantNeutral,4
how,how,s,OtherOrphanedOther,0
indentured,indentured,s,PubLawNeutral,0
laborers,laborers,s,CharTypesNeutral,0
expressed,expressed,s,InterConversationNeg,0
their,their,s,InterConversationNeg,1
discontent,discontent,c,InterConversationNeg,2
.,.,s,,0
Many,many,s,ExpoOtherNeutral,0
indentured,indentured,s,PubLawNeutral,0
workers,workers,s,CharTypesNeutral,0
maintained,maintained,s,NarrDurationNeutral,0
their,their,s,NarrDurationNeutral,1
religious,religious,s,CharTraitsNeutral,0
practices,practices,c,OtherOrphanedGenericActivity,0
",",",",s,,0
language,language,c,SpecialTopicsMiscellanyNeutral,0
",",",",s,,0
and,and,s,OtherSyntacticComplexityOther,0
cultural,cultural,s,NarrOtherNeutral,0
traditions,traditions,c,NarrOtherNeutral,1
",",",",s,OtherOrphanedOther,0
which,which,s,OtherOrphanedOther,1
became,became,s,ForcefulEmphaticNeutral,0
important,important,s,ForcefulEmphaticNeutral,1
forms,forms,s,SpecialTopicsMiscellanyNeutral,0
of,of,s,SpecialTopicsMiscellanyNeutral,1
resistance,resistance,s,NegActsResist,0
against,against,s,NegActsResist,0
the,the,s,NegActsResist,1
colonial,colonial,s,SpecialTopicsMiscellanyNeutral,0
system,system,c,SpecialTopicsMiscellanyNeutral,1
.,.,n,,0
The,the,s,OtherOrphanedOther,0
laborers,laborers,s,CharTypesNeutral,0
brought,brought,s,NarrActsNeutral,0
with,with,s,OtherOrphanedOther,0
them,them,s,NarrActsNeutral,0
Indian,indian,s,NarrOtherNeutral,0
traditions,traditions,c,NarrOtherNeutral,1
",",",",s,ExpoExampleNeutral,0
such,such,s,ExpoExampleNeutral,1
as,as,s,ExpoExampleNeutral,2
Hinduism,hinduism,c,SpecialTopicsMiscellanyNeutral,0
",",",",s,,0
Islam,islam,c,SpecialTopicsMiscellanyNeutral,0
",",",",s,,0
and,and,s,OtherSyntacticComplexityOther,0
other,other,s,,0
folk,folk,s,ExpoOtherNeutral,0
practices,practices,c,ExpoOtherNeutral,1
",",",",s,NarrOtherNeutral,0
which,which,s,NarrOtherNeutral,1
they,they,s,NarrOtherNeutral,2
continued,continued,s,NarrOtherNeutral,3
to,to,s,OtherOrphanedOther,0
practice,practice,s,OtherOrphanedGenericActivity,0
despite,despite,s,MetadiscourseContrastNeutral,0
colonial,colonial,s,SpecialTopicsMiscellanyNeutral,0
attempts,attempts,s,CharTraitsNeutral,0
to,to,s,CharTraitsNeutral,1
suppress,suppress,s,NegActsAggressive,0
them,them,c,NegActsAggressive,1
.,.,s,,0
Religious,religious,s,CharTraitsNeutral,0
festivals,festivals,s,PosEmotionsFestive,0
and,and,s,OtherSyntacticComplexityOther,0
rituals,rituals,s,PubAdministrationNeutral,0
became,became,s,DescriptChangeNeutral,0
moments,moments,s,NarrDurationNeutral,0
of,of,s,NarrDurationNeutral,1
collective,collective,s,PosRelSolidarity,0
solidarity,solidarity,c,PosRelSolidarity,1
",",",",s,,0
offering,offering,s,FacilitateSponsorNeutral,0
a,a,s,FacilitateSponsorNeutral,1
sense,sense,s,SpecialTopicsMiscellanyNeutral,0
of,of,s,SpecialTopicsMiscellanyNeutral,1
cultural,cultural,s,PosEmotionsPride,0
pride,pride,s,PosEmotionsPride,1
and,and,s,OtherSyntacticComplexityOther,0
resilience,resilience,c,PosActsResilience,0
.,.,n,,0
In,in,s,MetadiscourseAdditionNeutral,0
addition,addition,c,MetadiscourseAdditionNeutral,1
",",",",s,,0
Bhojpuri,bhojpuri,s,,0
songs,songs,c,DescriptSoundNeutral,0
",",",",s,,0
folk,folk,s,SpecialTopicsMiscellanyNeutral,0
tales,tales,c,SpecialTopicsMiscellanyNeutral,1
",",",",s,,0
and,and,s,OtherSyntacticComplexityOther,0
oral,oral,s,ExpoOtherNeutral,0
histories,histories,s,ExpoOtherNeutral,1
preserved,preserved,s,NarrOtherNeutral,0
the,the,s,NarrOtherNeutral,1
laborers,laborers,s,CharTypesNeutral,0
',',s,,0
memories,memories,s,CharMentalStatesNeutral,0
and,and,s,OtherSyntacticComplexityOther,0
struggles,struggles,s,,0
while,while,s,NarrDurationNeutral,0
subtly,subtly,s,ReasoningAnalyzeNeutral,0
protesting,protesting,s,NegActsPlaintive,0
the,the,s,OtherOrphanedOther,0
alienating,alienating,s,NegRelAlienate,0
and,and,s,OtherSyntacticComplexityOther,0
dehumanizing,dehumanizing,s,NegRelDehumanize,0
conditions,conditions,s,NegRelDehumanize,1
of,of,s,OtherOrphanedOther,0
plantation,plantation,s,DescriptVisualNeutral,0
life,life,c,NarrBiographyNeutral,0
.,.,s,,0
These,these,s,OtherOrphanedOther,0
cultural,cultural,s,SpecialTopicsMiscellanyNeutral,0
forms,forms,s,OtherOrphanedOther,0
kept,kept,s,PosValuesOther,0
alive,alive,s,PosValuesOther,1
the,the,s,OtherOrphanedOther,0
identity,identity,s,SpecialTopicsMiscellanyNeutral,0
of,of,s,OtherSyntacticComplexityOther,0
the,the,s,OtherSyntacticComplexityOther,1
indentured,indentured,s,PubLawNeutral,0
laborers,laborers,s,CharTypesNeutral,0
and,and,s,OtherSyntacticComplexityOther,0
provided,provided,s,FacilitateSponsorNeutral,0
a,a,s,FacilitateSponsorNeutral,1
space,space,s,SpecialTopicsMiscellanyNeutral,0
to,to,s,OtherOrphanedOther,0
express,express,s,CitationOtherNeg,0
dissent,dissent,c,CitationOtherNeg,1
.,.,n,,0
6,6,c,ExpoOtherNeutral,0
.,.,s,ExpoOtherNeutral,1
Legal,legal,s,PubLawNeutral,0
Petitions,petitions,s,PubCommunicationNeutral,0
and,and,s,OtherSyntacticComplexityOther,0
Complaints,complaints,n,NegActsPlaintive,0
Laborers,laborers,s,CharTypesNeutral,0
also,also,s,MetadiscourseAdditionNeutral,0
sometimes,sometimes,s,ContingentRelationshipNeutral,0
resorted,resorted,s,NegEmotionsDesperate,0
to,to,s,NegEmotionsDesperate,1
legal,legal,s,PubLawNeutral,0
petitions,petitions,s,PubCommunicationNeutral,0
and,and,s,OtherSyntacticComplexityOther,0
formal,formal,s,InterConversationNeg,0
complaints,complaints,s,InterConversationNeg,1
to,to,s,OtherOrphanedOther,0
challenge,challenge,s,CharTraitsNeutral,0
their,their,s,CharNamesNeutral,0
treatment,treatment,c,SpecialTopicsMiscellanyNeutral,0
.,.,s,MetadiscourseContrastNeutral,0
Although,although,s,MetadiscourseContrastNeutral,1
these,these,s,OtherOrphanedOther,0
petitions,petitions,s,PubCommunicationNeutral,0
were,were,s,NarrDurationNeutral,0
often,often,s,NarrDurationNeutral,1
dismissed,dismissed,c,OtherOrphanedOther,0
",",",",s,,0
they,they,s,CitationAuthoritativePos,0
provided,provided,s,CitationAuthoritativePos,1
a,a,s,OtherOrphanedOther,0
formal,formal,s,SpecialTopicsMiscellanyNeutral,0
avenue,avenue,s,DescriptVisualNeutral,0
for,for,s,OtherOrphanedOther,0
laborers,laborers,s,CharTypesNeutral,0
to,to,s,OtherOrphanedOther,0
express,express,s,InterConversationNeg,0
their,their,s,InterConversationNeg,1
grievances,grievances,c,InterConversationNeg,2
.,.,s,,0
Complaints,complaints,s,NegActsPlaintive,0
could,could,s,ContingentRelationshipNeutral,0
be,be,s,ContingentRelationshipNeutral,1
related,related,s,ContingentRelationshipNeutral,2
to,to,s,ContingentRelationshipNeutral,3
the,the,s,OtherOrphanedOther,0
harsh,harsh,s,NegActsFeat,0
work,work,s,NegActsFeat,1
conditions,conditions,c,ContingentEventNeutral,0
",",",",s,,0
lack,lack,s,NegValuesLack,0
of,of,s,NegValuesLack,1
food,food,c,NegValuesLack,2
",",",",s,,0
physical,physical,s,NegRelPunish,0
punishment,punishment,c,NegRelPunish,1
",",",",s,,0
or,or,s,OtherSyntacticComplexityOther,0
issues,issues,s,NegActsResist,0
such,such,s,NegActsResist,1
as,as,s,NegActsResist,2
fraudulent,fraudulent,s,NegRelTrickery,0
contracts,contracts,s,NegRelTrickery,1
and,and,s,OtherSyntacticComplexityOther,0
unfair,unfair,s,NegValuesUnfair,0
wage,wage,s,NegValuesUnfair,1
practices,practices,c,OtherOrphanedGenericActivity,0
.,.,n,,0
These,these,s,OtherOrphanedOther,0
petitions,petitions,s,PubCommunicationNeutral,0
sometimes,sometimes,s,ContingentRelationshipNeutral,0
had,had,s,NarrOtherNeutral,0
the,the,s,DescriptVisualNeutral,0
backing,backing,s,DescriptVisualNeutral,1
of,of,s,DescriptVisualNeutral,2
advocacy,advocacy,s,StratActsNeutral,0
groups,groups,s,SpecialTopicsMiscellanyNeutral,0
or,or,s,OtherSyntacticComplexityOther,0
individuals,individuals,s,CharTypesNeutral,0
sympathetic,sympathetic,s,PosRelBondOverNegative,0
to,to,s,PosRelBondOverNegative,1
the,the,s,OtherOrphanedOther,0
plight,plight,s,NegEmotionsOther,0
of,of,s,NegEmotionsOther,1
the,the,s,OtherOrphanedOther,0
laborers,laborers,c,CharTypesNeutral,0
",",",",s,ExpoExampleNeutral,0
such,such,s,ExpoExampleNeutral,1
as,as,s,ExpoExampleNeutral,2
missionaries,missionaries,s,CharTypesNeutral,0
or,or,s,OtherSyntacticComplexityOther,0
Indian,indian,s,CharTypesNeutral,0
activists,activists,c,CharTypesNeutral,1
",",",",s,CharNamesNeutral,0
who,who,s,CharNamesNeutral,1
played,played,s,StratCoordinationNeutral,0
a,a,s,StratCoordinationNeutral,1
role,role,s,StratCoordinationNeutral,2
in,in,s,StratCoordinationNeutral,3
drawing,drawing,s,CharMentalStatesNeutral,0
attention,attention,s,CharMentalStatesNeutral,1
to,to,s,CharMentalStatesNeutral,2
the,the,s,OtherOrphanedOther,0
injustices,injustices,s,NegValuesInjustice,0
of,of,s,OtherSyntacticComplexityOther,0
the,the,s,OtherSyntacticComplexityOther,1
indenture,indenture,s,SpecialTopicsMiscellanyNeutral,0
system,system,c,SpecialTopicsMiscellanyNeutral,1
.,.,n,,0
7,7,c,ExpoOtherNeutral,0
.,.,s,ExpoOtherNeutral,1
The,the,s,PubAdministrationNeutral,0
Role,role,s,PubAdministrationNeutral,1
of,of,s,PubAdministrationNeutral,2
Trade,trade,s,SpecialTopicsMiscellanyNeutral,0
Unions,unions,s,SpecialTopicsMiscellanyNeutral,1
and,and,s,OtherSyntacticComplexityOther,0
Activists,activists,n,CharTypesNeutral,0
After,after,s,NarrSequenceNeutral,0
the,the,s,NarrSequenceNeutral,1
abolition,abolition,s,NegActsResist,0
of,of,s,OtherOrphanedOther,0
indenture,indenture,s,PubLawNeutral,0
in,in,s,OtherSyntacticComplexityOther,0
many,many,s,OtherSyntacticComplexityOther,1
regions,regions,c,SpecialTopicsPlaceNeutral,0
",",",",s,,0
trade,trade,s,SpecialTopicsMiscellanyNeutral,0
unions,unions,s,SpecialTopicsMiscellanyNeutral,1
and,and,s,OtherSyntacticComplexityOther,0
activist,activist,s,CharTypesNeutral,0
organizations,organizations,s,PubAdministrationNeutral,0
became,became,s,DescriptChangeNeutral,0
more,more,s,ExpoComparisonNeutral,0
prominent,prominent,s,PosValuesCommentary,0
in,in,s,OtherOrphanedOther,0
advocating,advocating,s,StratDirectAppealNeutral,0
for,for,s,StratDirectAppealNeutral,1
the,the,s,PubAdministrationNeutral,0
rights,rights,s,PubAdministrationNeutral,1
of,of,s,PubAdministrationNeutral,2
former,former,s,NarrSequenceNeutral,0
indentured,indentured,s,PubLawNeutral,0
workers,workers,s,CharTypesNeutral,0
and,and,s,OtherSyntacticComplexityOther,0
their,their,s,CharNamesNeutral,0
descendants,descendants,c,UncertaintyIndefiniteNeutral,0
.,.,s,,0
These,these,s,OtherOrphanedOther,0
organizations,organizations,s,PubAdministrationNeutral,0
often,often,s,NarrDurationNeutral,0
took,took,s,ForcefulEmphaticNeutral,0
up,up,s,ForcefulEmphaticNeutral,1
the,the,s,ForcefulEmphaticNeutral,2
cause,cause,s,ForcefulEmphaticNeutral,3
of,of,s,ForcefulEmphaticNeutral,4
better,better,s,ExpoComparisonNeutral,0
working,working,s,ContingentEventNeutral,0
conditions,conditions,c,ContingentEventNeutral,1
",",",",s,,0
equal,equal,s,PosValuesEqual,0
rights,rights,c,PosValuesEqual,1
",",",",s,,0
and,and,s,OtherSyntacticComplexityOther,0
justice,justice,s,PosValuesJustice,0
for,for,s,OtherOrphanedOther,0
the,the,s,CharTypesNeutral,0
Indian,indian,s,CharTypesNeutral,1
labor,labor,s,SpecialTopicsMiscellanyNeutral,0
community,community,c,SpecialTopicsMiscellanyNeutral,1
.,.,n,,0
Figures,figures,s,OtherOrphanedOther,0
like,like,s,OtherOrphanedOther,0
Sookdeo,sookdeo,s,,0
Bissoondoyal,bissoondoyal,s,,0
in,in,s,OtherOrphanedOther,0
Mauritius,mauritius,s,SpecialTopicsPlaceNeutral,0
and,and,s,OtherSyntacticComplexityOther,0
Pandit,pandit,s,CharTypesNeutral,0
Raghunandan,raghunandan,s,,0
in,in,s,OtherOrphanedOther,0
Trinidad,trinidad,s,SpecialTopicsPlaceNeutral,0
advocated,advocated,s,,0
for,for,s,OtherOrphanedOther,0
better,better,s,ContingentRelationshipPos,0
conditions,conditions,s,ContingentRelationshipPos,1
and,and,s,OtherSyntacticComplexityOther,0
political,political,s,PubLawNeutral,0
rights,rights,s,PubLawNeutral,1
for,for,s,OtherOrphanedOther,0
indentured,indentured,s,PubLawNeutral,0
laborers,laborers,c,CharTypesNeutral,0
",",",",s,,0
both,both,s,OtherSyntacticComplexityOther,0
during,during,s,NarrDurationNeutral,0
and,and,s,OtherSyntacticComplexityOther,0
after,after,s,NarrSequenceNeutral,0
the,the,s,NarrSequenceNeutral,1
indenture,indenture,s,SpecialTopicsMiscellanyNeutral,0
system,system,c,SpecialTopicsMiscellanyNeutral,1
.,.,n,,0
8,8,c,ExpoOtherNeutral,0
.,.,s,ExpoOtherNeutral,1
Resistance,resistance,s,NegActsResist,0
Through,through,s,OtherOrphanedOther,0
Family,family,s,SpecialTopicsMiscellanyNeutral,0
and,and,s,OtherSyntacticComplexityOther,0
Gender,gender,s,SpecialTopicsMiscellanyNeutral,0
Roles,roles,n,CharTypesNeutral,0
Women,women,s,CharTypesNeutral,1
played,played,s,ForcefulSignificantNeutral,0
a,a,s,ForcefulSignificantNeutral,1
significant,significant,s,ForcefulSignificantNeutral,2
role,role,s,ForcefulSignificantNeutral,3
in,in,s,ForcefulSignificantNeutral,4
the,the,s,DescriptObjectsNeutral,0
forms,forms,s,DescriptObjectsNeutral,1
of,of,s,OtherOrphanedOther,0
resistance,resistance,s,NegActsResist,0
on,on,s,OtherSyntacticComplexityOther,0
the,the,s,OtherSyntacticComplexityOther,1
plantations,plantations,c,DescriptVisualNeutral,0
.,.,s,,0
In,in,s,MetadiscourseAdditionNeutral,0
addition,addition,s,MetadiscourseAdditionNeutral,1
to,to,s,MetadiscourseAdditionNeutral,2
their,their,s,CharNamesNeutral,0
traditional,traditional,s,NarrOtherNeutral,0
domestic,domestic,s,SpecialTopicsMiscellanyNeutral,0
roles,roles,c,SpecialTopicsMiscellanyNeutral,0
",",",",s,,0
many,many,s,ExpoOtherNeutral,0
Indian,indian,s,CharTypesNeutral,0
women,women,s,CharTypesNeutral,1
found,found,s,InquiryDiscoveryNeutral,0
ways,ways,s,InquiryDiscoveryNeutral,1
to,to,s,OtherOrphanedOther,0
resist,resist,s,NegActsResist,0
by,by,s,OtherOrphanedOther,0
participating,participating,s,NarrActsNeutral,0
in,in,s,OtherOrphanedOther,0
small-scale,small-scale,s,SpecialTopicsMiscellanyNeutral,0
protests,protests,s,NegActsPlaintive,0
or,or,s,OtherSyntacticComplexityOther,0
challenging,challenging,s,NegActsResist,0
the,the,s,NegActsResist,1
patriarchal,patriarchal,s,SpecialTopicsMiscellanyNeutral,0
structures,structures,s,SpecialTopicsMiscellanyNeutral,0
imposed,imposed,s,NegRelImpose,0
by,by,s,OtherOrphanedOther,0
the,the,s,OtherOrphanedOther,0
colonial,colonial,s,SpecialTopicsMiscellanyNeutral,0
system,system,c,SpecialTopicsMiscellanyNeutral,1
.,.,s,,0
Women’s,women’s,s,CharTypesNeutral,0
resistance,resistance,s,NegActsResist,0
often,often,s,NarrDurationNeutral,0
centered,centered,s,OtherOrphanedOther,0
on,on,s,OtherOrphanedOther,1
issues,issues,s,NegActsResist,0
such,such,s,NegActsResist,1
as,as,s,NegActsResist,2
family,family,s,SpecialTopicsMiscellanyNeutral,0
separation,separation,c,SpecialTopicsMiscellanyNeutral,0
",",",",s,,0
the,the,s,OtherOrphanedOther,0
abduction,abduction,s,NegActsAggressive,0
of,of,s,OtherOrphanedOther,0
women,women,c,CharTypesNeutral,0
",",",",s,,0
and,and,s,OtherSyntacticComplexityOther,0
the,the,s,OtherSyntacticComplexityOther,1
exploitation,exploitation,s,NegActsAggressive,0
of,of,s,OtherOrphanedOther,0
women,women,s,CharTypesNeutral,0
workers,workers,s,CharTypesNeutral,0
by,by,s,OtherOrphanedOther,0
plantation,plantation,s,DescriptVisualNeutral,0
overseers,overseers,c,CharTypesNeutral,0
.,.,n,,0
Family,family,s,SpecialTopicsMiscellanyNeutral,0
structures,structures,s,SpecialTopicsMiscellanyNeutral,0
in,in,s,OtherOrphanedOther,0
the,the,s,OtherOrphanedOther,0
indentured,indentured,s,PubLawNeutral,0
system,system,s,SpecialTopicsMiscellanyNeutral,0
also,also,s,MetadiscourseAdditionNeutral,0
helped,helped,s,FacilitateHelpPos,0
create,create,s,FacilitateHelpPos,1
spaces,spaces,s,SpecialTopicsMiscellanyNeutral,0
of,of,s,OtherOrphanedOther,0
resistance,resistance,c,NegActsResist,0
.,.,s,,0
The,the,s,OtherOrphanedOther,0
family,family,s,SpecialTopicsMiscellanyNeutral,0
unit,unit,s,SpecialTopicsMiscellanyNeutral,0
offered,offered,s,FacilitateSponsorNeutral,0
protection,protection,s,FacilitateSponsorNeutral,1
and,and,s,OtherSyntacticComplexityOther,0
solidarity,solidarity,c,PosRelSolidarity,0
",",",",s,,0
with,with,s,OtherOrphanedOther,0
parents,parents,s,CharTypesNeutral,0
working,working,s,OtherOrphanedOther,0
to,to,s,OtherOrphanedOther,0
provide,provide,s,FacilitateSponsorNeutral,0
better,better,s,ExpoComparisonNeutral,0
futures,futures,s,FutureOtherNeutral,0
for,for,s,OtherOrphanedOther,0
their,their,s,CharNamesNeutral,0
children,children,s,CharTypesNeutral,0
despite,despite,s,MetadiscourseContrastNeutral,0
the,the,s,OtherOrphanedOther,0
constraints,constraints,s,NegActsResist,0
imposed,imposed,s,NegRelImpose,0
by,by,s,OtherOrphanedOther,0
colonial,colonial,s,SpecialTopicsMiscellanyNeutral,0
labor,labor,s,SpecialTopicsMiscellanyNeutral,0
systems,systems,c,SpecialTopicsMiscellanyNeutral,1
.,.,n,,0
9,9,c,ExpoOtherNeutral,0
.,.,s,ExpoOtherNeutral,1
Use,use,s,SpecialTopicsMiscellanyNeutral,0
of,of,s,SpecialTopicsMiscellanyNeutral,1
Languages,languages,s,SpecialTopicsMiscellanyNeutral,0
and,and,s,OtherSyntacticComplexityOther,0
Codes,codes,n,PubAdministrationNeutral,0
Language,language,c,SpecialTopicsMiscellanyNeutral,0
",",",",s,,0
particularly,particularly,s,ExpoSpecificationNeutral,0
Bhojpuri,bhojpuri,c,,0
",",",",s,,0
played,played,s,ForcefulSignificantNeutral,0
an,an,s,ForcefulSignificantNeutral,1
important,important,s,ForcefulSignificantNeutral,2
role,role,s,ForcefulSignificantNeutral,3
in,in,s,ForcefulSignificantNeutral,4
resistance,resistance,c,NegActsResist,0
.,.,s,,0
The,the,s,OtherOrphanedOther,0
language,language,s,SpecialTopicsMiscellanyNeutral,0
acted,acted,s,ExpoComparisonNeutral,0
as,as,s,ExpoComparisonNeutral,1
a,a,s,ExpoComparisonNeutral,2
form,form,s,SpecialTopicsMiscellanyNeutral,0
of,of,s,SpecialTopicsMiscellanyNeutral,1
collective,collective,s,StratCoordinationNeutral,0
identity,identity,s,SpecialTopicsMiscellanyNeutral,0
and,and,s,OtherSyntacticComplexityOther,0
also,also,s,MetadiscourseAdditionNeutral,0
enabled,enabled,s,FacilitateEnablePos,0
laborers,laborers,s,CharTypesNeutral,0
to,to,s,OtherOrphanedOther,0
communicate,communicate,s,InterOtherNeutral,0
secretly,secretly,s,PubPrivacyNeutral,0
or,or,s,OtherSyntacticComplexityOther,0
use,use,s,PubAdministrationNeutral,0
codes,codes,s,PubAdministrationNeutral,1
to,to,s,OtherOrphanedOther,0
evade,evade,s,ResponsibilityHoldNeg,0
detection,detection,s,InquiryExplorationNeutral,0
by,by,s,OtherOrphanedOther,0
overseers,overseers,c,CharTypesNeutral,0
.,.,s,,0
Workers,workers,s,CharTypesNeutral,0
would,would,s,NarrOtherNeutral,0
use,use,s,DescriptSoundNeutral,0
songs,songs,c,DescriptSoundNeutral,1
",",",",s,,0
poems,poems,c,SpecialTopicsMiscellanyNeutral,0
",",",",s,,0
and,and,s,OtherSyntacticComplexityOther,0
oral,oral,s,NarrSequenceNeutral,0
stories,stories,s,NarrSequenceNeutral,1
to,to,s,OtherOrphanedOther,0
communicate,communicate,s,InterOtherNeutral,0
hidden,hidden,s,DescriptVisualNeutral,0
grievances,grievances,s,NegActsPlaintive,0
or,or,s,OtherSyntacticComplexityOther,0
rally,rally,s,DescriptChangePos,0
others,others,s,,0
to,to,s,OtherOrphanedOther,0
join,join,s,StratCoordinationNeutral,0
in,in,s,StratCoordinationNeutral,1
resistance,resistance,s,CharTraitsNeutral,0
efforts,efforts,c,CharTraitsNeutral,1
.,.,n,,0
Conclusion,conclusion,n,ReasoningConcludeNeutral,0
The,the,s,OtherOrphanedOther,0
resistance,resistance,s,NegActsResist,0
of,of,s,OtherOrphanedOther,0
indentured,indentured,s,PubLawNeutral,0
laborers,laborers,s,CharTypesNeutral,0
in,in,s,OtherOrphanedOther,0
Suriname,suriname,s,SpecialTopicsPlaceNeutral,0
and,and,s,OtherSyntacticComplexityOther,0
other,other,s,,0
colonies,colonies,s,SpecialTopicsMiscellanyNeutral,0
was,was,s,NarrOtherNeutral,0
multi-faceted,multi-faceted,c,ExpoOtherNeutral,0
",",",",s,,0
ranging,ranging,s,ExpoOtherNeutral,0
from,from,s,ExpoOtherNeutral,1
quiet,quiet,s,NegActsResist,0
defiance,defiance,s,NegActsResist,1
in,in,s,DescriptVisualNeutral,0
the,the,s,DescriptVisualNeutral,1
form,form,s,DescriptVisualNeutral,2
of,of,s,DescriptVisualNeutral,3
work,work,s,DescriptChangeNeg,0
slowdowns,slowdowns,s,DescriptChangeNeg,1
and,and,s,OtherSyntacticComplexityOther,0
faked,faked,s,NegActsFake,0
illnesses,illnesses,c,NegActsFake,1
",",",",s,,0
to,to,s,OtherOrphanedOther,0
open,open,s,OtherOrphanedOther,0
protests,protests,s,NegActsPlaintive,0
such,such,s,ExpoExampleNeutral,0
as,as,s,ExpoExampleNeutral,1
strikes,strikes,c,NegEmotionsOther,0
",",",",s,,0
uprisings,uprisings,c,StratActsNeg,0
",",",",s,,0
and,and,s,OtherSyntacticComplexityOther,0
desertion,desertion,c,NegRelForsake,0
.,.,s,,0
These,these,s,OtherOrphanedOther,0
laborers,laborers,s,CharTypesNeutral,0
resisted,resisted,s,NegActsResist,0
in,in,s,OtherSyntacticComplexityOther,0
ways,ways,s,OtherSyntacticComplexityOther,1
that,that,s,OtherSyntacticComplexityOther,2
were,were,s,NarrOtherNeutral,0
shaped,shaped,s,OtherOrphanedOther,0
by,by,s,OtherOrphanedOther,0
their,their,s,CharNamesNeutral,0
cultural,cultural,s,SpecialTopicsMiscellanyNeutral,0
and,and,s,OtherSyntacticComplexityOther,0
religious,religious,s,CharTraitsNeutral,0
practices,practices,c,OtherOrphanedGenericActivity,0
",",",",s,,0
as,as,s,OtherSyntacticComplexityOther,0
well,well,s,OtherSyntacticComplexityOther,1
as,as,s,OtherSyntacticComplexityOther,2
the,the,s,OtherSyntacticComplexityOther,3
harsh,harsh,s,NegEmotionsRealityHard,0
realities,realities,s,NegEmotionsRealityHard,1
they,they,s,NegValuesOther,0
faced,faced,s,NegValuesOther,1
under,under,s,DescriptVisualNeutral,0
the,the,s,DescriptVisualNeutral,1
colonial,colonial,s,SpecialTopicsMiscellanyNeutral,0
plantation,plantation,s,SpecialTopicsMiscellanyNeutral,0
system,system,c,SpecialTopicsMiscellanyNeutral,1
.,.,s,,0
Despite,despite,s,MetadiscourseContrastNeutral,0
the,the,s,OtherOrphanedOther,0
oppressive,oppressive,s,ContingentPossibilityNeg,0
conditions,conditions,c,ContingentPossibilityNeg,1
",",",",s,,0
they,they,s,OtherOrphanedOther,0
managed,managed,s,CharTraitsNeutral,0
to,to,s,CharTraitsNeutral,1
maintain,maintain,s,CharTraitsNeutral,2
their,their,s,CharNamesNeutral,0
human,human,s,SpecialTopicsMiscellanyNeutral,0
dignity,dignity,s,PosValuesDignity,0
and,and,s,OtherSyntacticComplexityOther,0
cultural,cultural,s,SpecialTopicsMiscellanyNeutral,0
identity,identity,c,SpecialTopicsMiscellanyNeutral,1
",",",",s,,0
paving,paving,s,FutureOtherPos,0
the,the,s,FutureOtherPos,1
way,way,s,FutureOtherPos,2
for,for,s,FutureOtherPos,3
future,future,s,FutureOtherNeg,0
struggles,struggles,s,FutureOtherNeg,1
for,for,s,OtherOrphanedOther,0
freedom,freedom,s,PosValuesFreedom,0
and,and,s,OtherSyntacticComplexityOther,0
justice,justice,c,PosValuesJustice,0
.,.,n,,0
Yes,yes,c,InterDialogueNeutral,0
",",",",s,InterDialogueNeutral,1
the,the,s,OtherOrphanedOther,0
caste,caste,s,SpecialTopicsMiscellanyNeutral,0
system,system,s,SpecialTopicsMiscellanyNeutral,1
from,from,s,OtherOrphanedOther,0
India,india,s,SpecialTopicsPlaceNeutral,0
did,did,s,ForcefulIntenseNeutral,0
find,find,s,OtherOrphanedOther,0
new,new,s,NarrImmediacyNeutral,0
forms,forms,s,SpecialTopicsMiscellanyNeutral,0
of,of,s,SpecialTopicsMiscellanyNeutral,1
expression,expression,s,DescriptVisualNeutral,0
in,in,s,OtherOrphanedOther,0
Suriname,suriname,s,SpecialTopicsPlaceNeutral,0
after,after,s,NarrSceneShiftNeutral,0
the,the,s,NarrSceneShiftNeutral,1
arrival,arrival,s,NarrSceneShiftNeutral,2
of,of,s,OtherOrphanedOther,0
indentured,indentured,s,PubLawNeutral,0
laborers,laborers,s,CharTypesNeutral,0
in,in,s,NarrDurationNeutral,0
the,the,s,NarrDurationNeutral,1
19th,19th,s,NarrDurationNeutral,2
century,century,c,NarrDurationNeutral,3
.,.,s,,0
While,while,s,NarrDurationNeutral,0
the,the,s,NarrDurationNeutral,1
caste,caste,s,SpecialTopicsMiscellanyNeutral,0
system,system,s,SpecialTopicsMiscellanyNeutral,1
was,was,s,NarrOtherNeutral,0
deeply,deeply,s,DescriptVisualNeutral,0
embedded,embedded,s,DescriptVisualNeutral,1
in,in,s,DescriptVisualNeutral,2
the,the,s,CharTypesNeutral,0
Indian,indian,s,CharTypesNeutral,1
subcontinent,subcontinent,c,DescriptVisualNeutral,0
",",",",s,SpecialTopicsMiscellanyNeutral,0
its,its,s,SpecialTopicsMiscellanyNeutral,1
transmission,transmission,s,SpecialTopicsMiscellanyNeutral,0
and,and,s,OtherSyntacticComplexityOther,0
transformation,transformation,s,DescriptChangeNeutral,0
within,within,s,MetadiscourseOtherNeutral,0
the,the,s,MetadiscourseOtherNeutral,1
context,context,s,MetadiscourseOtherNeutral,2
of,of,s,MetadiscourseOtherNeutral,3
indenture,indenture,s,PubLawNeutral,0
and,and,s,OtherSyntacticComplexityOther,0
colonialism,colonialism,s,SpecialTopicsMiscellanyNeutral,0
in,in,s,OtherOrphanedOther,0
Suriname,suriname,s,SpecialTopicsPlaceNeutral,0
led,led,s,ReasoningOtherNeutral,0
to,to,s,ReasoningOtherNeutral,1
adaptations,adaptations,c,DescriptChangeNeutral,0
",",",",s,,0
both,both,s,OtherSyntacticComplexityOther,0
subtle,subtle,s,ReasoningAnalyzeNeutral,0
and,and,s,OtherSyntacticComplexityOther,0
overt,overt,c,,0
",",",",s,,0
in,in,s,OtherOrphanedOther,0
the,the,s,OtherOrphanedOther,0
social,social,s,SpecialTopicsMiscellanyNeutral,0
structure,structure,s,SpecialTopicsMiscellanyNeutral,1
and,and,s,OtherSyntacticComplexityOther,0
dynamics,dynamics,s,ForcefulEnergizedNeutral,0
of,of,s,OtherSyntacticComplexityOther,0
the,the,s,OtherSyntacticComplexityOther,1
Indian,indian,s,CharTypesNeutral,0
diaspora,diaspora,s,SpecialTopicsMiscellanyNeutral,0
in,in,s,OtherOrphanedOther,0
Suriname,suriname,c,SpecialTopicsPlaceNeutral,0
.,.,n,MetadiscourseOtherNeutral,0
Here’s,here’s,s,MetadiscourseOtherNeutral,1
how,how,s,MetadiscourseOtherNeutral,2
the,the,s,OtherOrphanedOther,0
caste,caste,s,SpecialTopicsMiscellanyNeutral,0
system,system,s,SpecialTopicsMiscellanyNeutral,1
reinvented,reinvented,s,NarrDurationNeutral,0
itself,itself,s,ForcefulEmphaticNeutral,0
and,and,s,OtherSyntacticComplexityOther,0
found,found,s,OtherOrphanedOther,0
expression,expression,s,DescriptVisualNeutral,0
in,in,s,OtherOrphanedOther,0
Suriname,suriname,c,SpecialTopicsPlaceNeutral,0
:,:,n,,0
1,1,c,ExpoOtherNeutral,0
.,.,s,ExpoOtherNeutral,1
Caste,caste,s,SpecialTopicsMiscellanyNeutral,0
Identity,identity,s,SpecialTopicsMiscellanyNeutral,0
among,among,s,OtherOrphanedOther,0
Indian,indian,s,PubLawNeutral,0
Indentured,indentured,s,PubLawNeutral,1
Laborers,laborers,n,CharTypesNeutral,0
When,when,s,OtherOrphanedOther,0
the,the,s,OtherOrphanedOther,0
indentured,indentured,s,PubLawNeutral,0
laborers,laborers,s,CharTypesNeutral,0
arrived,arrived,s,NarrSceneShiftNeutral,0
in,in,s,NarrSceneShiftNeutral,1
Suriname,suriname,c,SpecialTopicsPlaceNeutral,0
",",",",s,,0
many,many,s,OtherSyntacticComplexityOther,0
of,of,s,OtherSyntacticComplexityOther,1
them,them,s,NarrActsNeutral,0
brought,brought,s,NarrActsNeutral,0
with,with,s,OtherOrphanedOther,0
them,them,s,NarrActsNeutral,0
traditional,traditional,s,NarrOtherNeutral,0
social,social,s,SpecialTopicsMiscellanyNeutral,0
structures,structures,s,SpecialTopicsMiscellanyNeutral,1
rooted,rooted,s,DescriptVisualNeutral,0
in,in,s,DescriptVisualNeutral,1
the,the,s,DescriptVisualNeutral,2
caste,caste,s,SpecialTopicsMiscellanyNeutral,0
system,system,c,SpecialTopicsMiscellanyNeutral,1
.,.,s,,0
In,in,s,OtherOrphanedOther,0
India,india,c,SpecialTopicsPlaceNeutral,0
",",",",s,,0
the,the,s,OtherOrphanedOther,0
caste,caste,s,SpecialTopicsMiscellanyNeutral,0
system,system,s,SpecialTopicsMiscellanyNeutral,1
organized,organized,s,OtherOrphanedOther,0
people,people,s,CharTypesNeutral,0
into,into,s,OtherOrphanedOther,0
hierarchical,hierarchical,s,SpecialTopicsMiscellanyNeutral,0
groups,groups,s,SpecialTopicsMiscellanyNeutral,0
based,based,s,ReasoningPremiseNeutral,0
on,on,s,ReasoningPremiseNeutral,1
occupation,occupation,c,SpecialTopicsMiscellanyNeutral,0
",",",",s,,0
ritual,ritual,s,PubAdministrationNeutral,0
purity,purity,c,PosValuesSafeguard,0
",",",",s,,0
and,and,s,OtherSyntacticComplexityOther,0
hereditary,hereditary,s,SpecialTopicsMiscellanyNeutral,0
status,status,c,SpecialTopicsMiscellanyNeutral,0
.,.,n,InterCommandNeutral,0
Upon,upon,s,InterCommandNeutral,1
arrival,arrival,s,NarrSceneShiftNeutral,0
in,in,s,NarrSceneShiftNeutral,1
Suriname,suriname,c,SpecialTopicsPlaceNeutral,0
",",",",s,,0
although,although,s,MetadiscourseContrastNeutral,0
the,the,s,OtherOrphanedOther,0
caste,caste,s,SpecialTopicsMiscellanyNeutral,0
system,system,s,SpecialTopicsMiscellanyNeutral,1
was,was,s,NarrOtherNeutral,0
not,not,s,NegActsResist,0
explicitly,explicitly,s,NegActsResist,1
enforced,enforced,s,DescriptChangeNeutral,0
by,by,s,DescriptChangeNeutral,1
the,the,s,OtherOrphanedOther,0
Dutch,dutch,s,SpecialTopicsMiscellanyNeutral,0
colonial,colonial,s,SpecialTopicsMiscellanyNeutral,1
authorities,authorities,c,PubAdministrationNeutral,0
",",",",s,,0
it,it,s,,0
continued,continued,s,NarrDurationNeutral,0
to,to,s,NarrDurationNeutral,1
manifest,manifest,s,ConfidenceHighNeutral,0
in,in,s,ConfidenceHighNeutral,1
the,the,s,NarrDurationNeutral,0
daily,daily,s,NarrDurationNeutral,1
lives,lives,s,NarrBiographyNeutral,0
of,of,s,OtherSyntacticComplexityOther,0
the,the,s,OtherSyntacticComplexityOther,1
laborers,laborers,c,CharTypesNeutral,0
.,.,s,,0
Caste-based,caste-based,s,SpecialTopicsMiscellanyNeutral,0
identities,identities,s,,0
were,were,s,UpdatesNewsNeutral,0
still,still,s,UpdatesNewsNeutral,1
important,important,s,ForcefulSignificantNeutral,0
for,for,s,OtherSyntacticComplexityOther,0
many,many,s,OtherSyntacticComplexityOther,1
of,of,s,OtherSyntacticComplexityOther,0
the,the,s,OtherSyntacticComplexityOther,1
indentured,indentured,s,PubLawNeutral,0
workers,workers,c,CharTypesNeutral,0
",",",",s,,0
particularly,particularly,s,ExpoSpecificationNeutral,0
in,in,s,ExpoSpecificationNeutral,1
relation,relation,s,SpecialTopicsMiscellanyNeutral,0
to,to,s,OtherOrphanedOther,0
marriage,marriage,c,SpecialTopicsMiscellanyNeutral,0
",",",",s,,0
social,social,s,PubAdministrationNeutral,0
interactions,interactions,c,PubAdministrationNeutral,1
",",",",s,,0
and,and,s,OtherSyntacticComplexityOther,0
community,community,s,SpecialTopicsMiscellanyNeutral,0
organization,organization,c,SpecialTopicsMiscellanyNeutral,1
.,.,n,,0
2,2,c,ExpoOtherNeutral,0
.,.,s,ExpoOtherNeutral,1
Social,social,s,SpecialTopicsMiscellanyNeutral,0
Hierarchy,hierarchy,s,SpecialTopicsMiscellanyNeutral,1
on,on,s,OtherSyntacticComplexityOther,0
the,the,s,OtherSyntacticComplexityOther,1
Plantations,plantations,n,DescriptVisualNeutral,0
Within,within,s,OtherOrphanedOther,0
the,the,s,OtherOrphanedOther,0
plantation,plantation,s,DescriptVisualNeutral,0
communities,communities,c,SpecialTopicsMiscellanyNeutral,0
",",",",s,,0
a,a,s,OtherOrphanedOther,0
hierarchical,hierarchical,s,SpecialTopicsMiscellanyNeutral,0
structure,structure,s,SpecialTopicsMiscellanyNeutral,0
emerged,emerged,s,ContingentEventNeutral,0
that,that,s,OtherOrphanedOther,0
mirrored,mirrored,s,DescriptVisualNeutral,0
aspects,aspects,s,SpecialTopicsMiscellanyNeutral,0
of,of,s,SpecialTopicsMiscellanyNeutral,1
the,the,s,OtherOrphanedOther,0
traditional,traditional,s,NarrOtherNeutral,0
caste,caste,s,SpecialTopicsMiscellanyNeutral,0
system,system,s,SpecialTopicsMiscellanyNeutral,1
from,from,s,OtherOrphanedOther,0
India,india,c,SpecialTopicsPlaceNeutral,0
.,.,s,,0
While,while,s,NarrDurationNeutral,0
all,all,s,ExpoOtherNeutral,0
indentured,indentured,s,PubLawNeutral,0
laborers,laborers,s,CharTypesNeutral,0
were,were,s,NarrOtherNeutral,0
technically,technically,s,SpecialTopicsMiscellanyNeutral,0
of,of,s,OtherSyntacticComplexityOther,0
the,the,s,OtherSyntacticComplexityOther,1
same,same,s,ExpoComparisonNeutral,0
social,social,s,SpecialTopicsMiscellanyNeutral,0
status,status,s,SpecialTopicsMiscellanyNeutral,1
as,as,s,CitationQuotationNeutral,0
“,",c,CitationQuotationNeutral,1
coolies,coolies,c,CharTypesNeutral,0
”,",c,,0
",",",",s,,0
the,the,s,OtherOrphanedOther,0
division,division,s,SpecialTopicsMiscellanyNeutral,0
between,between,s,OtherOrphanedOther,0
higher,higher,s,ExpoComparisonNeutral,0
and,and,s,OtherSyntacticComplexityOther,0
lower,lower,s,OtherOrphanedOther,0
castes,castes,s,SpecialTopicsMiscellanyNeutral,0
still,still,s,OtherOrphanedOther,0
persisted,persisted,s,NarrDurationNeutral,0
within,within,s,SpecialTopicsPlaceNeutral,0
the,the,s,SpecialTopicsPlaceNeutral,1
community,community,c,SpecialTopicsPlaceNeutral,2
.,.,n,,0
Laborers,laborers,s,CharTypesNeutral,0
from,from,s,OtherOrphanedOther,0
higher,higher,s,ExpoComparisonNeutral,0
castes,castes,s,SpecialTopicsMiscellanyNeutral,0
(,(,c,OtherOrphanedOther,0
like,like,s,OtherOrphanedOther,0
Brahmins,brahmins,s,,0
or,or,s,OtherSyntacticComplexityOther,0
Vaishyas,vaishyas,c,,0
),),s,OtherOrphanedOther,0
often,often,s,NarrDurationNeutral,0
maintained,maintained,s,NarrDurationNeutral,0
some,some,s,ExpoOtherNeutral,0
semblance,semblance,s,DescriptVisualNeutral,0
of,of,s,DescriptVisualNeutral,1
their,their,s,CharNamesNeutral,0
privileges,privileges,s,StratActsPos,0
and,and,s,OtherSyntacticComplexityOther,0
social,social,s,SpecialTopicsMiscellanyNeutral,0
roles,roles,c,SpecialTopicsMiscellanyNeutral,1
.,.,s,NarrActsNeutral,0
They,they,s,NarrActsNeutral,1
were,were,s,NarrOtherNeutral,0
sometimes,sometimes,s,ContingentRelationshipNeutral,0
respected,respected,s,PosRelRespect,0
by,by,s,OtherOrphanedOther,0
other,other,s,,0
workers,workers,s,CharTypesNeutral,0
and,and,s,OtherSyntacticComplexityOther,0
tended,tended,s,ConfidenceHedgedNeutral,0
to,to,s,ConfidenceHedgedNeutral,1
hold,hold,s,ConfidenceHedgedNeutral,2
positions,positions,s,SpecialTopicsMiscellanyNeutral,0
that,that,s,OtherOrphanedOther,0
allowed,allowed,s,FacilitateExpediteNeutral,0
them,them,s,FacilitateExpediteNeutral,1
to,to,s,FacilitateExpediteNeutral,2
exercise,exercise,s,NarrActsNeutral,0
some,some,s,ExpoOtherNeutral,0
degree,degree,s,SpecialTopicsMiscellanyNeutral,0
of,of,s,SpecialTopicsMiscellanyNeutral,1
authority,authority,s,PubAdministrationNeutral,0
or,or,s,OtherSyntacticComplexityOther,0
respect,respect,s,PosRelRespect,0
within,within,s,OtherOrphanedOther,0
the,the,s,OtherOrphanedOther,0
labor,labor,s,NegEmotionsOther,0
camp,camp,c,NegEmotionsOther,1
.,.,n,,0
Lower,lower,s,OtherOrphanedOther,0
caste,caste,s,SpecialTopicsMiscellanyNeutral,0
individuals,individuals,c,CharTypesNeutral,0
",",",",s,,0
including,including,s,NarrActsNeutral,0
those,those,s,OtherOrphanedOther,0
from,from,s,OtherOrphanedOther,0
the,the,s,OtherOrphanedOther,0
Dalit,dalit,s,SpecialTopicsMiscellanyNeutral,0
communities,communities,s,SpecialTopicsMiscellanyNeutral,1
or,or,s,MetadiscourseOtherNeutral,0
those,those,s,MetadiscourseOtherNeutral,1
considered,considered,s,CharTraitsNeutral,0
“,",c,,0
untouchables,untouchables,c,NegActsResist,0
”,",s,,0
in,in,s,OtherOrphanedOther,0
India,india,c,SpecialTopicsPlaceNeutral,0
",",",",s,,0
were,were,s,NarrDurationNeutral,0
often,often,s,NarrDurationNeutral,1
treated,treated,s,OtherOrphanedOther,0
with,with,s,OtherOrphanedOther,1
disdain,disdain,s,NegActsCriticize,0
or,or,s,OtherSyntacticComplexityOther,0
marginalized,marginalized,s,DescriptChangeNeg,0
within,within,s,OtherOrphanedOther,0
the,the,s,CharTypesNeutral,0
Indian,indian,s,CharTypesNeutral,1
community,community,s,SpecialTopicsMiscellanyNeutral,0
in,in,s,OtherOrphanedOther,0
Suriname,suriname,c,SpecialTopicsPlaceNeutral,0
.,.,s,,0
The,the,s,OtherOrphanedOther,0
social,social,s,SpecialTopicsMiscellanyNeutral,0
stratification,stratification,s,SpecialTopicsMiscellanyNeutral,1
was,was,s,NarrOtherNeutral,0
evident,evident,s,ReasoningDefendPos,0
in,in,s,OtherSyntacticComplexityOther,0
how,how,s,OtherSyntacticComplexityOther,1
people,people,s,CharTypesNeutral,0
from,from,s,ExpoComparisonNeutral,0
different,different,s,ExpoComparisonNeutral,1
castes,castes,s,SpecialTopicsMiscellanyNeutral,0
interacted,interacted,s,OtherOrphanedOther,0
with,with,s,OtherOrphanedOther,1
each,each,s,OtherSyntacticComplexityOther,0
other,other,c,OtherSyntacticComplexityOther,1
",",",",s,,0
with,with,s,OtherOrphanedOther,0
higher,higher,s,ExpoComparisonNeutral,0
caste,caste,s,SpecialTopicsMiscellanyNeutral,0
individuals,individuals,s,CharTypesNeutral,0
often,often,s,NarrDurationNeutral,0
distancing,distancing,s,NegRelDistance,0
themselves,themselves,s,NegRelDistance,1
from,from,s,NegRelDistance,2
the,the,s,DescriptVisualNeutral,0
lower,lower,s,DescriptVisualNeutral,1
castes,castes,c,SpecialTopicsMiscellanyNeutral,0
.,.,n,,0
3,3,c,ExpoOtherNeutral,0
.,.,s,ExpoOtherNeutral,1
Caste-based,caste-based,s,SpecialTopicsMiscellanyNeutral,0
Communities,communities,s,SpecialTopicsMiscellanyNeutral,0
in,in,s,OtherOrphanedOther,0
Suriname,suriname,n,SpecialTopicsPlaceNeutral,0
The,the,s,CharTypesNeutral,0
Indian,indian,s,CharTypesNeutral,1
community,community,s,SpecialTopicsMiscellanyNeutral,0
in,in,s,OtherOrphanedOther,0
Suriname,suriname,s,SpecialTopicsPlaceNeutral,0
became,became,s,DescriptChangeNeutral,0
increasingly,increasingly,s,DescriptChangeNeutral,0
organized,organized,s,StratActsNeutral,0
around,around,s,StratActsNeutral,1
caste,caste,s,SpecialTopicsMiscellanyNeutral,0
lines,lines,c,OtherOrphanedOther,0
",",",",s,,0
especially,especially,s,ForcefulEmphaticNeutral,0
in,in,s,OtherSyntacticComplexityOther,0
terms,terms,s,OtherSyntacticComplexityOther,1
of,of,s,OtherSyntacticComplexityOther,2
marriage,marriage,s,SpecialTopicsMiscellanyNeutral,0
and,and,s,OtherSyntacticComplexityOther,0
social,social,s,PosRelSocial,0
functions,functions,c,PosRelSocial,1
.,.,s,,0
Marriage,marriage,s,SpecialTopicsMiscellanyNeutral,0
within,within,s,OtherOrphanedOther,0
one's,one's,s,OtherOrphanedOther,0
caste,caste,s,SpecialTopicsMiscellanyNeutral,0
was,was,s,PubAdministrationNeutral,0
seen,seen,s,PubAdministrationNeutral,1
as,as,s,PubAdministrationNeutral,2
a,a,s,DescriptVisualNeutral,0
way,way,s,DescriptVisualNeutral,1
to,to,s,DescriptVisualNeutral,2
preserve,preserve,s,OtherOrphanedOther,0
social,social,s,,0
purity,purity,s,PosValuesSafeguard,0
and,and,s,OtherSyntacticComplexityOther,0
maintain,maintain,s,NarrDurationNeutral,0
the,the,s,NarrDurationNeutral,1
traditional,traditional,s,NarrOtherNeutral,0
roles,roles,s,SpecialTopicsMiscellanyNeutral,0
and,and,s,OtherSyntacticComplexityOther,0
status,status,s,SpecialTopicsMiscellanyNeutral,0
associated,associated,s,ExpoOtherNeutral,0
with,with,s,ExpoOtherNeutral,1
that,that,s,OtherOrphanedOther,0
caste,caste,c,SpecialTopicsMiscellanyNeutral,0
.,.,n,,0
Caste-based,caste-based,s,SpecialTopicsMiscellanyNeutral,0
associations,associations,s,,0
began,began,s,NarrSequenceNeutral,0
to,to,s,NarrSequenceNeutral,1
form,form,s,OtherOrphanedOther,0
in,in,s,OtherOrphanedOther,0
Suriname,suriname,s,SpecialTopicsPlaceNeutral,0
as,as,s,OtherSyntacticComplexityOther,0
a,a,s,OtherSyntacticComplexityOther,1
way,way,s,OtherSyntacticComplexityOther,2
for,for,s,OtherOrphanedOther,0
people,people,s,CharTypesNeutral,0
from,from,s,OtherOrphanedOther,0
similar,similar,s,ExpoComparisonNeutral,0
caste,caste,s,SpecialTopicsMiscellanyNeutral,0
backgrounds,backgrounds,s,ContingentEventNeutral,0
to,to,s,StratCognitionNeutral,0
support,support,s,StratCognitionNeutral,1
each,each,s,OtherSyntacticComplexityOther,0
other,other,s,OtherSyntacticComplexityOther,1
socially,socially,s,PubAdministrationNeutral,0
and,and,s,OtherSyntacticComplexityOther,0
economically,economically,c,SpecialTopicsMiscellanyNeutral,0
.,.,s,,0
These,these,s,OtherOrphanedOther,0
groups,groups,s,SpecialTopicsMiscellanyNeutral,0
were,were,s,NarrOtherNeutral,0
not,not,s,ForcefulEmphaticNeutral,0
just,just,s,ForcefulEmphaticNeutral,1
informal,informal,s,SpecialTopicsMiscellanyNeutral,0
social,social,s,SpecialTopicsMiscellanyNeutral,0
networks,networks,s,SpecialTopicsMiscellanyNeutral,1
but,but,s,MetadiscourseContrastNeutral,0
also,also,s,MetadiscourseAdditionNeutral,0
played,played,s,OtherOrphanedOther,0
important,important,s,ForcefulSignificantNeutral,0
roles,roles,s,SpecialTopicsMiscellanyNeutral,0
in,in,s,OtherOrphanedOther,0
organizing,organizing,s,OtherOrphanedOther,0
religious,religious,s,CharTraitsNeutral,0
and,and,s,OtherSyntacticComplexityOther,0
cultural,cultural,s,NarrActsNeutral,0
events,events,c,NarrActsNeutral,1
",",",",s,ExpoExampleNeutral,0
such,such,s,ExpoExampleNeutral,1
as,as,s,ExpoExampleNeutral,2
Hindu,hindu,s,SpecialTopicsMiscellanyNeutral,0
festivals,festivals,s,PosEmotionsFestive,0
or,or,s,OtherSyntacticComplexityOther,0
rituals,rituals,c,PubAdministrationNeutral,0
.,.,n,,0
4,4,c,ExpoOtherNeutral,0
.,.,s,ExpoOtherNeutral,1
Caste,caste,s,SpecialTopicsMiscellanyNeutral,0
and,and,s,OtherSyntacticComplexityOther,0
Religion,religion,n,SpecialTopicsMiscellanyNeutral,0
Religion,religion,c,SpecialTopicsMiscellanyNeutral,0
",",",",s,,0
particularly,particularly,s,ExpoSpecificationNeutral,0
Hinduism,hinduism,c,SpecialTopicsMiscellanyNeutral,0
",",",",s,,0
played,played,s,ForcefulSignificantNeutral,0
a,a,s,ForcefulSignificantNeutral,1
significant,significant,s,ForcefulSignificantNeutral,2
role,role,s,ForcefulSignificantNeutral,3
in,in,s,ForcefulSignificantNeutral,4
reinforcing,reinforcing,s,DescriptChangePos,0
caste-based,caste-based,s,SpecialTopicsMiscellanyNeutral,0
distinctions,distinctions,s,MetadiscourseContrastNeutral,0
in,in,s,OtherOrphanedOther,0
Suriname,suriname,c,SpecialTopicsPlaceNeutral,0
.,.,s,MetadiscourseContrastNeutral,0
Although,although,s,MetadiscourseContrastNeutral,1
Hinduism,hinduism,s,SpecialTopicsMiscellanyNeutral,0
in,in,s,OtherOrphanedOther,0
Suriname,suriname,s,SpecialTopicsPlaceNeutral,0
adapted,adapted,s,PosValuesOther,0
to,to,s,PosValuesOther,1
a,a,s,OtherOrphanedOther,0
Caribbean,caribbean,s,SpecialTopicsPlaceNeutral,0
context,context,c,ContingentEventNeutral,0
",",",",s,,0
caste,caste,s,SpecialTopicsMiscellanyNeutral,0
still,still,s,OtherOrphanedOther,0
played,played,s,ForcefulSignificantNeutral,0
an,an,s,ForcefulSignificantNeutral,1
important,important,s,ForcefulSignificantNeutral,2
role,role,s,ForcefulSignificantNeutral,3
in,in,s,ForcefulSignificantNeutral,4
the,the,s,OtherOrphanedOther,0
religious,religious,s,CharTraitsNeutral,0
life,life,s,CharTypesNeutral,0
of,of,s,CharTypesNeutral,1
the,the,s,OtherOrphanedOther,0
Indo-Surinamese,indo-surinamese,s,,0
community,community,c,SpecialTopicsMiscellanyNeutral,0
.,.,n,,0
Priests,priests,s,CharTypesNeutral,0
(,(,c,OtherOrphanedOther,0
Pandits,pandits,c,CharTypesNeutral,0
),),c,OtherOrphanedOther,0
",",",",s,CharNamesNeutral,0
who,who,s,CharNamesNeutral,1
were,were,s,CharNamesNeutral,2
often,often,s,NarrDurationNeutral,0
from,from,s,OtherOrphanedOther,0
higher,higher,s,ExpoComparisonNeutral,0
castes,castes,c,SpecialTopicsMiscellanyNeutral,0
",",",",s,,0
played,played,s,ForcefulSignificantNeutral,0
a,a,s,ForcefulSignificantNeutral,1
central,central,s,ForcefulSignificantNeutral,2
role,role,s,ForcefulSignificantNeutral,3
in,in,s,ForcefulSignificantNeutral,4
organizing,organizing,s,OtherOrphanedOther,0
religious,religious,s,PubAdministrationNeutral,0
ceremonies,ceremonies,c,PubAdministrationNeutral,1
.,.,s,,0
This,this,s,OtherOrphanedOther,0
created,created,s,DescriptChangeNeutral,0
a,a,s,DescriptChangeNeutral,1
religious,religious,s,SpecialTopicsMiscellanyNeutral,0
hierarchy,hierarchy,s,SpecialTopicsMiscellanyNeutral,1
that,that,s,OtherOrphanedOther,0
mirrored,mirrored,s,DescriptVisualNeutral,0
the,the,s,OtherOrphanedOther,0
caste,caste,s,SpecialTopicsMiscellanyNeutral,0
hierarchy,hierarchy,s,SpecialTopicsMiscellanyNeutral,1
in,in,s,OtherOrphanedOther,0
India,india,c,SpecialTopicsPlaceNeutral,0
.,.,s,,0
Those,those,s,OtherOrphanedOther,0
from,from,s,OtherOrphanedOther,0
lower,lower,s,OtherOrphanedOther,0
castes,castes,s,SpecialTopicsMiscellanyNeutral,0
had,had,s,NegActsResist,0
to,to,s,NegActsResist,1
depend,depend,s,NarrActsNeutral,0
on,on,s,NarrActsNeutral,1
higher,higher,s,ExpoComparisonNeutral,0
caste,caste,s,SpecialTopicsMiscellanyNeutral,0
priests,priests,s,CharTypesNeutral,0
for,for,s,OtherOrphanedOther,0
conducting,conducting,s,NarrActsNeutral,0
religious,religious,s,NarrDurationNeutral,0
rituals,rituals,c,NarrDurationNeutral,1
.,.,n,,0
The,the,s,OtherOrphanedOther,0
caste,caste,s,SpecialTopicsMiscellanyNeutral,0
system's,system's,s,SpecialTopicsMiscellanyNeutral,0
influence,influence,s,StratCoordinationNeutral,0
could,could,s,ContingentRelationshipNeutral,0
also,also,s,ContingentRelationshipNeutral,1
be,be,s,DescriptVisualNeutral,0
seen,seen,s,DescriptVisualNeutral,1
in,in,s,OtherOrphanedGenericActivity,0
temple,temple,s,OtherOrphanedGenericActivity,1
management,management,s,SpecialTopicsMiscellanyNeutral,0
and,and,s,OtherSyntacticComplexityOther,0
ritual,ritual,s,ExpoOtherNeutral,0
practices,practices,c,ExpoOtherNeutral,1
",",",",s,,0
where,where,s,OtherOrphanedOther,0
higher,higher,s,ExpoComparisonNeutral,0
caste,caste,s,SpecialTopicsMiscellanyNeutral,0
individuals,individuals,s,CharTypesNeutral,0
often,often,s,NarrDurationNeutral,0
had,had,s,NarrOtherNeutral,0
more,more,s,ExpoComparisonNeutral,0
influence,influence,s,StratCoordinationNeutral,0
and,and,s,OtherSyntacticComplexityOther,0
were,were,s,PosValuesAble,0
able,able,s,PosValuesAble,1
to,to,s,PosValuesAble,2
make,make,s,StratCognitionNeutral,0
decisions,decisions,s,StratCognitionNeutral,1
regarding,regarding,s,CharMentalStatesNeutral,0
religious,religious,s,CharTraitsNeutral,0
leadership,leadership,c,StratOtherNeutral,0
.,.,n,,0
5,5,c,ExpoOtherNeutral,0
.,.,s,ExpoOtherNeutral,1
Caste,caste,s,SpecialTopicsMiscellanyNeutral,0
and,and,s,OtherSyntacticComplexityOther,0
Economic,economic,s,SpecialTopicsMiscellanyNeutral,0
Roles,roles,n,SpecialTopicsMiscellanyNeutral,1
After,after,s,NarrSequenceNeutral,0
indenture,indenture,s,PubLawNeutral,0
ended,ended,c,NarrSequenceNeutral,0
",",",",s,,0
caste,caste,s,SpecialTopicsMiscellanyNeutral,0
identity,identity,s,SpecialTopicsMiscellanyNeutral,0
influenced,influenced,s,StratCoordinationNeutral,0
economic,economic,s,SpecialTopicsMiscellanyNeutral,0
opportunities,opportunities,s,SpecialTopicsMiscellanyNeutral,1
within,within,s,OtherOrphanedOther,0
the,the,s,OtherOrphanedOther,0
Indo-Surinamese,indo-surinamese,s,,0
community,community,c,SpecialTopicsMiscellanyNeutral,0
.,.,s,,0
Many,many,s,ExpoOtherNeutral,0
higher,higher,s,ExpoComparisonNeutral,0
caste,caste,s,SpecialTopicsMiscellanyNeutral,0
individuals,individuals,s,CharTypesNeutral,0
took,took,s,OtherOrphanedOther,0
roles,roles,s,SpecialTopicsMiscellanyNeutral,0
in,in,s,OtherOrphanedOther,0
the,the,s,OtherOrphanedOther,0
business,business,s,SpecialTopicsMiscellanyNeutral,0
sector,sector,c,SpecialTopicsMiscellanyNeutral,1
",",",",s,,0
becoming,becoming,s,DescriptChangeNeutral,0
merchants,merchants,c,CharTypesNeutral,0
",",",",s,,0
landowners,landowners,c,CharTypesNeutral,0
",",",",s,,0
or,or,s,OtherSyntacticComplexityOther,0
priests,priests,c,CharTypesNeutral,0
",",",",s,,0
while,while,s,NarrDurationNeutral,0
lower,lower,s,OtherOrphanedOther,0
caste,caste,s,SpecialTopicsMiscellanyNeutral,0
individuals,individuals,s,CharTypesNeutral,0
continued,continued,s,UpdatesOtherNeutral,0
to,to,s,UpdatesOtherNeutral,1
be,be,s,UpdatesOtherNeutral,2
involved,involved,s,NarrActsNeutral,0
in,in,s,NarrActsNeutral,1
more,more,s,ExpoComparisonNeutral,0
manual,manual,s,SpecialTopicsMiscellanyNeutral,0
labor,labor,s,SpecialTopicsMiscellanyNeutral,1
or,or,s,OtherSyntacticComplexityOther,0
agricultural,agricultural,s,SpecialTopicsMiscellanyNeutral,0
work,work,c,OtherOrphanedOther,0
.,.,n,,0
Caste-based,caste-based,s,SpecialTopicsMiscellanyNeutral,0
occupations,occupations,s,SpecialTopicsMiscellanyNeutral,0
continued,continued,s,NarrDurationNeutral,0
to,to,s,NarrDurationNeutral,1
persist,persist,s,CharTraitsNeutral,0
in,in,s,CharTraitsNeutral,1
Suriname,suriname,c,SpecialTopicsPlaceNeutral,0
",",",",s,,0
with,with,s,OtherOrphanedOther,0
certain,certain,s,ExpoSpecificationNeutral,0
roles,roles,s,ExpoSpecificationNeutral,1
(,(,c,OtherOrphanedOther,0
such,such,s,ExpoExampleNeutral,0
as,as,s,ExpoExampleNeutral,1
barbers,barbers,c,CharTypesNeutral,0
",",",",s,,0
blacksmiths,blacksmiths,c,CharTypesNeutral,0
",",",",s,,0
or,or,s,OtherSyntacticComplexityOther,0
cleaners,cleaners,c,DescriptObjectsNeutral,0
),),s,OtherOrphanedOther,0
being,being,s,OtherOrphanedOther,0
associated,associated,s,ExpoOtherNeutral,0
with,with,s,ExpoOtherNeutral,1
lower,lower,s,OtherOrphanedOther,0
castes,castes,c,SpecialTopicsMiscellanyNeutral,0
",",",",s,,0
even,even,s,ForcefulIntenseNeutral,0
in,in,s,ForcefulIntenseNeutral,1
the,the,s,ForcefulIntenseNeutral,2
post-indenture,post-indenture,s,,0
period,period,c,CharTraitsNeutral,0
.,.,n,CharTraitsNeutral,1
6,6,c,ExpoOtherNeutral,0
.,.,s,ExpoOtherNeutral,1
Caste,caste,s,SpecialTopicsMiscellanyNeutral,0
and,and,s,OtherSyntacticComplexityOther,0
Social,social,s,SpecialTopicsMiscellanyNeutral,0
Mobility,mobility,n,SpecialTopicsMiscellanyNeutral,1
The,the,s,OtherOrphanedOther,0
rigid,rigid,s,NegEmotionsOther,0
boundaries,boundaries,s,SpecialTopicsMiscellanyNeutral,0
of,of,s,OtherSyntacticComplexityOther,0
the,the,s,OtherSyntacticComplexityOther,1
caste,caste,s,SpecialTopicsMiscellanyNeutral,0
system,system,s,SpecialTopicsMiscellanyNeutral,1
were,were,s,ConfidenceHedgedNeutral,0
somewhat,somewhat,s,ConfidenceHedgedNeutral,1
challenged,challenged,s,CharTraitsNeutral,0
in,in,s,NarrDurationNeutral,0
the,the,s,NarrDurationNeutral,1
context,context,s,NarrDurationNeutral,2
of,of,s,NarrDurationNeutral,3
Suriname’s,suriname’s,s,,0
plantation,plantation,s,DescriptVisualNeutral,0
society,society,c,PubAdministrationNeutral,0
",",",",s,,0
where,where,s,OtherOrphanedOther,0
laborers,laborers,s,CharTypesNeutral,0
were,were,s,NarrOtherNeutral,0
not,not,s,NegActsResist,0
confined,confined,s,DescriptVisualNeg,0
to,to,s,DescriptVisualNeg,1
the,the,s,ExpoComparisonNeutral,0
same,same,s,ExpoComparisonNeutral,1
traditional,traditional,s,NarrOtherNeutral,0
occupations,occupations,s,SpecialTopicsMiscellanyNeutral,0
they,they,s,NarrOtherNeutral,0
would,would,s,NarrOtherNeutral,1
have,have,s,NarrOtherNeutral,0
held,held,s,NarrOtherNeutral,1
in,in,s,OtherOrphanedOther,0
India,india,c,SpecialTopicsPlaceNeutral,0
.,.,s,,0
Nevertheless,nevertheless,c,MetadiscourseContrastNeutral,0
",",",",s,,0
many,many,s,OtherSyntacticComplexityOther,0
of,of,s,OtherSyntacticComplexityOther,1
the,the,s,OtherSyntacticComplexityOther,2
caste-based,caste-based,s,SpecialTopicsMiscellanyNeutral,0
distinctions,distinctions,s,MetadiscourseContrastNeutral,0
continued,continued,s,NarrDurationNeutral,0
to,to,s,NarrDurationNeutral,1
affect,affect,s,CharSubjectivityNeutral,0
social,social,s,SpecialTopicsMiscellanyNeutral,0
mobility,mobility,c,SpecialTopicsMiscellanyNeutral,1
.,.,n,,0
Despite,despite,s,MetadiscourseContrastNeutral,0
the,the,s,OtherOrphanedOther,0
economic,economic,s,SpecialTopicsMiscellanyNeutral,0
opportunities,opportunities,s,SpecialTopicsMiscellanyNeutral,1
that,that,s,OtherOrphanedOther,0
came,came,s,OtherOrphanedOther,0
with,with,s,OtherOrphanedOther,0
post-indentured,post-indentured,s,,0
life,life,c,NarrBiographyNeutral,0
",",",",s,,0
the,the,s,OtherOrphanedOther,0
ability,ability,s,PosValuesAbility,0
to,to,s,PosValuesAbility,1
rise,rise,s,PosValuesAbility,2
through,through,s,OtherOrphanedOther,0
the,the,s,OtherOrphanedOther,0
ranks,ranks,s,SpecialTopicsMiscellanyNeutral,0
of,of,s,OtherOrphanedOther,0
Suriname’s,suriname’s,s,,0
social,social,s,SpecialTopicsMiscellanyNeutral,0
structure,structure,s,SpecialTopicsMiscellanyNeutral,1
was,was,s,UpdatesNewsNeutral,0
still,still,s,UpdatesNewsNeutral,1
often,often,s,NarrBiographyNeutral,0
influenced,influenced,s,NarrBiographyNeutral,1
by,by,s,NarrBiographyNeutral,2
one’s,one’s,s,OtherOrphanedOther,0
caste,caste,s,SpecialTopicsMiscellanyNeutral,0
background,background,c,ContingentEventNeutral,0
.,.,s,,0
Higher,higher,s,ExpoComparisonNeutral,0
caste,caste,s,SpecialTopicsMiscellanyNeutral,0
people,people,s,CharTypesNeutral,0
were,were,s,NarrOtherNeutral,0
generally,generally,s,NarrOtherNeutral,1
more,more,s,ConfidenceHedgedNeutral,0
likely,likely,s,ConfidenceHedgedNeutral,1
to,to,s,OtherOrphanedOther,0
integrate,integrate,s,DescriptChangeNeutral,0
into,into,s,DescriptChangeNeutral,1
elite,elite,s,ForcefulEmphaticNeutral,0
circles,circles,c,DescriptVisualNeutral,0
",",",",s,,0
while,while,s,NarrDurationNeutral,0
lower,lower,s,OtherOrphanedOther,0
caste,caste,s,SpecialTopicsMiscellanyNeutral,0
people,people,s,CharTypesNeutral,0
were,were,s,NarrDurationNeutral,0
often,often,s,NarrDurationNeutral,1
stuck,stuck,s,NegEmotionsSpaceRelations,0
in,in,s,NegEmotionsSpaceRelations,1
more,more,s,ExpoComparisonNeutral,0
menial,menial,s,NegActsMenial,0
positions,positions,c,SpecialTopicsMiscellanyNeutral,0
.,.,n,,0
7,7,c,ExpoOtherNeutral,0
.,.,s,ExpoOtherNeutral,1
Caste,caste,s,SpecialTopicsMiscellanyNeutral,0
and,and,s,OtherSyntacticComplexityOther,0
Marriage,marriage,n,SpecialTopicsMiscellanyNeutral,0
Arranged,arranged,s,NarrActsNeutral,0
marriages,marriages,s,NarrActsNeutral,1
within,within,s,OtherOrphanedOther,0
the,the,s,ExpoComparisonNeutral,0
same,same,s,ExpoComparisonNeutral,1
caste,caste,s,SpecialTopicsMiscellanyNeutral,0
continued,continued,s,UpdatesOtherNeutral,0
to,to,s,UpdatesOtherNeutral,1
be,be,s,UpdatesOtherNeutral,2
a,a,s,ForcefulEmphaticNeutral,0
prominent,prominent,s,ForcefulEmphaticNeutral,1
practice,practice,s,OtherOrphanedGenericActivity,0
among,among,s,OtherSyntacticComplexityOther,0
the,the,s,OtherSyntacticComplexityOther,1
Indian,indian,s,CharTypesNeutral,0
laborers,laborers,s,CharTypesNeutral,0
and,and,s,OtherSyntacticComplexityOther,0
their,their,s,CharNamesNeutral,0
descendants,descendants,s,UncertaintyIndefiniteNeutral,0
in,in,s,OtherOrphanedOther,0
Suriname,suriname,c,SpecialTopicsPlaceNeutral,0
.,.,s,,0
The,the,s,OtherOrphanedOther,0
caste,caste,s,SpecialTopicsMiscellanyNeutral,0
system,system,s,SpecialTopicsMiscellanyNeutral,1
continued,continued,s,NarrDurationNeutral,0
to,to,s,NarrDurationNeutral,1
regulate,regulate,s,PubAdministrationNeutral,0
who,who,s,OtherOrphanedOther,0
could,could,s,ContingentRelationshipNeutral,0
marry,marry,s,NarrBiographyNeutral,0
whom,whom,c,CharNamesNeutral,0
",",",",s,,0
despite,despite,s,MetadiscourseContrastNeutral,0
the,the,s,MetadiscourseContrastNeutral,1
fact,fact,s,MetadiscourseContrastNeutral,2
that,that,s,MetadiscourseContrastNeutral,3
indentured,indentured,s,PubLawNeutral,0
laborers,laborers,s,CharTypesNeutral,0
had,had,s,NarrOtherNeutral,0
been,been,s,NarrOtherNeutral,1
drawn,drawn,s,NarrOtherNeutral,2
from,from,s,OtherOrphanedOther,0
a,a,s,ExpoOtherNeutral,0
variety,variety,s,ExpoOtherNeutral,1
of,of,s,ExpoOtherNeutral,2
regions,regions,s,DescriptVisualNeutral,0
across,across,s,DescriptVisualNeutral,1
India,india,c,SpecialTopicsPlaceNeutral,0
.,.,n,ForcefulEmphaticNeutral,0
There,there,s,ForcefulEmphaticNeutral,1
were,were,s,ForcefulEmphaticNeutral,2
occasional,occasional,s,NarrDurationNeutral,0
inter-caste,inter-caste,s,,0
marriages,marriages,c,SpecialTopicsMiscellanyNeutral,0
",",",",s,MetadiscourseContrastNeutral,0
but,but,s,MetadiscourseContrastNeutral,1
these,these,s,MetadiscourseOtherNeutral,0
were,were,s,MetadiscourseOtherNeutral,1
often,often,s,NarrDurationNeutral,0
discouraged,discouraged,s,NegEmotionsDiscouraged,0
or,or,s,OtherSyntacticComplexityOther,0
looked,looked,s,DescriptVisualNeutral,0
down,down,s,DescriptVisualNeutral,1
upon,upon,s,DescriptVisualNeutral,2
by,by,s,OtherOrphanedOther,0
community,community,s,SpecialTopicsMiscellanyNeutral,0
leaders,leaders,s,SpecialTopicsMiscellanyNeutral,1
from,from,s,OtherOrphanedOther,0
higher,higher,s,ExpoComparisonNeutral,0
castes,castes,c,SpecialTopicsMiscellanyNeutral,0
.,.,s,,0
Marriages,marriages,s,SpecialTopicsMiscellanyNeutral,0
between,between,s,OtherOrphanedOther,0
high-caste,high-caste,s,SpecialTopicsMiscellanyNeutral,0
and,and,s,OtherSyntacticComplexityOther,0
low-caste,low-caste,s,CharTypesNeutral,0
individuals,individuals,s,CharTypesNeutral,0
were,were,s,NarrOtherNeutral,0
a,a,s,NarrOtherNeutral,1
source,source,s,SpecialTopicsMiscellanyNeutral,0
of,of,s,SpecialTopicsMiscellanyNeutral,1
social,social,s,NegRelDisharmony,0
tension,tension,c,NegRelDisharmony,1
",",",",s,,0
as,as,s,OtherOrphanedOther,0
lower,lower,s,OtherOrphanedOther,0
caste,caste,s,SpecialTopicsMiscellanyNeutral,0
people,people,s,CharTypesNeutral,0
were,were,s,NarrDurationNeutral,0
often,often,s,NarrDurationNeutral,1
seen,seen,s,PubAdministrationNeutral,0
as,as,s,PubAdministrationNeutral,1
“,",c,,0
impure,impure,c,NegValuesOther,0
”,",s,,0
by,by,s,OtherOrphanedOther,0
the,the,s,ExpoComparisonNeutral,0
higher,higher,s,ExpoComparisonNeutral,1
caste,caste,s,SpecialTopicsMiscellanyNeutral,0
community,community,c,SpecialTopicsMiscellanyNeutral,0
.,.,n,,0
8,8,c,ExpoOtherNeutral,0
.,.,s,ExpoOtherNeutral,1
Emerging,emerging,s,ContingentEventNeutral,0
Caste-based,caste-based,s,SpecialTopicsMiscellanyNeutral,0
Tensions,tensions,n,NegEmotionsNervousTense,0
Over,over,s,NarrOtherNeutral,0
time,time,c,NarrOtherNeutral,1
",",",",s,,0
as,as,s,OtherOrphanedOther,0
the,the,s,OtherOrphanedOther,1
Indo-Surinamese,indo-surinamese,s,,0
community,community,s,SpecialTopicsMiscellanyNeutral,0
became,became,s,DescriptChangeNeutral,0
more,more,s,ExpoComparisonNeutral,0
established,established,s,PubAdministrationNeutral,0
and,and,s,OtherSyntacticComplexityOther,0
interconnected,interconnected,c,DescriptVisualNeutral,0
",",",",s,,0
tensions,tensions,s,NegEmotionsNervousTense,0
between,between,s,NegEmotionsNervousTense,1
castes,castes,s,SpecialTopicsMiscellanyNeutral,0
within,within,s,SpecialTopicsPlaceNeutral,0
the,the,s,SpecialTopicsPlaceNeutral,1
community,community,s,SpecialTopicsPlaceNeutral,2
began,began,s,NarrSequenceNeutral,0
to,to,s,NarrSequenceNeutral,1
emerge,emerge,s,ContingentEventNeutral,0
more,more,s,ExpoComparisonNeutral,0
visibly,visibly,c,ConfidenceHighNeutral,0
.,.,s,,0
These,these,s,OtherOrphanedOther,0
tensions,tensions,s,NegEmotionsNervousTense,0
were,were,s,ForcefulEnergizedNeutral,0
fueled,fueled,s,ForcefulEnergizedNeutral,1
by,by,s,OtherOrphanedOther,0
economic,economic,s,NegValuesDisparity,0
disparities,disparities,c,NegValuesDisparity,1
",",",",s,,0
especially,especially,s,ForcefulEmphaticNeutral,0
as,as,s,ExpoComparisonNeutral,0
some,some,s,ExpoComparisonNeutral,1
castes,castes,s,SpecialTopicsMiscellanyNeutral,0
gained,gained,s,DescriptChangeNeutral,0
economic,economic,s,StratActsPos,0
advantages,advantages,s,StratActsPos,1
over,over,s,OtherOrphanedOther,0
others,others,c,,0
.,.,n,,0
Despite,despite,s,MetadiscourseContrastNeutral,0
these,these,s,OtherOrphanedOther,0
tensions,tensions,c,NegEmotionsNervousTense,0
",",",",s,,0
the,the,s,OtherOrphanedOther,0
Dutch,dutch,s,SpecialTopicsMiscellanyNeutral,0
colonial,colonial,s,SpecialTopicsMiscellanyNeutral,1
authorities,authorities,s,PubAdministrationNeutral,0
did,did,s,NegActsResist,0
not,not,s,NegActsResist,1
actively,actively,s,CharTraitsNeutral,0
enforce,enforce,s,CharTraitsNeutral,1
caste,caste,s,SpecialTopicsMiscellanyNeutral,0
distinctions,distinctions,c,MetadiscourseContrastNeutral,0
.,.,s,MetadiscourseContrastNeutral,0
However,however,c,MetadiscourseContrastNeutral,1
",",",",s,,0
the,the,s,OtherOrphanedOther,0
division,division,s,SpecialTopicsMiscellanyNeutral,0
between,between,s,OtherOrphanedOther,0
castes,castes,s,SpecialTopicsMiscellanyNeutral,0
remained,remained,s,NarrDurationNeutral,0
an,an,s,OtherOrphanedOther,0
underlying,underlying,s,OtherOrphanedOther,0
social,social,s,SpecialTopicsMiscellanyNeutral,0
reality,reality,s,SpecialTopicsMiscellanyNeutral,1
that,that,s,OtherOrphanedOther,0
influenced,influenced,s,StratCoordinationNeutral,0
many,many,s,ExpoOtherNeutral,0
aspects,aspects,s,SpecialTopicsMiscellanyNeutral,0
of,of,s,SpecialTopicsMiscellanyNeutral,1
Indo-Surinamese,indo-surinamese,s,,0
life,life,c,NarrBiographyNeutral,0
",",",",s,,0
even,even,s,MetadiscourseContrastNeutral,0
as,as,s,MetadiscourseContrastNeutral,1
the,the,s,OtherOrphanedOther,0
indentured,indentured,s,PubLawNeutral,0
system,system,s,SpecialTopicsMiscellanyNeutral,0
came,came,s,NarrSequenceNeutral,0
to,to,s,NarrSequenceNeutral,1
an,an,s,NarrSequenceNeutral,2
end,end,c,NarrSequenceNeutral,3
.,.,n,,0
9,9,c,ExpoOtherNeutral,0
.,.,s,ExpoOtherNeutral,1
Impact,impact,s,ForcefulEmphaticNeutral,0
of,of,s,ForcefulEmphaticNeutral,1
Other,other,s,SpecialTopicsMiscellanyNeutral,0
Communities,communities,s,SpecialTopicsMiscellanyNeutral,1
on,on,s,OtherOrphanedOther,0
Caste,caste,s,SpecialTopicsMiscellanyNeutral,0
Practices,practices,n,OtherOrphanedGenericActivity,0
The,the,s,OtherOrphanedOther,0
interactions,interactions,s,SpecialTopicsMiscellanyNeutral,0
between,between,s,OtherOrphanedOther,0
the,the,s,CharTypesNeutral,0
Indian,indian,s,CharTypesNeutral,1
indentured,indentured,s,PubLawNeutral,0
laborers,laborers,s,CharTypesNeutral,0
and,and,s,OtherSyntacticComplexityOther,0
other,other,s,,0
ethnic,ethnic,s,SpecialTopicsMiscellanyNeutral,0
groups,groups,c,SpecialTopicsMiscellanyNeutral,0
",",",",s,ExpoExampleNeutral,0
such,such,s,ExpoExampleNeutral,1
as,as,s,ExpoExampleNeutral,2
the,the,s,OtherOrphanedOther,0
Africans,africans,c,CharTypesNeutral,0
",",",",s,,0
Javanese,javanese,c,SpecialTopicsPlaceNeutral,0
",",",",s,,0
and,and,s,OtherSyntacticComplexityOther,0
Chinese,chinese,s,CharTypesNeutral,0
in,in,s,OtherOrphanedOther,0
Suriname,suriname,c,SpecialTopicsPlaceNeutral,0
",",",",s,MetadiscourseOtherNeutral,0
also,also,s,MetadiscourseOtherNeutral,1
had,had,s,NarrOtherNeutral,0
an,an,s,OtherOrphanedOther,0
influence,influence,s,PubAdministrationNeutral,0
on,on,s,PubAdministrationNeutral,1
how,how,s,OtherOrphanedOther,0
caste,caste,s,SpecialTopicsMiscellanyNeutral,0
was,was,s,InterOtherNeutral,0
expressed,expressed,c,InterOtherNeutral,1
.,.,s,,0
Some,some,s,ExpoOtherNeutral,0
caste-based,caste-based,s,SpecialTopicsMiscellanyNeutral,0
practices,practices,s,OtherOrphanedGenericActivity,0
were,were,s,DescriptChangeNeg,0
eroded,eroded,s,DescriptChangeNeg,1
or,or,s,OtherSyntacticComplexityOther,0
modified,modified,s,DescriptChangeNeutral,0
through,through,s,OtherOrphanedOther,0
these,these,s,OtherOrphanedOther,0
interactions,interactions,c,SpecialTopicsMiscellanyNeutral,0
",",",",s,,0
while,while,s,NarrDurationNeutral,0
others,others,s,,0
persisted,persisted,s,NarrDurationNeutral,0
as,as,s,OtherSyntacticComplexityOther,0
part,part,s,OtherSyntacticComplexityOther,1
of,of,s,OtherSyntacticComplexityOther,2
the,the,s,OtherOrphanedOther,0
Indo-Surinamese,indo-surinamese,s,,0
community’s,community’s,s,,0
internal,internal,s,SpecialTopicsMiscellanyNeutral,0
social,social,s,PubAdministrationNeutral,0
fabric,fabric,c,PubAdministrationNeutral,1
.,.,n,,0
Conclusion,conclusion,n,ReasoningConcludeNeutral,0
While,while,s,NarrDurationNeutral,0
the,the,s,NarrDurationNeutral,1
caste,caste,s,SpecialTopicsMiscellanyNeutral,0
system,system,s,SpecialTopicsMiscellanyNeutral,1
did,did,s,NegActsResist,0
not,not,s,NegActsResist,1
operate,operate,s,OtherOrphanedOther,0
in,in,s,OtherOrphanedOther,0
Suriname,suriname,s,SpecialTopicsPlaceNeutral,0
in,in,s,MetadiscourseOtherNeutral,0
the,the,s,MetadiscourseOtherNeutral,1
same,same,s,MetadiscourseOtherNeutral,2
way,way,s,MetadiscourseOtherNeutral,3
it,it,s,ForcefulIntenseNeutral,0
did,did,s,ForcefulIntenseNeutral,1
in,in,s,OtherOrphanedOther,0
India,india,c,SpecialTopicsPlaceNeutral,0
",",",",s,,0
it,it,s,,0
reinvented,reinvented,s,NarrDurationNeutral,0
itself,itself,s,ForcefulEmphaticNeutral,0
in,in,s,OtherSyntacticComplexityOther,0
a,a,s,OtherSyntacticComplexityOther,1
form,form,s,OtherSyntacticComplexityOther,2
adapted,adapted,s,PosValuesOther,0
to,to,s,PosValuesOther,1
the,the,s,OtherOrphanedOther,0
colonial,colonial,s,SpecialTopicsMiscellanyNeutral,0
and,and,s,OtherSyntacticComplexityOther,0
plantation,plantation,s,DescriptVisualNeutral,0
environment,environment,c,SpecialTopicsMiscellanyNeutral,0
.,.,s,,0
The,the,s,OtherOrphanedOther,0
caste,caste,s,SpecialTopicsMiscellanyNeutral,0
system,system,s,SpecialTopicsMiscellanyNeutral,1
found,found,s,OtherOrphanedOther,0
expression,expression,s,DescriptVisualNeutral,0
in,in,s,OtherOrphanedOther,0
social,social,s,SpecialTopicsMiscellanyNeutral,0
hierarchy,hierarchy,c,SpecialTopicsMiscellanyNeutral,1
",",",",s,,0
religious,religious,s,CharTraitsNeutral,0
practices,practices,c,OtherOrphanedGenericActivity,0
",",",",s,,0
economic,economic,s,SpecialTopicsMiscellanyNeutral,0
roles,roles,c,SpecialTopicsMiscellanyNeutral,1
",",",",s,,0
and,and,s,OtherSyntacticComplexityOther,0
marriage,marriage,s,SpecialTopicsMiscellanyNeutral,0
within,within,s,OtherOrphanedOther,0
the,the,s,OtherOrphanedOther,0
Indo-Surinamese,indo-surinamese,s,,0
community,community,c,SpecialTopicsMiscellanyNeutral,0
.,.,s,,0
Over,over,s,NarrOtherNeutral,0
time,time,c,NarrOtherNeutral,1
",",",",s,MetadiscourseContrastNeutral,0
though,though,c,MetadiscourseContrastNeutral,1
",",",",s,MetadiscourseContrastNeutral,2
caste,caste,s,SpecialTopicsMiscellanyNeutral,0
identities,identities,s,,0
have,have,s,DescriptChangeNeutral,0
become,become,s,DescriptChangeNeutral,1
less,less,s,ExpoComparisonNeutral,0
rigid,rigid,c,NegEmotionsOther,0
",",",",s,,0
especially,especially,s,ForcefulEmphaticNeutral,0
in,in,s,OtherOrphanedOther,0
more,more,s,NarrImmediacyNeutral,0
recent,recent,s,NarrImmediacyNeutral,1
years,years,c,NarrDurationNeutral,0
",",",",s,,0
as,as,s,OtherOrphanedOther,0
social,social,s,SpecialTopicsMiscellanyNeutral,0
dynamics,dynamics,s,SpecialTopicsMiscellanyNeutral,1
have,have,s,NarrActsNeutral,0
changed,changed,s,DescriptChangeNeutral,0
and,and,s,OtherSyntacticComplexityOther,0
as,as,s,OtherSyntacticComplexityOther,1
Indo-Surinamese,indo-surinamese,s,,0
society,society,s,PubAdministrationNeutral,0
has,has,s,DescriptChangeNeutral,0
become,become,s,DescriptChangeNeutral,1
more,more,s,ExpoComparisonNeutral,0
integrated,integrated,s,DescriptChangeNeutral,0
into,into,s,DescriptChangeNeutral,1
the,the,s,OtherOrphanedOther,0
larger,larger,s,ExpoComparisonNeutral,0
Surinamese,surinamese,s,CharTypesNeutral,0
national,national,s,PubAdministrationNeutral,0
identity,identity,c,SpecialTopicsMiscellanyNeutral,0
.,.,s,MetadiscourseContrastNeutral,0
However,however,c,MetadiscourseContrastNeutral,1
",",",",s,,0
the,the,s,OtherOrphanedOther,0
legacy,legacy,s,PubAdministrationNeutral,0
of,of,s,PubAdministrationNeutral,1
caste,caste,s,SpecialTopicsMiscellanyNeutral,0
continues,continues,s,NarrDurationNeutral,0
to,to,s,NarrDurationNeutral,1
shape,shape,s,SpecialTopicsMiscellanyNeutral,0
aspects,aspects,s,SpecialTopicsMiscellanyNeutral,0
of,of,s,SpecialTopicsMiscellanyNeutral,1
cultural,cultural,s,SpecialTopicsMiscellanyNeutral,0
identity,identity,s,SpecialTopicsMiscellanyNeutral,1
and,and,s,OtherSyntacticComplexityOther,0
social,social,s,PubAdministrationNeutral,0
relations,relations,s,PubAdministrationNeutral,1
within,within,s,OtherOrphanedOther,0
the,the,s,OtherOrphanedOther,0
Indo-Surinamese,indo-surinamese,s,,0
population,population,c,PubAdministrationNeutral,0
.,.,n,,0
The,the,s,OtherOrphanedOther,0
legacy,legacy,s,PubAdministrationNeutral,0
of,of,s,PubAdministrationNeutral,1
the,the,s,OtherOrphanedOther,0
indenture,indenture,s,SpecialTopicsMiscellanyNeutral,0
system,system,s,SpecialTopicsMiscellanyNeutral,1
in,in,s,OtherOrphanedOther,0
Suriname,suriname,s,SpecialTopicsPlaceNeutral,0
is,is,s,OtherOrphanedOther,0
deeply,deeply,s,ForcefulEmphaticNeutral,0
complex,complex,s,SpecialTopicsMiscellanyNeutral,0
and,and,s,OtherSyntacticComplexityOther,0
multifaceted,multifaceted,c,SpecialTopicsMiscellanyNeutral,0
",",",",s,,0
and,and,s,OtherSyntacticComplexityOther,0
how,how,s,InquiryCuriosityNeutral,0
it,it,s,InquiryCuriosityNeutral,1
is,is,s,InquiryCuriosityNeutral,2
viewed,viewed,s,PubMediaNeutral,0
by,by,s,PubMediaNeutral,1
the,the,s,CharTypesNeutral,0
Indian,indian,s,CharTypesNeutral,1
community,community,s,SpecialTopicsMiscellanyNeutral,0
today,today,s,NarrImmediacyNeutral,0
reflects,reflects,s,OtherOrphanedOther,0
a,a,s,OtherOrphanedOther,1
mix,mix,s,DescriptMotionNeutral,0
of,of,s,OtherOrphanedOther,0
pride,pride,c,PosEmotionsPride,0
",",",",s,,0
pain,pain,c,NegEmotionsPain,0
",",",",s,,0
and,and,s,OtherSyntacticComplexityOther,0
reflection,reflection,c,SpecialTopicsMiscellanyNeutral,0
.,.,s,,0
The,the,s,OtherOrphanedOther,0
community’s,community’s,s,,0
perspective,perspective,s,SpecialTopicsMiscellanyNeutral,0
on,on,s,OtherSyntacticComplexityOther,0
the,the,s,OtherSyntacticComplexityOther,1
indenture,indenture,s,SpecialTopicsMiscellanyNeutral,0
system,system,s,SpecialTopicsMiscellanyNeutral,1
has,has,s,NarrActsNeutral,0
evolved,evolved,s,DescriptChangePos,0
over,over,s,NarrOtherNeutral,0
time,time,c,NarrOtherNeutral,1
",",",",s,,0
shaped,shaped,s,OtherOrphanedOther,0
by,by,s,OtherOrphanedOther,0
both,both,s,OtherSyntacticComplexityOther,0
historical,historical,s,NarrOtherNeutral,0
experiences,experiences,s,NarrActsNeutral,0
and,and,s,OtherSyntacticComplexityOther,0
the,the,s,OtherSyntacticComplexityOther,1
contemporary,contemporary,s,NarrSimultaneityNeutral,0
realities,realities,s,SpecialTopicsMiscellanyNeutral,0
of,of,s,OtherSyntacticComplexityOther,0
their,their,s,OtherSyntacticComplexityOther,1
descendants,descendants,c,UncertaintyIndefiniteNeutral,0
.,.,s,,0
The,the,s,OtherOrphanedOther,0
system’s,system’s,s,SpecialTopicsMiscellanyNeutral,0
legacy,legacy,s,NarrOtherNeutral,0
has,has,s,NarrImmediacyNeutral,0
left,left,s,NarrImmediacyNeutral,1
a,a,s,NarrImmediacyNeutral,2
lasting,lasting,s,StratCoordinationNeutral,0
impact,impact,s,StratCoordinationNeutral,1
on,on,s,OtherSyntacticComplexityOther,0
the,the,s,OtherSyntacticComplexityOther,1
Indian,indian,s,CharTypesNeutral,0
diaspora,diaspora,s,SpecialTopicsMiscellanyNeutral,0
in,in,s,OtherOrphanedOther,0
Suriname,suriname,c,SpecialTopicsPlaceNeutral,0
",",",",s,,0
and,and,s,OtherSyntacticComplexityOther,0
the,the,s,OtherSyntacticComplexityOther,1
community,community,s,SpecialTopicsMiscellanyNeutral,0
has,has,s,NarrActsNeutral,0
grappled,grappled,s,NegRelOther,0
with,with,s,NegRelOther,1
both,both,s,MetadiscourseOtherNeutral,0
the,the,s,MetadiscourseOtherNeutral,1
trauma,trauma,s,NegActsTrauma,0
of,of,s,OtherOrphanedOther,0
exploitation,exploitation,s,NegActsAggressive,0
and,and,s,OtherSyntacticComplexityOther,0
the,the,s,OtherSyntacticComplexityOther,1
resilience,resilience,s,PosActsResilience,0
shown,shown,s,CitationAuthoritativePos,0
by,by,s,CitationAuthoritativePos,1
their,their,s,NarrOtherNeutral,0
ancestors,ancestors,c,NarrOtherNeutral,1
.,.,n,,0
Here’s,here’s,s,UpdatesOtherNeutral,0
an,an,s,UpdatesOtherNeutral,1
account,account,s,CitationAuthoritativePos,0
of,of,s,CitationAuthoritativePos,1
how,how,s,OtherOrphanedOther,0
the,the,s,CharTypesNeutral,0
Indian,indian,s,CharTypesNeutral,1
community,community,s,SpecialTopicsMiscellanyNeutral,0
in,in,s,OtherOrphanedOther,0
Suriname,suriname,s,SpecialTopicsPlaceNeutral,0
looks,looks,s,NarrOtherNeutral,0
back,back,s,NarrOtherNeutral,1
upon,upon,s,NarrOtherNeutral,2
the,the,s,OtherOrphanedOther,0
indenture,indenture,s,SpecialTopicsMiscellanyNeutral,0
system,system,s,SpecialTopicsMiscellanyNeutral,1
and,and,s,OtherSyntacticComplexityOther,0
its,its,s,NarrBiographyNeutral,0
legacy,legacy,c,NarrBiographyNeutral,1
:,:,n,,0
1,1,c,ExpoOtherNeutral,0
.,.,s,ExpoOtherNeutral,1
A,a,s,OtherOrphanedOther,0
Complex,complex,s,NarrOtherNeutral,0
Legacy,legacy,s,NarrOtherNeutral,1
of,of,s,OtherOrphanedOther,0
Suffering,suffering,s,NegEmotionsSuffer,0
and,and,s,OtherSyntacticComplexityOther,0
Resilience,resilience,n,PosActsResilience,0
Indenture,indenture,s,PubLawNeutral,0
as,as,s,OtherOrphanedOther,0
a,a,s,OtherOrphanedOther,1
System,system,s,SpecialTopicsMiscellanyNeutral,0
of,of,s,SpecialTopicsMiscellanyNeutral,1
Exploitation,exploitation,c,NegActsAggressive,0
:,:,s,,0
For,for,s,OtherSyntacticComplexityOther,0
many,many,s,OtherSyntacticComplexityOther,1
in,in,s,OtherOrphanedOther,0
the,the,s,CharTypesNeutral,0
Indian,indian,s,CharTypesNeutral,1
community,community,c,SpecialTopicsMiscellanyNeutral,0
",",",",s,,0
the,the,s,OtherOrphanedOther,0
indenture,indenture,s,SpecialTopicsMiscellanyNeutral,0
system,system,s,SpecialTopicsMiscellanyNeutral,1
is,is,s,PubAdministrationNeutral,0
seen,seen,s,PubAdministrationNeutral,1
as,as,s,PubAdministrationNeutral,2
a,a,s,DescriptVisualNeutral,0
dark,dark,s,DescriptVisualNeutral,1
chapter,chapter,s,,0
in,in,s,CitationReferenceNeutral,0
their,their,s,CitationReferenceNeutral,1
history,history,c,CitationReferenceNeutral,2
.,.,s,,0
The,the,s,OtherOrphanedOther,0
laborers,laborers,s,CharTypesNeutral,0
were,were,s,NegActsAggressive,0
subjected,subjected,s,NegActsAggressive,1
to,to,s,NegActsAggressive,2
harsh,harsh,s,NegActsFeat,0
working,working,s,NegActsFeat,1
conditions,conditions,c,ContingentEventNeutral,0
",",",",s,,0
low,low,s,NegValuesOther,0
wages,wages,c,NegValuesOther,1
",",",",s,,0
physical,physical,s,NegActsAggressive,0
abuse,abuse,c,NegActsAggressive,1
",",",",s,,0
and,and,s,OtherSyntacticComplexityOther,0
separation,separation,s,DescriptVisualNeutral,0
from,from,s,DescriptVisualNeutral,1
families,families,c,SpecialTopicsMiscellanyNeutral,0
.,.,s,,0
These,these,s,NarrOtherNeutral,0
memories,memories,s,NarrOtherNeutral,1
are,are,s,NegActsResist,0
not,not,s,NegActsResist,1
easily,easily,s,FacilitateEasePos,0
forgotten,forgotten,s,CharMentalStatesNeg,0
by,by,s,OtherOrphanedOther,0
the,the,s,PubAdministrationNeutral,0
community,community,c,PubAdministrationNeutral,1
",",",",s,,0
and,and,s,OtherSyntacticComplexityOther,0
stories,stories,s,NarrSequenceNeutral,0
of,of,s,OtherOrphanedOther,0
brutality,brutality,c,NegActsAggressive,0
",",",",s,,0
violence,violence,c,NegActsViolence,0
",",",",s,,0
and,and,s,OtherSyntacticComplexityOther,0
humiliation,humiliation,s,NegEmotionsHumiliate,0
persist,persist,s,CharTraitsNeutral,0
in,in,s,CharTraitsNeutral,1
the,the,s,OtherOrphanedOther,0
oral,oral,s,ExpoOtherNeutral,0
histories,histories,s,ExpoOtherNeutral,1
passed,passed,s,PubCommunicationNeutral,0
down,down,s,PubCommunicationNeutral,1
through,through,s,OtherOrphanedOther,0
generations,generations,c,SpecialTopicsMiscellanyNeutral,0
.,.,n,,0
Despite,despite,s,MetadiscourseContrastNeutral,0
these,these,s,OtherOrphanedOther,0
hardships,hardships,c,NegActsResist,0
",",",",s,,0
many,many,s,ExpoOtherNeutral,0
descendants,descendants,s,UncertaintyIndefiniteNeutral,0
of,of,s,OtherSyntacticComplexityOther,0
the,the,s,OtherSyntacticComplexityOther,1
indentured,indentured,s,PubLawNeutral,0
laborers,laborers,s,CharTypesNeutral,0
also,also,s,MetadiscourseAdditionNeutral,0
recognize,recognize,s,PosRelOther,0
the,the,s,PosRelOther,1
resilience,resilience,s,PosActsResilience,0
of,of,s,OtherSyntacticComplexityOther,0
their,their,s,OtherSyntacticComplexityOther,1
ancestors,ancestors,c,NarrOtherNeutral,0
.,.,s,,0
The,the,s,ConfidenceHighNeutral,0
fact,fact,s,ConfidenceHighNeutral,1
that,that,s,ConfidenceHighNeutral,2
these,these,s,OtherOrphanedOther,0
laborers,laborers,s,CharTypesNeutral,0
managed,managed,s,PosActsResilience,0
to,to,s,PosActsResilience,1
survive,survive,s,PosActsResilience,2
the,the,s,OtherOrphanedOther,0
brutal,brutal,s,NegActsAggressive,0
system,system,c,NegActsAggressive,1
",",",",s,,0
create,create,s,DescriptChangeNeutral,0
families,families,c,SpecialTopicsMiscellanyNeutral,0
",",",",s,,0
and,and,s,OtherSyntacticComplexityOther,0
eventually,eventually,s,NarrSequenceNeutral,0
thrive,thrive,s,DescriptChangePos,0
in,in,s,OtherOrphanedOther,0
Suriname,suriname,s,SpecialTopicsPlaceNeutral,0
is,is,s,ForcefulEmphaticNeutral,0
a,a,s,ForcefulEmphaticNeutral,1
source,source,s,ForcefulEmphaticNeutral,2
of,of,s,ForcefulEmphaticNeutral,3
pride,pride,c,PosEmotionsPride,0
.,.,s,,0
The,the,s,PubAdministrationNeutral,0
community,community,s,PubAdministrationNeutral,1
takes,takes,s,PosEmotionsPride,0
pride,pride,s,PosEmotionsPride,1
in,in,s,PosEmotionsPride,2
the,the,s,ConfidenceHighNeutral,0
fact,fact,s,ConfidenceHighNeutral,1
that,that,s,ConfidenceHighNeutral,2
their,their,s,NarrOtherNeutral,0
ancestors,ancestors,s,NarrOtherNeutral,1
laid,laid,s,NarrSequenceNeutral,0
the,the,s,NarrSequenceNeutral,1
foundation,foundation,s,NarrSequenceNeutral,2
for,for,s,OtherOrphanedOther,0
the,the,s,CharTypesNeutral,0
Indian,indian,s,CharTypesNeutral,1
presence,presence,s,SpecialTopicsMiscellanyNeutral,0
in,in,s,OtherOrphanedOther,0
Suriname,suriname,c,SpecialTopicsPlaceNeutral,0
",",",",s,,0
and,and,s,OtherSyntacticComplexityOther,0
their,their,s,CharNamesNeutral,0
contributions,contributions,s,PosValuesOther,0
to,to,s,PosValuesOther,1
the,the,s,SpecialTopicsPlaceNeutral,0
country,country,s,SpecialTopicsPlaceNeutral,1
are,are,s,OtherOrphanedOther,0
celebrated,celebrated,s,PosEmotionsCelebrate,0
in,in,s,OtherSyntacticComplexityOther,0
various,various,s,OtherSyntacticComplexityOther,1
forms,forms,c,OtherOrphanedOther,0
",",",",s,,0
including,including,s,OtherOrphanedOther,0
in,in,s,OtherOrphanedOther,1
religion,religion,c,SpecialTopicsMiscellanyNeutral,0
",",",",s,,0
culture,culture,c,SpecialTopicsMiscellanyNeutral,0
",",",",s,,0
and,and,s,OtherSyntacticComplexityOther,0
economics,economics,c,SpecialTopicsMiscellanyNeutral,0
.,.,n,,0
2,2,c,ExpoOtherNeutral,0
.,.,s,ExpoOtherNeutral,1
Preserving,preserving,s,OtherOrphanedOther,0
Cultural,cultural,s,SpecialTopicsMiscellanyNeutral,0
Heritage,heritage,s,NarrOtherNeutral,0
and,and,s,OtherSyntacticComplexityOther,0
Identity,identity,n,SpecialTopicsMiscellanyNeutral,0
The,the,s,OtherOrphanedOther,0
indenture,indenture,s,SpecialTopicsMiscellanyNeutral,0
system,system,s,SpecialTopicsMiscellanyNeutral,1
played,played,s,ForcefulSignificantNeutral,0
a,a,s,ForcefulSignificantNeutral,1
major,major,s,ForcefulSignificantNeutral,2
role,role,s,ForcefulSignificantNeutral,3
in,in,s,ForcefulSignificantNeutral,4
the,the,s,OtherOrphanedOther,0
preservation,preservation,s,PubAdministrationNeutral,0
and,and,s,OtherSyntacticComplexityOther,0
adaptation,adaptation,s,DescriptChangeNeutral,0
of,of,s,OtherOrphanedOther,0
Indian,indian,s,SpecialTopicsMiscellanyNeutral,0
culture,culture,s,SpecialTopicsMiscellanyNeutral,1
in,in,s,OtherOrphanedOther,0
Suriname,suriname,c,SpecialTopicsPlaceNeutral,0
.,.,s,,0
Despite,despite,s,MetadiscourseContrastNeutral,0
the,the,s,NegEmotionsOther,0
hardships,hardships,c,NegEmotionsOther,1
",",",",s,,0
many,many,s,OtherSyntacticComplexityOther,0
of,of,s,OtherSyntacticComplexityOther,1
the,the,s,OtherSyntacticComplexityOther,2
indentured,indentured,s,PubLawNeutral,0
laborers,laborers,s,CharTypesNeutral,0
managed,managed,s,CharTraitsNeutral,0
to,to,s,CharTraitsNeutral,1
preserve,preserve,s,CharTraitsNeutral,2
their,their,s,CharNamesNeutral,0
language,language,s,SpecialTopicsMiscellanyNeutral,0
(,(,c,OtherOrphanedOther,0
primarily,primarily,s,ForcefulEmphaticNeutral,0
Hindi,hindi,s,SpecialTopicsMiscellanyNeutral,0
and,and,s,OtherSyntacticComplexityOther,0
Bhojpuri,bhojpuri,c,,0
),),c,OtherOrphanedOther,0
",",",",s,,0
religion,religion,s,SpecialTopicsMiscellanyNeutral,0
(,(,c,OtherOrphanedOther,0
especially,especially,s,ForcefulEmphaticNeutral,0
Hinduism,hinduism,s,SpecialTopicsMiscellanyNeutral,0
and,and,s,OtherSyntacticComplexityOther,0
Islam,islam,c,SpecialTopicsMiscellanyNeutral,0
),),c,OtherOrphanedOther,0
",",",",s,,0
and,and,s,OtherSyntacticComplexityOther,0
cultural,cultural,s,NarrOtherNeutral,0
traditions,traditions,s,NarrOtherNeutral,1
(,(,c,OtherOrphanedOther,0
including,including,s,NarrActsNeutral,0
festivals,festivals,s,PosEmotionsFestive,0
like,like,s,OtherOrphanedOther,0
Diwali,diwali,c,,0
",",",",s,,0
Holi,holi,c,,0
",",",",s,,0
and,and,s,OtherSyntacticComplexityOther,0
Ram,ram,s,DescriptObjectsNeutral,0
Navami,navami,c,,0
),),c,OtherOrphanedOther,0
.,.,n,,0
The,the,s,CharTypesNeutral,0
Indian,indian,s,CharTypesNeutral,1
community,community,s,SpecialTopicsMiscellanyNeutral,0
in,in,s,OtherOrphanedOther,0
Suriname,suriname,s,SpecialTopicsPlaceNeutral,0
continues,continues,s,NarrDurationNeutral,0
to,to,s,NarrDurationNeutral,1
celebrate,celebrate,s,PosEmotionsCelebrate,0
its,its,s,OtherOrphanedOther,0
cultural,cultural,s,SpecialTopicsMiscellanyNeutral,0
and,and,s,OtherSyntacticComplexityOther,0
religious,religious,s,CharTraitsNeutral,0
heritage,heritage,s,NarrOtherNeutral,0
with,with,s,OtherOrphanedOther,0
great,great,s,PosEmotionsPride,0
pride,pride,c,PosEmotionsPride,1
",",",",s,,0
and,and,s,OtherSyntacticComplexityOther,0
the,the,s,OtherSyntacticComplexityOther,1
practices,practices,s,OtherOrphanedGenericActivity,0
and,and,s,OtherSyntacticComplexityOther,0
traditions,traditions,s,NarrOtherNeutral,0
from,from,s,OtherOrphanedOther,0
the,the,s,OtherOrphanedOther,0
indenture,indenture,s,NarrDurationNeutral,0
period,period,s,NarrDurationNeutral,1
remain,remain,s,NarrDurationNeutral,0
central,central,s,ExpoOtherNeutral,0
to,to,s,ExpoOtherNeutral,1
their,their,s,CharTypesNeutral,0
identity,identity,c,CharTypesNeutral,1
.,.,s,,0
The,the,s,CharTypesNeutral,0
Indian,indian,s,CharTypesNeutral,1
identity,identity,s,SpecialTopicsMiscellanyNeutral,0
in,in,s,OtherOrphanedOther,0
Suriname,suriname,s,SpecialTopicsPlaceNeutral,0
is,is,s,NarrDurationNeutral,0
often,often,s,NarrDurationNeutral,1
expressed,expressed,s,InterOtherNeutral,0
through,through,s,OtherOrphanedOther,0
music,music,c,DescriptSoundNeutral,0
",",",",s,,0
dance,dance,c,DescriptMotionNeutral,0
",",",",s,,0
language,language,c,SpecialTopicsMiscellanyNeutral,0
",",",",s,,0
and,and,s,OtherSyntacticComplexityOther,0
festivals,festivals,c,PosEmotionsFestive,0
",",",",s,OtherOrphanedOther,0
which,which,s,OtherOrphanedOther,1
are,are,s,OtherOrphanedOther,0
a,a,s,OtherOrphanedOther,0
direct,direct,s,StratActsNeutral,0
continuation,continuation,s,NarrDurationNeutral,0
of,of,s,OtherOrphanedOther,0
what,what,s,NarrOtherNeutral,0
was,was,s,NarrOtherNeutral,1
carried,carried,s,OtherOrphanedOther,0
over,over,s,OtherOrphanedOther,1
from,from,s,OtherOrphanedOther,0
India,india,s,SpecialTopicsPlaceNeutral,0
during,during,s,NarrDurationNeutral,0
the,the,s,NarrDurationNeutral,1
period,period,s,NarrDurationNeutral,0
of,of,s,NarrDurationNeutral,1
indenture,indenture,c,PubLawNeutral,0
.,.,n,,0
3,3,c,ExpoOtherNeutral,0
.,.,s,ExpoOtherNeutral,1
The,the,s,OtherOrphanedOther,0
Legacy,legacy,s,PubAdministrationNeutral,0
of,of,s,PubAdministrationNeutral,1
Economic,economic,s,SpecialTopicsMiscellanyNeutral,0
and,and,s,OtherSyntacticComplexityOther,0
Social,social,s,SpecialTopicsMiscellanyNeutral,0
Struggles,struggles,n,SpecialTopicsMiscellanyNeutral,1
The,the,s,OtherOrphanedOther,0
legacy,legacy,s,PubAdministrationNeutral,0
of,of,s,PubAdministrationNeutral,1
indenture,indenture,s,PubLawNeutral,0
is,is,s,OtherOrphanedOther,0
also,also,s,MetadiscourseAdditionNeutral,0
viewed,viewed,s,OtherOrphanedOther,0
through,through,s,OtherOrphanedOther,0
the,the,s,OtherOrphanedOther,0
lens,lens,s,SpecialTopicsMiscellanyNeutral,0
of,of,s,OtherOrphanedOther,0
economic,economic,s,SpecialTopicsMiscellanyNeutral,0
and,and,s,OtherSyntacticComplexityOther,0
social,social,s,SpecialTopicsMiscellanyNeutral,0
advancement,advancement,c,SpecialTopicsMiscellanyNeutral,1
.,.,s,,0
Many,many,s,OtherSyntacticComplexityOther,0
of,of,s,OtherSyntacticComplexityOther,1
the,the,s,OtherSyntacticComplexityOther,2
Indian,indian,s,PubLawNeutral,0
indentured,indentured,s,PubLawNeutral,1
laborers,laborers,s,CharTypesNeutral,0
started,started,s,NarrSequenceNeutral,0
their,their,s,NarrBiographyNeutral,0
lives,lives,s,NarrBiographyNeutral,1
in,in,s,OtherOrphanedOther,0
Suriname,suriname,s,SpecialTopicsPlaceNeutral,0
with,with,s,OtherOrphanedOther,0
very,very,s,ForcefulEmphaticNeutral,0
little,little,c,ForcefulEmphaticNeutral,1
",",",",s,MetadiscourseContrastNeutral,0
but,but,s,MetadiscourseContrastNeutral,1
over,over,s,NarrOtherNeutral,0
time,time,c,NarrOtherNeutral,1
",",",",s,SpecialTopicsMiscellanyNeutral,0
their,their,s,SpecialTopicsMiscellanyNeutral,1
descendants,descendants,s,UncertaintyIndefiniteNeutral,0
have,have,s,NarrActsNeutral,0
ascended,ascended,s,DescriptVisualNeutral,0
the,the,s,DescriptVisualNeutral,1
social,social,s,SpecialTopicsMiscellanyNeutral,0
ladder,ladder,c,SpecialTopicsMiscellanyNeutral,1
.,.,s,,0
Today,today,c,NarrImmediacyNeutral,0
",",",",s,,0
people,people,s,CharTypesNeutral,0
of,of,s,CharTypesNeutral,0
Indian,indian,s,CharTypesNeutral,1
descent,descent,s,CharTypesNeutral,2
in,in,s,OtherOrphanedOther,0
Suriname,suriname,s,SpecialTopicsPlaceNeutral,0
are,are,s,ForcefulEmphaticNeutral,0
involved,involved,s,ForcefulEmphaticNeutral,1
in,in,s,ForcefulEmphaticNeutral,2
various,various,s,SpecialTopicsMiscellanyNeutral,0
professions,professions,c,SpecialTopicsMiscellanyNeutral,0
",",",",s,,0
including,including,s,NarrActsNeutral,0
business,business,c,SpecialTopicsMiscellanyNeutral,0
",",",",s,,0
politics,politics,c,PubPoliticsNeutral,0
",",",",s,,0
and,and,s,OtherSyntacticComplexityOther,0
education,education,c,SpecialTopicsMiscellanyNeutral,0
.,.,n,,0
Land,land,s,SpecialTopicsPlaceNeutral,0
ownership,ownership,s,PubLawNeutral,0
became,became,s,DescriptChangeNeutral,0
a,a,s,DescriptChangeNeutral,1
central,central,s,SpecialTopicsMiscellanyNeutral,0
aspect,aspect,s,SpecialTopicsMiscellanyNeutral,0
of,of,s,SpecialTopicsMiscellanyNeutral,1
upward,upward,s,PosValuesOther,0
mobility,mobility,s,PosValuesOther,1
for,for,s,OtherSyntacticComplexityOther,0
many,many,s,OtherSyntacticComplexityOther,1
indentured,indentured,s,PubLawNeutral,0
laborers,laborers,c,CharTypesNeutral,0
.,.,s,,0
After,after,s,ExpoOtherNeutral,0
completing,completing,s,ExpoOtherNeutral,1
their,their,s,CharNamesNeutral,0
indentureship,indentureship,c,,0
",",",",s,,0
many,many,s,ExpoOtherNeutral,0
sought,sought,s,StratActsNeutral,0
to,to,s,StratActsNeutral,1
acquire,acquire,s,DescriptChangeNeutral,0
small,small,s,DescriptVisualNeutral,0
plots,plots,s,DescriptVisualNeutral,0
of,of,s,DescriptVisualNeutral,1
land,land,c,DescriptVisualNeutral,2
",",",",s,,0
thus,thus,s,ReasoningConcludeNeutral,0
becoming,becoming,s,DescriptChangeNeutral,0
small,small,s,DescriptVisualNeutral,0
farmers,farmers,s,CharTypesNeutral,0
and,and,s,OtherSyntacticComplexityOther,0
gradually,gradually,s,FutureOtherNeutral,0
moving,moving,s,NarrSceneShiftNeutral,0
out,out,s,NarrSceneShiftNeutral,1
of,of,s,NarrSceneShiftNeutral,2
the,the,s,OtherOrphanedOther,0
poverty,poverty,s,NegValuesPoverty,0
that,that,s,OtherOrphanedOther,0
characterized,characterized,s,ExpoSpecificationNeutral,0
their,their,s,ExpoSpecificationNeutral,1
early,early,s,NarrBiographyNeutral,0
years,years,s,NarrBiographyNeutral,1
in,in,s,OtherOrphanedOther,0
Suriname,suriname,c,SpecialTopicsPlaceNeutral,0
.,.,s,,0
Over,over,s,OtherOrphanedOther,0
generations,generations,c,SpecialTopicsMiscellanyNeutral,0
",",",",s,,0
this,this,s,OtherOrphanedOther,0
allowed,allowed,s,FacilitateExpediteNeutral,0
them,them,s,FacilitateExpediteNeutral,1
to,to,s,FacilitateExpediteNeutral,2
build,build,s,NarrActsNeutral,0
more,more,s,ExpoComparisonNeutral,0
stable,stable,s,,0
economic,economic,s,SpecialTopicsMiscellanyNeutral,0
lives,lives,c,SpecialTopicsMiscellanyNeutral,1
.,.,n,MetadiscourseContrastNeutral,0
However,however,c,MetadiscourseContrastNeutral,1
",",",",s,,0
there,there,s,NarrOtherNeutral,0
were,were,s,NarrOtherNeutral,1
also,also,s,MetadiscourseAdditionNeutral,0
challenges,challenges,s,CharTraitsNeutral,0
tied,tied,s,ExpoSpecificationNeutral,0
to,to,s,ExpoSpecificationNeutral,1
the,the,s,OtherOrphanedOther,0
continuation,continuation,s,NarrDurationNeutral,0
of,of,s,OtherOrphanedOther,0
poverty,poverty,c,NegValuesPoverty,0
",",",",s,,0
especially,especially,s,ForcefulEmphaticNeutral,0
for,for,s,OtherSyntacticComplexityOther,0
those,those,s,OtherSyntacticComplexityOther,1
who,who,s,OtherOrphanedOther,0
remained,remained,s,NarrDurationNeutral,0
in,in,s,OtherOrphanedOther,0
more,more,s,ExpoComparisonNeutral,0
manual,manual,s,SpecialTopicsMiscellanyNeutral,0
labor,labor,s,SpecialTopicsMiscellanyNeutral,1
or,or,s,OtherSyntacticComplexityOther,0
agricultural,agricultural,s,SpecialTopicsMiscellanyNeutral,0
work,work,c,OtherOrphanedOther,0
.,.,s,,0
Despite,despite,s,MetadiscourseContrastNeutral,0
these,these,s,OtherOrphanedOther,0
challenges,challenges,c,CharTraitsNeutral,0
",",",",s,,0
many,many,s,ExpoOtherNeutral,0
in,in,s,DescriptVisualNeutral,0
the,the,s,DescriptVisualNeutral,1
community,community,s,DescriptVisualNeutral,2
acknowledge,acknowledge,s,PosRelAcknowledgement,0
the,the,s,OtherOrphanedOther,0
deep-rooted,deep-rooted,s,CharSubjectivityNeutral,0
resilience,resilience,s,PosActsResilience,0
that,that,s,OtherOrphanedOther,0
helped,helped,s,FacilitateHelpPos,0
shape,shape,s,FacilitateHelpPos,1
their,their,s,CharNamesNeutral,0
economic,economic,s,SpecialTopicsMiscellanyNeutral,0
and,and,s,OtherSyntacticComplexityOther,0
social,social,s,SpecialTopicsMiscellanyNeutral,0
progress,progress,c,SpecialTopicsMiscellanyNeutral,1
.,.,n,,0
4,4,c,ExpoOtherNeutral,0
.,.,s,ExpoOtherNeutral,1
Caste,caste,s,SpecialTopicsMiscellanyNeutral,0
and,and,s,OtherSyntacticComplexityOther,0
Social,social,s,SpecialTopicsMiscellanyNeutral,0
Identity,identity,n,SpecialTopicsMiscellanyNeutral,1
The,the,s,OtherOrphanedOther,0
caste,caste,s,SpecialTopicsMiscellanyNeutral,0
system,system,c,SpecialTopicsMiscellanyNeutral,1
",",",",s,,0
as,as,s,OtherSyntacticComplexityOther,0
it,it,s,OtherSyntacticComplexityOther,1
had,had,s,NarrOtherNeutral,0
existed,existed,s,NarrActsNeutral,0
in,in,s,OtherOrphanedOther,0
India,india,c,SpecialTopicsPlaceNeutral,0
",",",",s,MetadiscourseOtherNeutral,0
also,also,s,MetadiscourseOtherNeutral,1
left,left,s,NarrSceneShiftNeutral,0
an,an,s,NarrSceneShiftNeutral,1
imprint,imprint,s,NarrSceneShiftNeutral,2
on,on,s,OtherSyntacticComplexityOther,0
the,the,s,OtherSyntacticComplexityOther,1
social,social,s,SpecialTopicsMiscellanyNeutral,0
structure,structure,s,SpecialTopicsMiscellanyNeutral,1
of,of,s,OtherSyntacticComplexityOther,0
the,the,s,OtherSyntacticComplexityOther,1
Indian,indian,s,SpecialTopicsMiscellanyNeutral,0
community,community,s,SpecialTopicsMiscellanyNeutral,1
in,in,s,OtherOrphanedOther,0
Suriname,suriname,c,SpecialTopicsPlaceNeutral,0
.,.,s,,0
While,while,s,NarrDurationNeutral,0
caste,caste,s,SpecialTopicsMiscellanyNeutral,0
was,was,s,NarrOtherNeutral,0
not,not,s,NegActsResist,0
formally,formally,s,SpecialTopicsMiscellanyNeutral,0
enforced,enforced,s,DescriptChangeNeutral,0
by,by,s,DescriptChangeNeutral,1
the,the,s,OtherOrphanedOther,0
Dutch,dutch,s,SpecialTopicsMiscellanyNeutral,0
colonial,colonial,s,SpecialTopicsMiscellanyNeutral,1
system,system,c,SpecialTopicsMiscellanyNeutral,0
",",",",s,,0
it,it,s,NarrOtherNeutral,0
was,was,s,NarrOtherNeutral,1
still,still,s,ReasoningDefendPos,0
evident,evident,s,ReasoningDefendPos,1
in,in,s,OtherOrphanedOther,0
aspects,aspects,s,SpecialTopicsMiscellanyNeutral,0
of,of,s,SpecialTopicsMiscellanyNeutral,1
social,social,s,PubAdministrationNeutral,0
interaction,interaction,c,PubAdministrationNeutral,1
",",",",s,,0
marriage,marriage,c,SpecialTopicsMiscellanyNeutral,0
",",",",s,,0
and,and,s,OtherSyntacticComplexityOther,0
community,community,s,SpecialTopicsMiscellanyNeutral,0
organization,organization,c,SpecialTopicsMiscellanyNeutral,1
.,.,n,,0
Over,over,s,NarrOtherNeutral,0
time,time,c,NarrOtherNeutral,1
",",",",s,,0
social,social,s,SpecialTopicsMiscellanyNeutral,0
mobility,mobility,s,SpecialTopicsMiscellanyNeutral,1
has,has,s,NarrActsNeutral,0
allowed,allowed,s,FacilitateExpediteNeutral,0
for,for,s,FacilitateExpediteNeutral,1
greater,greater,s,ExpoComparisonNeutral,0
integration,integration,s,SpecialTopicsMiscellanyNeutral,0
and,and,s,OtherSyntacticComplexityOther,0
egalitarianism,egalitarianism,s,PosValuesFree,0
within,within,s,SpecialTopicsPlaceNeutral,0
the,the,s,SpecialTopicsPlaceNeutral,1
community,community,c,SpecialTopicsPlaceNeutral,2
",",",",s,MetadiscourseContrastNeutral,0
though,though,s,MetadiscourseContrastNeutral,1
caste,caste,s,SpecialTopicsMiscellanyNeutral,0
identity,identity,s,SpecialTopicsMiscellanyNeutral,0
continues,continues,s,NarrDurationNeutral,0
to,to,s,NarrDurationNeutral,1
play,play,s,NarrActsNeutral,0
a,a,s,NarrActsNeutral,1
role,role,c,NarrActsNeutral,2
",",",",s,,0
particularly,particularly,s,ExpoSpecificationNeutral,0
in,in,s,ExpoSpecificationNeutral,1
some,some,s,ExpoOtherNeutral,0
marriage,marriage,s,SpecialTopicsMiscellanyNeutral,0
arrangements,arrangements,s,SpecialTopicsMiscellanyNeutral,0
and,and,s,OtherSyntacticComplexityOther,0
family,family,s,SpecialTopicsMiscellanyNeutral,0
structures,structures,c,SpecialTopicsMiscellanyNeutral,0
.,.,s,,0
Younger,younger,s,ExpoComparisonNeutral,0
generations,generations,s,SpecialTopicsMiscellanyNeutral,0
are,are,s,OtherOrphanedOther,0
generally,generally,s,ConfidenceHedgedNeutral,0
less,less,s,ExpoComparisonNeutral,0
concerned,concerned,s,NegEmotionsConcern,0
with,with,s,NegEmotionsConcern,1
caste,caste,c,SpecialTopicsMiscellanyNeutral,0
",",",",s,,0
although,although,s,MetadiscourseContrastNeutral,0
traditional,traditional,s,SpecialTopicsMiscellanyNeutral,0
divisions,divisions,s,SpecialTopicsMiscellanyNeutral,1
can,can,s,ContingentRelationshipNeutral,0
still,still,s,UpdatesNewsNeutral,0
be,be,s,UpdatesNewsNeutral,1
observed,observed,s,NarrActsNeutral,0
in,in,s,OtherOrphanedOther,0
some,some,s,ExpoOtherNeutral,0
areas,areas,s,SpecialTopicsMiscellanyNeutral,0
of,of,s,OtherSyntacticComplexityOther,0
the,the,s,OtherSyntacticComplexityOther,1
community,community,c,SpecialTopicsMiscellanyNeutral,0
.,.,n,,0
5,5,c,ExpoOtherNeutral,0
.,.,s,ExpoOtherNeutral,1
Political,political,s,PubPoliticsNeutral,0
and,and,s,OtherSyntacticComplexityOther,0
Cultural,cultural,s,SpecialTopicsMiscellanyNeutral,0
Activism,activism,c,StratActsNeutral,0
:,:,s,,0
Claiming,claiming,s,PubLawNeutral,0
Rights,rights,n,PubLawNeutral,1
Over,over,s,NarrOtherNeutral,0
time,time,c,NarrOtherNeutral,1
",",",",s,,0
the,the,s,CharTypesNeutral,0
Indian,indian,s,CharTypesNeutral,1
community,community,s,SpecialTopicsMiscellanyNeutral,0
in,in,s,OtherOrphanedOther,0
Suriname,suriname,s,SpecialTopicsPlaceNeutral,0
has,has,s,NarrActsNeutral,0
mobilized,mobilized,s,StratActsNeutral,0
politically,politically,s,PubPoliticsNeutral,0
to,to,s,OtherOrphanedOther,0
claim,claim,s,CitationControversyNeutral,0
their,their,s,CharNamesNeutral,0
rights,rights,s,PosValuesDignity,0
and,and,s,PosValuesDignity,1
dignity,dignity,c,PosValuesDignity,2
.,.,s,MetadiscourseOtherNeutral,0
This,this,s,MetadiscourseOtherNeutral,1
includes,includes,s,MetadiscourseOtherNeutral,2
struggles,struggles,s,CharTraitsNeg,0
for,for,s,CharTraitsNeg,1
better,better,s,ExpoComparisonNeutral,0
working,working,s,ContingentEventNeutral,0
conditions,conditions,c,ContingentEventNeutral,1
",",",",s,,0
equal,equal,s,PosValuesEqual,0
treatment,treatment,c,PosValuesEqual,1
",",",",s,,0
and,and,s,OtherSyntacticComplexityOther,0
representation,representation,c,SpecialTopicsMiscellanyNeutral,0
.,.,s,,0
In,in,s,NarrDurationNeutral,0
the,the,s,NarrDurationNeutral,1
late,late,s,NarrDurationNeutral,2
19th,19th,s,,0
and,and,s,OtherSyntacticComplexityOther,0
early,early,s,NarrSequenceNeutral,0
20th,20th,s,,0
centuries,centuries,c,NarrDurationNeutral,0
",",",",s,,0
activists,activists,s,CharTypesNeutral,0
and,and,s,OtherSyntacticComplexityOther,0
labor,labor,s,SpecialTopicsMiscellanyNeutral,0
leaders,leaders,s,CharTypesNeutral,0
emerged,emerged,s,DescriptChangeNeutral,0
from,from,s,DescriptChangeNeutral,1
the,the,s,CharTypesNeutral,0
Indian,indian,s,CharTypesNeutral,1
community,community,c,SpecialTopicsMiscellanyNeutral,0
",",",",s,,0
advocating,advocating,s,StratDirectAppealNeutral,0
for,for,s,StratDirectAppealNeutral,1
improved,improved,s,DescriptChangePos,0
conditions,conditions,s,DescriptChangePos,1
for,for,s,OtherOrphanedOther,0
the,the,s,NarrTimeShiftNeutral,0
descendants,descendants,s,NarrTimeShiftNeutral,1
of,of,s,NarrTimeShiftNeutral,2
indentured,indentured,s,PubLawNeutral,0
laborers,laborers,s,CharTypesNeutral,0
and,and,s,OtherSyntacticComplexityOther,0
social,social,s,PubAdministrationNeutral,0
justice,justice,c,PubAdministrationNeutral,1
.,.,n,,0
Today,today,c,NarrImmediacyNeutral,0
",",",",s,,0
the,the,s,CharTypesNeutral,0
Indian,indian,s,CharTypesNeutral,1
community,community,s,SpecialTopicsMiscellanyNeutral,0
is,is,s,ForcefulEmphaticNeutral,0
one,one,s,ForcefulEmphaticNeutral,1
of,of,s,ForcefulEmphaticNeutral,2
the,the,s,OtherOrphanedOther,0
largest,largest,s,ExpoComparisonNeutral,0
ethnic,ethnic,s,SpecialTopicsMiscellanyNeutral,0
groups,groups,s,SpecialTopicsMiscellanyNeutral,0
in,in,s,OtherOrphanedOther,0
Suriname,suriname,c,SpecialTopicsPlaceNeutral,0
",",",",s,,0
and,and,s,OtherSyntacticComplexityOther,0
they,they,s,OtherOrphanedOther,0
continue,continue,s,NarrDurationNeutral,0
to,to,s,NarrDurationNeutral,1
play,play,s,ForcefulSignificantNeutral,0
a,a,s,ForcefulSignificantNeutral,1
significant,significant,s,ForcefulSignificantNeutral,2
role,role,s,ForcefulSignificantNeutral,3
in,in,s,ForcefulSignificantNeutral,4
the,the,s,PubAdministrationNeutral,0
country’s,country’s,s,PubAdministrationNeutral,1
politics,politics,c,PubPoliticsNeutral,0
",",",",s,,0
culture,culture,c,SpecialTopicsMiscellanyNeutral,0
",",",",s,,0
and,and,s,OtherSyntacticComplexityOther,0
society,society,c,PubAdministrationNeutral,0
.,.,s,,0
Surinamese,surinamese,s,CharTypesNeutral,0
of,of,s,CharTypesNeutral,0
Indian,indian,s,CharTypesNeutral,1
descent,descent,s,CharTypesNeutral,2
have,have,s,NarrActsNeutral,0
often,often,s,NarrDurationNeutral,0
used,used,s,NarrActsNeutral,0
their,their,s,CharNamesNeutral,0
shared,shared,s,NarrOtherNeutral,0
history,history,s,NarrOtherNeutral,1
to,to,s,OtherOrphanedOther,0
unite,unite,s,PosRelOther,0
politically,politically,c,PubPoliticsNeutral,0
",",",",s,,0
advocating,advocating,s,StratDirectAppealNeutral,0
for,for,s,StratDirectAppealNeutral,1
their,their,s,CharNamesNeutral,0
rights,rights,s,PubLawNeutral,0
as,as,s,OtherOrphanedOther,0
a,a,s,OtherOrphanedOther,1
community,community,s,SpecialTopicsMiscellanyNeutral,0
and,and,s,OtherSyntacticComplexityOther,0
recognizing,recognizing,s,PosRelOther,0
their,their,s,PosRelOther,1
role,role,s,SpecialTopicsMiscellanyNeutral,0
in,in,s,OtherOrphanedOther,0
Suriname’s,suriname’s,s,,0
development,development,c,SpecialTopicsMiscellanyNeutral,0
.,.,n,,0
6,6,c,ExpoOtherNeutral,0
.,.,s,ExpoOtherNeutral,1
The,the,s,NarrOtherNeutral,0
Remembrance,remembrance,s,NarrOtherNeutral,1
of,of,s,NarrOtherNeutral,2
Indentured,indentured,s,PubLawNeutral,0
Ancestors,ancestors,n,NarrOtherNeutral,0
Many,many,s,ExpoOtherNeutral,0
Indo-Surinamese,indo-surinamese,s,,0
people,people,s,CharTypesNeutral,0
look,look,s,NarrOtherNeutral,0
back,back,s,NarrOtherNeutral,1
at,at,s,DescriptVisualNeutral,0
the,the,s,DescriptVisualNeutral,1
period,period,s,NarrDurationNeutral,0
of,of,s,NarrDurationNeutral,1
indenture,indenture,s,PubLawNeutral,0
with,with,s,OtherSyntacticComplexityOther,0
a,a,s,OtherSyntacticComplexityOther,1
mixture,mixture,s,SpecialTopicsMiscellanyNeutral,0
of,of,s,OtherOrphanedOther,0
gratitude,gratitude,s,PosRelGratitude,0
and,and,s,OtherSyntacticComplexityOther,0
remembrance,remembrance,c,CharMentalStatesNeutral,0
.,.,s,,0
Public,public,s,PubAdministrationNeutral,0
memorials,memorials,s,PubAdministrationNeutral,1
and,and,s,OtherSyntacticComplexityOther,0
commemoration,commemoration,s,NarrActsNeutral,0
events,events,s,NarrActsNeutral,1
are,are,s,OtherOrphanedOther,0
held,held,s,OtherOrphanedOther,0
to,to,s,OtherOrphanedOther,1
honor,honor,s,PosValuesHonor,0
the,the,s,PosValuesHonor,1
laborers,laborers,s,PosValuesHonor,2
who,who,s,OtherOrphanedOther,0
endured,endured,s,CharTraitsNeutral,0
such,such,s,OtherOrphanedOther,0
hardships,hardships,c,NegActsResist,0
",",",",s,,0
and,and,s,OtherSyntacticComplexityOther,0
there,there,s,OtherSyntacticComplexityOther,1
are,are,s,OtherOrphanedOther,0
also,also,s,MetadiscourseAdditionNeutral,0
museums,museums,s,DescriptObjectsNeutral,0
and,and,s,OtherSyntacticComplexityOther,0
heritage,heritage,s,NarrOtherNeutral,0
sites,sites,s,DescriptVisualNeutral,0
dedicated,dedicated,s,CharTraitsNeutral,0
to,to,s,CharTraitsNeutral,1
the,the,s,OtherOrphanedOther,0
history,history,s,NarrOtherNeutral,0
of,of,s,NarrOtherNeutral,1
indenture,indenture,s,PubLawNeutral,0
in,in,s,OtherOrphanedOther,0
Suriname,suriname,c,SpecialTopicsPlaceNeutral,0
.,.,s,,0
These,these,s,OtherOrphanedOther,0
events,events,s,NarrActsNeutral,0
allow,allow,s,FacilitateExpediteNeutral,0
for,for,s,FacilitateExpediteNeutral,1
the,the,s,OtherOrphanedOther,0
reflection,reflection,s,CharMentalStatesNeutral,0
on,on,s,CharMentalStatesNeutral,1
the,the,s,OtherOrphanedOther,0
experiences,experiences,s,NarrActsNeutral,0
of,of,s,OtherSyntacticComplexityOther,0
the,the,s,OtherSyntacticComplexityOther,1
indentured,indentured,s,PubLawNeutral,0
laborers,laborers,s,CharTypesNeutral,0
and,and,s,OtherSyntacticComplexityOther,0
offer,offer,s,FacilitateEnablePos,0
an,an,s,FacilitateEnablePos,1
opportunity,opportunity,s,FacilitateEnablePos,2
for,for,s,OtherOrphanedOther,0
healing,healing,s,PosRelHeal,0
and,and,s,OtherSyntacticComplexityOther,0
solidarity,solidarity,s,PosRelSolidarity,0
within,within,s,SpecialTopicsPlaceNeutral,0
the,the,s,SpecialTopicsPlaceNeutral,1
community,community,c,SpecialTopicsPlaceNeutral,2
.,.,n,,0
The,the,s,OtherOrphanedOther,0
Indo-Surinamese,indo-surinamese,s,,0
diaspora,diaspora,s,SpecialTopicsMiscellanyNeutral,0
also,also,s,MetadiscourseAdditionNeutral,0
maintains,maintains,s,NarrDurationNeutral,0
close,close,s,PosRelOther,0
ties,ties,s,PosRelOther,1
with,with,s,PosRelOther,2
India,india,c,SpecialTopicsPlaceNeutral,0
",",",",s,,0
and,and,s,OtherSyntacticComplexityOther,0
many,many,s,ExpoOtherNeutral,0
view,view,s,OtherOrphanedOther,0
their,their,s,OtherOrphanedOther,1
legacy,legacy,s,NarrOtherNeutral,0
as,as,s,OtherOrphanedOther,0
a,a,s,OtherOrphanedOther,1
bridge,bridge,s,DescriptVisualNeutral,0
between,between,s,DescriptVisualNeutral,1
Indian,indian,s,SpecialTopicsMiscellanyNeutral,0
culture,culture,s,SpecialTopicsMiscellanyNeutral,1
and,and,s,OtherSyntacticComplexityOther,0
Surinamese,surinamese,s,CharTypesNeutral,0
society,society,c,PubAdministrationNeutral,0
.,.,s,,0
The,the,s,CharTypesNeutral,0
Indian,indian,s,CharTypesNeutral,1
community,community,s,SpecialTopicsMiscellanyNeutral,0
continues,continues,s,NarrDurationNeutral,0
to,to,s,NarrDurationNeutral,1
celebrate,celebrate,s,PosEmotionsCelebrate,0
its,its,s,OtherOrphanedOther,0
shared,shared,s,NarrBiographyNeutral,0
ancestry,ancestry,c,NarrBiographyNeutral,1
",",",",s,OtherOrphanedOther,0
which,which,s,OtherOrphanedOther,1
connects,connects,s,OtherOrphanedOther,0
it,it,s,,0
not,not,s,ForcefulEmphaticNeutral,0
just,just,s,ForcefulEmphaticNeutral,1
to,to,s,OtherOrphanedOther,0
Suriname,suriname,s,SpecialTopicsPlaceNeutral,0
but,but,s,MetadiscourseContrastNeutral,0
also,also,s,MetadiscourseAdditionNeutral,0
to,to,s,NarrSceneShiftNeutral,0
India,india,s,NarrSceneShiftNeutral,1
and,and,s,OtherSyntacticComplexityOther,0
the,the,s,OtherSyntacticComplexityOther,1
wider,wider,s,ExpoComparisonNeutral,0
global,global,s,SpecialTopicsMiscellanyNeutral,0
Indian,indian,s,CharTypesNeutral,0
diaspora,diaspora,c,SpecialTopicsMiscellanyNeutral,0
.,.,n,,0
7,7,c,ExpoOtherNeutral,0
.,.,s,ExpoOtherNeutral,1
The,the,s,OtherOrphanedOther,0
Emotional,emotional,s,NegEmotionsEmotionaltoll,0
Toll,toll,s,NegEmotionsEmotionaltoll,1
and,and,s,OtherSyntacticComplexityOther,0
the,the,s,OtherSyntacticComplexityOther,1
Continuing,continuing,s,NegValuesOther,0
Struggle,struggle,s,NegValuesOther,1
for,for,s,OtherOrphanedOther,0
Justice,justice,n,PosValuesJustice,0
For,for,s,OtherSyntacticComplexityOther,0
many,many,s,OtherSyntacticComplexityOther,1
in,in,s,DescriptVisualNeutral,0
the,the,s,DescriptVisualNeutral,1
community,community,c,DescriptVisualNeutral,2
",",",",s,,0
the,the,s,OtherOrphanedOther,0
indenture,indenture,s,SpecialTopicsMiscellanyNeutral,0
system,system,s,SpecialTopicsMiscellanyNeutral,1
is,is,s,UpdatesNewsNeutral,0
still,still,s,UpdatesNewsNeutral,1
a,a,s,UpdatesNewsNeutral,2
source,source,s,SpecialTopicsMiscellanyNeutral,0
of,of,s,SpecialTopicsMiscellanyNeutral,1
emotional,emotional,s,NegEmotionsPain,0
pain,pain,s,NegEmotionsPain,1
and,and,s,OtherSyntacticComplexityOther,0
historical,historical,s,NegActsTrauma,0
trauma,trauma,c,NegActsTrauma,1
.,.,s,,0
The,the,s,OtherOrphanedOther,0
experiences,experiences,s,NarrActsNeutral,0
of,of,s,OtherOrphanedOther,0
exploitation,exploitation,c,NegActsAggressive,0
",",",",s,,0
displacement,displacement,c,NegEmotionsOther,0
",",",",s,,0
and,and,s,OtherSyntacticComplexityOther,0
loss,loss,s,NegEmotionsLoss,0
are,are,s,OtherOrphanedOther,0
acknowledged,acknowledged,c,PosRelAcknowledgement,0
",",",",s,,0
and,and,s,OtherSyntacticComplexityOther,0
there,there,s,OtherSyntacticComplexityOther,1
are,are,s,NarrImmediacyNeutral,0
ongoing,ongoing,s,NarrImmediacyNeutral,1
efforts,efforts,s,CharTraitsNeutral,0
to,to,s,CharTraitsNeutral,1
bring,bring,s,CharTraitsNeutral,0
attention,attention,s,CharTraitsNeutral,1
to,to,s,CharTraitsNeutral,2
these,these,s,OtherOrphanedOther,0
injustices,injustices,c,NegValuesInjustice,0
.,.,s,,0
Generations,generations,s,NarrBiographyNeutral,0
of,of,s,NarrBiographyNeutral,1
Surinamese,surinamese,s,CharTypesNeutral,0
people,people,s,CharTypesNeutral,0
of,of,s,CharTypesNeutral,0
Indian,indian,s,CharTypesNeutral,1
descent,descent,s,CharTypesNeutral,2
have,have,s,NarrOtherNeutral,0
worked,worked,s,NarrOtherNeutral,1
to,to,s,StratCognitionNeutral,0
ensure,ensure,s,StratCognitionNeutral,1
that,that,s,StratCognitionNeutral,2
the,the,s,ForcefulUnprecedentedNeutral,0
historical,historical,s,ForcefulUnprecedentedNeutral,1
significance,significance,s,ForcefulUnprecedentedNeutral,2
of,of,s,OtherOrphanedOther,0
indenture,indenture,s,PubLawNeutral,0
is,is,s,NegActsResist,0
not,not,s,NegActsResist,1
forgotten,forgotten,s,CharMentalStatesNeg,0
and,and,s,OtherSyntacticComplexityOther,0
that,that,s,OtherSyntacticComplexityOther,1
the,the,s,NegEmotionsOther,0
suffering,suffering,s,NegEmotionsOther,1
of,of,s,OtherSyntacticComplexityOther,0
their,their,s,OtherSyntacticComplexityOther,1
ancestors,ancestors,s,NarrOtherNeutral,0
is,is,s,OtherOrphanedOther,0
recognized,recognized,s,ConfidenceHighNeutral,0
and,and,s,OtherSyntacticComplexityOther,0
respected,respected,c,PosRelRespect,0
.,.,n,ForcefulEmphaticNeutral,0
There,there,s,ForcefulEmphaticNeutral,1
are,are,s,ForcefulEmphaticNeutral,2
also,also,s,MetadiscourseAdditionNeutral,0
calls,calls,s,MetadiscourseAdditionNeutral,1
for,for,s,OtherOrphanedOther,0
apology,apology,s,SpecialTopicsMiscellanyNeutral,0
and,and,s,OtherSyntacticComplexityOther,0
compensation,compensation,s,PosRelOther,0
from,from,s,OtherOrphanedOther,0
the,the,s,OtherOrphanedOther,0
Dutch,dutch,s,PubAdministrationNeutral,0
government,government,s,PubAdministrationNeutral,1
and,and,s,OtherSyntacticComplexityOther,0
the,the,s,OtherSyntacticComplexityOther,1
colonial,colonial,s,SpecialTopicsMiscellanyNeutral,0
authorities,authorities,c,PubAdministrationNeutral,0
",",",",s,,0
as,as,s,OtherOrphanedOther,0
many,many,s,ExpoOtherNeutral,0
feel,feel,s,CharSubjectivityNeutral,0
that,that,s,CharSubjectivityNeutral,1
the,the,s,NegActsTrauma,0
trauma,trauma,s,NegActsTrauma,1
of,of,s,OtherOrphanedOther,0
indenture,indenture,s,PubLawNeutral,0
has,has,s,NegActsResist,0
not,not,s,NegActsResist,1
been,been,s,NegActsResist,2
sufficiently,sufficiently,s,PosValuesSufficient,0
addressed,addressed,s,InterOtherNeutral,0
or,or,s,OtherSyntacticComplexityOther,0
apologized,apologized,s,InterConversationNeg,0
for,for,c,InterConversationNeg,1
.,.,n,,0
8,8,c,ExpoOtherNeutral,0
.,.,s,ExpoOtherNeutral,1
Indo-Surinamese,indo-surinamese,s,,0
Contribution,contribution,s,PosValuesOther,0
to,to,s,PosValuesOther,1
National,national,s,PubAdministrationNeutral,0
Identity,identity,n,SpecialTopicsMiscellanyNeutral,0
The,the,s,OtherOrphanedOther,0
Indo-Surinamese,indo-surinamese,s,,0
community,community,s,SpecialTopicsMiscellanyNeutral,0
has,has,s,UpdatesOtherNeutral,0
also,also,s,UpdatesOtherNeutral,1
contributed,contributed,s,UpdatesOtherNeutral,2
to,to,s,OtherOrphanedOther,0
the,the,s,OtherOrphanedOther,0
broader,broader,s,ExpoComparisonNeutral,0
Surinamese,surinamese,s,CharTypesNeutral,0
identity,identity,c,SpecialTopicsMiscellanyNeutral,0
.,.,s,,0
Many,many,s,ExpoOtherNeutral,0
have,have,s,NarrActsNeutral,0
integrated,integrated,s,DescriptChangeNeutral,0
into,into,s,DescriptChangeNeutral,1
Surinamese,surinamese,s,CharTypesNeutral,0
society,society,c,PubAdministrationNeutral,0
",",",",s,,0
contributing,contributing,s,DescriptChangePos,0
to,to,s,DescriptChangePos,1
the,the,s,OtherOrphanedOther,0
cultural,cultural,s,SpecialTopicsMiscellanyNeutral,0
mosaic,mosaic,s,SpecialTopicsMiscellanyNeutral,0
of,of,s,OtherSyntacticComplexityOther,0
the,the,s,OtherSyntacticComplexityOther,1
country,country,c,SpecialTopicsPlaceNeutral,0
.,.,s,,0
As,as,s,OtherOrphanedOther,0
Suriname,suriname,s,SpecialTopicsPlaceNeutral,0
has,has,s,NarrActsNeutral,0
grown,grown,s,OtherOrphanedOther,0
more,more,s,ExpoComparisonNeutral,0
diverse,diverse,c,,0
",",",",s,,0
the,the,s,OtherOrphanedOther,0
contributions,contributions,s,PosValuesOther,0
of,of,s,OtherSyntacticComplexityOther,0
the,the,s,OtherSyntacticComplexityOther,1
Indian,indian,s,SpecialTopicsMiscellanyNeutral,0
community,community,s,SpecialTopicsMiscellanyNeutral,1
in,in,s,OtherSyntacticComplexityOther,0
the,the,s,OtherSyntacticComplexityOther,1
fields,fields,s,OtherSyntacticComplexityOther,2
of,of,s,OtherSyntacticComplexityOther,3
agriculture,agriculture,c,SpecialTopicsMiscellanyNeutral,0
",",",",s,,0
politics,politics,c,PubPoliticsNeutral,0
",",",",s,,0
education,education,c,SpecialTopicsMiscellanyNeutral,0
",",",",s,,0
and,and,s,OtherSyntacticComplexityOther,0
culture,culture,s,SpecialTopicsMiscellanyNeutral,0
are,are,s,OtherOrphanedOther,0
celebrated,celebrated,c,PosEmotionsCelebrate,0
",",",",s,,0
as,as,s,OtherSyntacticComplexityOther,0
well,well,s,OtherSyntacticComplexityOther,1
as,as,s,OtherSyntacticComplexityOther,2
their,their,s,CharNamesNeutral,0
role,role,s,SpecialTopicsMiscellanyNeutral,0
in,in,s,OtherOrphanedOther,0
the,the,s,OtherOrphanedOther,0
nation-building,nation-building,s,SpecialTopicsMiscellanyNeutral,0
process,process,c,SpecialTopicsMiscellanyNeutral,1
.,.,n,,0
Conclusion,conclusion,c,ReasoningConcludeNeutral,0
:,:,s,,0
A,a,s,OtherOrphanedOther,0
Legacy,legacy,s,PubAdministrationNeutral,0
of,of,s,PubAdministrationNeutral,1
Duality,duality,n,SpecialTopicsMiscellanyNeutral,0
The,the,s,OtherOrphanedOther,0
legacy,legacy,s,PubAdministrationNeutral,0
of,of,s,PubAdministrationNeutral,1
indenture,indenture,s,PubLawNeutral,0
in,in,s,OtherOrphanedOther,0
Suriname,suriname,s,SpecialTopicsPlaceNeutral,0
is,is,s,ForcefulEmphaticNeutral,0
one,one,s,ForcefulEmphaticNeutral,1
of,of,s,ForcefulEmphaticNeutral,2
resilience,resilience,s,PosActsResilience,0
and,and,s,OtherSyntacticComplexityOther,0
survival,survival,c,NarrTurningPointNeutral,0
",",",",s,,0
marked,marked,s,ForcefulEmphaticNeutral,0
by,by,s,ForcefulEmphaticNeutral,1
a,a,s,OtherOrphanedOther,0
complex,complex,s,SpecialTopicsMiscellanyNeutral,0
interplay,interplay,s,OtherOrphanedOther,0
of,of,s,OtherOrphanedOther,0
suffering,suffering,s,NegEmotionsSuffer,0
and,and,s,OtherSyntacticComplexityOther,0
cultural,cultural,s,SpecialTopicsMiscellanyNeutral,0
preservation,preservation,c,PubAdministrationNeutral,0
.,.,s,,0
For,for,s,OtherOrphanedOther,0
the,the,s,CharTypesNeutral,0
Indian,indian,s,CharTypesNeutral,1
community,community,s,SpecialTopicsMiscellanyNeutral,0
in,in,s,OtherOrphanedOther,0
Suriname,suriname,c,SpecialTopicsPlaceNeutral,0
",",",",s,,0
the,the,s,OtherOrphanedOther,0
indenture,indenture,s,SpecialTopicsMiscellanyNeutral,0
system,system,s,SpecialTopicsMiscellanyNeutral,1
is,is,s,OtherOrphanedOther,0
a,a,s,OtherOrphanedOther,0
painful,painful,s,NegEmotionsPain,0
but,but,s,MetadiscourseContrastNeutral,0
essential,essential,s,ExpoOtherNeutral,0
part,part,s,ExpoOtherNeutral,1
of,of,s,OtherSyntacticComplexityOther,0
their,their,s,OtherSyntacticComplexityOther,1
history,history,c,NarrOtherNeutral,0
",",",",s,,0
shaping,shaping,s,OtherOrphanedOther,0
their,their,s,OtherOrphanedOther,1
identity,identity,c,SpecialTopicsMiscellanyNeutral,0
",",",",s,,0
culture,culture,c,SpecialTopicsMiscellanyNeutral,0
",",",",s,,0
and,and,s,OtherSyntacticComplexityOther,0
social,social,s,SpecialTopicsMiscellanyNeutral,0
structure,structure,c,SpecialTopicsMiscellanyNeutral,1
.,.,s,,0
While,while,s,DescriptVisualNeutral,0
there,there,s,DescriptVisualNeutral,1
is,is,s,OtherOrphanedOther,0
a,a,s,StratActsPos,0
great,great,s,StratActsPos,1
deal,deal,s,StratActsPos,2
of,of,s,OtherOrphanedOther,0
pride,pride,s,PosEmotionsPride,0
in,in,s,OtherOrphanedOther,0
the,the,s,PosEmotionsOther,0
successes,successes,s,PosEmotionsOther,1
and,and,s,OtherSyntacticComplexityOther,0
advances,advances,s,OtherOrphanedOther,0
of,of,s,OtherSyntacticComplexityOther,0
their,their,s,OtherSyntacticComplexityOther,1
ancestors,ancestors,c,NarrOtherNeutral,0
",",",",s,,0
there,there,s,OtherSyntacticComplexityOther,0
is,is,s,OtherSyntacticComplexityOther,1
also,also,s,MetadiscourseAdditionNeutral,0
an,an,s,PosValuesOther,0
awareness,awareness,s,PosValuesOther,1
of,of,s,PosValuesOther,2
the,the,s,OtherOrphanedOther,0
brutality,brutality,s,NegActsAggressive,0
and,and,s,OtherSyntacticComplexityOther,0
injustice,injustice,s,NegValuesInjustice,0
of,of,s,OtherSyntacticComplexityOther,0
the,the,s,OtherSyntacticComplexityOther,1
system,system,c,SpecialTopicsMiscellanyNeutral,0
.,.,s,,0
Today,today,c,NarrImmediacyNeutral,0
",",",",s,,0
the,the,s,PubAdministrationNeutral,0
community,community,s,PubAdministrationNeutral,1
looks,looks,s,NarrOtherNeutral,0
back,back,s,NarrOtherNeutral,1
on,on,s,NarrOtherNeutral,2
this,this,s,OtherOrphanedOther,0
history,history,s,NarrOtherNeutral,0
as,as,s,OtherSyntacticComplexityOther,0
a,a,s,OtherSyntacticComplexityOther,1
means,means,s,OtherSyntacticComplexityOther,2
of,of,s,OtherSyntacticComplexityOther,3
understanding,understanding,s,InquiryLearningNeutral,0
their,their,s,CharNamesNeutral,0
present,present,c,SpecialTopicsMiscellanyNeutral,0
",",",",s,,0
acknowledging,acknowledging,s,PosRelAcknowledgement,0
their,their,s,CharNamesNeutral,0
roots,roots,c,OtherOrphanedOther,0
",",",",s,,0
and,and,s,OtherSyntacticComplexityOther,0
continuing,continuing,s,NarrDurationNeutral,0
to,to,s,NarrDurationNeutral,1
build,build,s,NarrActsNeutral,0
a,a,s,NarrActsNeutral,1
future,future,s,FutureOtherNeutral,0
that,that,s,OtherOrphanedOther,0
honors,honors,s,PosValuesHonor,0
both,both,s,MetadiscourseOtherNeutral,0
the,the,s,MetadiscourseOtherNeutral,1
sacrifices,sacrifices,s,NegRelForego,0
and,and,s,OtherSyntacticComplexityOther,0
the,the,s,OtherSyntacticComplexityOther,1
strength,strength,s,PosValuesStrong,0
of,of,s,OtherSyntacticComplexityOther,0
their,their,s,OtherSyntacticComplexityOther,1
forebears,forebears,c,NarrOtherNeutral,0
.,.,n,,0
The,the,s,OtherOrphanedOther,0
indentured,indentured,s,PubLawNeutral,0
system,system,s,SpecialTopicsMiscellanyNeutral,0
in,in,s,OtherOrphanedOther,0
Suriname,suriname,s,SpecialTopicsPlaceNeutral,0
officially,officially,s,PubAdministrationNeutral,0
came,came,s,NarrSequenceNeutral,0
to,to,s,NarrSequenceNeutral,1
an,an,s,NarrSequenceNeutral,2
end,end,s,NarrSequenceNeutral,3
in,in,s,NarrTimeShiftNeutral,0
1916,1916,c,NarrTimeShiftNeutral,1
",",",",s,MetadiscourseContrastNeutral,0
though,though,s,MetadiscourseContrastNeutral,1
the,the,s,OtherOrphanedOther,0
process,process,s,SpecialTopicsMiscellanyNeutral,0
of,of,s,OtherOrphanedOther,0
dismantling,dismantling,s,NegEmotionsOther,0
the,the,s,NegEmotionsOther,1
system,system,s,SpecialTopicsMiscellanyNeutral,0
began,began,s,NarrSequenceNeutral,0
earlier,earlier,c,NarrSequenceNeutral,0
",",",",s,,0
and,and,s,OtherSyntacticComplexityOther,0
its,its,s,OtherOrphanedOther,0
aftermath,aftermath,s,FutureOtherNeg,0
had,had,s,NarrOtherNeutral,0
significant,significant,s,FutureOtherNeg,0
consequences,consequences,s,FutureOtherNeg,1
for,for,s,OtherOrphanedOther,0
the,the,s,CharTypesNeutral,0
Indian,indian,s,CharTypesNeutral,1
population,population,s,PubAdministrationNeutral,0
in,in,s,OtherOrphanedOther,0
Suriname,suriname,c,SpecialTopicsPlaceNeutral,0
.,.,s,,0
The,the,s,OtherOrphanedOther,0
legacy,legacy,s,PubAdministrationNeutral,0
of,of,s,PubAdministrationNeutral,1
the,the,s,OtherOrphanedOther,0
indentured,indentured,s,PubLawNeutral,0
labor,labor,s,SpecialTopicsMiscellanyNeutral,0
system,system,s,SpecialTopicsMiscellanyNeutral,1
shaped,shaped,s,OtherOrphanedOther,0
the,the,s,OtherOrphanedOther,0
socio-economic,socio-economic,c,PubAdministrationNeutral,0
",",",",s,,0
cultural,cultural,c,SpecialTopicsMiscellanyNeutral,0
",",",",s,,0
and,and,s,OtherSyntacticComplexityOther,0
political,political,s,PubPoliticsNeutral,0
landscape,landscape,s,PubPoliticsNeutral,1
for,for,s,OtherOrphanedOther,0
Indo-Surinamese,indo-surinamese,s,,0
communities,communities,s,SpecialTopicsMiscellanyNeutral,0
in,in,s,PosValuesProfoundHead,0
profound,profound,s,PosValuesProfoundHead,1
ways,ways,c,DescriptObjectsNeutral,0
.,.,n,InterCommandNeutral,0
End,end,s,InterCommandNeutral,1
of,of,s,OtherSyntacticComplexityOther,0
the,the,s,OtherSyntacticComplexityOther,1
Indentured,indentured,s,PubLawNeutral,0
System,system,s,SpecialTopicsMiscellanyNeutral,0
in,in,s,OtherOrphanedOther,0
Suriname,suriname,c,SpecialTopicsPlaceNeutral,0
:,:,n,,0
1,1,c,ExpoOtherNeutral,0
.,.,s,ExpoOtherNeutral,1
Gradual,gradual,s,NarrSequenceNeutral,0
Phasing,phasing,s,NarrSequenceNeutral,1
Out,out,s,OtherOrphanedOther,0
of,of,s,OtherOrphanedOther,0
Indenture,indenture,n,PubLawNeutral,0
Indenture,indenture,s,PubLawNeutral,0
as,as,s,OtherOrphanedOther,0
a,a,s,OtherOrphanedOther,1
system,system,s,SpecialTopicsMiscellanyNeutral,0
of,of,s,SpecialTopicsMiscellanyNeutral,1
labor,labor,s,SpecialTopicsMiscellanyNeutral,0
was,was,s,NarrBiographyNeutral,0
employed,employed,s,NarrBiographyNeutral,1
by,by,s,NarrBiographyNeutral,2
the,the,s,OtherOrphanedOther,0
Dutch,dutch,s,SpecialTopicsMiscellanyNeutral,0
colonial,colonial,s,SpecialTopicsMiscellanyNeutral,1
authorities,authorities,s,PubAdministrationNeutral,0
to,to,s,OtherOrphanedOther,0
fill,fill,s,OtherOrphanedOther,0
the,the,s,OtherOrphanedOther,0
labor,labor,s,NegValuesOther,0
shortages,shortages,s,NegValuesOther,1
left,left,s,SpecialTopicsMiscellanyNeutral,0
by,by,s,OtherOrphanedOther,0
the,the,s,OtherOrphanedOther,0
abolition,abolition,s,NegActsResist,0
of,of,s,OtherOrphanedOther,0
slavery,slavery,c,NegRelServility,0
.,.,s,,0
Initially,initially,c,NarrSequenceNeutral,0
",",",",s,,0
the,the,s,OtherOrphanedOther,0
system,system,s,SpecialTopicsMiscellanyNeutral,0
was,was,s,NegActsAggressive,0
set,set,s,NegActsAggressive,1
up,up,s,NegActsAggressive,2
to,to,s,OtherOrphanedOther,0
provide,provide,s,FacilitateSponsorNeutral,0
labor,labor,s,OtherOrphanedOther,0
for,for,s,OtherOrphanedOther,1
the,the,s,DescriptObjectsNeutral,0
sugar,sugar,s,DescriptObjectsNeutral,1
plantations,plantations,s,DescriptVisualNeutral,0
in,in,s,OtherOrphanedOther,0
Suriname,suriname,c,SpecialTopicsPlaceNeutral,0
.,.,s,,0
The,the,s,CharTypesNeutral,0
Indian,indian,s,CharTypesNeutral,1
indentured,indentured,s,PubLawNeutral,0
laborers,laborers,c,CharTypesNeutral,0
",",",",s,,0
often,often,s,NarrDurationNeutral,0
referred,referred,s,NarrActsNeutral,0
to,to,s,NarrActsNeutral,1
as,as,s,NarrActsNeutral,2
“,",c,,0
coolies,coolies,c,CharTypesNeutral,0
”,",c,,0
",",",",s,,0
were,were,s,NarrActsNeutral,0
brought,brought,s,NarrActsNeutral,1
in,in,s,OtherOrphanedOther,0
primarily,primarily,s,ForcefulEmphaticNeutral,0
from,from,s,OtherOrphanedOther,0
India,india,s,SpecialTopicsPlaceNeutral,0
between,between,s,NarrDurationNeutral,0
1873,1873,s,NarrDurationNeutral,1
and,and,s,OtherSyntacticComplexityOther,0
1916,1916,c,NarrOtherNeutral,0
.,.,n,,0
The,the,s,OtherOrphanedOther,0
Dutch,dutch,s,PubAdministrationNeutral,0
government,government,s,PubAdministrationNeutral,1
and,and,s,OtherSyntacticComplexityOther,0
plantation,plantation,s,DescriptVisualNeutral,0
owners,owners,s,CharTypesNeutral,0
began,began,s,NarrSequenceNeutral,0
to,to,s,NarrSequenceNeutral,1
reduce,reduce,s,DescriptChangeNeutral,0
the,the,s,DescriptChangeNeutral,1
intake,intake,s,SpecialTopicsMiscellanyNeutral,0
of,of,s,OtherOrphanedOther,0
indentured,indentured,s,PubLawNeutral,0
laborers,laborers,s,CharTypesNeutral,0
towards,towards,s,OtherSyntacticComplexityOther,0
the,the,s,OtherOrphanedOther,0
early,early,s,NarrSequenceNeutral,0
20th,20th,s,NarrDurationNeutral,0
century,century,c,NarrDurationNeutral,1
.,.,s,,0
This,this,s,MetadiscourseOtherNeutral,0
was,was,s,MetadiscourseOtherNeutral,1
due,due,s,ReasoningOtherNeutral,0
to,to,s,ReasoningOtherNeutral,1
a,a,s,ReasoningOtherNeutral,2
combination,combination,s,SpecialTopicsMiscellanyNeutral,0
of,of,s,SpecialTopicsMiscellanyNeutral,1
factors,factors,c,SpecialTopicsMiscellanyNeutral,0
:,:,n,,0
The,the,s,DescriptChangeNeutral,0
rise,rise,s,DescriptChangeNeutral,1
in,in,s,DescriptChangeNeutral,2
resistance,resistance,s,NegActsResist,0
from,from,s,OtherOrphanedOther,0
indentured,indentured,s,PubLawNeutral,0
workers,workers,s,CharTypesNeutral,0
(,(,c,OtherOrphanedOther,0
including,including,s,NarrActsNeutral,0
strikes,strikes,s,NegEmotionsOther,0
and,and,s,OtherSyntacticComplexityOther,0
uprisings,uprisings,c,StratActsNeg,0
),),c,OtherOrphanedOther,0
.,.,n,,0
The,the,s,DescriptChangeNeutral,0
changing,changing,s,DescriptChangeNeutral,1
economic,economic,s,ContingentEventNeutral,0
conditions,conditions,c,ContingentEventNeutral,1
",",",",s,,0
including,including,s,OtherOrphanedOther,0
the,the,s,OtherOrphanedOther,1
decline,decline,s,DescriptChangeNeg,0
of,of,s,DescriptChangeNeg,1
the,the,s,DescriptObjectsNeutral,0
sugar,sugar,s,DescriptObjectsNeutral,1
industry,industry,c,SpecialTopicsMiscellanyNeutral,0
.,.,n,,0
The,the,s,DescriptChangeNeutral,0
growing,growing,s,DescriptChangeNeutral,1
movement,movement,s,SpecialTopicsMiscellanyNeutral,0
against,against,s,NegActsResist,0
the,the,s,NegActsResist,1
system,system,c,SpecialTopicsMiscellanyNeutral,0
",",",",s,,0
both,both,s,OtherSyntacticComplexityOther,0
in,in,s,OtherOrphanedOther,0
Suriname,suriname,s,SpecialTopicsPlaceNeutral,0
and,and,s,OtherSyntacticComplexityOther,0
India,india,c,SpecialTopicsPlaceNeutral,0
",",",",s,OtherOrphanedOther,0
which,which,s,OtherOrphanedOther,1
began,began,s,NarrSequenceNeutral,0
to,to,s,NarrSequenceNeutral,1
question,question,s,ReasoningCriticizeNeg,0
the,the,s,ReasoningCriticizeNeg,1
ethics,ethics,s,ReasoningCriticizeNeg,2
of,of,s,OtherOrphanedOther,0
forced,forced,s,NegActsAggressive,0
labor,labor,s,NegActsAggressive,1
and,and,s,OtherSyntacticComplexityOther,0
the,the,s,OtherSyntacticComplexityOther,1
exploitation,exploitation,s,NegActsAggressive,0
of,of,s,OtherOrphanedOther,0
workers,workers,c,CharTypesNeutral,0
.,.,n,,0
2,2,c,ExpoOtherNeutral,0
.,.,s,ExpoOtherNeutral,1
Official,official,s,PubAdministrationNeutral,0
End,end,s,PubAdministrationNeutral,1
in,in,s,NarrTimeShiftNeutral,0
1916,1916,n,NarrTimeShiftNeutral,1
The,the,s,OtherOrphanedOther,0
Dutch,dutch,s,SpecialTopicsMiscellanyNeutral,0
colonial,colonial,s,SpecialTopicsMiscellanyNeutral,1
government,government,s,PubAdministrationNeutral,0
formally,formally,s,SpecialTopicsMiscellanyNeutral,0
ended,ended,s,NarrSequenceNeutral,0
the,the,s,NarrSequenceNeutral,1
indenture,indenture,s,SpecialTopicsMiscellanyNeutral,0
system,system,s,SpecialTopicsMiscellanyNeutral,1
in,in,s,NarrTimeShiftNeutral,0
1916,1916,c,NarrTimeShiftNeutral,1
",",",",s,MetadiscourseContrastNeutral,0
though,though,s,MetadiscourseContrastNeutral,1
by,by,s,NarrTimeShiftNeutral,0
that,that,s,NarrTimeShiftNeutral,1
time,time,c,NarrTimeShiftNeutral,2
",",",",s,,0
many,many,s,ExpoOtherNeutral,0
Indo-Surinamese,indo-surinamese,s,,0
laborers,laborers,s,CharTypesNeutral,0
had,had,s,NarrOtherNeutral,0
already,already,s,UpdatesOtherNeutral,0
transitioned,transitioned,s,DescriptChangeNeutral,0
into,into,s,OtherOrphanedOther,0
independent,independent,s,SpecialTopicsMiscellanyNeutral,0
agricultural,agricultural,s,SpecialTopicsMiscellanyNeutral,0
work,work,c,OtherOrphanedOther,0
",",",",s,,0
including,including,s,NarrActsNeutral,0
owning,owning,s,NarrActsNeutral,0
small,small,s,DescriptVisualNeutral,0
farms,farms,c,DescriptVisualNeutral,1
.,.,n,,0
After,after,s,NarrSequenceNeutral,0
1916,1916,c,NarrOtherNeutral,0
",",",",s,,0
the,the,s,OtherOrphanedOther,0
importation,importation,s,NarrSceneShiftNeutral,0
of,of,s,OtherOrphanedOther,0
indentured,indentured,s,PubLawNeutral,0
laborers,laborers,s,CharTypesNeutral,0
stopped,stopped,c,NarrActsNeutral,0
",",",",s,,0
and,and,s,OtherSyntacticComplexityOther,0
the,the,s,OtherSyntacticComplexityOther,1
last,last,s,NarrSequenceNeutral,0
batch,batch,s,ExpoOtherNeutral,0
of,of,s,ExpoOtherNeutral,1
workers,workers,s,CharTypesNeutral,0
had,had,s,NarrOtherNeutral,0
completed,completed,s,NarrSequenceNeutral,0
their,their,s,NarrSequenceNeutral,1
contracts,contracts,s,NarrActsNeutral,0
by,by,s,NarrTimeShiftNeutral,0
the,the,s,NarrTimeShiftNeutral,1
early,early,s,NarrTimeShiftNeutral,2
1920s,1920s,c,NarrTimeShiftNeutral,3
.,.,n,,0
Aftermath,aftermath,s,NegEmotionsOther,0
of,of,s,NegEmotionsOther,1
the,the,s,NarrSequenceNeutral,0
End,end,s,NarrSequenceNeutral,1
of,of,s,NarrSequenceNeutral,2
Indenture,indenture,c,PubLawNeutral,0
:,:,n,,0
After,after,s,NarrSequenceNeutral,0
the,the,s,NarrSequenceNeutral,1
end,end,s,NarrSequenceNeutral,0
of,of,s,NarrSequenceNeutral,1
the,the,s,NarrSequenceNeutral,2
indenture,indenture,s,SpecialTopicsMiscellanyNeutral,0
system,system,c,SpecialTopicsMiscellanyNeutral,1
",",",",s,,0
the,the,s,CharTypesNeutral,0
Indian,indian,s,CharTypesNeutral,1
population,population,s,PubAdministrationNeutral,0
in,in,s,OtherOrphanedOther,0
Suriname,suriname,s,SpecialTopicsPlaceNeutral,0
faced,faced,s,DescriptVisualNeutral,0
a,a,s,OtherOrphanedOther,0
complex,complex,s,SpecialTopicsMiscellanyNeutral,0
series,series,s,NarrSequenceNeutral,0
of,of,s,OtherOrphanedOther,0
social,social,c,,0
",",",",s,,0
economic,economic,c,SpecialTopicsMiscellanyNeutral,0
",",",",s,,0
and,and,s,OtherSyntacticComplexityOther,0
political,political,s,StratOtherNeutral,0
challenges,challenges,s,StratOtherNeutral,1
as,as,s,ReasoningOtherNeutral,0
they,they,s,ReasoningOtherNeutral,1
adapted,adapted,s,PosValuesOther,0
to,to,s,PosValuesOther,1
their,their,s,CharNamesNeutral,0
new,new,s,NarrImmediacyNeutral,0
status,status,s,SpecialTopicsMiscellanyNeutral,0
as,as,s,OtherOrphanedOther,0
free,free,s,FacilitateUnobstructNeutral,0
workers,workers,s,CharTypesNeutral,0
or,or,s,OtherSyntacticComplexityOther,0
landowners,landowners,c,CharTypesNeutral,0
.,.,n,,0
1,1,c,ExpoOtherNeutral,0
.,.,s,ExpoOtherNeutral,1
Transition,transition,s,DescriptChangeNeutral,0
to,to,s,DescriptChangeNeutral,1
Semi-Independent,semi-independent,s,SpecialTopicsMiscellanyNeutral,0
Farming,farming,n,SpecialTopicsMiscellanyNeutral,0
Many,many,s,OtherSyntacticComplexityOther,0
of,of,s,OtherSyntacticComplexityOther,1
the,the,s,OtherSyntacticComplexityOther,2
indentured,indentured,s,PubLawNeutral,0
laborers,laborers,s,CharTypesNeutral,0
who,who,s,OtherOrphanedOther,0
survived,survived,s,NarrBiographyNeutral,0
the,the,s,NarrBiographyNeutral,1
system,system,s,SpecialTopicsMiscellanyNeutral,0
had,had,s,NarrOtherNeutral,0
small,small,s,DescriptVisualNeutral,0
plots,plots,s,DescriptVisualNeutral,0
of,of,s,DescriptVisualNeutral,1
land,land,s,DescriptVisualNeutral,2
that,that,s,NarrOtherNeutral,0
they,they,s,NarrOtherNeutral,1
had,had,s,NarrOtherNeutral,2
acquired,acquired,s,DescriptChangeNeutral,0
after,after,s,ExpoOtherNeutral,0
completing,completing,s,ExpoOtherNeutral,1
their,their,s,CharNamesNeutral,0
contracts,contracts,c,NarrActsNeutral,0
.,.,s,,0
As,as,s,OtherOrphanedOther,0
indentured,indentured,s,PubLawNeutral,0
laborers,laborers,s,CharTypesNeutral,0
were,were,s,PosValuesAble,0
able,able,s,PosValuesAble,1
to,to,s,PosValuesAble,2
leave,leave,s,NarrActsNeutral,0
the,the,s,NarrActsNeutral,1
plantations,plantations,s,DescriptVisualNeutral,0
at,at,s,NarrSequenceNeutral,0
the,the,s,NarrSequenceNeutral,1
end,end,s,NarrSequenceNeutral,2
of,of,s,OtherSyntacticComplexityOther,0
their,their,s,OtherSyntacticComplexityOther,1
service,service,c,SpecialTopicsMiscellanyNeutral,0
",",",",s,,0
they,they,s,OtherOrphanedOther,0
often,often,s,NarrDurationNeutral,0
sought,sought,s,StratActsNeutral,0
to,to,s,StratActsNeutral,1
establish,establish,s,NarrBiographyNeutral,0
themselves,themselves,s,NarrBiographyNeutral,1
as,as,s,OtherOrphanedOther,0
farmers,farmers,s,CharTypesNeutral,0
on,on,s,OtherOrphanedOther,0
small-scale,small-scale,s,SpecialTopicsMiscellanyNeutral,0
plots,plots,c,SpecialTopicsMiscellanyNeutral,0
",",",",s,,0
focusing,focusing,s,CharMentalStatesPos,0
on,on,s,CharMentalStatesPos,1
the,the,s,CharMentalStatesPos,2
cultivation,cultivation,s,PosValuesEnlighten,0
of,of,s,PosValuesEnlighten,1
rice,rice,c,PosValuesEnlighten,2
",",",",s,,0
vegetables,vegetables,c,DescriptObjectsNeutral,0
",",",",s,,0
and,and,s,OtherSyntacticComplexityOther,0
sugarcane,sugarcane,c,DescriptObjectsNeutral,0
.,.,n,,0
Over,over,s,NarrOtherNeutral,0
time,time,c,NarrOtherNeutral,1
",",",",s,,0
these,these,s,OtherOrphanedOther,0
communities,communities,s,SpecialTopicsMiscellanyNeutral,0
developed,developed,s,DescriptChangeNeutral,0
and,and,s,OtherSyntacticComplexityOther,0
grew,grew,s,DescriptChangePos,0
into,into,s,DescriptChangePos,1
agricultural,agricultural,s,PosRelAgree,0
settlements,settlements,c,PosRelAgree,1
",",",",s,,0
contributing,contributing,s,DescriptChangePos,0
to,to,s,DescriptChangePos,1
the,the,s,OtherOrphanedGenericActivity,0
food,food,s,OtherOrphanedGenericActivity,1
supply,supply,s,SpecialTopicsMiscellanyNeutral,0
of,of,s,SpecialTopicsMiscellanyNeutral,1
Suriname,suriname,s,SpecialTopicsPlaceNeutral,0
and,and,s,OtherSyntacticComplexityOther,0
integrating,integrating,s,DescriptChangeNeutral,0
into,into,s,DescriptChangeNeutral,1
the,the,s,OtherOrphanedOther,0
broader,broader,s,SpecialTopicsMiscellanyNeutral,0
economy,economy,c,SpecialTopicsMiscellanyNeutral,1
.,.,s,NarrActsNeutral,0
They,they,s,NarrActsNeutral,1
began,began,s,NarrSequenceNeutral,0
to,to,s,NarrSequenceNeutral,1
form,form,s,DescriptChangeNeutral,0
a,a,s,DescriptChangeNeutral,1
rural,rural,s,SpecialTopicsMiscellanyNeutral,0
peasant,peasant,s,CharTypesNeutral,0
class,class,s,SpecialTopicsMiscellanyNeutral,0
within,within,s,OtherOrphanedOther,0
the,the,s,OtherOrphanedOther,0
Indo-Surinamese,indo-surinamese,s,,0
population,population,c,PubAdministrationNeutral,0
.,.,n,,0
Despite,despite,s,MetadiscourseContrastNeutral,0
this,this,s,MetadiscourseContrastNeutral,1
shift,shift,c,DescriptChangeNeutral,0
",",",",s,,0
many,many,s,OtherSyntacticComplexityOther,0
of,of,s,OtherSyntacticComplexityOther,1
the,the,s,OtherSyntacticComplexityOther,2
Indian,indian,s,CharTypesNeutral,0
laborers,laborers,s,CharTypesNeutral,0
continued,continued,s,NarrDurationNeutral,0
to,to,s,NarrDurationNeutral,1
face,face,s,NegRelFace,0
poverty,poverty,s,NegRelFace,1
and,and,s,NegValuesLack,0
lacked,lacked,s,NegValuesLack,1
access,access,s,PosValuesOther,0
to,to,s,PosValuesOther,1
the,the,s,OtherOrphanedOther,0
capital,capital,s,SpecialTopicsMiscellanyNeutral,0
and,and,s,OtherSyntacticComplexityOther,0
resources,resources,s,SpecialTopicsMiscellanyNeutral,0
that,that,s,ContingentRelationshipNeutral,0
would,would,s,ContingentRelationshipNeutral,1
have,have,s,ContingentRelationshipNeutral,2
allowed,allowed,s,FacilitateExpediteNeutral,0
them,them,s,FacilitateExpediteNeutral,1
to,to,s,FacilitateExpediteNeutral,2
become,become,s,DescriptChangeNeutral,0
more,more,s,ExpoComparisonNeutral,0
successful,successful,s,PosActsAchieve,0
landowners,landowners,c,CharTypesNeutral,0
.,.,s,,0
While,while,s,NarrDurationNeutral,0
the,the,s,NarrDurationNeutral,1
indentured,indentured,s,PubLawNeutral,0
system,system,s,SpecialTopicsMiscellanyNeutral,0
had,had,s,NarrOtherNeutral,0
ended,ended,c,NarrSequenceNeutral,0
",",",",s,,0
many,many,s,ExpoOtherNeutral,0
still,still,s,DescriptObjectsNeutral,0
faced,faced,s,DescriptObjectsNeutral,1
difficulties,difficulties,s,NegValuesOther,0
in,in,s,NegValuesOther,1
breaking,breaking,s,NarrSceneShiftNeutral,0
free,free,s,NarrSceneShiftNeutral,1
from,from,s,NarrSceneShiftNeutral,2
the,the,s,OtherOrphanedOther,0
legacy,legacy,s,PubAdministrationNeutral,0
of,of,s,PubAdministrationNeutral,1
exploitation,exploitation,s,NegActsAggressive,0
and,and,s,OtherSyntacticComplexityOther,0
limited,limited,s,StratActsNeg,0
opportunities,opportunities,c,StratActsNeg,1
.,.,n,,0
2,2,c,ExpoOtherNeutral,0
.,.,s,ExpoOtherNeutral,1
The,the,s,DescriptChangeNeutral,0
Rise,rise,s,DescriptChangeNeutral,1
of,of,s,DescriptChangeNeutral,2
Indian,indian,s,SpecialTopicsMiscellanyNeutral,0
Communities,communities,s,SpecialTopicsMiscellanyNeutral,1
in,in,s,OtherOrphanedOther,0
Suriname,suriname,n,SpecialTopicsPlaceNeutral,0
The,the,s,NarrTimeShiftNeutral,0
descendants,descendants,s,NarrTimeShiftNeutral,1
of,of,s,NarrTimeShiftNeutral,2
the,the,s,OtherOrphanedOther,0
indentured,indentured,s,PubLawNeutral,0
laborers,laborers,s,CharTypesNeutral,0
began,began,s,NarrSequenceNeutral,0
to,to,s,NarrSequenceNeutral,1
establish,establish,s,,0
settlements,settlements,s,DescriptVisualNeutral,0
and,and,s,OtherSyntacticComplexityOther,0
form,form,s,StratActsNeutral,0
communities,communities,s,StratActsNeutral,1
in,in,s,OtherOrphanedOther,0
Suriname,suriname,c,SpecialTopicsPlaceNeutral,0
.,.,s,,0
These,these,s,OtherOrphanedOther,0
communities,communities,s,SpecialTopicsMiscellanyNeutral,0
began,began,s,NarrSequenceNeutral,0
to,to,s,NarrSequenceNeutral,1
develop,develop,s,DescriptChangeNeutral,0
their,their,s,DescriptChangeNeutral,1
own,own,s,NarrActsNeutral,0
identities,identities,s,,0
and,and,s,OtherSyntacticComplexityOther,0
structures,structures,c,SpecialTopicsMiscellanyNeutral,0
",",",",s,,0
relying,relying,s,NarrActsNeutral,0
on,on,s,NarrActsNeutral,1
religion,religion,s,SpecialTopicsMiscellanyNeutral,0
(,(,c,OtherOrphanedOther,0
Hinduism,hinduism,c,SpecialTopicsMiscellanyNeutral,0
",",",",s,,0
Islam,islam,c,SpecialTopicsMiscellanyNeutral,0
),),c,OtherOrphanedOther,0
",",",",s,,0
caste,caste,s,SpecialTopicsMiscellanyNeutral,0
and,and,s,OtherSyntacticComplexityOther,0
language,language,s,SpecialTopicsMiscellanyNeutral,0
(,(,c,OtherOrphanedOther,0
primarily,primarily,s,ForcefulEmphaticNeutral,0
Hindi,hindi,c,SpecialTopicsMiscellanyNeutral,0
",",",",s,,0
Bhojpuri,bhojpuri,c,,0
",",",",s,,0
and,and,s,OtherSyntacticComplexityOther,0
Javanese,javanese,c,SpecialTopicsPlaceNeutral,0
),),s,OtherOrphanedOther,0
to,to,s,OtherOrphanedOther,0
maintain,maintain,s,NarrDurationNeutral,0
social,social,s,PosRelSocial,0
cohesion,cohesion,c,PosRelSocial,1
.,.,n,,0
Indian,indian,s,CharTypesNeutral,0
temples,temples,c,DescriptVisualNeutral,0
",",",",s,,0
mosques,mosques,c,DescriptVisualNeutral,0
",",",",s,,0
and,and,s,OtherSyntacticComplexityOther,0
cultural,cultural,s,PubAdministrationNeutral,0
institutions,institutions,s,PubAdministrationNeutral,1
were,were,s,NarrOtherNeutral,0
established,established,c,PubAdministrationNeutral,0
",",",",s,,0
and,and,s,OtherSyntacticComplexityOther,0
the,the,s,OtherSyntacticComplexityOther,1
Indian,indian,s,SpecialTopicsMiscellanyNeutral,0
community,community,s,SpecialTopicsMiscellanyNeutral,1
started,started,s,NarrSequenceNeutral,0
to,to,s,NarrSequenceNeutral,1
develop,develop,s,DescriptChangeNeutral,0
its,its,s,DescriptChangeNeutral,1
own,own,s,NarrActsNeutral,0
distinct,distinct,s,ExpoComparisonNeutral,0
cultural,cultural,s,SpecialTopicsMiscellanyNeutral,0
and,and,s,OtherSyntacticComplexityOther,0
ethnic,ethnic,s,SpecialTopicsMiscellanyNeutral,0
identity,identity,s,SpecialTopicsMiscellanyNeutral,0
within,within,s,OtherOrphanedOther,0
the,the,s,OtherOrphanedOther,0
Surinamese,surinamese,s,CharTypesNeutral,0
nation,nation,c,SpecialTopicsPlaceNeutral,0
.,.,n,,0
3,3,c,ExpoOtherNeutral,0
.,.,s,ExpoOtherNeutral,1
Economic,economic,s,SpecialTopicsMiscellanyNeutral,0
and,and,s,OtherSyntacticComplexityOther,0
Social,social,s,StratActsNeg,0
Disadvantage,disadvantage,n,StratActsNeg,1
While,while,s,NarrDurationNeutral,0
some,some,s,ExpoOtherNeutral,0
indentured,indentured,s,PubLawNeutral,0
laborers,laborers,s,CharTypesNeutral,0
were,were,s,PosValuesAble,0
able,able,s,PosValuesAble,1
to,to,s,PosValuesAble,2
achieve,achieve,s,PosActsAchieve,0
economic,economic,s,PosValuesStability,0
stability,stability,s,PosValuesStability,1
through,through,s,OtherOrphanedOther,0
farming,farming,s,SpecialTopicsMiscellanyNeutral,0
or,or,s,OtherSyntacticComplexityOther,0
trade,trade,c,SpecialTopicsMiscellanyNeutral,0
",",",",s,,0
many,many,s,ExpoOtherNeutral,0
others,others,s,,0
continued,continued,s,NarrDurationNeutral,0
to,to,s,NarrDurationNeutral,1
struggle,struggle,s,NegRelOther,0
with,with,s,NegRelOther,1
poverty,poverty,s,NegValuesPoverty,0
and,and,s,NegValuesLack,0
lack,lack,s,NegValuesLack,1
of,of,s,OtherOrphanedOther,0
education,education,c,SpecialTopicsMiscellanyNeutral,0
.,.,s,,0
The,the,s,OtherOrphanedOther,0
system,system,s,SpecialTopicsMiscellanyNeutral,0
of,of,s,SpecialTopicsMiscellanyNeutral,1
indenture,indenture,s,PubLawNeutral,0
had,had,s,NarrOtherNeutral,0
prevented,prevented,s,StratCoordinationNeutral,0
many,many,s,ExpoOtherNeutral,0
workers,workers,s,CharTypesNeutral,0
from,from,s,OtherOrphanedOther,0
gaining,gaining,s,DescriptChangePos,0
the,the,s,DescriptChangePos,1
skills,skills,s,DescriptChangePos,2
necessary,necessary,s,ExpoOtherNeutral,0
to,to,s,StratCognitionNeutral,0
access,access,s,StratCognitionNeutral,1
higher-paying,higher-paying,s,,0
work,work,c,OtherOrphanedOther,0
",",",",s,,0
and,and,s,OtherSyntacticComplexityOther,0
the,the,s,OtherSyntacticComplexityOther,1
community,community,s,SpecialTopicsMiscellanyNeutral,0
faced,faced,s,DescriptVisualNeutral,0
the,the,s,OtherOrphanedOther,0
lingering,lingering,s,NarrDurationNeg,0
effects,effects,s,NarrDurationNeg,1
of,of,s,OtherSyntacticComplexityOther,0
an,an,s,OtherSyntacticComplexityOther,1
underprivileged,underprivileged,s,CharTypesNeg,0
status,status,c,SpecialTopicsMiscellanyNeutral,0
.,.,n,,0
This,this,s,OtherOrphanedOther,0
economic,economic,s,CharTraitsNeutral,0
challenge,challenge,s,CharTraitsNeutral,1
was,was,s,DescriptChangeNeg,0
exacerbated,exacerbated,s,DescriptChangeNeg,1
by,by,s,OtherOrphanedOther,0
racial,racial,s,SpecialTopicsMiscellanyNeutral,0
and,and,s,OtherSyntacticComplexityOther,0
social,social,s,NegValuesOther,0
discrimination,discrimination,s,NegValuesOther,1
from,from,s,OtherOrphanedOther,0
both,both,s,MetadiscourseOtherNeutral,0
the,the,s,MetadiscourseOtherNeutral,1
colonial,colonial,s,SpecialTopicsMiscellanyNeutral,0
system,system,s,SpecialTopicsMiscellanyNeutral,1
and,and,s,OtherSyntacticComplexityOther,0
the,the,s,OtherSyntacticComplexityOther,1
broader,broader,s,ExpoComparisonNeutral,0
Surinamese,surinamese,s,CharTypesNeutral,0
society,society,c,PubAdministrationNeutral,0
",",",",s,,0
where,where,s,OtherOrphanedOther,0
the,the,s,OtherOrphanedOther,0
Indo-Surinamese,indo-surinamese,s,,0
population,population,s,PubAdministrationNeutral,0
often,often,s,NarrDurationNeutral,0
faced,faced,s,NegRelDiscriminatory,0
prejudice,prejudice,s,NegRelDiscriminatory,1
from,from,s,OtherOrphanedOther,0
both,both,s,OtherSyntacticComplexityOther,0
Afro-Surinamese,afro-surinamese,s,,0
and,and,s,OtherSyntacticComplexityOther,0
European,european,s,SpecialTopicsPlaceNeutral,0
populations,populations,c,PubAdministrationNeutral,0
.,.,n,,0
Many,many,s,OtherSyntacticComplexityOther,0
of,of,s,OtherSyntacticComplexityOther,1
the,the,s,OtherSyntacticComplexityOther,2
Indian,indian,s,CharTypesNeutral,0
workers,workers,s,CharTypesNeutral,0
continued,continued,s,NarrDurationNeutral,0
to,to,s,NarrDurationNeutral,1
face,face,s,DescriptVisualNeutral,0
economic,economic,s,SpecialTopicsMiscellanyNeutral,0
exploitation,exploitation,s,SpecialTopicsMiscellanyNeutral,1
in,in,s,DescriptVisualNeutral,0
the,the,s,DescriptVisualNeutral,1
form,form,s,DescriptVisualNeutral,2
of,of,s,DescriptVisualNeutral,3
wage,wage,s,SpecialTopicsMiscellanyNeutral,0
labor,labor,s,SpecialTopicsMiscellanyNeutral,1
on,on,s,ExpoComparisonNeutral,0
the,the,s,ExpoComparisonNeutral,1
same,same,s,ExpoComparisonNeutral,2
sugar,sugar,s,DescriptObjectsNeutral,0
plantations,plantations,s,DescriptVisualNeutral,0
or,or,s,MetadiscourseOtherNeutral,0
in,in,s,MetadiscourseOtherNeutral,1
other,other,s,,0
sectors,sectors,c,SpecialTopicsMiscellanyNeutral,0
",",",",s,MetadiscourseContrastNeutral,0
though,though,s,MetadiscourseContrastNeutral,1
by,by,s,UpdatesOtherNeutral,0
now,now,s,UpdatesOtherNeutral,1
they,they,s,OtherOrphanedOther,0
were,were,s,UpdatesNewsNeutral,0
no,no,s,UpdatesNewsNeutral,1
longer,longer,s,UpdatesNewsNeutral,2
bound,bound,s,DescriptVisualNeutral,0
by,by,s,DescriptVisualNeutral,1
indenture,indenture,s,PubLawNeutral,0
contracts,contracts,c,NarrActsNeutral,0
.,.,n,,0
4,4,c,ExpoOtherNeutral,0
.,.,s,ExpoOtherNeutral,1
Political,political,s,PubPoliticsNeutral,0
and,and,s,OtherSyntacticComplexityOther,0
Social,social,s,SpecialTopicsMiscellanyNeutral,0
Mobilization,mobilization,n,SpecialTopicsMiscellanyNeutral,1
As,as,s,OtherOrphanedOther,0
the,the,s,OtherOrphanedOther,1
indentured,indentured,s,PubLawNeutral,0
system,system,s,SpecialTopicsMiscellanyNeutral,0
ended,ended,c,NarrSequenceNeutral,0
",",",",s,,0
the,the,s,CharTypesNeutral,0
Indian,indian,s,CharTypesNeutral,1
community,community,s,SpecialTopicsMiscellanyNeutral,0
in,in,s,OtherOrphanedOther,0
Suriname,suriname,s,SpecialTopicsPlaceNeutral,0
began,began,s,NarrSequenceNeutral,0
to,to,s,NarrSequenceNeutral,1
find,find,s,OtherOrphanedOther,0
its,its,s,OtherOrphanedOther,0
political,political,s,PubPoliticsNeutral,0
voice,voice,c,PubPoliticsNeutral,1
.,.,s,,0
Initially,initially,c,NarrSequenceNeutral,0
",",",",s,,0
many,many,s,OtherSyntacticComplexityOther,0
of,of,s,OtherSyntacticComplexityOther,1
the,the,s,OtherSyntacticComplexityOther,2
indentured,indentured,s,PubLawNeutral,0
laborers,laborers,s,CharTypesNeutral,0
were,were,s,NarrOtherNeutral,0
not,not,s,NegActsResist,0
politically,politically,s,PubPoliticsNeutral,0
active,active,c,SpecialTopicsMiscellanyNeutral,0
",",",",s,,0
as,as,s,NarrDurationNeutral,0
they,they,s,NarrDurationNeutral,1
were,were,s,NarrDurationNeutral,2
subject,subject,s,ContingentPossibilityNeg,0
to,to,s,ContingentPossibilityNeg,1
strict,strict,s,StratCompetitionNeutral,0
control,control,s,StratCompetitionNeutral,1
by,by,s,OtherOrphanedOther,0
plantation,plantation,s,DescriptVisualNeutral,0
owners,owners,s,CharTypesNeutral,0
and,and,s,OtherSyntacticComplexityOther,0
colonial,colonial,s,SpecialTopicsMiscellanyNeutral,0
authorities,authorities,c,PubAdministrationNeutral,0
.,.,s,MetadiscourseContrastNeutral,0
However,however,c,MetadiscourseContrastNeutral,1
",",",",s,,0
by,by,s,OtherOrphanedOther,0
the,the,s,OtherOrphanedOther,0
mid-20th,mid-20th,s,,0
century,century,c,NarrDurationNeutral,0
",",",",s,,0
Suriname's,suriname's,s,,0
Indo-Surinamese,indo-surinamese,s,,0
population,population,s,PubAdministrationNeutral,0
started,started,s,NarrSequenceNeutral,0
to,to,s,NarrSequenceNeutral,1
demand,demand,s,OtherOrphanedOther,0
better,better,s,ExpoComparisonNeutral,0
political,political,s,PubPoliticsNeutral,0
representation,representation,s,PubPoliticsNeutral,1
and,and,s,OtherSyntacticComplexityOther,0
rights,rights,c,PubLawNeutral,0
.,.,n,InterCommandNeutral,0
Labor,labor,s,InterCommandNeutral,1
movements,movements,s,DescriptMotionNeutral,0
and,and,s,OtherSyntacticComplexityOther,0
political,political,s,PubPoliticsNeutral,0
activism,activism,s,PubPoliticsNeutral,1
grew,grew,s,DescriptVisualNeutral,0
in,in,s,DescriptVisualNeutral,1
the,the,s,CharTypesNeutral,0
Indian,indian,s,CharTypesNeutral,1
community,community,s,SpecialTopicsMiscellanyNeutral,0
in,in,s,OtherOrphanedOther,0
Suriname,suriname,c,SpecialTopicsPlaceNeutral,0
",",",",s,,0
especially,especially,s,ForcefulEmphaticNeutral,0
in,in,s,NarrDurationNeutral,0
the,the,s,NarrDurationNeutral,1
1930s,1930s,s,NarrDurationNeutral,2
and,and,s,OtherSyntacticComplexityOther,0
1940s,1940s,c,NarrOtherNeutral,0
.,.,s,,0
One,one,s,,0
significant,significant,s,NarrBiographyNeutral,0
event,event,s,NarrBiographyNeutral,1
in,in,s,OtherOrphanedOther,0
the,the,s,OtherOrphanedOther,0
post-indenture,post-indenture,s,,0
period,period,s,SpecialTopicsMiscellanyNeutral,0
was,was,s,NarrOtherNeutral,0
the,the,s,NarrOtherNeutral,1
establishment,establishment,s,PubAdministrationNeutral,0
of,of,s,OtherOrphanedOther,0
political,political,s,PubPoliticsNeutral,0
parties,parties,s,PubPoliticsNeutral,1
that,that,s,OtherOrphanedOther,0
represented,represented,s,SpecialTopicsMiscellanyNeutral,0
the,the,s,InquiryCuriosityPos,0
interests,interests,s,InquiryCuriosityPos,1
of,of,s,OtherSyntacticComplexityOther,0
the,the,s,OtherSyntacticComplexityOther,1
Indian-descended,indian-descended,s,,0
population,population,c,PubAdministrationNeutral,0
",",",",s,,0
including,including,s,OtherOrphanedOther,0
the,the,s,OtherOrphanedOther,1
Hindustani,hindustani,s,,0
Political,political,s,PubPoliticsNeutral,0
Party,party,c,PubPoliticsNeutral,1
.,.,n,,0
5,5,c,ExpoOtherNeutral,0
.,.,s,ExpoOtherNeutral,1
Integration,integration,s,SpecialTopicsMiscellanyNeutral,0
into,into,s,OtherOrphanedOther,0
Surinamese,surinamese,s,CharTypesNeutral,0
Society,society,n,PubAdministrationNeutral,0
Over,over,s,NarrOtherNeutral,0
time,time,c,NarrOtherNeutral,1
",",",",s,,0
the,the,s,OtherOrphanedOther,0
Indo-Surinamese,indo-surinamese,s,,0
community,community,s,SpecialTopicsMiscellanyNeutral,0
in,in,s,OtherOrphanedOther,0
Suriname,suriname,s,SpecialTopicsPlaceNeutral,0
gradually,gradually,s,NarrDurationNeutral,0
became,became,s,NarrDurationNeutral,1
an,an,s,OtherOrphanedOther,0
integral,integral,s,PosValuesIntegral,0
part,part,s,PosValuesIntegral,1
of,of,s,OtherSyntacticComplexityOther,0
the,the,s,OtherSyntacticComplexityOther,1
national,national,s,DescriptObjectsNeutral,0
fabric,fabric,c,DescriptObjectsNeutral,1
.,.,s,,0
As,as,s,OtherOrphanedOther,0
Indians,indians,s,CharTypesNeutral,0
settled,settled,s,NarrActsNeutral,0
across,across,s,OtherOrphanedOther,0
the,the,s,SpecialTopicsPlaceNeutral,0
country,country,s,SpecialTopicsPlaceNeutral,1
and,and,s,OtherSyntacticComplexityOther,0
established,established,s,PubAdministrationNeutral,0
their,their,s,PubAdministrationNeutral,1
own,own,s,NarrActsNeutral,0
cultural,cultural,s,PubAdministrationNeutral,0
institutions,institutions,c,PubAdministrationNeutral,1
",",",",s,SpecialTopicsMiscellanyNeutral,0
their,their,s,SpecialTopicsMiscellanyNeutral,1
influence,influence,s,StratCoordinationNeutral,0
grew,grew,s,DescriptVisualNeutral,0
in,in,s,DescriptVisualNeutral,1
various,various,s,SpecialTopicsMiscellanyNeutral,0
sectors,sectors,c,SpecialTopicsMiscellanyNeutral,0
",",",",s,,0
including,including,s,NarrActsNeutral,0
agriculture,agriculture,c,SpecialTopicsMiscellanyNeutral,0
",",",",s,,0
business,business,c,SpecialTopicsMiscellanyNeutral,0
",",",",s,,0
education,education,c,SpecialTopicsMiscellanyNeutral,0
",",",",s,,0
and,and,s,OtherSyntacticComplexityOther,0
politics,politics,c,PubPoliticsNeutral,0
.,.,n,,0
In,in,s,OtherOrphanedOther,0
the,the,s,OtherOrphanedOther,0
post-indenture,post-indenture,s,,0
period,period,c,SpecialTopicsMiscellanyNeutral,0
",",",",s,,0
Indo-Surinamese,indo-surinamese,s,,0
people,people,s,CharTypesNeutral,0
became,became,s,NarrActsNeutral,0
involved,involved,s,NarrActsNeutral,1
in,in,s,OtherOrphanedOther,0
the,the,s,OtherOrphanedOther,0
social,social,s,,0
and,and,s,OtherSyntacticComplexityOther,0
political,political,s,PubPoliticsNeutral,0
life,life,s,PubPoliticsNeutral,1
of,of,s,OtherOrphanedOther,0
Suriname,suriname,c,SpecialTopicsPlaceNeutral,0
",",",",s,,0
playing,playing,s,OtherOrphanedOther,0
key,key,s,ForcefulEmphaticNeutral,0
roles,roles,s,ForcefulEmphaticNeutral,1
in,in,s,OtherOrphanedOther,0
the,the,s,OtherOrphanedOther,0
nation-building,nation-building,s,SpecialTopicsMiscellanyNeutral,0
process,process,c,SpecialTopicsMiscellanyNeutral,1
",",",",s,,0
including,including,s,NarrActsNeutral,0
participation,participation,s,OtherOrphanedGenericActivity,0
in,in,s,OtherOrphanedGenericActivity,1
the,the,s,NegRelFight,0
fight,fight,s,NegRelFight,1
for,for,s,OtherOrphanedOther,0
independence,independence,s,PosValuesOther,0
from,from,s,OtherOrphanedOther,0
the,the,s,OtherOrphanedOther,0
Netherlands,netherlands,s,SpecialTopicsPlaceNeutral,0
in,in,s,NarrDurationNeutral,0
the,the,s,NarrDurationNeutral,1
1950s,1950s,s,NarrDurationNeutral,2
and,and,s,OtherSyntacticComplexityOther,0
1960s,1960s,c,NarrOtherNeutral,0
.,.,s,,0
After,after,s,NarrSequenceNeutral,0
Suriname's,suriname's,s,,0
independence,independence,s,PosValuesOther,0
in,in,s,NarrTimeShiftNeutral,0
1975,1975,c,NarrTimeShiftNeutral,1
",",",",s,,0
the,the,s,OtherOrphanedOther,0
Indo-Surinamese,indo-surinamese,s,,0
population,population,c,PubAdministrationNeutral,0
",",",",s,,0
along,along,s,OtherSyntacticComplexityOther,0
with,with,s,OtherSyntacticComplexityOther,1
other,other,s,,0
ethnic,ethnic,s,SpecialTopicsMiscellanyNeutral,0
groups,groups,c,SpecialTopicsMiscellanyNeutral,0
",",",",s,,0
played,played,s,ForcefulSignificantNeutral,0
a,a,s,ForcefulSignificantNeutral,1
critical,critical,s,ForcefulSignificantNeutral,2
role,role,s,ForcefulSignificantNeutral,3
in,in,s,OtherSyntacticComplexityOther,0
the,the,s,OtherSyntacticComplexityOther,1
formation,formation,s,OtherSyntacticComplexityOther,2
and,and,s,OtherSyntacticComplexityOther,0
development,development,s,SpecialTopicsMiscellanyNeutral,0
of,of,s,SpecialTopicsMiscellanyNeutral,1
the,the,s,UpdatesOtherNeutral,0
new,new,s,UpdatesOtherNeutral,1
nation,nation,c,SpecialTopicsPlaceNeutral,0
.,.,n,,0
6,6,c,ExpoOtherNeutral,0
.,.,s,ExpoOtherNeutral,1
Cultural,cultural,s,SpecialTopicsMiscellanyNeutral,0
Preservation,preservation,s,PubAdministrationNeutral,0
and,and,s,OtherSyntacticComplexityOther,0
Transformation,transformation,n,DescriptChangeNeutral,0
The,the,s,CharTypesNeutral,0
Indian,indian,s,CharTypesNeutral,1
culture,culture,s,SpecialTopicsMiscellanyNeutral,0
in,in,s,OtherOrphanedOther,0
Suriname,suriname,s,SpecialTopicsPlaceNeutral,0
experienced,experienced,s,NarrActsNeutral,0
both,both,s,OtherSyntacticComplexityOther,0
preservation,preservation,s,PubAdministrationNeutral,0
and,and,s,OtherSyntacticComplexityOther,0
transformation,transformation,s,DescriptChangeNeutral,0
in,in,s,NarrDurationNeutral,0
the,the,s,NarrDurationNeutral,1
aftermath,aftermath,s,NarrDurationNeutral,2
of,of,s,NarrDurationNeutral,3
indenture,indenture,c,PubLawNeutral,0
.,.,s,,0
While,while,s,NarrDurationNeutral,0
many,many,s,ExpoOtherNeutral,0
cultural,cultural,s,SpecialTopicsMiscellanyNeutral,0
practices,practices,s,OtherOrphanedGenericActivity,0
such,such,s,ExpoExampleNeutral,0
as,as,s,ExpoExampleNeutral,1
religious,religious,s,NarrDurationNeutral,0
rituals,rituals,c,NarrDurationNeutral,1
",",",",s,,0
festivals,festivals,c,PosEmotionsFestive,0
",",",",s,,0
and,and,s,OtherSyntacticComplexityOther,0
traditional,traditional,s,NarrOtherNeutral,0
foods,foods,s,DescriptObjectsNeutral,0
were,were,s,NarrDurationNeutral,0
maintained,maintained,c,NarrDurationNeutral,1
",",",",s,,0
the,the,s,PubAdministrationNeutral,0
community,community,s,PubAdministrationNeutral,1
also,also,s,MetadiscourseAdditionNeutral,0
adapted,adapted,s,DescriptChangeNeutral,0
over,over,s,NarrOtherNeutral,0
time,time,s,NarrOtherNeutral,1
to,to,s,OtherOrphanedOther,0
Suriname's,suriname's,s,,0
broader,broader,s,ExpoComparisonNeutral,0
multicultural,multicultural,s,SpecialTopicsMiscellanyNeutral,0
environment,environment,c,SpecialTopicsMiscellanyNeutral,0
.,.,n,,0
The,the,s,OtherOrphanedOther,0
legacy,legacy,s,PubAdministrationNeutral,0
of,of,s,PubAdministrationNeutral,1
indenture,indenture,s,PubLawNeutral,0
influenced,influenced,s,CharTraitsNeutral,0
the,the,s,CharTraitsNeutral,1
cultural,cultural,s,SpecialTopicsMiscellanyNeutral,0
expressions,expressions,s,DescriptVisualNeutral,0
of,of,s,DescriptVisualNeutral,1
the,the,s,PubAdministrationNeutral,0
community,community,c,PubAdministrationNeutral,1
",",",",s,,0
leading,leading,s,ReasoningOtherNeutral,0
to,to,s,ReasoningOtherNeutral,1
the,the,s,ReasoningOtherNeutral,2
development,development,s,ReasoningOtherNeutral,3
of,of,s,OtherSyntacticComplexityOther,0
a,a,s,OtherSyntacticComplexityOther,1
unique,unique,s,ForcefulEmphaticNeutral,0
Indo-Surinamese,indo-surinamese,s,,0
culture,culture,s,SpecialTopicsMiscellanyNeutral,0
that,that,s,OtherOrphanedOther,0
blends,blends,s,SpecialTopicsMiscellanyNeutral,0
Indian,indian,s,CharTypesNeutral,0
heritage,heritage,s,NarrOtherNeutral,0
with,with,s,OtherOrphanedOther,0
Surinamese,surinamese,s,CharTypesNeutral,0
and,and,s,OtherSyntacticComplexityOther,0
Caribbean,caribbean,s,SpecialTopicsPlaceNeutral,0
influences,influences,c,StratCoordinationNeutral,0
.,.,n,,0
Bhojpuri,bhojpuri,c,,0
",",",",s,,0
once,once,s,NarrOtherNeutral,0
the,the,s,NarrOtherNeutral,1
dominant,dominant,s,StratCompetitionNeutral,0
language,language,c,StratCompetitionNeutral,1
",",",",s,,0
was,was,s,NarrOtherNeutral,0
gradually,gradually,s,FutureOtherNeutral,0
replaced,replaced,s,ExpoOtherNeutral,0
by,by,s,OtherOrphanedOther,0
Sranan,sranan,s,,0
Tongo,tongo,s,,0
and,and,s,OtherSyntacticComplexityOther,0
Dutch,dutch,s,CharTypesNeutral,0
as,as,s,OtherOrphanedOther,0
the,the,s,OtherOrphanedOther,1
primary,primary,s,SpecialTopicsMiscellanyNeutral,0
languages,languages,s,SpecialTopicsMiscellanyNeutral,0
spoken,spoken,s,InterOtherNeutral,0
by,by,s,InterOtherNeutral,1
many,many,s,ExpoOtherNeutral,0
Surinamese,surinamese,c,CharTypesNeutral,0
",",",",s,MetadiscourseContrastNeutral,0
though,though,s,MetadiscourseContrastNeutral,1
efforts,efforts,s,CharTraitsNeutral,0
continue,continue,s,NarrDurationNeutral,0
to,to,s,NarrDurationNeutral,1
preserve,preserve,s,OtherOrphanedOther,0
the,the,s,OtherOrphanedOther,0
Indo-Surinamese,indo-surinamese,s,,0
languages,languages,s,SpecialTopicsMiscellanyNeutral,0
and,and,s,OtherSyntacticComplexityOther,0
cultural,cultural,s,SpecialTopicsMiscellanyNeutral,0
practices,practices,c,OtherOrphanedGenericActivity,0
.,.,n,,0
Legacy,legacy,s,NarrOtherNeutral,0
in,in,s,OtherOrphanedOther,0
Modern,modern,s,NarrOtherNeutral,0
Times,times,c,SpecialTopicsMiscellanyNeutral,0
:,:,n,,0
The,the,s,OtherOrphanedOther,0
legacy,legacy,s,PubAdministrationNeutral,0
of,of,s,PubAdministrationNeutral,1
indenture,indenture,s,PubLawNeutral,0
continues,continues,s,UpdatesOtherNeutral,0
to,to,s,UpdatesOtherNeutral,1
be,be,s,UpdatesOtherNeutral,2
felt,felt,s,CharSubjectivityNeutral,0
in,in,s,OtherOrphanedOther,0
Suriname,suriname,s,SpecialTopicsPlaceNeutral,0
today,today,c,NarrImmediacyNeutral,0
:,:,n,,0
Cultural,cultural,s,PosEmotionsPride,0
pride,pride,c,PosEmotionsPride,1
:,:,s,,0
Indo-Surinamese,indo-surinamese,s,,0
people,people,s,CharTypesNeutral,0
continue,continue,s,NarrDurationNeutral,0
to,to,s,NarrDurationNeutral,1
honor,honor,s,PosValuesHonor,0
their,their,s,PosValuesHonor,1
indentured,indentured,s,PubLawNeutral,0
ancestors,ancestors,c,NarrOtherNeutral,0
",",",",s,,0
celebrating,celebrating,s,PosEmotionsOther,0
their,their,s,PosEmotionsOther,1
resilience,resilience,s,PosActsResilience,0
through,through,s,OtherOrphanedOther,0
cultural,cultural,s,SpecialTopicsMiscellanyNeutral,0
festivals,festivals,c,PosEmotionsFestive,0
",",",",s,,0
community,community,s,SpecialTopicsMiscellanyNeutral,0
gatherings,gatherings,c,SpecialTopicsMiscellanyNeutral,1
",",",",s,,0
and,and,s,OtherSyntacticComplexityOther,0
educational,educational,s,CharTraitsNeutral,0
efforts,efforts,s,CharTraitsNeutral,1
to,to,s,StratCognitionNeutral,0
preserve,preserve,s,StratCognitionNeutral,1
the,the,s,OtherOrphanedOther,0
history,history,s,NarrOtherNeutral,0
of,of,s,NarrOtherNeutral,1
indenture,indenture,c,PubLawNeutral,0
.,.,n,,0
Economic,economic,s,SpecialTopicsMiscellanyNeutral,0
contributions,contributions,c,SpecialTopicsMiscellanyNeutral,1
:,:,s,,0
The,the,s,PubAdministrationNeutral,0
community,community,s,PubAdministrationNeutral,1
plays,plays,s,ForcefulSignificantNeutral,0
a,a,s,ForcefulSignificantNeutral,1
significant,significant,s,ForcefulSignificantNeutral,2
role,role,s,ForcefulSignificantNeutral,3
in,in,s,ForcefulSignificantNeutral,4
Suriname’s,suriname’s,s,,0
economy,economy,c,SpecialTopicsMiscellanyNeutral,0
",",",",s,,0
especially,especially,s,ForcefulEmphaticNeutral,0
in,in,s,OtherOrphanedOther,0
agriculture,agriculture,s,SpecialTopicsMiscellanyNeutral,0
and,and,s,OtherSyntacticComplexityOther,0
business,business,c,SpecialTopicsMiscellanyNeutral,0
.,.,n,,0
Political,political,s,PubPoliticsNeutral,0
participation,participation,c,PubPoliticsNeutral,1
:,:,s,,0
Indo-Surinamese,indo-surinamese,s,,0
people,people,s,CharTypesNeutral,0
continue,continue,s,UpdatesOtherNeutral,0
to,to,s,UpdatesOtherNeutral,1
have,have,s,UpdatesOtherNeutral,2
a,a,s,ForcefulEmphaticNeutral,0
prominent,prominent,s,ForcefulEmphaticNeutral,1
voice,voice,s,SpecialTopicsMiscellanyNeutral,0
in,in,s,OtherOrphanedOther,0
Suriname’s,suriname’s,s,,0
political,political,s,PubPoliticsNeutral,0
life,life,c,PubPoliticsNeutral,1
",",",",s,,0
with,with,s,OtherOrphanedOther,0
Indian-descended,indian-descended,s,,0
politicians,politicians,s,CharTypesNeutral,0
holding,holding,s,OtherOrphanedOther,0
key,key,s,ForcefulEmphaticNeutral,0
positions,positions,c,ForcefulEmphaticNeutral,1
.,.,n,,0
Social,social,s,SpecialTopicsMiscellanyNeutral,0
mobility,mobility,c,SpecialTopicsMiscellanyNeutral,1
:,:,s,,0
Over,over,s,NarrOtherNeutral,0
time,time,c,NarrOtherNeutral,1
",",",",s,,0
many,many,s,ExpoOtherNeutral,0
Indo-Surinamese,indo-surinamese,s,,0
people,people,s,CharTypesNeutral,0
have,have,s,NarrActsNeutral,0
managed,managed,s,CharTraitsNeutral,0
to,to,s,CharTraitsNeutral,1
achieve,achieve,s,CharTraitsNeutral,2
greater,greater,s,ExpoComparisonNeutral,0
economic,economic,s,PosValuesStability,0
stability,stability,s,PosValuesStability,1
and,and,s,OtherSyntacticComplexityOther,0
social,social,s,SpecialTopicsMiscellanyNeutral,0
mobility,mobility,c,SpecialTopicsMiscellanyNeutral,1
",",",",s,MetadiscourseContrastNeutral,0
though,though,s,MetadiscourseContrastNeutral,1
challenges,challenges,s,CharTraitsNeutral,0
related,related,s,ExpoComparisonNeutral,0
to,to,s,ExpoComparisonNeutral,1
ethnic,ethnic,s,NegRelDisharmony,0
tensions,tensions,c,NegRelDisharmony,1
",",",",s,,0
discrimination,discrimination,c,SpecialTopicsMiscellanyNeutral,0
",",",",s,,0
and,and,s,OtherSyntacticComplexityOther,0
integration,integration,s,SpecialTopicsMiscellanyNeutral,0
remain,remain,c,NarrDurationNeutral,0
.,.,n,,0
Conclusion,conclusion,c,ReasoningConcludeNeutral,0
:,:,n,,0
The,the,s,NarrSequenceNeutral,0
end,end,s,NarrSequenceNeutral,1
of,of,s,NarrSequenceNeutral,2
indenture,indenture,s,PubLawNeutral,0
in,in,s,OtherOrphanedOther,0
Suriname,suriname,s,SpecialTopicsPlaceNeutral,0
marked,marked,s,OtherOrphanedOther,0
a,a,s,OtherOrphanedOther,1
turning,turning,s,NarrTurningPointNeutral,0
point,point,s,NarrTurningPointNeutral,1
for,for,s,OtherOrphanedOther,0
the,the,s,CharTypesNeutral,0
Indian,indian,s,CharTypesNeutral,1
community,community,c,SpecialTopicsMiscellanyNeutral,0
.,.,s,,0
It,it,s,,0
led,led,s,ReasoningOtherNeutral,0
to,to,s,ReasoningOtherNeutral,1
the,the,s,ReasoningOtherNeutral,2
emergence,emergence,s,ReasoningOtherNeutral,3
of,of,s,OtherSyntacticComplexityOther,0
a,a,s,OtherSyntacticComplexityOther,1
new,new,s,NarrImmediacyNeutral,0
post-indentured,post-indentured,s,,0
society,society,c,PubAdministrationNeutral,0
",",",",s,,0
shaped,shaped,s,OtherOrphanedOther,0
by,by,s,OtherOrphanedOther,1
the,the,s,OtherOrphanedOther,2
hardships,hardships,s,NegActsResist,0
of,of,s,OtherOrphanedOther,0
indenture,indenture,s,PubLawNeutral,0
but,but,s,MetadiscourseContrastNeutral,0
also,also,s,MetadiscourseAdditionNeutral,0
by,by,s,OtherOrphanedOther,0
the,the,s,OtherOrphanedOther,0
resilience,resilience,s,PosActsResilience,0
and,and,s,OtherSyntacticComplexityOther,0
determination,determination,s,PubCognitionNeutral,0
of,of,s,OtherSyntacticComplexityOther,0
the,the,s,OtherSyntacticComplexityOther,1
Indian,indian,s,CharTypesNeutral,0
laborers,laborers,c,CharTypesNeutral,0
.,.,s,,0
While,while,s,NarrDurationNeutral,0
their,their,s,CharNamesNeutral,0
labor,labor,s,SpecialTopicsMiscellanyNeutral,0
had,had,s,NarrOtherNeutral,0
helped,helped,s,FacilitateHelpPos,0
shape,shape,s,FacilitateHelpPos,1
Suriname's,suriname's,s,,0
economy,economy,c,SpecialTopicsMiscellanyNeutral,0
",",",",s,,0
the,the,s,OtherOrphanedOther,0
post-indenture,post-indenture,s,,0
period,period,s,SpecialTopicsMiscellanyNeutral,0
was,was,s,NarrOtherNeutral,0
a,a,s,NarrOtherNeutral,1
time,time,s,NarrDurationNeutral,0
of,of,s,NarrDurationNeutral,1
struggle,struggle,c,,0
",",",",s,MetadiscourseOtherNeutral,0
but,but,s,MetadiscourseOtherNeutral,1
also,also,s,MetadiscourseOtherNeutral,2
of,of,s,OtherOrphanedOther,0
transformation,transformation,s,DescriptChangeNeutral,0
and,and,s,OtherSyntacticComplexityOther,0
cultural,cultural,s,SpecialTopicsMiscellanyNeutral,0
survival,survival,c,NarrTurningPointNeutral,0
.,.,s,,0
The,the,s,OtherOrphanedOther,0
Indo-Surinamese,indo-surinamese,s,,0
population,population,s,PubAdministrationNeutral,0
continues,continues,s,NarrDurationNeutral,0
to,to,s,NarrDurationNeutral,1
celebrate,celebrate,s,PosEmotionsCelebrate,0
their,their,s,CharNamesNeutral,0
heritage,heritage,s,NarrOtherNeutral,0
while,while,s,NarrDurationNeutral,0
also,also,s,MetadiscourseAdditionNeutral,0
contributing,contributing,s,DescriptChangePos,0
to,to,s,DescriptChangePos,1
the,the,s,OtherOrphanedOther,0
broader,broader,s,ExpoComparisonNeutral,0
Surinamese,surinamese,s,CharTypesNeutral,0
identity,identity,s,SpecialTopicsMiscellanyNeutral,0
in,in,s,OtherSyntacticComplexityOther,0
many,many,s,OtherSyntacticComplexityOther,1
significant,significant,s,ForcefulSignificantNeutral,0
ways,ways,c,DescriptObjectsNeutral,0
.,.,n,,0
The,the,s,ExpoComparisonNeutral,0
difference,difference,s,ExpoComparisonNeutral,1
between,between,s,ExpoComparisonNeutral,2
written,written,s,NarrOtherNeutral,0
history,history,s,NarrOtherNeutral,1
and,and,s,OtherSyntacticComplexityOther,0
collective,collective,s,StratCoordinationNeutral,0
remembering,remembering,s,StratCoordinationNeutral,1
of,of,s,OtherOrphanedOther,0
indenture,indenture,s,PubLawNeutral,0
lies,lies,s,DescriptVisualNeutral,0
in,in,s,DescriptVisualNeutral,1
the,the,s,OtherOrphanedOther,0
ways,ways,s,DescriptObjectsNeutral,0
these,these,s,OtherOrphanedOther,0
two,two,s,ExpoClassificationNeutral,0
forms,forms,s,ExpoClassificationNeutral,1
of,of,s,ExpoClassificationNeutral,2
historical,historical,s,NarrOtherNeutral,0
reflection,reflection,s,SpecialTopicsMiscellanyNeutral,0
are,are,s,OtherOrphanedOther,0
created,created,c,DescriptChangeNeutral,0
",",",",s,,0
transmitted,transmitted,c,OtherOrphanedOther,0
",",",",s,,0
and,and,s,OtherSyntacticComplexityOther,0
understood,understood,c,InquiryLearningNeutral,0
.,.,s,,0
Both,both,s,OtherSyntacticComplexityOther,0
are,are,s,ExpoOtherNeutral,0
essential,essential,s,ExpoOtherNeutral,1
to,to,s,ExpoOtherNeutral,2
understanding,understanding,s,InquiryLearningNeutral,0
the,the,s,InquiryLearningNeutral,1
legacy,legacy,s,InquiryLearningNeutral,2
of,of,s,OtherOrphanedOther,0
indenture,indenture,c,PubLawNeutral,0
",",",",s,MetadiscourseContrastNeutral,0
but,but,s,MetadiscourseContrastNeutral,1
they,they,s,OtherOrphanedOther,0
operate,operate,s,OtherOrphanedOther,0
in,in,s,OtherOrphanedOther,0
distinct,distinct,s,ExpoComparisonNeutral,0
ways,ways,c,DescriptObjectsNeutral,0
",",",",s,,0
shaped,shaped,s,OtherOrphanedOther,0
by,by,s,OtherOrphanedOther,0
different,different,s,ExpoComparisonNeutral,0
forces,forces,s,SpecialTopicsMiscellanyNeutral,0
of,of,s,OtherOrphanedOther,0
narrative,narrative,s,SpecialTopicsMiscellanyNeutral,0
construction,construction,c,SpecialTopicsMiscellanyNeutral,0
",",",",s,,0
memory,memory,c,CharMentalStatesNeutral,0
",",",",s,,0
and,and,s,OtherSyntacticComplexityOther,0
interpretation,interpretation,c,SpecialTopicsMiscellanyNeutral,0
.,.,n,,0
1,1,c,ExpoOtherNeutral,0
.,.,s,ExpoOtherNeutral,1
Written,written,s,NarrOtherNeutral,0
History,history,n,NarrOtherNeutral,1
Written,written,s,NarrOtherNeutral,0
history,history,s,NarrOtherNeutral,1
is,is,s,NarrDurationNeutral,0
typically,typically,s,NarrDurationNeutral,1
the,the,s,OtherOrphanedOther,0
product,product,s,SpecialTopicsMiscellanyNeutral,0
of,of,s,SpecialTopicsMiscellanyNeutral,1
official,official,s,PubAdministrationNeutral,0
records,records,c,PubAdministrationNeutral,1
",",",",s,,0
academic,academic,s,SpecialTopicsMiscellanyNeutral,0
scholarship,scholarship,c,SpecialTopicsMiscellanyNeutral,1
",",",",s,,0
legal,legal,s,PubAdministrationNeutral,0
documents,documents,c,PubAdministrationNeutral,1
",",",",s,,0
and,and,s,OtherSyntacticComplexityOther,0
historical,historical,s,NarrOtherNeutral,0
research,research,c,,0
.,.,s,,0
It,it,s,ConfidenceHighNeutral,0
is,is,s,ConfidenceHighNeutral,1
a,a,s,ConfidenceHighNeutral,2
more,more,s,ExpoComparisonNeutral,0
formalized,formalized,s,DescriptChangeNeutral,0
and,and,s,OtherSyntacticComplexityOther,0
often,often,s,NarrDurationNeutral,0
institutionalized,institutionalized,s,ExpoOtherNeutral,0
approach,approach,s,ExpoOtherNeutral,1
to,to,s,OtherOrphanedOther,0
recording,recording,s,NarrActsNeutral,0
events,events,c,NarrActsNeutral,1
.,.,n,,0
Characteristics,characteristics,c,ExpoOtherNeutral,0
:,:,n,,0
Objective/Analytical,objective/analytical,c,,0
:,:,s,,0
Written,written,s,NarrOtherNeutral,0
history,history,s,NarrOtherNeutral,1
often,often,s,NarrDurationNeutral,0
strives,strives,s,CharTraitsNeutral,0
for,for,s,CharTraitsNeutral,1
objectivity,objectivity,s,SpecialTopicsMiscellanyNeutral,0
and,and,s,OtherSyntacticComplexityOther,0
seeks,seeks,s,StratActsNeutral,0
to,to,s,StratActsNeutral,1
provide,provide,s,FacilitateSponsorNeutral,0
a,a,s,FacilitateSponsorNeutral,1
factual,factual,s,SpecialTopicsMiscellanyNeutral,0
account,account,s,CitationAuthoritativePos,0
of,of,s,CitationAuthoritativePos,1
events,events,c,NarrActsNeutral,0
.,.,s,,0
It,it,s,,0
relies,relies,s,NarrActsNeutral,0
on,on,s,NarrActsNeutral,1
primary,primary,s,SpecialTopicsMiscellanyNeutral,0
sources,sources,s,SpecialTopicsMiscellanyNeutral,0
like,like,s,OtherOrphanedOther,0
official,official,s,PubAdministrationNeutral,0
documents,documents,c,PubAdministrationNeutral,1
",",",",s,,0
census,census,s,SpecialTopicsMiscellanyNeutral,0
records,records,c,DescriptObjectsNeutral,0
",",",",s,,0
letters,letters,c,DescriptObjectsNeutral,0
",",",",s,,0
newspapers,newspapers,c,PubMediaNeutral,0
",",",",s,,0
and,and,s,OtherSyntacticComplexityOther,0
government,government,s,PubAdministrationNeutral,0
reports,reports,c,NarrActsNeutral,0
.,.,n,,0
Authoritative,authoritative,c,StratOtherPos,0
:,:,s,,0
Written,written,s,NarrOtherNeutral,0
history,history,s,NarrOtherNeutral,1
is,is,s,NarrDurationNeutral,0
often,often,s,NarrDurationNeutral,1
produced,produced,s,NarrActsNeutral,0
by,by,s,OtherOrphanedOther,0
historians,historians,c,CharTypesNeutral,0
",",",",s,,0
scholars,scholars,c,CharTypesNeutral,0
",",",",s,,0
or,or,s,OtherSyntacticComplexityOther,0
authorities,authorities,s,PubAdministrationNeutral,0
such,such,s,ExpoExampleNeutral,0
as,as,s,ExpoExampleNeutral,1
governments,governments,c,PubAdministrationNeutral,0
",",",",s,,0
universities,universities,c,SpecialTopicsMiscellanyNeutral,0
",",",",s,,0
or,or,s,OtherSyntacticComplexityOther,0
institutions,institutions,c,PubAdministrationNeutral,0
",",",",s,,0
and,and,s,OtherSyntacticComplexityOther,0
is,is,s,NarrDurationNeutral,0
usually,usually,s,NarrDurationNeutral,1
considered,considered,s,CharTraitsNeutral,0
the,the,s,CharTraitsNeutral,1
authoritative,authoritative,s,StratOtherPos,0
version,version,s,StratOtherPos,1
of,of,s,OtherOrphanedOther,0
events,events,c,NarrActsNeutral,0
.,.,n,,0
Top-down,top-down,c,SpecialTopicsMiscellanyNeutral,0
:,:,s,,0
The,the,s,NarrTimeShiftNeutral,0
historical,historical,s,NarrTimeShiftNeutral,1
accounts,accounts,s,SpecialTopicsMiscellanyNeutral,0
written,written,s,CitationOtherNeutral,0
in,in,s,CitationOtherNeutral,1
books,books,s,DescriptObjectsNeutral,0
or,or,s,OtherSyntacticComplexityOther,0
articles,articles,s,SpecialTopicsMiscellanyNeutral,0
are,are,s,NarrDurationNeutral,0
frequently,frequently,s,NarrDurationNeutral,1
shaped,shaped,s,OtherOrphanedOther,0
by,by,s,OtherOrphanedOther,1
the,the,s,OtherOrphanedOther,2
perspective,perspective,s,SpecialTopicsMiscellanyNeutral,0
of,of,s,OtherOrphanedOther,0
those,those,s,OtherOrphanedOther,0
in,in,s,OtherOrphanedOther,0
positions,positions,s,CharTypesNeutral,0
of,of,s,CharTypesNeutral,1
power,power,c,CharTypesNeutral,2
.,.,s,,0
The,the,s,DescriptSoundNeutral,0
voices,voices,s,DescriptSoundNeutral,1
of,of,s,DescriptSoundNeutral,2
marginalized,marginalized,s,DescriptChangeNeg,0
groups,groups,c,SpecialTopicsMiscellanyNeutral,0
",",",",s,ExpoExampleNeutral,0
such,such,s,ExpoExampleNeutral,1
as,as,s,ExpoExampleNeutral,2
the,the,s,OtherOrphanedOther,0
indentured,indentured,s,PubLawNeutral,0
laborers,laborers,c,CharTypesNeutral,0
",",",",s,,0
might,might,s,ConfidenceHedgedNeutral,0
be,be,s,ConfidenceHedgedNeutral,1
omitted,omitted,s,NarrActsNeutral,0
or,or,s,OtherSyntacticComplexityOther,0
underrepresented,underrepresented,c,NegActsPrefixUnder,0
",",",",s,,0
or,or,s,OtherSyntacticComplexityOther,0
their,their,s,NarrBiographyNeutral,0
experiences,experiences,s,NarrBiographyNeutral,1
might,might,s,ConfidenceHedgedNeutral,0
be,be,s,ConfidenceHedgedNeutral,1
filtered,filtered,s,OtherOrphanedOther,0
through,through,s,OtherOrphanedOther,0
the,the,s,OtherOrphanedOther,0
lens,lens,s,SpecialTopicsMiscellanyNeutral,0
of,of,s,OtherOrphanedOther,0
colonial,colonial,s,SpecialTopicsMiscellanyNeutral,0
powers,powers,c,SpecialTopicsMiscellanyNeutral,1
.,.,n,,0
Focused,focused,s,CharMentalStatesPos,0
on,on,s,CharMentalStatesPos,1
Political,political,s,PubPoliticsNeutral,0
and,and,s,OtherSyntacticComplexityOther,0
Economic,economic,s,SpecialTopicsMiscellanyNeutral,0
Structures,structures,c,SpecialTopicsMiscellanyNeutral,1
:,:,s,,0
Written,written,s,NarrOtherNeutral,0
history,history,s,NarrOtherNeutral,1
tends,tends,s,ConfidenceHedgedNeutral,0
to,to,s,ConfidenceHedgedNeutral,1
focus,focus,s,ConfidenceHedgedNeutral,2
on,on,s,OtherSyntacticComplexityOther,0
the,the,s,OtherSyntacticComplexityOther,1
political,political,c,PubPoliticsNeutral,0
",",",",s,,0
economic,economic,c,SpecialTopicsMiscellanyNeutral,0
",",",",s,,0
and,and,s,OtherSyntacticComplexityOther,0
institutional,institutional,s,PubAdministrationNeutral,0
aspects,aspects,s,SpecialTopicsMiscellanyNeutral,0
of,of,s,SpecialTopicsMiscellanyNeutral,1
indenture,indenture,c,PubLawNeutral,0
.,.,s,,0
It,it,s,ConfidenceHedgedNeutral,0
might,might,s,ConfidenceHedgedNeutral,1
emphasize,emphasize,s,ForcefulEmphaticNeutral,0
topics,topics,s,SpecialTopicsMiscellanyNeutral,0
like,like,s,DescriptVisualNeutral,0
the,the,s,DescriptVisualNeutral,1
Dutch,dutch,s,SpecialTopicsMiscellanyNeutral,0
colonial,colonial,s,SpecialTopicsMiscellanyNeutral,1
system,system,c,SpecialTopicsMiscellanyNeutral,0
",",",",s,,0
the,the,s,OtherOrphanedOther,0
recruitment,recruitment,s,StratCoordinationNeutral,0
of,of,s,OtherOrphanedOther,0
indentured,indentured,s,PubLawNeutral,0
laborers,laborers,c,CharTypesNeutral,0
",",",",s,,0
the,the,s,ContingentRelationshipNeutral,0
conditions,conditions,s,ContingentRelationshipNeutral,1
on,on,s,OtherOrphanedOther,0
plantations,plantations,c,DescriptVisualNeutral,0
",",",",s,,0
and,and,s,OtherSyntacticComplexityOther,0
the,the,s,OtherSyntacticComplexityOther,1
end,end,s,NarrSequenceNeutral,0
of,of,s,NarrSequenceNeutral,1
indenture,indenture,c,PubLawNeutral,0
.,.,n,,0
Example,example,c,ExpoExampleNeutral,0
:,:,n,,0
An,an,s,OtherOrphanedOther,0
academic,academic,s,SpecialTopicsMiscellanyNeutral,0
book,book,s,SpecialTopicsMiscellanyNeutral,1
or,or,s,OtherSyntacticComplexityOther,0
a,a,s,PubAdministrationNeutral,0
government,government,s,PubAdministrationNeutral,1
report,report,s,NarrActsNeutral,0
about,about,s,OtherOrphanedOther,0
the,the,s,OtherOrphanedOther,0
indentured,indentured,s,PubLawNeutral,0
labor,labor,s,SpecialTopicsMiscellanyNeutral,0
system,system,s,SpecialTopicsMiscellanyNeutral,1
in,in,s,OtherOrphanedOther,0
Suriname,suriname,s,SpecialTopicsPlaceNeutral,0
might,might,s,ConfidenceHedgedNeutral,0
outline,outline,s,ConfidenceHedgedNeutral,1
facts,facts,s,ConfidenceHighNeutral,0
about,about,s,OtherOrphanedOther,0
the,the,s,OtherSyntacticComplexityOther,0
number,number,s,OtherSyntacticComplexityOther,1
of,of,s,OtherSyntacticComplexityOther,2
laborers,laborers,s,CharTypesNeutral,0
brought,brought,s,DescriptChangeNeutral,0
to,to,s,DescriptChangeNeutral,1
the,the,s,SpecialTopicsPlaceNeutral,0
country,country,c,SpecialTopicsPlaceNeutral,1
",",",",s,SpecialTopicsMiscellanyNeutral,0
their,their,s,SpecialTopicsMiscellanyNeutral,1
working,working,s,ContingentEventNeutral,0
conditions,conditions,c,ContingentEventNeutral,1
",",",",s,,0
and,and,s,OtherSyntacticComplexityOther,0
legal,legal,s,PubLawNeutral,0
frameworks,frameworks,c,SpecialTopicsMiscellanyNeutral,0
",",",",s,MetadiscourseContrastNeutral,0
but,but,s,MetadiscourseContrastNeutral,1
it,it,s,ContingentRelationshipNeutral,0
could,could,s,ContingentRelationshipNeutral,1
lack,lack,s,NegValuesLack,0
a,a,s,NegValuesLack,1
personal,personal,c,CharSubjectivityNeutral,0
",",",",s,,0
emotional,emotional,c,SpecialTopicsMiscellanyNeutral,0
",",",",s,,0
or,or,s,OtherSyntacticComplexityOther,0
subjective,subjective,s,CharSubjectivityNeutral,0
perspective,perspective,s,CharSubjectivityNeutral,1
on,on,s,InquiryCuriosityNeutral,0
what,what,s,InquiryCuriosityNeutral,1
it,it,s,NarrOtherNeutral,0
was,was,s,NarrOtherNeutral,1
like,like,s,OtherOrphanedOther,0
to,to,s,OtherOrphanedOther,0
experience,experience,s,NarrActsNeutral,0
indenture,indenture,s,PubLawNeutral,0
firsthand,firsthand,c,NarrImmediacyNeutral,0
.,.,n,,0
2,2,c,ExpoOtherNeutral,0
.,.,s,ExpoOtherNeutral,1
Collective,collective,s,StratCoordinationNeutral,0
Remembering,remembering,n,StratCoordinationNeutral,1
Collective,collective,s,StratCoordinationNeutral,0
remembering,remembering,c,StratCoordinationNeutral,1
",",",",s,,0
on,on,s,MetadiscourseOtherNeutral,0
the,the,s,MetadiscourseOtherNeutral,1
other,other,s,MetadiscourseOtherNeutral,2
hand,hand,c,MetadiscourseOtherNeutral,3
",",",",s,,0
involves,involves,s,ReasoningOtherNeutral,0
the,the,s,ReasoningOtherNeutral,1
shared,shared,s,OtherOrphanedOther,0
memories,memories,s,CharMentalStatesNeutral,0
and,and,s,OtherSyntacticComplexityOther,0
narratives,narratives,s,SpecialTopicsMiscellanyNeutral,0
that,that,s,OtherOrphanedOther,0
emerge,emerge,s,ContingentEventNeutral,0
within,within,s,SpecialTopicsPlaceNeutral,0
a,a,s,SpecialTopicsPlaceNeutral,1
community,community,s,SpecialTopicsPlaceNeutral,2
over,over,s,NarrOtherNeutral,0
time,time,c,NarrOtherNeutral,1
.,.,s,,0
It’s,it’s,s,ForcefulEmphaticNeutral,0
not,not,s,ForcefulEmphaticNeutral,1
just,just,s,ForcefulEmphaticNeutral,2
about,about,s,ForcefulEmphaticNeutral,3
what,what,s,InterQuestionNeutral,0
is,is,s,InterQuestionNeutral,1
recorded,recorded,c,SpecialTopicsMiscellanyNeutral,0
",",",",s,MetadiscourseContrastNeutral,0
but,but,s,MetadiscourseContrastNeutral,1
about,about,s,OtherOrphanedOther,0
how,how,s,OtherOrphanedOther,0
groups,groups,s,SpecialTopicsMiscellanyNeutral,0
of,of,s,SpecialTopicsMiscellanyNeutral,1
people,people,s,CharTypesNeutral,0
—,—,s,,0
in,in,s,ExpoExampleNeutral,0
this,this,s,ExpoExampleNeutral,1
case,case,c,ExpoExampleNeutral,2
",",",",s,,0
the,the,s,NarrTimeShiftNeutral,0
descendants,descendants,s,NarrTimeShiftNeutral,1
of,of,s,NarrTimeShiftNeutral,2
indentured,indentured,s,PubLawNeutral,0
laborers,laborers,s,CharTypesNeutral,0
—,—,s,,0
interpret,interpret,s,ReasoningAnalyzeNeutral,0
and,and,s,OtherSyntacticComplexityOther,0
pass,pass,s,DescriptMotionNeutral,0
on,on,s,NarrBiographyNeutral,0
their,their,s,NarrBiographyNeutral,1
own,own,s,NarrBiographyNeutral,2
experiences,experiences,s,NarrActsNeutral,0
and,and,s,OtherSyntacticComplexityOther,0
histories,histories,c,NarrOtherNeutral,0
.,.,n,,0
Characteristics,characteristics,c,ExpoOtherNeutral,0
:,:,n,,0
Subjective,subjective,s,SpecialTopicsMiscellanyNeutral,0
and,and,s,OtherSyntacticComplexityOther,0
Personal,personal,c,CharSubjectivityNeutral,0
:,:,s,,0
Collective,collective,s,StratCoordinationNeutral,0
remembering,remembering,s,StratCoordinationNeutral,1
is,is,s,OtherOrphanedOther,0
deeply,deeply,s,ForcefulEmphaticNeutral,0
shaped,shaped,s,OtherOrphanedOther,0
by,by,s,OtherOrphanedOther,0
personal,personal,s,CharSubjectivityNeutral,0
experiences,experiences,c,CharSubjectivityNeutral,1
",",",",s,,0
emotions,emotions,c,SpecialTopicsMiscellanyNeutral,0
",",",",s,,0
and,and,s,OtherSyntacticComplexityOther,0
community,community,s,SpecialTopicsMiscellanyNeutral,0
narratives,narratives,c,SpecialTopicsMiscellanyNeutral,1
.,.,s,,0
It’s,it’s,s,ConfidenceHighNeutral,0
about,about,s,ConfidenceHighNeutral,1
how,how,s,OtherOrphanedOther,0
individuals,individuals,s,CharTypesNeutral,0
and,and,s,OtherSyntacticComplexityOther,0
groups,groups,s,SpecialTopicsMiscellanyNeutral,0
remember,remember,s,CharMentalStatesNeutral,0
the,the,s,NarrOtherNeutral,0
past,past,s,NarrOtherNeutral,1
in,in,s,OtherSyntacticComplexityOther,0
ways,ways,s,OtherSyntacticComplexityOther,1
that,that,s,OtherSyntacticComplexityOther,2
are,are,s,NarrDurationNeutral,0
often,often,s,NarrDurationNeutral,1
informal,informal,c,SpecialTopicsMiscellanyNeutral,0
",",",",s,,0
dynamic,dynamic,c,ForcefulEnergizedNeutral,0
",",",",s,,0
and,and,s,OtherSyntacticComplexityOther,0
fluid,fluid,c,DescriptObjectsNeutral,0
.,.,n,,0
Community-Centric,community-centric,c,,0
:,:,s,,0
It,it,s,,0
often,often,s,NarrDurationNeutral,0
involves,involves,s,ReasoningOtherNeutral,0
the,the,s,ReasoningOtherNeutral,1
oral,oral,s,DescriptVisualNeutral,0
transmission,transmission,s,SpecialTopicsMiscellanyNeutral,0
of,of,s,SpecialTopicsMiscellanyNeutral,1
stories,stories,c,NarrSequenceNeutral,0
",",",",s,,0
folklore,folklore,c,SpecialTopicsMiscellanyNeutral,0
",",",",s,,0
and,and,s,OtherSyntacticComplexityOther,0
traditions,traditions,s,NarrOtherNeutral,0
that,that,s,OtherOrphanedOther,0
are,are,s,OtherOrphanedOther,0
passed,passed,s,PubCommunicationNeutral,0
down,down,s,PubCommunicationNeutral,1
from,from,s,NarrTimeShiftNeutral,0
one,one,s,NarrTimeShiftNeutral,1
generation,generation,s,NarrTimeShiftNeutral,2
to,to,s,NarrTimeShiftNeutral,3
the,the,s,NarrTimeShiftNeutral,4
next,next,c,NarrTimeShiftNeutral,5
.,.,s,,0
These,these,s,NarrOtherNeutral,0
memories,memories,s,NarrOtherNeutral,1
are,are,s,OtherOrphanedOther,0
shaped,shaped,s,OtherOrphanedOther,0
by,by,s,OtherOrphanedOther,1
the,the,s,OtherOrphanedOther,2
community’s,community’s,s,,0
values,values,c,,0
",",",",s,,0
needs,needs,c,StratDirectAppealNeutral,0
",",",",s,,0
and,and,s,OtherSyntacticComplexityOther,0
understandings,understandings,s,,0
of,of,s,OtherSyntacticComplexityOther,0
their,their,s,OtherSyntacticComplexityOther,1
history,history,c,NarrOtherNeutral,0
.,.,n,,0
Bottom-up,bottom-up,c,,0
:,:,s,,0
This,this,s,OtherOrphanedOther,0
form,form,s,SpecialTopicsMiscellanyNeutral,0
of,of,s,SpecialTopicsMiscellanyNeutral,1
memory,memory,s,CharMentalStatesNeutral,0
often,often,s,NarrDurationNeutral,0
emerges,emerges,s,DescriptChangeNeutral,0
from,from,s,DescriptChangeNeutral,1
the,the,s,OtherOrphanedOther,0
grassroots,grassroots,c,PosValuesFree,0
",",",",s,,0
with,with,s,OtherOrphanedOther,0
individuals,individuals,s,CharTypesNeutral,0
or,or,s,OtherSyntacticComplexityOther,0
groups,groups,s,SpecialTopicsMiscellanyNeutral,0
who,who,s,OtherOrphanedOther,0
experienced,experienced,s,NarrActsNeutral,0
indenture,indenture,s,PubLawNeutral,0
(,(,c,OtherOrphanedOther,0
or,or,s,OtherSyntacticComplexityOther,0
whose,whose,s,CharNamesNeutral,0
ancestors,ancestors,s,NarrOtherNeutral,0
did,did,c,ForcefulIntenseNeutral,0
),),s,OtherOrphanedOther,0
telling,telling,s,UpdatesOtherNeutral,0
their,their,s,ForcefulEmphaticNeutral,0
own,own,s,ForcefulEmphaticNeutral,1
stories,stories,c,NarrSequenceNeutral,0
.,.,s,NarrDurationNeutral,0
As,as,s,NarrDurationNeutral,1
a,a,s,NarrDurationNeutral,2
result,result,c,,0
",",",",s,,0
it,it,s,ConfidenceHedgedNeutral,0
might,might,s,ConfidenceHedgedNeutral,1
emphasize,emphasize,s,ForcefulEmphaticNeutral,0
personal,personal,s,CharSubjectivityNeutral,0
survival,survival,s,NarrSequenceNeutral,0
stories,stories,c,NarrSequenceNeutral,1
",",",",s,,0
emotional,emotional,s,PosActsResilience,0
resilience,resilience,c,PosActsResilience,1
",",",",s,,0
and,and,s,OtherSyntacticComplexityOther,0
cultural,cultural,s,SpecialTopicsMiscellanyNeutral,0
preservation,preservation,s,PubAdministrationNeutral,0
that,that,s,OtherOrphanedOther,0
aren’t,aren’t,s,NegActsResist,0
necessarily,necessarily,s,ReasoningDefendPos,0
reflected,reflected,s,ReasoningDefendPos,1
in,in,s,OtherOrphanedOther,0
the,the,s,OtherOrphanedOther,0
official,official,s,PubAdministrationNeutral,0
written,written,s,NarrOtherNeutral,0
history,history,c,NarrOtherNeutral,1
.,.,n,,0
Cultural,cultural,s,SpecialTopicsMiscellanyNeutral,0
and,and,s,OtherSyntacticComplexityOther,0
Emotional,emotional,s,SpecialTopicsMiscellanyNeutral,0
Focus,focus,c,SpecialTopicsMiscellanyNeutral,0
:,:,s,,0
Collective,collective,s,StratCoordinationNeutral,0
remembering,remembering,s,StratCoordinationNeutral,1
often,often,s,NarrDurationNeutral,0
highlights,highlights,s,SpecialTopicsMiscellanyNeutral,0
shared,shared,s,OtherOrphanedOther,0
cultural,cultural,s,SpecialTopicsMiscellanyNeutral,0
practices,practices,c,OtherOrphanedGenericActivity,0
",",",",s,ExpoExampleNeutral,0
such,such,s,ExpoExampleNeutral,1
as,as,s,ExpoExampleNeutral,2
the,the,s,OtherOrphanedOther,0
preservation,preservation,s,PubAdministrationNeutral,0
of,of,s,SpecialTopicsMiscellanyNeutral,0
language,language,s,SpecialTopicsMiscellanyNeutral,1
(,(,c,OtherOrphanedOther,0
e.g,e.g,c,ExpoExampleNeutral,0
.,.,c,ExpoExampleNeutral,1
",",",",s,,0
Hindi,hindi,c,SpecialTopicsMiscellanyNeutral,0
",",",",s,,0
Bhojpuri,bhojpuri,c,,0
),),c,OtherOrphanedOther,0
",",",",s,,0
religion,religion,s,SpecialTopicsMiscellanyNeutral,0
(,(,c,OtherOrphanedOther,0
Hinduism,hinduism,c,SpecialTopicsMiscellanyNeutral,0
",",",",s,,0
Islam,islam,c,SpecialTopicsMiscellanyNeutral,0
),),c,OtherOrphanedOther,0
",",",",s,,0
and,and,s,OtherSyntacticComplexityOther,0
customs,customs,s,PubAdministrationNeutral,0
(,(,c,OtherOrphanedOther,0
like,like,s,OtherOrphanedOther,0
festivals,festivals,s,PosEmotionsFestive,0
and,and,s,OtherSyntacticComplexityOther,0
rituals,rituals,c,PubAdministrationNeutral,0
),),c,OtherOrphanedOther,0
.,.,s,,0
It,it,s,OtherSyntacticComplexityOther,0
also,also,s,OtherSyntacticComplexityOther,1
focuses,focuses,s,CharMentalStatesPos,0
on,on,s,CharMentalStatesPos,1
the,the,s,CharMentalStatesPos,2
emotional,emotional,s,SpecialTopicsMiscellanyNeutral,0
and,and,s,OtherSyntacticComplexityOther,0
psychological,psychological,s,NegEmotionsOther,0
impact,impact,s,NegEmotionsOther,1
of,of,s,OtherOrphanedOther,0
indenture,indenture,c,PubLawNeutral,0
",",",",s,ExpoExampleNeutral,0
such,such,s,ExpoExampleNeutral,1
as,as,s,ExpoExampleNeutral,2
the,the,s,NegActsTrauma,0
trauma,trauma,c,NegActsTrauma,1
",",",",s,,0
loss,loss,c,NegEmotionsLoss,0
",",",",s,,0
and,and,s,OtherSyntacticComplexityOther,0
sense,sense,s,SpecialTopicsMiscellanyNeutral,0
of,of,s,SpecialTopicsMiscellanyNeutral,1
identity,identity,s,SpecialTopicsMiscellanyNeutral,2
created,created,s,PosValuesInnovative,0
by,by,s,PosValuesInnovative,1
the,the,s,PosValuesInnovative,2
experience,experience,c,NarrActsNeutral,0
.,.,n,,0
Example,example,c,ExpoExampleNeutral,0
:,:,n,,0
The,the,s,SpecialTopicsMiscellanyNeutral,0
stories,stories,s,SpecialTopicsMiscellanyNeutral,1
told,told,s,UpdatesOtherNeutral,0
by,by,s,OtherOrphanedOther,0
descendants,descendants,s,UncertaintyIndefiniteNeutral,0
of,of,s,OtherOrphanedOther,0
indentured,indentured,s,PubLawNeutral,0
laborers,laborers,s,CharTypesNeutral,0
at,at,s,OtherOrphanedOther,0
family,family,s,DescriptVisualNeutral,0
gatherings,gatherings,c,DescriptVisualNeutral,1
",",",",s,,0
community,community,s,NarrActsNeutral,0
events,events,c,NarrActsNeutral,1
",",",",s,,0
or,or,s,OtherSyntacticComplexityOther,0
religious,religious,s,PubAdministrationNeutral,0
ceremonies,ceremonies,s,PubAdministrationNeutral,1
might,might,s,ConfidenceHedgedNeutral,0
describe,describe,s,ConfidenceHedgedNeutral,1
the,the,s,NegEmotionsOther,0
hardships,hardships,s,NegEmotionsOther,1
their,their,s,NarrOtherNeutral,0
ancestors,ancestors,s,NarrOtherNeutral,1
faced,faced,c,DescriptVisualNeutral,0
",",",",s,,0
as,as,s,OtherSyntacticComplexityOther,0
well,well,s,OtherSyntacticComplexityOther,1
as,as,s,OtherSyntacticComplexityOther,2
their,their,s,CharNamesNeutral,0
resilience,resilience,c,PosActsResilience,0
",",",",s,,0
dreams,dreams,c,CharMentalStatesNeutral,0
",",",",s,,0
and,and,s,OtherSyntacticComplexityOther,0
hopes,hopes,c,FutureOtherPos,0
.,.,s,,0
These,these,s,OtherOrphanedOther,0
accounts,accounts,s,SpecialTopicsMiscellanyNeutral,0
can,can,s,ContingentRelationshipNeutral,0
be,be,s,ContingentRelationshipNeutral,1
more,more,s,CharSubjectivityNeutral,0
personal,personal,c,CharSubjectivityNeutral,1
",",",",s,,0
emphasizing,emphasizing,s,ForcefulEmphaticNeutral,0
themes,themes,s,SpecialTopicsMiscellanyNeutral,0
of,of,s,OtherOrphanedOther,0
family,family,s,SpecialTopicsMiscellanyNeutral,0
bonds,bonds,c,OtherOrphanedOther,0
",",",",s,,0
sacrifice,sacrifice,c,NegRelForego,0
",",",",s,,0
and,and,s,OtherSyntacticComplexityOther,0
the,the,s,OtherSyntacticComplexityOther,1
emotional,emotional,s,NegEmotionsOther,0
costs,costs,s,NegEmotionsOther,1
of,of,s,OtherOrphanedOther,0
migration,migration,s,NarrSceneShiftNeutral,0
and,and,s,OtherSyntacticComplexityOther,0
labor,labor,c,SpecialTopicsMiscellanyNeutral,0
.,.,s,,0
For,for,s,ExpoExampleNeutral,0
instance,instance,c,ExpoExampleNeutral,1
",",",",s,ExpoExampleNeutral,2
the,the,s,CharMentalStatesNeutral,0
memory,memory,s,CharMentalStatesNeutral,1
of,of,s,OtherSyntacticComplexityOther,0
a,a,s,OtherSyntacticComplexityOther,1
grandmother,grandmother,s,CharTypesNeutral,0
recounting,recounting,s,NarrOtherNeutral,0
her,her,s,CharNamesNeutral,0
family’s,family’s,s,SpecialTopicsMiscellanyNeutral,0
journey,journey,s,NarrSceneShiftNeutral,0
from,from,s,NarrSceneShiftNeutral,1
India,india,s,SpecialTopicsPlaceNeutral,0
or,or,s,OtherSyntacticComplexityOther,0
the,the,s,SpecialTopicsMiscellanyNeutral,0
stories,stories,s,SpecialTopicsMiscellanyNeutral,1
of,of,s,OtherOrphanedOther,0
cultural,cultural,s,SpecialTopicsMiscellanyNeutral,0
survival,survival,s,NarrTurningPointNeutral,0
in,in,s,NegRelConfront,0
the,the,s,NegRelConfront,1
face,face,s,NegRelConfront,2
of,of,s,NegRelConfront,3
adversity,adversity,s,NegRelConfront,4
might,might,s,ConfidenceHedgedNeutral,0
be,be,s,ConfidenceHedgedNeutral,1
far,far,s,ForcefulEmphaticNeutral,0
more,more,s,ForcefulEmphaticNeutral,1
subjective,subjective,s,SpecialTopicsMiscellanyNeutral,0
than,than,s,ExpoComparisonNeutral,0
the,the,s,ExpoComparisonNeutral,1
written,written,s,InterOtherNeutral,0
historical,historical,s,ForcefulUnprecedentedNeutral,0
account,account,c,ForcefulUnprecedentedNeutral,1
.,.,n,InterCommandNeutral,0
Key,key,s,InterCommandNeutral,1
Differences,differences,c,ExpoComparisonNeutral,0
:,:,n,,0
1,1,c,ExpoOtherNeutral,0
.,.,s,ExpoOtherNeutral,1
Perspective,perspective,s,SpecialTopicsMiscellanyNeutral,0
and,and,s,OtherSyntacticComplexityOther,0
Interpretation,interpretation,c,SpecialTopicsMiscellanyNeutral,0
:,:,n,,0
Written,written,s,NarrOtherNeutral,0
History,history,s,NarrOtherNeutral,1
often,often,s,NarrDurationNeutral,0
provides,provides,s,FacilitateSponsorNeutral,0
a,a,s,FacilitateSponsorNeutral,1
macro,macro,s,SpecialTopicsMiscellanyNeutral,0
perspective,perspective,c,SpecialTopicsMiscellanyNeutral,0
",",",",s,,0
dealing,dealing,s,NegRelDealWith,0
with,with,s,NegRelDealWith,1
large-scale,large-scale,s,NarrActsNeutral,0
events,events,s,NarrActsNeutral,1
and,and,s,OtherSyntacticComplexityOther,0
processes,processes,c,SpecialTopicsMiscellanyNeutral,0
",",",",s,,0
while,while,s,NarrDurationNeutral,0
collective,collective,s,StratCoordinationNeutral,0
remembering,remembering,s,StratCoordinationNeutral,1
offers,offers,s,FacilitateSponsorNeutral,0
a,a,s,FacilitateSponsorNeutral,1
micro,micro,c,SpecialTopicsMiscellanyNeutral,0
",",",",s,,0
more,more,s,ExpoComparisonNeutral,0
intimate,intimate,s,PosRelIntimate,0
and,and,s,OtherSyntacticComplexityOther,0
personalized,personalized,s,CharSubjectivityNeutral,0
view,view,c,CharSubjectivityNeutral,1
.,.,n,,0
Written,written,s,NarrOtherNeutral,0
History,history,s,NarrOtherNeutral,1
might,might,s,ConfidenceHedgedNeutral,0
focus,focus,s,ConfidenceHedgedNeutral,1
on,on,s,OtherOrphanedOther,0
facts,facts,c,ConfidenceHighNeutral,0
",",",",s,,0
statistics,statistics,c,SpecialTopicsMiscellanyNeutral,0
",",",",s,,0
and,and,s,OtherSyntacticComplexityOther,0
analyses,analyses,s,ReasoningAnalyzeNeutral,0
of,of,s,OtherOrphanedOther,0
labor,labor,s,PubAdministrationNeutral,0
policies,policies,c,PubAdministrationNeutral,1
",",",",s,ExpoComparisonNeutral,0
whereas,whereas,s,ExpoComparisonNeutral,1
collective,collective,s,StratCoordinationNeutral,0
remembering,remembering,s,StratCoordinationNeutral,1
is,is,s,MetadiscourseOtherNeutral,0
about,about,s,MetadiscourseOtherNeutral,1
human,human,s,SpecialTopicsMiscellanyNeutral,0
experiences,experiences,c,NarrActsNeutral,0
",",",",s,,0
emotional,emotional,s,SpecialTopicsMiscellanyNeutral,0
impact,impact,c,StratCoordinationNeutral,0
",",",",s,,0
and,and,s,OtherSyntacticComplexityOther,0
personal,personal,s,CharSubjectivityNeutral,0
reflections,reflections,c,SpecialTopicsMiscellanyNeutral,0
.,.,n,,0
2,2,c,ExpoOtherNeutral,0
.,.,s,ExpoOtherNeutral,1
Transmission,transmission,c,SpecialTopicsMiscellanyNeutral,0
:,:,n,,0
Written,written,s,NarrOtherNeutral,0
History,history,s,NarrOtherNeutral,1
is,is,s,StratCognitionNeutral,0
documented,documented,s,StratCognitionNeutral,1
and,and,s,OtherSyntacticComplexityOther,0
published,published,c,PubCommunicationNeutral,0
",",",",s,,0
typically,typically,s,NarrDurationNeutral,0
by,by,s,OtherOrphanedOther,0
historians,historians,c,CharTypesNeutral,0
",",",",s,,0
scholars,scholars,c,CharTypesNeutral,0
",",",",s,,0
or,or,s,OtherSyntacticComplexityOther,0
institutions,institutions,c,PubAdministrationNeutral,0
.,.,s,,0
It,it,s,ConfidenceHighNeutral,0
is,is,s,ConfidenceHighNeutral,1
disseminated,disseminated,s,PubCommunicationNeutral,0
through,through,s,OtherOrphanedOther,0
books,books,c,DescriptObjectsNeutral,0
",",",",s,,0
articles,articles,c,SpecialTopicsMiscellanyNeutral,0
",",",",s,,0
journals,journals,c,SpecialTopicsMiscellanyNeutral,0
",",",",s,,0
and,and,s,OtherSyntacticComplexityOther,0
official,official,s,PubAdministrationNeutral,0
records,records,c,PubAdministrationNeutral,1
.,.,n,,0
Collective,collective,s,StratCoordinationNeutral,0
remembering,remembering,s,StratCoordinationNeutral,1
is,is,s,ForcefulEmphaticNeutral,0
primarily,primarily,s,ForcefulEmphaticNeutral,1
transmitted,transmitted,s,OtherOrphanedOther,0
through,through,s,OtherOrphanedOther,0
oral,oral,s,NarrOtherNeutral,0
traditions,traditions,c,NarrOtherNeutral,1
",",",",s,,0
family,family,s,SpecialTopicsMiscellanyNeutral,0
storytelling,storytelling,c,OtherOrphanedGenericActivity,0
",",",",s,,0
and,and,s,OtherSyntacticComplexityOther,0
cultural,cultural,s,SpecialTopicsMiscellanyNeutral,0
practices,practices,c,OtherOrphanedGenericActivity,0
.,.,s,,0
It,it,s,ConfidenceHighNeutral,0
is,is,s,ConfidenceHighNeutral,1
passed,passed,s,PubCommunicationNeutral,0
down,down,s,PubCommunicationNeutral,1
through,through,s,OtherOrphanedOther,0
generations,generations,s,SpecialTopicsMiscellanyNeutral,0
in,in,s,OtherOrphanedOther,0
informal,informal,c,SpecialTopicsMiscellanyNeutral,0
",",",",s,,0
non-institutional,non-institutional,s,SpecialTopicsMiscellanyNeutral,0
settings,settings,c,ContingentEventNeutral,0
",",",",s,ExpoExampleNeutral,0
such,such,s,ExpoExampleNeutral,1
as,as,s,ExpoExampleNeutral,2
community,community,s,SpecialTopicsMiscellanyNeutral,0
gatherings,gatherings,s,SpecialTopicsMiscellanyNeutral,1
or,or,s,OtherSyntacticComplexityOther,0
religious,religious,s,PubAdministrationNeutral,0
ceremonies,ceremonies,c,PubAdministrationNeutral,1
.,.,n,,0
3,3,c,ExpoOtherNeutral,0
.,.,s,ExpoOtherNeutral,1
Inclusivity,inclusivity,s,PosValuesInclusive,0
and,and,s,OtherSyntacticComplexityOther,0
Representation,representation,c,SpecialTopicsMiscellanyNeutral,0
:,:,n,,0
Written,written,s,NarrOtherNeutral,0
History,history,s,NarrOtherNeutral,1
can,can,s,ContingentRelationshipNeutral,0
be,be,s,ContingentRelationshipNeutral,1
dominated,dominated,s,StratCompetitionNeutral,0
by,by,s,StratCompetitionNeutral,1
the,the,s,OtherOrphanedOther,0
perspectives,perspectives,s,SpecialTopicsMiscellanyNeutral,0
of,of,s,SpecialTopicsMiscellanyNeutral,1
those,those,s,OtherOrphanedOther,0
in,in,s,OtherOrphanedOther,0
power,power,c,SpecialTopicsMiscellanyNeutral,0
",",",",s,ExpoExampleNeutral,0
such,such,s,ExpoExampleNeutral,1
as,as,s,ExpoExampleNeutral,2
colonial,colonial,s,SpecialTopicsMiscellanyNeutral,0
authorities,authorities,s,PubAdministrationNeutral,0
or,or,s,OtherSyntacticComplexityOther,0
plantation,plantation,s,DescriptVisualNeutral,0
owners,owners,c,CharTypesNeutral,0
",",",",s,,0
leading,leading,s,ReasoningOtherNeutral,0
to,to,s,ReasoningOtherNeutral,1
a,a,s,ReasoningOtherNeutral,2
limited,limited,s,SpecialTopicsMiscellanyNeutral,0
or,or,s,OtherSyntacticComplexityOther,0
biased,biased,s,NegRelBias,0
account,account,s,NegRelBias,1
of,of,s,OtherOrphanedOther,0
indenture,indenture,c,PubLawNeutral,0
.,.,n,,0
Collective,collective,s,StratCoordinationNeutral,0
remembering,remembering,c,StratCoordinationNeutral,1
",",",",s,MetadiscourseContrastNeutral,0
however,however,c,MetadiscourseContrastNeutral,1
",",",",s,MetadiscourseContrastNeutral,2
often,often,s,NarrDurationNeutral,0
emphasizes,emphasizes,s,ForcefulEmphaticNeutral,0
the,the,s,ForcefulEmphaticNeutral,1
voices,voices,s,DescriptSoundNeutral,0
of,of,s,DescriptSoundNeutral,1
the,the,s,OtherOrphanedOther,0
indentured,indentured,s,PubLawNeutral,0
laborers,laborers,s,CharTypesNeutral,0
themselves,themselves,s,CharNamesNeutral,0
or,or,s,OtherSyntacticComplexityOther,0
their,their,s,CharNamesNeutral,0
descendants,descendants,c,UncertaintyIndefiniteNeutral,0
",",",",s,,0
offering,offering,s,FacilitateSponsorNeutral,0
a,a,s,FacilitateSponsorNeutral,1
more,more,s,ExpoComparisonNeutral,0
inclusive,inclusive,c,SpecialTopicsMiscellanyNeutral,0
",",",",s,MetadiscourseContrastNeutral,0
though,though,s,MetadiscourseContrastNeutral,1
subjective,subjective,c,SpecialTopicsMiscellanyNeutral,0
",",",",s,,0
representation,representation,s,SpecialTopicsMiscellanyNeutral,0
of,of,s,OtherSyntacticComplexityOther,0
their,their,s,OtherSyntacticComplexityOther,1
lived,lived,s,StratOtherPos,0
experiences,experiences,c,StratOtherPos,1
.,.,n,,0
4,4,c,ExpoOtherNeutral,0
.,.,s,ExpoOtherNeutral,1
Emotional,emotional,s,SpecialTopicsMiscellanyNeutral,0
vs,vs,c,StratCompetitionNeg,0
.,.,s,StratCompetitionNeg,1
Analytical,analytical,s,ReasoningAnalyzeNeutral,0
Focus,focus,c,SpecialTopicsMiscellanyNeutral,0
:,:,n,,0
Written,written,s,NarrOtherNeutral,0
History,history,s,NarrOtherNeutral,1
tends,tends,s,ConfidenceHedgedNeutral,0
to,to,s,ConfidenceHedgedNeutral,1
have,have,s,ConfidenceHedgedNeutral,2
an,an,s,OtherOrphanedOther,0
analytical,analytical,s,ReasoningAnalyzeNeutral,0
tone,tone,c,DescriptVisualNeutral,0
",",",",s,,0
focusing,focusing,s,CharMentalStatesPos,0
on,on,s,CharMentalStatesPos,1
facts,facts,s,ConfidenceHighNeutral,0
and,and,s,OtherSyntacticComplexityOther,0
evidence,evidence,c,ReasoningEvidenceNeutral,0
",",",",s,,0
and,and,s,OtherSyntacticComplexityOther,0
aiming,aiming,s,StratCognitionNeutral,0
for,for,s,StratCognitionNeutral,1
objectivity,objectivity,c,SpecialTopicsMiscellanyNeutral,0
.,.,n,,0
Collective,collective,s,StratCoordinationNeutral,0
remembering,remembering,s,StratCoordinationNeutral,1
is,is,s,ExpoComparisonNeutral,0
more,more,s,ExpoComparisonNeutral,1
emotionally,emotionally,s,CharTraitsNeutral,0
driven,driven,c,CharTraitsNeutral,1
",",",",s,,0
centered,centered,s,DescriptVisualNeutral,0
around,around,s,DescriptVisualNeutral,1
feelings,feelings,s,CharSubjectivityNeutral,0
of,of,s,CharSubjectivityNeutral,1
resilience,resilience,c,PosActsResilience,0
",",",",s,,0
suffering,suffering,c,NegEmotionsSuffer,0
",",",",s,,0
pride,pride,c,PosEmotionsPride,0
",",",",s,,0
and,and,s,OtherSyntacticComplexityOther,0
identity,identity,c,SpecialTopicsMiscellanyNeutral,0
.,.,s,,0
It,it,s,ConfidenceHighNeutral,0
is,is,s,ConfidenceHighNeutral,1
often,often,s,NarrDurationNeutral,0
less,less,s,ExpoComparisonNeutral,0
concerned,concerned,s,NegEmotionsConcern,0
with,with,s,NegEmotionsConcern,1
factual,factual,s,PosValuesAccuracy,0
accuracy,accuracy,s,PosValuesAccuracy,1
and,and,s,OtherSyntacticComplexityOther,0
more,more,s,ExpoComparisonNeutral,0
with,with,s,OtherOrphanedOther,0
preserving,preserving,s,OtherOrphanedOther,0
a,a,s,OtherOrphanedOther,0
sense,sense,s,PosEmotionsOther,0
of,of,s,PosEmotionsOther,1
belonging,belonging,s,PosEmotionsOther,2
and,and,s,OtherSyntacticComplexityOther,0
community,community,s,SpecialTopicsMiscellanyNeutral,0
memory,memory,c,SpecialTopicsMiscellanyNeutral,1
.,.,n,,0
5,5,c,ExpoOtherNeutral,0
.,.,s,ExpoOtherNeutral,1
Cultural,cultural,s,SpecialTopicsMiscellanyNeutral,0
Preservation,preservation,c,PubAdministrationNeutral,0
:,:,n,,0
Written,written,s,NarrOtherNeutral,0
History,history,s,NarrOtherNeutral,1
may,may,s,ConfidenceHedgedNeutral,0
offer,offer,s,ConfidenceHedgedNeutral,1
a,a,s,OtherOrphanedOther,0
static,static,s,SpecialTopicsMiscellanyNeutral,0
account,account,s,CitationAuthoritativePos,0
of,of,s,CitationAuthoritativePos,1
past,past,s,NarrActsNeutral,0
events,events,c,NarrActsNeutral,1
",",",",s,ExpoComparisonNeutral,0
whereas,whereas,s,ExpoComparisonNeutral,1
collective,collective,s,StratCoordinationNeutral,0
remembering,remembering,s,StratCoordinationNeutral,1
evolves,evolves,s,DescriptChangePos,0
over,over,s,NarrOtherNeutral,0
time,time,c,NarrOtherNeutral,1
.,.,s,,0
It,it,s,ConfidenceHighNeutral,0
is,is,s,ConfidenceHighNeutral,1
fluid,fluid,c,DescriptObjectsNeutral,0
",",",",s,,0
changing,changing,s,DescriptChangeNeutral,0
with,with,s,DescriptChangeNeutral,1
each,each,s,ExpoOtherNeutral,0
generation,generation,c,SpecialTopicsMiscellanyNeutral,0
",",",",s,,0
reflecting,reflecting,s,OtherOrphanedOther,0
the,the,s,OtherOrphanedOther,1
shifting,shifting,s,DescriptChangeNeutral,0
cultural,cultural,c,SpecialTopicsMiscellanyNeutral,0
",",",",s,,0
political,political,c,PubPoliticsNeutral,0
",",",",s,,0
and,and,s,OtherSyntacticComplexityOther,0
social,social,s,SpecialTopicsMiscellanyNeutral,0
contexts,contexts,c,SpecialTopicsMiscellanyNeutral,1
.,.,n,,0
Through,through,s,OtherOrphanedOther,0
collective,collective,s,StratCoordinationNeutral,0
remembering,remembering,c,StratCoordinationNeutral,1
",",",",s,,0
communities,communities,s,SpecialTopicsMiscellanyNeutral,0
often,often,s,NarrDurationNeutral,0
reinterpret,reinterpret,s,NarrDurationNeutral,0
history,history,s,NarrOtherNeutral,0
to,to,s,OtherOrphanedOther,0
meet,meet,s,DescriptVisualNeutral,0
their,their,s,DescriptVisualNeutral,1
current,current,s,NegEmotionsIdentifyGaps,0
needs,needs,c,NegEmotionsIdentifyGaps,1
",",",",s,,0
values,values,c,,0
",",",",s,,0
and,and,s,OtherSyntacticComplexityOther,0
identities,identities,c,,0
.,.,s,,0
It,it,s,ConfidenceHedgedNeutral,0
may,may,s,ConfidenceHedgedNeutral,1
also,also,s,MetadiscourseAdditionNeutral,0
include,include,s,NarrActsNeutral,0
elements,elements,s,SpecialTopicsMiscellanyNeutral,0
of,of,s,SpecialTopicsMiscellanyNeutral,1
mythmaking,mythmaking,s,,0
and,and,s,OtherSyntacticComplexityOther,0
symbolic,symbolic,s,SpecialTopicsMiscellanyNeutral,0
significance,significance,s,ForcefulSignificantNeutral,0
that,that,s,OtherOrphanedOther,0
help,help,s,FacilitateHelpPos,0
create,create,s,FacilitateHelpPos,1
a,a,s,OtherOrphanedOther,0
shared,shared,s,OtherOrphanedOther,0
cultural,cultural,s,SpecialTopicsMiscellanyNeutral,0
narrative,narrative,c,SpecialTopicsMiscellanyNeutral,0
.,.,n,,0
Example,example,s,ExpoExampleNeutral,0
of,of,s,ExpoExampleNeutral,1
the,the,s,OtherOrphanedOther,0
Difference,difference,c,ExpoComparisonNeutral,0
:,:,n,,0
An,an,s,ExpoExampleNeutral,0
example,example,s,ExpoExampleNeutral,1
of,of,s,ExpoExampleNeutral,2
this,this,s,OtherOrphanedOther,0
difference,difference,s,ExpoComparisonNeutral,0
can,can,s,ContingentRelationshipNeutral,0
be,be,s,ContingentRelationshipNeutral,1
seen,seen,s,DescriptVisualNeutral,0
in,in,s,DescriptVisualNeutral,1
the,the,s,OtherOrphanedOther,0
memorialization,memorialization,s,SpecialTopicsMiscellanyNeutral,0
of,of,s,OtherSyntacticComplexityOther,0
the,the,s,OtherSyntacticComplexityOther,1
indentured,indentured,s,PubLawNeutral,0
experience,experience,c,NarrActsNeutral,0
.,.,s,,0
A,a,s,OtherOrphanedOther,0
written,written,s,NarrOtherNeutral,0
history,history,s,NarrOtherNeutral,1
of,of,s,OtherOrphanedOther,0
indenture,indenture,s,PubLawNeutral,0
in,in,s,OtherOrphanedOther,0
Suriname,suriname,s,SpecialTopicsPlaceNeutral,0
may,may,s,ConfidenceHedgedNeutral,0
present,present,s,ConfidenceHedgedNeutral,1
a,a,s,PosValuesOther,0
detailed,detailed,s,PosValuesOther,1
account,account,s,CitationAuthoritativePos,0
of,of,s,CitationAuthoritativePos,1
the,the,s,OtherSyntacticComplexityOther,0
number,number,s,OtherSyntacticComplexityOther,1
of,of,s,OtherSyntacticComplexityOther,2
indentured,indentured,s,PubLawNeutral,0
laborers,laborers,s,CharTypesNeutral,0
brought,brought,s,DescriptChangeNeutral,0
to,to,s,DescriptChangeNeutral,1
the,the,s,SpecialTopicsPlaceNeutral,0
country,country,c,SpecialTopicsPlaceNeutral,1
",",",",s,,0
the,the,s,OtherOrphanedOther,0
plantation,plantation,s,DescriptVisualNeutral,0
conditions,conditions,c,ContingentEventNeutral,0
",",",",s,,0
and,and,s,OtherSyntacticComplexityOther,0
the,the,s,OtherSyntacticComplexityOther,1
economic,economic,s,SpecialTopicsMiscellanyNeutral,0
impact,impact,s,SpecialTopicsMiscellanyNeutral,1
of,of,s,OtherSyntacticComplexityOther,0
the,the,s,OtherSyntacticComplexityOther,1
system,system,c,SpecialTopicsMiscellanyNeutral,0
.,.,s,MetadiscourseContrastNeutral,0
However,however,c,MetadiscourseContrastNeutral,1
",",",",s,,0
the,the,s,StratCoordinationPos,0
collective,collective,s,StratCoordinationPos,1
remembering,remembering,s,CharMentalStatesNeutral,0
within,within,s,SpecialTopicsPlaceNeutral,0
the,the,s,SpecialTopicsPlaceNeutral,1
community,community,s,SpecialTopicsPlaceNeutral,2
may,may,s,ConfidenceHedgedNeutral,0
emphasize,emphasize,s,ConfidenceHedgedNeutral,1
family,family,s,SpecialTopicsMiscellanyNeutral,0
narratives,narratives,s,SpecialTopicsMiscellanyNeutral,0
of,of,s,OtherOrphanedOther,0
individual,individual,s,SpecialTopicsMiscellanyNeutral,0
struggles,struggles,c,SpecialTopicsMiscellanyNeutral,1
",",",",s,,0
emotional,emotional,s,PosRelSocial,0
bonds,bonds,c,PosRelSocial,1
",",",",s,,0
and,and,s,OtherSyntacticComplexityOther,0
cultural,cultural,s,SpecialTopicsMiscellanyNeutral,0
survival,survival,s,NarrTurningPointNeutral,0
amidst,amidst,s,DescriptVisualNeutral,0
harsh,harsh,s,ContingentPossibilityNeg,0
conditions,conditions,c,ContingentPossibilityNeg,1
",",",",s,,0
creating,creating,s,DescriptChangeNeutral,0
a,a,s,DescriptChangeNeutral,1
narrative,narrative,s,SpecialTopicsMiscellanyNeutral,0
that,that,s,OtherOrphanedOther,0
celebrates,celebrates,s,PosEmotionsCelebrate,0
resilience,resilience,s,PosActsResilience,0
in,in,s,NegRelConfront,0
the,the,s,NegRelConfront,1
face,face,s,NegRelConfront,2
of,of,s,NegRelConfront,3
exploitation,exploitation,c,NegRelConfront,4
.,.,n,,0
Conclusion,conclusion,c,ReasoningConcludeNeutral,0
:,:,n,,0
While,while,s,NarrDurationNeutral,0
both,both,s,OtherSyntacticComplexityOther,0
written,written,s,NarrOtherNeutral,0
history,history,s,NarrOtherNeutral,1
and,and,s,OtherSyntacticComplexityOther,0
collective,collective,s,StratCoordinationNeutral,0
remembering,remembering,s,StratCoordinationNeutral,1
are,are,s,ForcefulEmphaticNeutral,0
integral,integral,s,ForcefulEmphaticNeutral,1
to,to,s,ForcefulEmphaticNeutral,2
understanding,understanding,s,InquiryLearningNeutral,0
the,the,s,InquiryLearningNeutral,1
history,history,s,InquiryLearningNeutral,2
of,of,s,OtherOrphanedOther,0
indenture,indenture,c,PubLawNeutral,0
",",",",s,,0
they,they,s,OtherOrphanedOther,0
offer,offer,s,NarrActsNeutral,0
complementary,complementary,s,SpecialTopicsMiscellanyNeutral,0
perspectives,perspectives,c,SpecialTopicsMiscellanyNeutral,0
.,.,s,,0
Written,written,s,NarrOtherNeutral,0
history,history,s,NarrOtherNeutral,1
provides,provides,s,FacilitateSponsorNeutral,0
a,a,s,FacilitateSponsorNeutral,1
more,more,s,ExpoComparisonNeutral,0
structured,structured,s,SpecialTopicsMiscellanyNeutral,0
and,and,s,OtherSyntacticComplexityOther,0
formalized,formalized,s,DescriptChangeNeutral,0
account,account,c,SpecialTopicsMiscellanyNeutral,0
",",",",s,,0
while,while,s,NarrDurationNeutral,0
collective,collective,s,StratCoordinationNeutral,0
remembering,remembering,s,StratCoordinationNeutral,1
gives,gives,s,NarrActsNeutral,0
us,us,s,NarrActsNeutral,1
a,a,s,NarrActsNeutral,2
window,window,s,DescriptObjectsNeutral,0
into,into,s,DescriptChangeNeutral,0
the,the,s,DescriptChangeNeutral,1
human,human,s,SpecialTopicsMiscellanyNeutral,0
experience,experience,s,NarrActsNeutral,0
of,of,s,OtherOrphanedOther,0
indenture,indenture,c,PubLawNeutral,0
",",",",s,,0
emphasizing,emphasizing,s,ForcefulEmphaticNeutral,0
emotional,emotional,s,SpecialTopicsMiscellanyNeutral,0
and,and,s,OtherSyntacticComplexityOther,0
cultural,cultural,s,SpecialTopicsMiscellanyNeutral,0
connections,connections,c,SpecialTopicsMiscellanyNeutral,0
.,.,s,,0
Both,both,s,OtherSyntacticComplexityOther,0
forms,forms,s,OtherOrphanedOther,0
are,are,s,ExpoOtherNeutral,0
essential,essential,s,ExpoOtherNeutral,1
in,in,s,OtherOrphanedOther,0
telling,telling,s,UpdatesOtherNeutral,0
the,the,s,OtherOrphanedOther,0
full,full,s,NarrSequenceNeutral,0
story,story,s,NarrSequenceNeutral,1
of,of,s,OtherSyntacticComplexityOther,0
the,the,s,OtherSyntacticComplexityOther,1
indentured,indentured,s,PubLawNeutral,0
experience,experience,s,NarrActsNeutral,0
and,and,s,OtherSyntacticComplexityOther,0
its,its,s,OtherOrphanedOther,0
impact,impact,s,StratCoordinationNeutral,0
on,on,s,StratCoordinationNeutral,1
the,the,s,CharTypesNeutral,0
Indian,indian,s,CharTypesNeutral,1
community,community,s,SpecialTopicsMiscellanyNeutral,0
in,in,s,OtherOrphanedOther,0
Suriname,suriname,s,SpecialTopicsPlaceNeutral,0
and,and,s,OtherSyntacticComplexityOther,0
the,the,s,OtherSyntacticComplexityOther,1
broader,broader,s,ExpoComparisonNeutral,0
diaspora,diaspora,c,SpecialTopicsMiscellanyNeutral,0
.,.,n,,0
The,the,s,OtherOrphanedOther,0
indenture,indenture,s,SpecialTopicsMiscellanyNeutral,0
system,system,s,SpecialTopicsMiscellanyNeutral,1
in,in,s,OtherOrphanedOther,0
Suriname,suriname,s,SpecialTopicsPlaceNeutral,0
not,not,s,ForcefulEmphaticNeutral,0
only,only,s,ForcefulEmphaticNeutral,1
shaped,shaped,s,OtherOrphanedOther,0
the,the,s,OtherOrphanedOther,0
labor,labor,s,SpecialTopicsMiscellanyNeutral,0
dynamics,dynamics,s,ForcefulEnergizedNeutral,0
but,but,s,MetadiscourseContrastNeutral,0
also,also,s,MetadiscourseAdditionNeutral,0
had,had,s,StratCoordinationNeutral,0
a,a,s,StratCoordinationNeutral,1
profound,profound,s,StratCoordinationNeutral,2
impact,impact,s,StratCoordinationNeutral,3
on,on,s,StratCoordinationNeutral,4
the,the,s,OtherOrphanedOther,0
cultural,cultural,s,SpecialTopicsMiscellanyNeutral,0
landscape,landscape,s,DescriptVisualNeutral,0
of,of,s,DescriptVisualNeutral,1
the,the,s,SpecialTopicsPlaceNeutral,0
country,country,c,SpecialTopicsPlaceNeutral,1
",",",",s,,0
particularly,particularly,s,ExpoSpecificationNeutral,0
in,in,s,ExpoSpecificationNeutral,1
the,the,s,OtherOrphanedOther,0
integration,integration,s,SpecialTopicsMiscellanyNeutral,0
of,of,s,OtherOrphanedOther,0
Dutch,dutch,c,CharTypesNeutral,0
",",",",s,,0
Surinamese,surinamese,c,CharTypesNeutral,0
",",",",s,,0
and,and,s,OtherSyntacticComplexityOther,0
Indian,indian,s,SpecialTopicsMiscellanyNeutral,0
cultures,cultures,c,SpecialTopicsMiscellanyNeutral,1
.,.,s,,0
While,while,s,NarrDurationNeutral,0
these,these,s,OtherOrphanedOther,0
cultures,cultures,s,SpecialTopicsMiscellanyNeutral,0
were,were,s,NarrSequenceNeutral,0
initially,initially,s,NarrSequenceNeutral,1
separated,separated,s,DescriptVisualNeutral,0
by,by,s,DescriptVisualNeutral,1
ethnic,ethnic,c,SpecialTopicsMiscellanyNeutral,0
",",",",s,,0
linguistic,linguistic,c,SpecialTopicsMiscellanyNeutral,0
",",",",s,,0
and,and,s,OtherSyntacticComplexityOther,0
religious,religious,s,NegRelDisagreement,0
differences,differences,c,NegRelDisagreement,1
",",",",s,,0
the,the,s,OtherOrphanedOther,0
experiences,experiences,s,NarrActsNeutral,0
of,of,s,OtherOrphanedOther,0
indentured,indentured,s,PubLawNeutral,0
laborers,laborers,c,CharTypesNeutral,0
",",",",s,SpecialTopicsMiscellanyNeutral,0
their,their,s,SpecialTopicsMiscellanyNeutral,1
adaptation,adaptation,s,DescriptChangeNeutral,0
to,to,s,OtherOrphanedOther,0
new,new,s,NarrImmediacyNeutral,0
environments,environments,c,,0
",",",",s,,0
and,and,s,OtherSyntacticComplexityOther,0
the,the,s,OtherSyntacticComplexityOther,1
subsequent,subsequent,s,SpecialTopicsMiscellanyNeutral,0
development,development,s,SpecialTopicsMiscellanyNeutral,1
of,of,s,OtherOrphanedOther,0
multicultural,multicultural,s,SpecialTopicsMiscellanyNeutral,0
societies,societies,s,PubAdministrationNeutral,0
led,led,s,ReasoningOtherNeutral,0
to,to,s,ReasoningOtherNeutral,1
significant,significant,s,ForcefulSignificantNeutral,0
cultural,cultural,s,SpecialTopicsMiscellanyNeutral,0
exchanges,exchanges,s,NarrActsNeutral,0
and,and,s,OtherSyntacticComplexityOther,0
integrations,integrations,c,SpecialTopicsMiscellanyNeutral,0
.,.,n,,0
1,1,c,ExpoOtherNeutral,0
.,.,s,ExpoOtherNeutral,1
Linguistic,linguistic,s,SpecialTopicsMiscellanyNeutral,0
Integration,integration,n,SpecialTopicsMiscellanyNeutral,0
The,the,s,OtherOrphanedOther,0
indentured,indentured,s,PubLawNeutral,0
laborers,laborers,s,CharTypesNeutral,0
from,from,s,OtherOrphanedOther,0
India,india,c,SpecialTopicsPlaceNeutral,0
",",",",s,,0
primarily,primarily,s,ForcefulEmphaticNeutral,0
from,from,s,OtherOrphanedOther,0
the,the,s,OtherOrphanedOther,0
regions,regions,s,DescriptVisualNeutral,0
of,of,s,DescriptVisualNeutral,1
Bihar,bihar,c,,0
",",",",s,,0
Uttar,uttar,s,,0
Pradesh,pradesh,c,,0
",",",",s,,0
and,and,s,OtherSyntacticComplexityOther,0
parts,parts,s,SpecialTopicsMiscellanyNeutral,0
of,of,s,SpecialTopicsMiscellanyNeutral,1
South,south,s,SpecialTopicsPlaceNeutral,0
India,india,c,SpecialTopicsPlaceNeutral,0
",",",",s,,0
brought,brought,s,NarrActsNeutral,0
their,their,s,CharNamesNeutral,0
languages,languages,c,SpecialTopicsMiscellanyNeutral,0
",",",",s,,0
especially,especially,s,ForcefulEmphaticNeutral,0
Hindi,hindi,c,SpecialTopicsMiscellanyNeutral,0
",",",",s,,0
Bhojpuri,bhojpuri,c,,0
",",",",s,,0
and,and,s,OtherSyntacticComplexityOther,0
Tamil,tamil,c,SpecialTopicsMiscellanyNeutral,0
",",",",s,,0
with,with,s,OtherOrphanedOther,0
them,them,c,NarrActsNeutral,0
.,.,s,,0
Over,over,s,NarrOtherNeutral,0
time,time,c,NarrOtherNeutral,1
",",",",s,,0
these,these,s,OtherOrphanedOther,0
languages,languages,c,SpecialTopicsMiscellanyNeutral,0
",",",",s,MetadiscourseContrastNeutral,0
though,though,s,MetadiscourseContrastNeutral,1
not,not,s,NegActsResist,0
always,always,s,NegActsResist,1
preserved,preserved,s,ForcefulEmphaticNeutral,0
in,in,s,ForcefulEmphaticNeutral,1
their,their,s,CharNamesNeutral,0
purest,purest,s,,0
forms,forms,c,OtherOrphanedOther,0
",",",",s,,0
contributed,contributed,s,DescriptChangePos,0
to,to,s,DescriptChangePos,1
the,the,s,OtherOrphanedOther,0
linguistic,linguistic,s,DescriptObjectsNeutral,0
fabric,fabric,s,DescriptObjectsNeutral,1
of,of,s,OtherOrphanedOther,0
Suriname,suriname,c,SpecialTopicsPlaceNeutral,0
.,.,s,MetadiscourseOtherNeutral,0
Here’s,here’s,s,MetadiscourseOtherNeutral,1
how,how,c,MetadiscourseOtherNeutral,2
:,:,n,,0
a,a,c,OtherOrphanedOther,0
.,.,s,OtherOrphanedOther,1
Creole,creole,s,SpecialTopicsMiscellanyNeutral,0
Languages,languages,n,SpecialTopicsMiscellanyNeutral,1
The,the,s,ForcefulEmphaticNeutral,0
most,most,s,ForcefulEmphaticNeutral,1
significant,significant,s,ForcefulEmphaticNeutral,2
linguistic,linguistic,s,SpecialTopicsMiscellanyNeutral,0
integration,integration,s,SpecialTopicsMiscellanyNeutral,0
occurred,occurred,s,ContingentEventNeutral,0
with,with,s,OtherSyntacticComplexityOther,0
the,the,s,OtherSyntacticComplexityOther,1
development,development,s,SpecialTopicsMiscellanyNeutral,0
of,of,s,SpecialTopicsMiscellanyNeutral,1
Sranan,sranan,s,,0
Tongo,tongo,c,,0
",",",",s,,0
a,a,s,OtherOrphanedOther,0
Creole,creole,s,SpecialTopicsMiscellanyNeutral,0
language,language,s,SpecialTopicsMiscellanyNeutral,1
that,that,s,OtherOrphanedOther,0
became,became,s,DescriptChangeNeutral,0
the,the,s,DescriptChangeNeutral,1
lingua,lingua,s,SpecialTopicsMiscellanyNeutral,0
franca,franca,s,SpecialTopicsMiscellanyNeutral,1
of,of,s,OtherOrphanedOther,0
Suriname,suriname,c,SpecialTopicsPlaceNeutral,0
.,.,s,,0
Sranan,sranan,s,,0
Tongo,tongo,s,,0
was,was,s,NarrOtherNeutral,0
influenced,influenced,s,StratCoordinationNeutral,0
not,not,s,ForcefulEmphaticNeutral,0
only,only,s,ForcefulEmphaticNeutral,1
by,by,s,OtherOrphanedOther,0
Dutch,dutch,s,CharTypesNeutral,0
(,(,c,OtherOrphanedOther,0
the,the,s,OtherOrphanedOther,0
language,language,s,SpecialTopicsMiscellanyNeutral,0
of,of,s,OtherOrphanedOther,0
colonial,colonial,s,SpecialTopicsMiscellanyNeutral,0
authorities,authorities,c,PubAdministrationNeutral,0
),),s,OtherOrphanedOther,0
but,but,s,MetadiscourseContrastNeutral,0
also,also,s,MetadiscourseAdditionNeutral,0
by,by,s,OtherOrphanedOther,0
various,various,s,SpecialTopicsMiscellanyNeutral,0
African,african,s,CharTypesNeutral,0
languages,languages,s,SpecialTopicsMiscellanyNeutral,0
and,and,s,OtherSyntacticComplexityOther,0
Indian,indian,s,CharTypesNeutral,0
languages,languages,s,SpecialTopicsMiscellanyNeutral,0
(,(,c,OtherOrphanedOther,0
such,such,s,ExpoExampleNeutral,0
as,as,s,ExpoExampleNeutral,1
Hindi,hindi,s,SpecialTopicsMiscellanyNeutral,0
and,and,s,OtherSyntacticComplexityOther,0
Bhojpuri,bhojpuri,c,,0
),),c,OtherOrphanedOther,0
.,.,n,,0
For,for,s,ExpoExampleNeutral,0
example,example,c,ExpoExampleNeutral,1
",",",",s,ExpoExampleNeutral,2
many,many,s,ExpoOtherNeutral,0
words,words,s,SpecialTopicsMiscellanyNeutral,0
related,related,s,ExpoComparisonNeutral,0
to,to,s,ExpoComparisonNeutral,1
daily,daily,s,NarrDurationNeutral,0
life,life,c,NarrBiographyNeutral,0
",",",",s,,0
labor,labor,c,SpecialTopicsMiscellanyNeutral,0
",",",",s,,0
and,and,s,OtherSyntacticComplexityOther,0
food,food,s,DescriptObjectsNeutral,0
in,in,s,OtherOrphanedOther,0
Sranan,sranan,s,,0
Tongo,tongo,s,,0
have,have,s,NarrActsNeutral,0
Indian,indian,s,CharTypesNeutral,0
origins,origins,c,NarrSequenceNeutral,0
",",",",s,ExpoExampleNeutral,0
such,such,s,ExpoExampleNeutral,1
as,as,s,ExpoExampleNeutral,2
“,",c,,0
dosti,dosti,c,,0
”,",s,,0
(,(,c,OtherOrphanedOther,0
friendship,friendship,c,PosRelFriend,0
),),s,OtherOrphanedOther,0
from,from,s,OtherOrphanedOther,0
Hindi,hindi,c,SpecialTopicsMiscellanyNeutral,0
",",",",s,,0
or,or,s,OtherSyntacticComplexityOther,0
“,",c,,0
pan,pan,c,SpecialTopicsMiscellanyNeutral,0
”,",s,,0
(,(,c,OtherOrphanedOther,0
bread,bread,c,DescriptObjectsNeutral,0
),),c,OtherOrphanedOther,0
",",",",s,,0
reflecting,reflecting,s,OtherOrphanedOther,0
the,the,s,OtherOrphanedOther,1
cultural,cultural,s,SpecialTopicsMiscellanyNeutral,0
blending,blending,s,SpecialTopicsMiscellanyNeutral,1
that,that,s,OtherOrphanedOther,0
took,took,s,ContingentEventNeutral,0
place,place,c,ContingentEventNeutral,1
.,.,n,,0
Bhojpuri,bhojpuri,s,,0
and,and,s,OtherSyntacticComplexityOther,0
Hindi,hindi,s,SpecialTopicsMiscellanyNeutral,0
also,also,s,MetadiscourseAdditionNeutral,0
persisted,persisted,s,CharTraitsNeutral,0
in,in,s,CharTraitsNeutral,1
the,the,s,OtherOrphanedOther,0
Indo-Surinamese,indo-surinamese,s,,0
communities,communities,c,SpecialTopicsMiscellanyNeutral,0
",",",",s,,0
particularly,particularly,s,ExpoSpecificationNeutral,0
in,in,s,ExpoSpecificationNeutral,1
religious,religious,s,CharTraitsNeutral,0
and,and,s,OtherSyntacticComplexityOther,0
cultural,cultural,s,SpecialTopicsMiscellanyNeutral,0
expressions,expressions,c,DescriptVisualNeutral,0
",",",",s,,0
and,and,s,ForcefulEmphaticNeutral,0
even,even,s,ForcefulEmphaticNeutral,1
influenced,influenced,s,StratCoordinationNeutral,0
Dutch,dutch,s,CharTypesNeutral,0
and,and,s,OtherSyntacticComplexityOther,0
Surinamese,surinamese,s,CharTypesNeutral,0
Creole,creole,s,SpecialTopicsMiscellanyNeutral,0
to,to,s,OtherSyntacticComplexityOther,0
an,an,s,OtherSyntacticComplexityOther,1
extent,extent,c,OtherSyntacticComplexityOther,2
.,.,n,,0
b,b,c,OtherOrphanedOther,0
.,.,s,OtherOrphanedOther,1
Dutch,dutch,s,CharTypesNeutral,0
Language,language,s,SpecialTopicsMiscellanyNeutral,0
Influence,influence,n,StratCoordinationNeutral,0
Dutch,dutch,c,CharTypesNeutral,0
",",",",s,,0
as,as,s,OtherOrphanedOther,0
the,the,s,OtherOrphanedOther,1
colonial,colonial,s,SpecialTopicsMiscellanyNeutral,0
language,language,c,SpecialTopicsMiscellanyNeutral,0
",",",",s,,0
remained,remained,s,NarrDurationNeutral,0
dominant,dominant,s,StratCompetitionNeutral,0
in,in,s,OtherOrphanedOther,0
official,official,s,PubAdministrationNeutral,0
settings,settings,c,ContingentEventNeutral,0
",",",",s,,0
administration,administration,c,PubAdministrationNeutral,0
",",",",s,,0
and,and,s,OtherSyntacticComplexityOther,0
trade,trade,c,SpecialTopicsMiscellanyNeutral,0
.,.,s,,0
The,the,s,OtherOrphanedOther,0
ongoing,ongoing,s,SpecialTopicsMiscellanyNeutral,0
presence,presence,s,SpecialTopicsMiscellanyNeutral,1
of,of,s,OtherOrphanedOther,0
Dutch,dutch,s,CharTypesNeutral,0
speakers,speakers,s,SpecialTopicsMiscellanyNeutral,0
in,in,s,OtherOrphanedOther,0
Suriname,suriname,s,SpecialTopicsPlaceNeutral,0
led,led,s,ReasoningOtherNeutral,0
to,to,s,ReasoningOtherNeutral,1
the,the,s,ReasoningOtherNeutral,2
gradual,gradual,s,FutureOtherNeutral,0
assimilation,assimilation,s,DescriptChangeNeutral,0
of,of,s,OtherOrphanedOther,0
many,many,s,ExpoOtherNeutral,0
Indian,indian,s,CharTypesNeutral,0
people,people,s,CharTypesNeutral,0
into,into,s,DescriptChangeNeutral,0
the,the,s,DescriptChangeNeutral,1
Dutch-speaking,dutch-speaking,s,,0
upper,upper,s,CharTypesNeutral,0
classes,classes,c,CharTypesNeutral,1
.,.,n,,0
Over,over,s,NarrOtherNeutral,0
time,time,c,NarrOtherNeutral,1
",",",",s,,0
the,the,s,CharTypesNeutral,0
children,children,s,CharTypesNeutral,1
of,of,s,OtherOrphanedOther,0
Indian,indian,s,CharTypesNeutral,0
laborers,laborers,s,CharTypesNeutral,0
learned,learned,s,InquiryLearningNeutral,0
Dutch,dutch,s,CharTypesNeutral,0
in,in,s,OtherOrphanedOther,0
schools,schools,s,SpecialTopicsMiscellanyNeutral,0
and,and,s,OtherSyntacticComplexityOther,0
often,often,s,NarrDurationNeutral,0
became,became,s,DescriptChangeNeutral,0
bilingual,bilingual,c,SpecialTopicsMiscellanyNeutral,0
",",",",s,,0
leading,leading,s,ReasoningOtherNeutral,0
to,to,s,ReasoningOtherNeutral,1
cultural,cultural,s,SpecialTopicsMiscellanyNeutral,0
intermingling,intermingling,s,DescriptVisualNeutral,0
where,where,s,OtherOrphanedOther,0
Dutch,dutch,s,CharTypesNeutral,0
language,language,s,SpecialTopicsMiscellanyNeutral,0
and,and,s,OtherSyntacticComplexityOther,0
Indian,indian,s,CharTypesNeutral,0
languages,languages,s,SpecialTopicsMiscellanyNeutral,0
coexisted,coexisted,s,OtherOrphanedOther,0
and,and,s,OtherSyntacticComplexityOther,0
were,were,s,NarrOtherNeutral,0
integrated,integrated,s,DescriptChangeNeutral,0
into,into,s,DescriptChangeNeutral,1
everyday,everyday,s,OtherOrphanedGenericActivity,0
life,life,c,OtherOrphanedGenericActivity,1
.,.,n,,0
2,2,c,ExpoOtherNeutral,0
.,.,s,ExpoOtherNeutral,1
Religious,religious,s,CharTraitsNeutral,0
and,and,s,OtherSyntacticComplexityOther,0
Spiritual,spiritual,s,SpecialTopicsMiscellanyNeutral,0
Fusion,fusion,n,SpecialTopicsMiscellanyNeutral,0
Religious,religious,s,CharTraitsNeutral,0
practices,practices,s,OtherOrphanedGenericActivity,0
and,and,s,OtherSyntacticComplexityOther,0
beliefs,beliefs,s,CharSubjectivityNeutral,0
brought,brought,s,DescriptChangeNeutral,0
to,to,s,DescriptChangeNeutral,1
Suriname,suriname,s,SpecialTopicsPlaceNeutral,0
by,by,s,OtherOrphanedOther,0
the,the,s,CharTypesNeutral,0
Indian,indian,s,CharTypesNeutral,1
indentured,indentured,s,PubLawNeutral,0
laborers,laborers,s,CharTypesNeutral,0
became,became,s,ForcefulEmphaticNeutral,0
important,important,s,ForcefulEmphaticNeutral,1
vehicles,vehicles,s,DescriptObjectsNeutral,0
for,for,s,OtherOrphanedOther,0
cultural,cultural,s,SpecialTopicsMiscellanyNeutral,0
integration,integration,s,SpecialTopicsMiscellanyNeutral,0
with,with,s,OtherSyntacticComplexityOther,0
the,the,s,OtherSyntacticComplexityOther,1
Dutch,dutch,s,CharTypesNeutral,0
and,and,s,OtherSyntacticComplexityOther,0
Afro-Surinamese,afro-surinamese,s,,0
populations,populations,c,PubAdministrationNeutral,0
.,.,n,,0
a,a,c,OtherOrphanedOther,0
.,.,s,OtherOrphanedOther,1
Hinduism,hinduism,c,SpecialTopicsMiscellanyNeutral,0
",",",",s,,0
Islam,islam,c,SpecialTopicsMiscellanyNeutral,0
",",",",s,,0
and,and,s,OtherSyntacticComplexityOther,0
Christianity,christianity,n,SpecialTopicsMiscellanyNeutral,0
Hinduism,hinduism,s,SpecialTopicsMiscellanyNeutral,0
and,and,s,OtherSyntacticComplexityOther,0
Islam,islam,c,SpecialTopicsMiscellanyNeutral,0
",",",",s,,0
the,the,s,OtherOrphanedOther,0
two,two,s,ExpoOtherNeutral,0
predominant,predominant,s,StratCompetitionNeutral,0
religions,religions,s,SpecialTopicsMiscellanyNeutral,0
of,of,s,OtherSyntacticComplexityOther,0
the,the,s,OtherSyntacticComplexityOther,1
Indian,indian,s,PubLawNeutral,0
indentured,indentured,s,PubLawNeutral,1
laborers,laborers,c,CharTypesNeutral,0
",",",",s,,0
began,began,s,NarrSequenceNeutral,0
to,to,s,NarrSequenceNeutral,1
establish,establish,s,,0
temples,temples,s,DescriptVisualNeutral,0
and,and,s,OtherSyntacticComplexityOther,0
mosques,mosques,s,DescriptVisualNeutral,0
in,in,s,OtherOrphanedOther,0
Suriname,suriname,c,SpecialTopicsPlaceNeutral,0
.,.,s,,0
These,these,s,OtherOrphanedOther,0
institutions,institutions,s,PubAdministrationNeutral,0
not,not,s,ForcefulEmphaticNeutral,0
only,only,s,ForcefulEmphaticNeutral,1
helped,helped,s,FacilitateHelpPos,0
preserve,preserve,s,FacilitateHelpPos,1
the,the,s,PubAdministrationNeutral,0
faiths,faiths,s,PubAdministrationNeutral,1
but,but,s,MetadiscourseContrastNeutral,0
also,also,s,MetadiscourseAdditionNeutral,0
became,became,s,DescriptChangeNeutral,0
focal,focal,s,SpecialTopicsMiscellanyNeutral,0
points,points,s,SpecialTopicsMiscellanyNeutral,1
for,for,s,OtherOrphanedOther,0
cultural,cultural,s,SpecialTopicsMiscellanyNeutral,0
exchange,exchange,c,NarrActsNeutral,0
.,.,n,,0
Over,over,s,NarrOtherNeutral,0
time,time,c,NarrOtherNeutral,1
",",",",s,,0
the,the,s,DescriptVisualNeutral,0
presence,presence,s,DescriptVisualNeutral,1
of,of,s,DescriptVisualNeutral,2
Christianity,christianity,s,SpecialTopicsMiscellanyNeutral,0
(,(,c,OtherOrphanedOther,0
which,which,s,OtherSyntacticComplexityOther,0
had,had,s,NarrOtherNeutral,0
been,been,s,NarrOtherNeutral,1
introduced,introduced,s,MetadiscourseOtherNeutral,0
earlier,earlier,s,NarrSequenceNeutral,0
by,by,s,OtherOrphanedOther,0
the,the,s,OtherOrphanedOther,0
Dutch,dutch,c,CharTypesNeutral,0
),),s,OtherOrphanedOther,0
and,and,s,OtherSyntacticComplexityOther,0
the,the,s,OtherSyntacticComplexityOther,1
African,african,s,NarrOtherNeutral,0
traditional,traditional,s,NarrOtherNeutral,1
religions,religions,s,SpecialTopicsMiscellanyNeutral,0
(,(,c,OtherOrphanedOther,0
practiced,practiced,s,OtherOrphanedGenericActivity,0
by,by,s,OtherOrphanedOther,0
Afro-Surinamese,afro-surinamese,c,,0
),),s,OtherOrphanedOther,0
added,added,s,MetadiscourseAdditionNeutral,0
to,to,s,MetadiscourseAdditionNeutral,1
a,a,s,MetadiscourseAdditionNeutral,2
complex,complex,s,SpecialTopicsMiscellanyNeutral,0
religious,religious,s,CharTraitsNeutral,0
landscape,landscape,c,DescriptVisualNeutral,0
.,.,n,,0
Religious,religious,s,CharTraitsNeutral,0
syncretism,syncretism,s,PubPoliticsNeutral,0
took,took,s,DescriptVisualNeutral,0
place,place,s,DescriptVisualNeutral,1
in,in,s,DescriptVisualNeutral,2
various,various,s,SpecialTopicsMiscellanyNeutral,0
forms,forms,c,OtherOrphanedOther,0
",",",",s,,0
with,with,s,OtherOrphanedOther,0
some,some,s,ExpoOtherNeutral,0
rituals,rituals,s,PubAdministrationNeutral,0
and,and,s,OtherSyntacticComplexityOther,0
practices,practices,s,SpecialTopicsMiscellanyNeutral,0
blending,blending,s,SpecialTopicsMiscellanyNeutral,1
African,african,c,CharTypesNeutral,0
",",",",s,,0
Indian,indian,c,CharTypesNeutral,0
",",",",s,,0
and,and,s,OtherSyntacticComplexityOther,0
Christian,christian,s,NarrOtherNeutral,0
traditions,traditions,c,NarrOtherNeutral,1
.,.,s,,0
For,for,s,ExpoExampleNeutral,0
instance,instance,c,ExpoExampleNeutral,1
",",",",s,ExpoExampleNeutral,2
certain,certain,s,OtherOrphanedOther,0
Hindu,hindu,s,SpecialTopicsMiscellanyNeutral,0
festivals,festivals,s,PosEmotionsFestive,0
were,were,s,NarrOtherNeutral,0
celebrated,celebrated,s,PosEmotionsCelebrate,0
with,with,s,OtherSyntacticComplexityOther,0
a,a,s,OtherSyntacticComplexityOther,1
distinctly,distinctly,s,ConfidenceHighNeutral,0
Surinamese,surinamese,s,CharTypesNeutral,0
flair,flair,c,ForcefulEnergizedPos,0
",",",",s,,0
blending,blending,s,SpecialTopicsMiscellanyNeutral,0
Indian,indian,s,CharTypesNeutral,0
customs,customs,s,PubAdministrationNeutral,0
with,with,s,OtherOrphanedOther,0
local,local,s,ExpoOtherNeutral,0
practices,practices,s,ExpoOtherNeutral,1
and,and,s,OtherSyntacticComplexityOther,0
rhythms,rhythms,c,DescriptSoundNeutral,0
.,.,n,,0
In,in,s,OtherOrphanedOther,0
Afro-Surinamese,afro-surinamese,s,,0
communities,communities,c,SpecialTopicsMiscellanyNeutral,0
",",",",s,,0
there,there,s,NarrOtherNeutral,0
were,were,s,NarrOtherNeutral,1
instances,instances,s,ExpoExampleNeutral,0
of,of,s,ExpoExampleNeutral,1
shared,shared,s,OtherOrphanedOther,0
religious,religious,s,CharTraitsNeutral,0
spaces,spaces,s,SpecialTopicsMiscellanyNeutral,0
for,for,s,OtherOrphanedOther,0
different,different,s,ExpoComparisonNeutral,0
ethnic,ethnic,s,SpecialTopicsMiscellanyNeutral,0
groups,groups,c,SpecialTopicsMiscellanyNeutral,0
",",",",s,,0
and,and,s,OtherSyntacticComplexityOther,0
shared,shared,s,OtherOrphanedOther,0
festivals,festivals,s,PosEmotionsFestive,0
or,or,s,OtherSyntacticComplexityOther,0
hybrid,hybrid,s,SpecialTopicsMiscellanyNeutral,0
practices,practices,s,OtherOrphanedGenericActivity,0
emerged,emerged,c,ContingentEventNeutral,0
",",",",s,,0
leading,leading,s,ReasoningOtherNeutral,0
to,to,s,ReasoningOtherNeutral,1
a,a,s,ReasoningOtherNeutral,2
cross-cultural,cross-cultural,s,SpecialTopicsMiscellanyNeutral,0
religious,religious,s,CharTraitsNeutral,0
experience,experience,c,NarrActsNeutral,0
.,.,n,,0
b,b,c,OtherOrphanedOther,0
.,.,s,OtherOrphanedOther,1
Shared,shared,s,OtherOrphanedOther,0
Festivals,festivals,s,PosEmotionsFestive,0
and,and,s,OtherSyntacticComplexityOther,0
Celebrations,celebrations,n,PosRelSocial,0
Festivals,festivals,s,PosEmotionsFestive,0
like,like,s,OtherOrphanedOther,0
Holi,holi,c,,0
",",",",s,,0
Diwali,diwali,c,,0
",",",",s,,0
and,and,s,OtherSyntacticComplexityOther,0
Id-ul-Fitr,id-ul-fitr,s,,0
became,became,s,DescriptChangeNeutral,0
increasingly,increasingly,s,InquiryCuriosityPos,0
important,important,s,InquiryCuriosityPos,1
for,for,s,OtherOrphanedOther,0
the,the,s,OtherOrphanedOther,0
Indo-Surinamese,indo-surinamese,s,,0
community,community,c,SpecialTopicsMiscellanyNeutral,0
",",",",s,,0
while,while,s,NarrDurationNeutral,0
some,some,s,ExpoOtherNeutral,0
practices,practices,c,OtherOrphanedGenericActivity,0
",",",",s,ExpoExampleNeutral,0
such,such,s,ExpoExampleNeutral,1
as,as,s,ExpoExampleNeutral,2
Christmas,christmas,s,SpecialTopicsMiscellanyNeutral,0
and,and,s,OtherSyntacticComplexityOther,0
Easter,easter,c,CharNamesNeutral,0
",",",",s,,0
gained,gained,s,DescriptChangePos,0
popularity,popularity,s,DescriptChangePos,1
in,in,s,OtherOrphanedOther,0
the,the,s,OtherOrphanedOther,0
broader,broader,s,ExpoComparisonNeutral,0
population,population,s,PubAdministrationNeutral,0
due,due,s,ReasoningOtherNeutral,0
to,to,s,ReasoningOtherNeutral,1
Dutch,dutch,s,CharTypesNeutral,0
influence,influence,c,StratCoordinationNeutral,0
.,.,n,ForcefulEmphaticNeutral,0
Even,even,s,ForcefulEmphaticNeutral,1
in,in,s,OtherOrphanedOther,0
Suriname's,suriname's,s,,0
Creole,creole,s,SpecialTopicsMiscellanyNeutral,0
communities,communities,c,SpecialTopicsMiscellanyNeutral,1
",",",",s,,0
Indian,indian,s,CharTypesNeutral,0
festivals,festivals,s,PosEmotionsFestive,0
began,began,s,NarrSequenceNeutral,0
to,to,s,NarrSequenceNeutral,1
be,be,s,NarrSequenceNeutral,2
celebrated,celebrated,c,PosEmotionsCelebrate,0
",",",",s,,0
albeit,albeit,s,NegActsResist,0
in,in,s,OtherOrphanedOther,0
modified,modified,s,DescriptChangeNeutral,0
forms,forms,c,OtherOrphanedOther,0
",",",",s,,0
incorporating,incorporating,s,OtherOrphanedOther,0
local,local,s,SpecialTopicsPlaceNeutral,0
Surinamese,surinamese,s,CharTypesNeutral,0
elements,elements,c,,0
.,.,n,,0
3,3,c,ExpoOtherNeutral,0
.,.,s,ExpoOtherNeutral,1
Cuisine,cuisine,c,DescriptObjectsNeutral,0
:,:,s,,0
The,the,s,OtherOrphanedOther,0
Fusion,fusion,s,SpecialTopicsMiscellanyNeutral,0
of,of,s,OtherOrphanedOther,0
Indian,indian,c,CharTypesNeutral,0
",",",",s,,0
Surinamese,surinamese,c,CharTypesNeutral,0
",",",",s,,0
and,and,s,OtherSyntacticComplexityOther,0
Dutch,dutch,s,DescriptTasteNeutral,0
Flavors,flavors,n,DescriptTasteNeutral,1
The,the,s,OtherOrphanedGenericActivity,0
food,food,s,OtherOrphanedGenericActivity,1
culture,culture,s,SpecialTopicsMiscellanyNeutral,0
in,in,s,OtherOrphanedOther,0
Suriname,suriname,s,SpecialTopicsPlaceNeutral,0
became,became,s,DescriptChangeNeutral,0
an,an,s,DescriptChangeNeutral,1
important,important,s,ForcefulSignificantNeutral,0
area,area,s,SpecialTopicsMiscellanyNeutral,0
of,of,s,OtherOrphanedOther,0
cultural,cultural,s,SpecialTopicsMiscellanyNeutral,0
exchange,exchange,s,NarrActsNeutral,0
and,and,s,OtherSyntacticComplexityOther,0
fusion,fusion,s,SpecialTopicsMiscellanyNeutral,0
as,as,s,OtherOrphanedOther,0
the,the,s,OtherOrphanedOther,1
various,various,s,SpecialTopicsMiscellanyNeutral,0
ethnic,ethnic,s,SpecialTopicsMiscellanyNeutral,0
groups,groups,s,SpecialTopicsMiscellanyNeutral,0
interacted,interacted,c,OtherOrphanedOther,0
.,.,n,,0
a,a,c,OtherOrphanedOther,0
.,.,s,OtherOrphanedOther,1
Indian,indian,s,CharTypesNeutral,0
Influence,influence,n,CharTraitsNeutral,0
The,the,s,CharTraitsNeutral,1
introduction,introduction,s,NarrSequenceNeutral,0
of,of,s,OtherOrphanedOther,0
Indian,indian,s,DescriptObjectsNeutral,0
spices,spices,c,DescriptObjectsNeutral,1
",",",",s,,0
vegetables,vegetables,c,DescriptObjectsNeutral,0
",",",",s,,0
and,and,s,OtherSyntacticComplexityOther,0
cooking,cooking,s,ExpoOtherNeutral,0
methods,methods,s,ExpoOtherNeutral,1
transformed,transformed,s,DescriptChangeNeutral,0
Surinamese,surinamese,s,CharTypesNeutral,0
cuisine,cuisine,c,DescriptObjectsNeutral,0
.,.,s,,0
Dishes,dishes,s,DescriptObjectsNeutral,0
such,such,s,ExpoExampleNeutral,0
as,as,s,ExpoExampleNeutral,1
roti,roti,c,DescriptObjectsNeutral,0
",",",",s,,0
samosas,samosas,c,DescriptObjectsNeutral,0
",",",",s,,0
dal,dal,c,DescriptObjectsNeutral,0
",",",",s,,0
curries,curries,c,DescriptObjectsNeutral,0
",",",",s,,0
and,and,s,OtherSyntacticComplexityOther,0
chutneys,chutneys,s,DescriptObjectsNeutral,0
became,became,s,DescriptChangeNeutral,0
staples,staples,s,DescriptObjectsNeutral,0
in,in,s,OtherOrphanedOther,0
Surinamese,surinamese,s,CharTypesNeutral,0
kitchens,kitchens,c,DescriptObjectsNeutral,0
",",",",s,,0
both,both,s,OtherSyntacticComplexityOther,0
within,within,s,OtherOrphanedOther,0
the,the,s,CharTypesNeutral,0
Indian,indian,s,CharTypesNeutral,1
community,community,s,SpecialTopicsMiscellanyNeutral,0
and,and,s,OtherSyntacticComplexityOther,0
beyond,beyond,c,OtherOrphanedOther,0
.,.,n,,0
The,the,s,OtherOrphanedGenericActivity,0
practice,practice,s,OtherOrphanedGenericActivity,1
of,of,s,OtherOrphanedGenericActivity,2
cooking,cooking,s,OtherOrphanedOther,0
with,with,s,OtherOrphanedOther,0
spices,spices,s,DescriptObjectsNeutral,0
and,and,s,OtherSyntacticComplexityOther,0
herbs,herbs,s,DescriptObjectsNeutral,0
also,also,s,MetadiscourseAdditionNeutral,0
blended,blended,s,SpecialTopicsMiscellanyNeutral,0
with,with,s,OtherOrphanedOther,0
African,african,s,CharTypesNeutral,0
and,and,s,OtherSyntacticComplexityOther,0
Dutch,dutch,s,CharTypesNeutral,0
culinary,culinary,s,NarrOtherNeutral,0
traditions,traditions,c,NarrOtherNeutral,1
",",",",s,,0
creating,creating,s,DescriptChangeNeutral,0
distinct,distinct,s,ExpoComparisonNeutral,0
Surinamese,surinamese,s,CharTypesNeutral,0
dishes,dishes,s,DescriptObjectsNeutral,0
that,that,s,OtherOrphanedOther,0
were,were,s,NarrOtherNeutral,0
influenced,influenced,s,NarrBiographyNeutral,0
by,by,s,NarrBiographyNeutral,1
Indian,indian,s,CharTypesNeutral,0
cuisine,cuisine,c,DescriptObjectsNeutral,0
",",",",s,ExpoExampleNeutral,0
such,such,s,ExpoExampleNeutral,1
as,as,s,ExpoExampleNeutral,2
“,",c,,0
Saoto,saoto,s,,0
soup,soup,c,DescriptObjectsNeutral,0
”,",s,,0
(,(,c,OtherOrphanedOther,0
a,a,s,DescriptObjectsNeutral,0
soup,soup,s,DescriptObjectsNeutral,1
with,with,s,OtherSyntacticComplexityOther,0
an,an,s,OtherSyntacticComplexityOther,1
Indonesian,indonesian,c,CharTypesNeutral,0
",",",",s,,0
Javanese,javanese,c,SpecialTopicsPlaceNeutral,0
",",",",s,,0
and,and,s,OtherSyntacticComplexityOther,0
Indian,indian,s,CharTypesNeutral,0
fusion,fusion,c,SpecialTopicsMiscellanyNeutral,0
),),s,OtherOrphanedOther,0
and,and,s,OtherSyntacticComplexityOther,0
“,",c,,0
Nasi,nasi,s,DescriptObjectsNeutral,0
Goreng,goreng,c,DescriptObjectsNeutral,1
”,",s,,0
(,(,c,OtherOrphanedOther,0
rice,rice,s,DescriptObjectsNeutral,0
fried,fried,s,DescriptVisualNeutral,0
with,with,s,DescriptVisualNeutral,1
Indian,indian,s,CharTypesNeutral,0
and,and,s,OtherSyntacticComplexityOther,0
Javanese,javanese,s,DescriptTasteNeutral,0
flavors,flavors,c,DescriptTasteNeutral,1
),),c,OtherOrphanedOther,0
.,.,n,,0
b,b,c,OtherOrphanedOther,0
.,.,s,OtherOrphanedOther,1
Dutch,dutch,s,CharTypesNeutral,0
Influence,influence,n,CharTraitsNeutral,0
The,the,s,CharTraitsNeutral,1
Dutch,dutch,s,CharTypesNeutral,0
colonists,colonists,s,CharTypesNeutral,0
introduced,introduced,s,MetadiscourseOtherNeutral,0
a,a,s,MetadiscourseOtherNeutral,1
range,range,s,SpecialTopicsMiscellanyNeutral,0
of,of,s,SpecialTopicsMiscellanyNeutral,1
European,european,s,SpecialTopicsPlaceNeutral,0
ingredients,ingredients,c,DescriptObjectsNeutral,0
",",",",s,,0
cooking,cooking,s,OtherOrphanedOther,0
styles,styles,c,SpecialTopicsMiscellanyNeutral,0
",",",",s,,0
and,and,s,OtherSyntacticComplexityOther,0
bakery,bakery,s,DescriptObjectsNeutral,0
goods,goods,s,DescriptObjectsNeutral,1
that,that,s,OtherOrphanedOther,0
blended,blended,s,SpecialTopicsMiscellanyNeutral,0
with,with,s,OtherOrphanedOther,0
Indian,indian,s,CharTypesNeutral,0
and,and,s,OtherSyntacticComplexityOther,0
African,african,s,CharTypesNeutral,0
methods,methods,s,ExpoOtherNeutral,0
of,of,s,ExpoOtherNeutral,1
cooking,cooking,c,OtherOrphanedOther,0
.,.,s,,0
Surinamese,surinamese,s,CharTypesNeutral,0
pastries,pastries,c,DescriptObjectsNeutral,0
",",",",s,,0
cakes,cakes,c,DescriptObjectsNeutral,0
",",",",s,,0
and,and,s,OtherSyntacticComplexityOther,0
breads,breads,s,DescriptObjectsNeutral,0
reflect,reflect,s,OtherOrphanedOther,0
a,a,s,OtherOrphanedOther,1
European,european,s,SpecialTopicsPlaceNeutral,0
influence,influence,c,StratCoordinationNeutral,0
",",",",s,NegActsResist,0
yet,yet,s,NegActsResist,1
are,are,s,NarrDurationNeutral,0
often,often,s,NarrDurationNeutral,1
prepared,prepared,s,FutureAnticipateNeutral,0
using,using,s,NarrActsNeutral,0
locally,locally,s,SpecialTopicsPlaceNeutral,0
sourced,sourced,s,OtherOrphanedOther,0
Indian,indian,s,CharTypesNeutral,0
ingredients,ingredients,c,DescriptObjectsNeutral,0
",",",",s,ExpoExampleNeutral,0
such,such,s,ExpoExampleNeutral,1
as,as,s,ExpoExampleNeutral,2
cassava,cassava,s,DescriptObjectsNeutral,0
and,and,s,OtherSyntacticComplexityOther,0
plantain,plantain,c,DescriptObjectsNeutral,0
.,.,n,,0
4,4,c,ExpoOtherNeutral,0
.,.,s,ExpoOtherNeutral,1
Social,social,s,,0
and,and,s,OtherSyntacticComplexityOther,0
Cultural,cultural,s,PubAdministrationNeutral,0
Institutions,institutions,n,PubAdministrationNeutral,1
The,the,s,PubAdministrationNeutral,0
establishment,establishment,s,PubAdministrationNeutral,1
of,of,s,OtherOrphanedOther,0
cultural,cultural,s,PubAdministrationNeutral,0
institutions,institutions,s,PubAdministrationNeutral,1
created,created,s,DescriptChangeNeutral,0
spaces,spaces,s,SpecialTopicsMiscellanyNeutral,0
for,for,s,OtherOrphanedOther,0
intercultural,intercultural,s,SpecialTopicsMiscellanyNeutral,0
exchange,exchange,s,NarrActsNeutral,0
between,between,s,OtherOrphanedOther,0
the,the,s,CharTypesNeutral,0
Indian,indian,c,CharTypesNeutral,1
",",",",s,,0
Dutch,dutch,c,CharTypesNeutral,0
",",",",s,,0
and,and,s,OtherSyntacticComplexityOther,0
Afro-Surinamese,afro-surinamese,s,,0
communities,communities,c,SpecialTopicsMiscellanyNeutral,0
.,.,n,,0
a,a,c,OtherOrphanedOther,0
.,.,s,OtherOrphanedOther,1
Schools,schools,s,SpecialTopicsMiscellanyNeutral,0
and,and,s,OtherSyntacticComplexityOther,0
Cultural,cultural,s,SpecialTopicsMiscellanyNeutral,0
Centers,centers,n,SpecialTopicsMiscellanyNeutral,1
Indian-dominated,indian-dominated,s,StratCompetitionNeutral,0
schools,schools,s,SpecialTopicsMiscellanyNeutral,0
began,began,s,NarrSequenceNeutral,0
to,to,s,NarrSequenceNeutral,1
be,be,s,NarrSequenceNeutral,2
established,established,s,PubAdministrationNeutral,0
in,in,s,OtherOrphanedOther,0
Suriname,suriname,c,SpecialTopicsPlaceNeutral,0
",",",",s,,0
where,where,s,OtherOrphanedOther,0
children,children,s,InquiryLearningNeutral,0
learned,learned,s,InquiryLearningNeutral,1
not,not,s,ForcefulEmphaticNeutral,0
only,only,s,ForcefulEmphaticNeutral,1
Indian,indian,s,CharTypesNeutral,0
languages,languages,c,SpecialTopicsMiscellanyNeutral,0
",",",",s,,0
traditions,traditions,c,NarrOtherNeutral,0
",",",",s,,0
and,and,s,OtherSyntacticComplexityOther,0
religious,religious,s,CharTraitsNeutral,0
practices,practices,c,OtherOrphanedGenericActivity,0
",",",",s,MetadiscourseOtherNeutral,0
but,but,s,MetadiscourseOtherNeutral,1
also,also,s,MetadiscourseOtherNeutral,2
Dutch,dutch,s,CharTypesNeutral,0
language,language,s,SpecialTopicsMiscellanyNeutral,0
and,and,s,OtherSyntacticComplexityOther,0
culture,culture,c,SpecialTopicsMiscellanyNeutral,0
.,.,n,,0
These,these,s,OtherOrphanedOther,0
schools,schools,s,SpecialTopicsMiscellanyNeutral,0
played,played,s,ForcefulSignificantNeutral,0
a,a,s,ForcefulSignificantNeutral,1
significant,significant,s,ForcefulSignificantNeutral,2
role,role,s,ForcefulSignificantNeutral,3
in,in,s,ForcefulSignificantNeutral,4
integrating,integrating,s,StratCoordinationNeutral,0
the,the,s,StratCoordinationNeutral,1
younger,younger,s,SpecialTopicsMiscellanyNeutral,0
generation,generation,s,SpecialTopicsMiscellanyNeutral,1
into,into,s,OtherOrphanedOther,0
Surinamese,surinamese,s,CharTypesNeutral,0
society,society,c,PubAdministrationNeutral,0
",",",",s,,0
blending,blending,s,SpecialTopicsMiscellanyNeutral,0
Indian,indian,s,CharTypesNeutral,0
heritage,heritage,s,NarrOtherNeutral,0
with,with,s,OtherOrphanedOther,0
Dutch,dutch,s,CharTypesNeutral,0
educational,educational,s,SpecialTopicsMiscellanyNeutral,0
standards,standards,c,SpecialTopicsMiscellanyNeutral,0
.,.,n,,0
b,b,c,OtherOrphanedOther,0
.,.,s,OtherOrphanedOther,1
Theatrical,theatrical,s,SpecialTopicsMiscellanyNeutral,0
and,and,s,OtherSyntacticComplexityOther,0
Musical,musical,s,DescriptSoundNeutral,0
Fusion,fusion,n,SpecialTopicsMiscellanyNeutral,0
Music,music,s,DescriptSoundNeutral,0
also,also,s,MetadiscourseAdditionNeutral,0
became,became,s,DescriptChangeNeutral,0
an,an,s,DescriptChangeNeutral,1
important,important,s,ForcefulSignificantNeutral,0
medium,medium,s,SpecialTopicsMiscellanyNeutral,0
for,for,s,OtherOrphanedOther,0
cultural,cultural,s,SpecialTopicsMiscellanyNeutral,0
exchange,exchange,c,NarrActsNeutral,0
.,.,s,,0
The,the,s,CharTypesNeutral,0
Indian,indian,s,CharTypesNeutral,1
laborers,laborers,s,CharTypesNeutral,0
brought,brought,s,NarrActsNeutral,0
their,their,s,CharNamesNeutral,0
traditional,traditional,s,NarrOtherNeutral,0
music,music,c,DescriptSoundNeutral,0
",",",",s,ExpoExampleNeutral,0
such,such,s,ExpoExampleNeutral,1
as,as,s,ExpoExampleNeutral,2
classical,classical,s,SpecialTopicsMiscellanyNeutral,0
ragas,ragas,c,DescriptVisualNeutral,0
",",",",s,,0
devotional,devotional,s,DescriptSoundNeutral,0
songs,songs,s,DescriptSoundNeutral,1
(,(,c,OtherOrphanedOther,0
bhajans,bhajans,c,,0
),),c,OtherOrphanedOther,0
",",",",s,,0
and,and,s,OtherSyntacticComplexityOther,0
folk,folk,s,DescriptSoundNeutral,0
music,music,c,DescriptSoundNeutral,1
.,.,s,,0
Over,over,s,NarrOtherNeutral,0
time,time,c,NarrOtherNeutral,1
",",",",s,,0
these,these,s,OtherOrphanedOther,0
blended,blended,s,SpecialTopicsMiscellanyNeutral,0
with,with,s,OtherOrphanedOther,0
African,african,s,DescriptSoundNeutral,0
rhythms,rhythms,s,DescriptSoundNeutral,1
and,and,s,OtherSyntacticComplexityOther,0
Dutch,dutch,s,CharTypesNeutral,0
musical,musical,s,NarrOtherNeutral,0
traditions,traditions,s,NarrOtherNeutral,1
to,to,s,StratCognitionNeutral,0
form,form,s,StratCognitionNeutral,1
distinct,distinct,s,ExpoComparisonNeutral,0
genres,genres,s,SpecialTopicsMiscellanyNeutral,0
of,of,s,OtherOrphanedOther,0
Surinamese,surinamese,s,CharTypesNeutral,0
music,music,c,DescriptSoundNeutral,0
",",",",s,,0
including,including,s,NarrActsNeutral,0
kaseko,kaseko,s,,0
(,(,c,OtherOrphanedOther,0
a,a,s,OtherOrphanedOther,0
fusion,fusion,s,SpecialTopicsMiscellanyNeutral,0
of,of,s,OtherOrphanedOther,0
African,african,s,DescriptSoundNeutral,0
rhythms,rhythms,s,DescriptSoundNeutral,1
and,and,s,OtherSyntacticComplexityOther,0
European,european,s,DescriptSoundNeutral,0
melodies,melodies,s,DescriptSoundNeutral,1
with,with,s,OtherOrphanedOther,0
Indian,indian,s,CharTypesNeutral,0
influences,influences,c,StratCoordinationNeutral,0
),),c,OtherOrphanedOther,0
.,.,n,,0
Cultural,cultural,s,NarrActsNeutral,0
performances,performances,c,NarrActsNeutral,1
",",",",s,,0
including,including,s,NarrActsNeutral,0
dance,dance,s,DescriptMotionNeutral,0
and,and,s,OtherSyntacticComplexityOther,0
theater,theater,c,SpecialTopicsMiscellanyNeutral,0
",",",",s,,0
often,often,s,NarrDurationNeutral,0
combined,combined,s,NarrActsNeutral,0
Indian,indian,s,CharTypesNeutral,0
classical,classical,s,SpecialTopicsMiscellanyNeutral,0
dance,dance,s,DescriptMotionNeutral,0
styles,styles,s,SpecialTopicsMiscellanyNeutral,0
with,with,s,OtherOrphanedOther,0
African,african,s,CharTypesNeutral,0
dances,dances,s,DescriptMotionNeutral,0
and,and,s,OtherSyntacticComplexityOther,0
Dutch,dutch,s,CharTypesNeutral,0
theatrical,theatrical,s,NarrOtherNeutral,0
traditions,traditions,s,NarrOtherNeutral,1
to,to,s,StratCognitionNeutral,0
create,create,s,StratCognitionNeutral,1
a,a,s,OtherOrphanedOther,0
rich,rich,s,PosEmotionsOther,0
hybrid,hybrid,s,SpecialTopicsMiscellanyNeutral,0
culture,culture,c,SpecialTopicsMiscellanyNeutral,1
.,.,n,,0
5,5,c,ExpoOtherNeutral,0
.,.,s,ExpoOtherNeutral,1
Social,social,s,SpecialTopicsMiscellanyNeutral,0
Integration,integration,s,SpecialTopicsMiscellanyNeutral,1
and,and,s,OtherSyntacticComplexityOther,0
Interactions,interactions,n,SpecialTopicsMiscellanyNeutral,0
Although,although,s,MetadiscourseContrastNeutral,0
racial,racial,s,SpecialTopicsMiscellanyNeutral,0
segregation,segregation,s,SpecialTopicsMiscellanyNeutral,1
and,and,s,OtherSyntacticComplexityOther,0
discrimination,discrimination,s,SpecialTopicsMiscellanyNeutral,0
were,were,s,NarrOtherNeutral,0
pervasive,pervasive,c,ExpoOtherNeutral,0
",",",",s,,0
especially,especially,s,ForcefulEmphaticNeutral,0
in,in,s,NarrDurationNeutral,0
the,the,s,NarrDurationNeutral,1
early,early,s,NarrDurationNeutral,2
stages,stages,c,DescriptObjectsNeutral,0
",",",",s,,0
over,over,s,NarrOtherNeutral,0
time,time,c,NarrOtherNeutral,1
",",",",s,,0
social,social,s,PubAdministrationNeutral,0
interactions,interactions,s,PubAdministrationNeutral,1
between,between,s,OtherOrphanedOther,0
the,the,s,OtherOrphanedOther,0
different,different,s,ExpoComparisonNeutral,0
groups,groups,s,SpecialTopicsMiscellanyNeutral,0
began,began,s,NarrSequenceNeutral,0
to,to,s,NarrSequenceNeutral,1
occur,occur,s,ContingentEventNeutral,0
more,more,s,ExpoComparisonNeutral,0
frequently,frequently,c,NarrDurationNeutral,0
.,.,n,,0
a,a,c,OtherOrphanedOther,0
.,.,s,OtherOrphanedOther,1
Intermarriage,intermarriage,s,SpecialTopicsMiscellanyNeutral,0
and,and,s,OtherSyntacticComplexityOther,0
Social,social,s,SpecialTopicsMiscellanyNeutral,0
Integration,integration,n,SpecialTopicsMiscellanyNeutral,1
Intermarriage,intermarriage,s,SpecialTopicsMiscellanyNeutral,0
between,between,s,OtherOrphanedOther,0
Afro-Surinamese,afro-surinamese,c,,0
",",",",s,,0
Indian,indian,c,CharTypesNeutral,0
",",",",s,,0
and,and,s,ForcefulEmphaticNeutral,0
even,even,s,ForcefulEmphaticNeutral,1
Dutch,dutch,s,SpecialTopicsMiscellanyNeutral,0
communities,communities,s,SpecialTopicsMiscellanyNeutral,1
occurred,occurred,s,ContingentEventNeutral,0
over,over,s,OtherOrphanedOther,0
generations,generations,c,SpecialTopicsMiscellanyNeutral,0
",",",",s,OtherOrphanedOther,0
which,which,s,OtherOrphanedOther,1
created,created,s,DescriptChangeNeutral,0
more,more,s,ExpoComparisonNeutral,0
social,social,s,PosRelSocial,0
cohesion,cohesion,s,PosRelSocial,1
and,and,s,OtherSyntacticComplexityOther,0
cultural,cultural,s,SpecialTopicsMiscellanyNeutral,0
fusion,fusion,c,SpecialTopicsMiscellanyNeutral,0
.,.,s,,0
These,these,s,OtherOrphanedOther,0
mixed,mixed,s,SpecialTopicsMiscellanyNeutral,0
families,families,s,SpecialTopicsMiscellanyNeutral,0
contributed,contributed,s,DescriptChangePos,0
to,to,s,DescriptChangePos,1
the,the,s,OtherOrphanedOther,0
blending,blending,s,SpecialTopicsMiscellanyNeutral,0
of,of,s,OtherOrphanedOther,0
cultural,cultural,s,NarrOtherNeutral,0
traditions,traditions,c,NarrOtherNeutral,1
",",",",s,,0
especially,especially,s,ForcefulEmphaticNeutral,0
in,in,s,OtherSyntacticComplexityOther,0
terms,terms,s,OtherSyntacticComplexityOther,1
of,of,s,OtherSyntacticComplexityOther,2
language,language,c,SpecialTopicsMiscellanyNeutral,0
",",",",s,,0
cuisine,cuisine,c,DescriptObjectsNeutral,0
",",",",s,,0
and,and,s,OtherSyntacticComplexityOther,0
religious,religious,s,CharTraitsNeutral,0
practices,practices,c,OtherOrphanedGenericActivity,0
.,.,n,,0
b,b,c,OtherOrphanedOther,0
.,.,s,OtherOrphanedOther,1
Class,class,s,SpecialTopicsMiscellanyNeutral,0
and,and,s,OtherSyntacticComplexityOther,0
Labor,labor,s,SpecialTopicsMiscellanyNeutral,0
Relations,relations,n,SpecialTopicsMiscellanyNeutral,1
As,as,s,OtherOrphanedOther,0
the,the,s,OtherOrphanedOther,1
indentured,indentured,s,PubLawNeutral,0
laborers,laborers,s,CharTypesNeutral,0
transitioned,transitioned,s,DescriptChangeNeutral,0
from,from,s,DescriptChangeNeutral,1
workers,workers,s,CharTypesNeutral,0
to,to,s,OtherOrphanedOther,0
landowners,landowners,c,CharTypesNeutral,0
",",",",s,,0
many,many,s,OtherSyntacticComplexityOther,0
of,of,s,OtherSyntacticComplexityOther,1
them,them,s,NarrActsNeutral,0
began,began,s,NarrSequenceNeutral,0
to,to,s,NarrSequenceNeutral,1
engage,engage,s,NarrActsNeutral,0
in,in,s,NarrActsNeutral,1
trade,trade,s,SpecialTopicsMiscellanyNeutral,0
and,and,s,OtherSyntacticComplexityOther,0
agriculture,agriculture,c,SpecialTopicsMiscellanyNeutral,0
",",",",s,,0
interacting,interacting,s,OtherOrphanedOther,0
with,with,s,OtherOrphanedOther,1
both,both,s,OtherSyntacticComplexityOther,0
Afro-Surinamese,afro-surinamese,s,,0
laborers,laborers,s,CharTypesNeutral,0
and,and,s,OtherSyntacticComplexityOther,0
the,the,s,OtherSyntacticComplexityOther,1
Dutch,dutch,s,SpecialTopicsMiscellanyNeutral,0
colonial,colonial,s,SpecialTopicsMiscellanyNeutral,1
elite,elite,c,ForcefulEmphaticNeutral,0
.,.,s,,0
This,this,s,ReasoningConcludeNeutral,0
led,led,s,ReasoningConcludeNeutral,1
to,to,s,ReasoningConcludeNeutral,2
some,some,s,ExpoOtherNeutral,0
level,level,s,SpecialTopicsMiscellanyNeutral,0
of,of,s,SpecialTopicsMiscellanyNeutral,1
social,social,s,SpecialTopicsMiscellanyNeutral,0
mobility,mobility,c,SpecialTopicsMiscellanyNeutral,1
",",",",s,,0
and,and,s,OtherSyntacticComplexityOther,0
the,the,s,OtherSyntacticComplexityOther,1
rising,rising,s,DescriptMotionNeutral,0
middle,middle,s,CharTypesNeutral,0
class,class,s,CharTypesNeutral,1
of,of,s,OtherOrphanedOther,0
Indo-Surinamese,indo-surinamese,s,,0
people,people,s,CharTypesNeutral,0
began,began,s,NarrSequenceNeutral,0
to,to,s,NarrSequenceNeutral,1
participate,participate,s,NarrActsNeutral,0
in,in,s,OtherOrphanedOther,0
Surinamese,surinamese,s,CharTypesNeutral,0
politics,politics,c,PubPoliticsNeutral,0
",",",",s,OtherOrphanedOther,0
which,which,s,OtherOrphanedOther,1
further,further,s,MetadiscourseOtherNeutral,0
integrated,integrated,s,StratCoordinationNeutral,0
Indian,indian,s,SpecialTopicsMiscellanyNeutral,0
culture,culture,s,SpecialTopicsMiscellanyNeutral,1
into,into,s,DescriptChangeNeutral,0
the,the,s,DescriptChangeNeutral,1
national,national,s,DescriptObjectsNeutral,0
fabric,fabric,c,DescriptObjectsNeutral,1
.,.,n,,0
Conclusion,conclusion,n,ReasoningConcludeNeutral,0
The,the,s,OtherOrphanedOther,0
indenture,indenture,s,SpecialTopicsMiscellanyNeutral,0
system,system,s,SpecialTopicsMiscellanyNeutral,1
in,in,s,OtherOrphanedOther,0
Suriname,suriname,s,SpecialTopicsPlaceNeutral,0
was,was,s,NarrOtherNeutral,0
a,a,s,NarrOtherNeutral,1
catalyst,catalyst,s,CharTraitsNeutral,0
for,for,s,CharTraitsNeutral,1
the,the,s,OtherOrphanedOther,0
integration,integration,s,SpecialTopicsMiscellanyNeutral,0
of,of,s,OtherOrphanedOther,0
Dutch,dutch,c,CharTypesNeutral,0
",",",",s,,0
Surinamese,surinamese,c,CharTypesNeutral,0
",",",",s,,0
and,and,s,OtherSyntacticComplexityOther,0
Indian,indian,s,SpecialTopicsMiscellanyNeutral,0
cultures,cultures,c,SpecialTopicsMiscellanyNeutral,1
.,.,s,,0
Through,through,s,OtherOrphanedOther,0
language,language,c,SpecialTopicsMiscellanyNeutral,0
",",",",s,,0
religion,religion,c,SpecialTopicsMiscellanyNeutral,0
",",",",s,,0
food,food,c,DescriptObjectsNeutral,0
",",",",s,,0
music,music,c,DescriptSoundNeutral,0
",",",",s,,0
and,and,s,OtherSyntacticComplexityOther,0
social,social,s,PubAdministrationNeutral,0
interactions,interactions,c,PubAdministrationNeutral,1
",",",",s,,0
a,a,s,OtherOrphanedOther,0
complex,complex,s,SpecialTopicsMiscellanyNeutral,0
multicultural,multicultural,s,SpecialTopicsMiscellanyNeutral,0
society,society,s,PubAdministrationNeutral,0
emerged,emerged,c,ContingentEventNeutral,0
.,.,s,MetadiscourseContrastNeutral,0
Though,though,s,MetadiscourseContrastNeutral,1
racial,racial,s,NegRelDisharmony,0
divisions,divisions,s,NegRelDisharmony,1
and,and,s,OtherSyntacticComplexityOther,0
social,social,s,NegValuesInequality,0
inequalities,inequalities,s,NegValuesInequality,1
persisted,persisted,c,NarrDurationNeutral,0
",",",",s,,0
the,the,s,OtherOrphanedOther,0
interaction,interaction,s,SpecialTopicsMiscellanyNeutral,0
between,between,s,OtherOrphanedOther,0
these,these,s,OtherOrphanedOther,0
diverse,diverse,s,,0
groups,groups,s,SpecialTopicsMiscellanyNeutral,0
led,led,s,ReasoningOtherNeutral,0
to,to,s,ReasoningOtherNeutral,1
a,a,s,ReasoningOtherNeutral,2
uniquely,uniquely,s,ForcefulEmphaticNeutral,0
Surinamese,surinamese,s,CharTypesNeutral,0
cultural,cultural,s,SpecialTopicsMiscellanyNeutral,0
identity,identity,s,SpecialTopicsMiscellanyNeutral,1
that,that,s,OtherOrphanedOther,0
reflects,reflects,s,OtherOrphanedOther,0
the,the,s,OtherOrphanedOther,1
fusion,fusion,s,SpecialTopicsMiscellanyNeutral,0
of,of,s,OtherOrphanedOther,0
Indian,indian,s,CharTypesNeutral,0
heritage,heritage,s,NarrOtherNeutral,0
with,with,s,OtherOrphanedOther,0
Dutch,dutch,s,SpecialTopicsMiscellanyNeutral,0
colonial,colonial,s,SpecialTopicsMiscellanyNeutral,1
and,and,s,OtherSyntacticComplexityOther,0
African,african,s,CharTypesNeutral,0
influences,influences,c,StratCoordinationNeutral,0
.,.,s,,0
Over,over,s,NarrOtherNeutral,0
time,time,c,NarrOtherNeutral,1
",",",",s,,0
Indo-Surinamese,indo-surinamese,s,,0
people,people,s,CharTypesNeutral,0
have,have,s,NarrActsNeutral,0
contributed,contributed,s,DescriptChangePos,0
to,to,s,DescriptChangePos,1
the,the,s,OtherOrphanedOther,0
cultural,cultural,c,SpecialTopicsMiscellanyNeutral,0
",",",",s,,0
economic,economic,c,SpecialTopicsMiscellanyNeutral,0
",",",",s,,0
and,and,s,OtherSyntacticComplexityOther,0
political,political,s,PubAdministrationNeutral,0
fabric,fabric,s,PubAdministrationNeutral,1
of,of,s,OtherOrphanedOther,0
Suriname,suriname,c,SpecialTopicsPlaceNeutral,0
",",",",s,,0
making,making,s,NarrActsNeutral,0
their,their,s,CharNamesNeutral,0
influence,influence,s,CharTraitsNeutral,0
an,an,s,CharTraitsNeutral,1
integral,integral,s,PosValuesIntegral,0
part,part,s,PosValuesIntegral,1
of,of,s,OtherSyntacticComplexityOther,0
the,the,s,OtherSyntacticComplexityOther,1
country's,country's,s,SpecialTopicsPlaceNeutral,0
national,national,s,PubAdministrationNeutral,0
identity,identity,c,SpecialTopicsMiscellanyNeutral,0
.,.,n,,0
In,in,s,OtherOrphanedOther,0
Suriname,suriname,c,SpecialTopicsPlaceNeutral,0
",",",",s,,0
the,the,s,OtherOrphanedOther,0
term,term,s,SpecialTopicsMiscellanyNeutral,0
“,",c,,0
lang,lang,c,DescriptObjectsNeutral,0
”,",s,,0
referred,referred,s,CitationReferenceNeutral,0
to,to,s,CitationReferenceNeutral,1
the,the,s,CitationReferenceNeutral,2
time,time,s,CitationReferenceNeutral,3
extension,extension,s,DescriptChangeNeutral,0
granted,granted,s,FacilitateSponsorNeutral,0
to,to,s,FacilitateSponsorNeutral,1
indentured,indentured,s,PubLawNeutral,0
laborers,laborers,s,CharTypesNeutral,0
beyond,beyond,s,OtherOrphanedOther,0
their,their,s,CharNamesNeutral,0
initial,initial,s,PubLawNeutral,0
contract,contract,s,PubLawNeutral,1
period,period,c,CharTraitsNeutral,0
.,.,s,CharTraitsNeutral,1
It,it,s,NarrOtherNeutral,0
was,was,s,NarrOtherNeutral,1
a,a,s,NarrOtherNeutral,2
system,system,s,SpecialTopicsMiscellanyNeutral,0
whereby,whereby,s,PubAdministrationNeutral,0
indentured,indentured,s,PubLawNeutral,0
workers,workers,s,CharTypesNeutral,0
were,were,s,PubAdministrationNeutral,0
required,required,s,PubAdministrationNeutral,1
to,to,s,PubAdministrationNeutral,2
work,work,s,NarrBiographyNeutral,0
for,for,s,NarrBiographyNeutral,1
an,an,s,MetadiscourseAdditionNeutral,0
additional,additional,s,MetadiscourseAdditionNeutral,1
period,period,s,NarrDurationNeutral,0
of,of,s,NarrDurationNeutral,1
time,time,c,SpecialTopicsMiscellanyNeutral,0
",",",",s,,0
often,often,s,NarrDurationNeutral,0
without,without,s,ForcefulEmphaticNeutral,0
proper,proper,s,PosValuesSuitable,0
compensation,compensation,c,PosValuesSuitable,1
",",",",s,,0
as,as,s,ReasoningOtherNeutral,0
a,a,s,ReasoningOtherNeutral,1
form,form,s,ReasoningOtherNeutral,2
of,of,s,ReasoningOtherNeutral,3
indenture,indenture,s,PubLawNeutral,0
extension,extension,c,DescriptChangeNeutral,0
.,.,s,,0
The,the,s,CitationQuotationNeutral,0
“,",c,CitationQuotationNeutral,1
lang,lang,c,DescriptObjectsNeutral,0
”,",s,,0
system,system,s,SpecialTopicsMiscellanyNeutral,0
arose,arose,s,,0
in,in,s,OtherOrphanedOther,0
situations,situations,s,ContingentEventNeutral,0
where,where,s,OtherOrphanedOther,0
indentured,indentured,s,PubLawNeutral,0
laborers,laborers,s,CharTypesNeutral,0
had,had,s,NegActsResist,0
not,not,s,NegActsResist,1
completed,completed,s,NarrSequenceNeutral,0
their,their,s,NarrSequenceNeutral,1
contracts,contracts,s,NarrActsNeutral,0
or,or,s,OtherSyntacticComplexityOther,0
were,were,s,NarrOtherNeutral,0
involved,involved,s,NarrActsNeutral,0
in,in,s,NarrActsNeutral,1
disputes,disputes,s,NegRelDisagreement,0
with,with,s,OtherOrphanedOther,0
plantation,plantation,s,DescriptVisualNeutral,0
owners,owners,s,CharTypesNeutral,0
or,or,s,OtherSyntacticComplexityOther,0
managers,managers,c,CharTypesNeutral,0
.,.,n,,0
Context,context,s,ContingentEventNeutral,0
of,of,s,ContingentEventNeutral,1
“,",c,,0
Lang,lang,c,DescriptObjectsNeutral,0
”,",s,,0
in,in,s,OtherOrphanedOther,0
Suriname,suriname,c,SpecialTopicsPlaceNeutral,0
:,:,n,,0
Completion,completion,s,NarrSequenceNeutral,0
of,of,s,OtherSyntacticComplexityOther,0
the,the,s,OtherSyntacticComplexityOther,1
Initial,initial,s,PubLawNeutral,0
Indenture,indenture,s,PubLawNeutral,1
Contract,contract,c,NarrActsNeutral,0
:,:,n,,0
Indentured,indentured,s,PubLawNeutral,0
workers,workers,s,CharTypesNeutral,0
in,in,s,OtherOrphanedOther,0
Suriname,suriname,s,SpecialTopicsPlaceNeutral,0
typically,typically,s,NarrDurationNeutral,0
signed,signed,s,PosRelOther,0
a,a,s,PosRelOther,1
contract,contract,s,PosRelOther,2
that,that,s,OtherOrphanedOther,0
lasted,lasted,s,NarrDurationNeutral,0
for,for,s,NarrDurationNeutral,1
five,five,s,NarrDurationNeutral,0
years,years,c,NarrDurationNeutral,1
",",",",s,,0
during,during,s,NarrDurationNeutral,0
which,which,s,NarrDurationNeutral,1
they,they,s,ResponsibilityAssignNeutral,0
were,were,s,ResponsibilityAssignNeutral,1
supposed,supposed,s,ResponsibilityAssignNeutral,2
to,to,s,ResponsibilityAssignNeutral,3
work,work,s,NarrBiographyNeutral,0
on,on,s,NarrBiographyNeutral,1
the,the,s,NarrBiographyNeutral,2
plantations,plantations,s,DescriptVisualNeutral,0
in,in,s,ExpoOtherNeutral,0
exchange,exchange,s,ExpoOtherNeutral,1
for,for,s,ExpoOtherNeutral,2
food,food,c,DescriptObjectsNeutral,0
",",",",s,,0
shelter,shelter,c,DescriptObjectsNeutral,0
",",",",s,,0
and,and,s,OtherSyntacticComplexityOther,0
a,a,s,OtherSyntacticComplexityOther,1
modest,modest,s,CharTraitsNeutral,0
wage,wage,c,SpecialTopicsMiscellanyNeutral,0
.,.,s,,0
At,at,s,NarrSequenceNeutral,0
the,the,s,NarrSequenceNeutral,1
end,end,s,NarrSequenceNeutral,2
of,of,s,OtherSyntacticComplexityOther,0
this,this,s,OtherSyntacticComplexityOther,1
period,period,c,SpecialTopicsMiscellanyNeutral,0
",",",",s,,0
the,the,s,OtherOrphanedOther,0
workers,workers,s,CharTypesNeutral,0
were,were,s,NarrDurationNeutral,0
often,often,s,NarrDurationNeutral,1
given,given,s,StratCoordinationNeutral,0
the,the,s,StratCoordinationNeutral,1
opportunity,opportunity,s,StratCoordinationNeutral,2
to,to,s,StratCoordinationNeutral,3
return,return,s,NarrSceneShiftNeutral,0
to,to,s,NarrSceneShiftNeutral,1
India,india,s,SpecialTopicsPlaceNeutral,0
or,or,s,OtherSyntacticComplexityOther,0
to,to,s,OtherOrphanedOther,0
remain,remain,s,NarrDurationNeutral,0
in,in,s,OtherOrphanedOther,0
Suriname,suriname,s,SpecialTopicsPlaceNeutral,0
and,and,s,OtherSyntacticComplexityOther,0
work,work,s,NarrBiographyNeutral,0
for,for,s,NarrBiographyNeutral,1
pay,pay,c,OtherOrphanedOther,0
.,.,n,,0
Granting,granting,s,PubLawNeutral,0
of,of,s,OtherOrphanedOther,0
“,",c,,0
Lang,lang,c,DescriptObjectsNeutral,0
”,",c,,0
:,:,n,,0
However,however,c,MetadiscourseContrastNeutral,0
",",",",s,,0
many,many,s,ExpoOtherNeutral,0
indentured,indentured,s,PubLawNeutral,0
workers,workers,s,CharTypesNeutral,0
were,were,s,NegActsResist,0
not,not,s,NegActsResist,1
allowed,allowed,s,NegActsResist,2
to,to,s,SpecialTopicsMiscellanyNeutral,0
leave,leave,s,SpecialTopicsMiscellanyNeutral,1
once,once,s,NarrOtherNeutral,0
their,their,s,CharNamesNeutral,0
contract,contract,s,NarrActsNeutral,0
was,was,s,NarrOtherNeutral,0
completed,completed,c,NarrSequenceNeutral,0
.,.,s,,0
The,the,s,OtherOrphanedOther,0
system,system,s,SpecialTopicsMiscellanyNeutral,0
of,of,s,SpecialTopicsMiscellanyNeutral,1
“,",c,,0
lang,lang,c,DescriptObjectsNeutral,0
”,",s,,0
meant,meant,s,ReasoningInferNeutral,0
that,that,s,ReasoningInferNeutral,1
plantation,plantation,s,DescriptVisualNeutral,0
owners,owners,s,CharTypesNeutral,0
could,could,s,ContingentRelationshipNeutral,0
demand,demand,s,OtherOrphanedOther,0
additional,additional,s,MetadiscourseAdditionNeutral,0
labor,labor,s,SpecialTopicsMiscellanyNeutral,0
from,from,s,OtherOrphanedOther,0
the,the,s,OtherOrphanedOther,0
workers,workers,c,CharTypesNeutral,0
",",",",s,,0
extending,extending,s,NarrDurationNeutral,0
their,their,s,CharNamesNeutral,0
indenture,indenture,s,PubLawNeutral,0
for,for,s,OtherOrphanedOther,0
another,another,s,MetadiscourseAdditionNeutral,0
period,period,s,NarrDurationNeutral,0
of,of,s,NarrDurationNeutral,1
time,time,s,SpecialTopicsMiscellanyNeutral,0
(,(,c,OtherOrphanedOther,0
sometimes,sometimes,s,ContingentRelationshipNeutral,0
several,several,s,NarrDurationNeutral,0
months,months,s,NarrDurationNeutral,1
to,to,s,OtherOrphanedOther,0
a,a,s,NarrDurationNeutral,0
year,year,s,NarrDurationNeutral,1
or,or,s,OtherSyntacticComplexityOther,0
more,more,c,ExpoComparisonNeutral,0
),),s,OtherOrphanedOther,0
under,under,s,OtherOrphanedOther,0
coercive,coercive,s,NegActsCoercive,0
conditions,conditions,c,ContingentEventNeutral,0
.,.,s,,0
This,this,s,MetadiscourseOtherNeutral,0
was,was,s,MetadiscourseOtherNeutral,1
often,often,s,NarrDurationNeutral,0
done,done,s,NegRelForego,0
without,without,s,NegRelForego,1
adequate,adequate,s,PosValuesSufficient,0
compensation,compensation,c,PosValuesSufficient,1
",",",",s,,0
beyond,beyond,s,OtherOrphanedOther,0
what,what,s,OtherOrphanedOther,0
had,had,s,NarrOtherNeutral,0
already,already,s,UpdatesOtherNeutral,0
been,been,s,UpdatesOtherNeutral,1
agreed,agreed,s,PosRelOther,0
upon,upon,s,PosRelOther,1
in,in,s,OtherOrphanedOther,0
the,the,s,OtherOrphanedOther,0
contract,contract,c,NarrActsNeutral,0
.,.,n,,0
Reasons,reasons,s,ReasoningOtherNeutral,0
for,for,s,ReasoningOtherNeutral,1
“,",c,,0
Lang,lang,c,DescriptObjectsNeutral,0
”,",s,,0
Extension,extension,c,DescriptChangeNeutral,0
:,:,s,,0
The,the,s,DescriptVisualNeutral,0
extension,extension,s,DescriptVisualNeutral,1
of,of,s,DescriptVisualNeutral,2
labor,labor,s,SpecialTopicsMiscellanyNeutral,0
through,through,s,OtherOrphanedOther,0
“,",c,,0
lang,lang,c,DescriptObjectsNeutral,0
”,",s,,0
was,was,s,ReasoningDefendPos,0
justified,justified,s,ReasoningDefendPos,1
by,by,s,OtherOrphanedOther,0
various,various,s,ReasoningReasonsNeutral,0
reasons,reasons,c,ReasoningReasonsNeutral,1
",",",",s,ExpoExampleNeutral,0
such,such,s,ExpoExampleNeutral,1
as,as,s,ExpoExampleNeutral,2
debts,debts,s,SpecialTopicsMiscellanyNeutral,0
incurred,incurred,s,NegActsIncur,0
by,by,s,OtherOrphanedOther,0
the,the,s,OtherOrphanedOther,0
laborers,laborers,s,CharTypesNeutral,0
during,during,s,NarrBiographyNeutral,0
their,their,s,NarrBiographyNeutral,1
time,time,s,NarrBiographyNeutral,2
on,on,s,OtherSyntacticComplexityOther,0
the,the,s,OtherSyntacticComplexityOther,1
plantations,plantations,c,DescriptVisualNeutral,0
",",",",s,,0
the,the,s,UncertaintyOtherNeutral,0
uncertainty,uncertainty,s,UncertaintyOtherNeutral,1
regarding,regarding,s,CharMentalStatesNeutral,0
their,their,s,PosValuesOther,0
freedom,freedom,s,PosValuesOther,1
to,to,s,SpecialTopicsMiscellanyNeutral,0
leave,leave,s,SpecialTopicsMiscellanyNeutral,1
the,the,s,OtherOrphanedOther,0
plantation,plantation,c,DescriptVisualNeutral,0
",",",",s,,0
or,or,s,OtherSyntacticComplexityOther,0
the,the,s,OtherOrphanedOther,0
unwillingness,unwillingness,s,NegActsResist,0
of,of,s,OtherOrphanedOther,0
workers,workers,s,CharTypesNeutral,0
to,to,s,SpecialTopicsMiscellanyNeutral,0
leave,leave,s,SpecialTopicsMiscellanyNeutral,1
without,without,s,ForcefulEmphaticNeutral,0
proper,proper,s,PosValuesSuitable,0
means,means,s,PosValuesSuitable,1
of,of,s,OtherOrphanedOther,0
survival,survival,c,NarrTurningPointNeutral,0
.,.,s,,0
Sometimes,sometimes,s,ContingentRelationshipNeutral,0
workers,workers,s,CharTypesNeutral,0
were,were,s,NarrOtherNeutral,0
also,also,s,MetadiscourseAdditionNeutral,0
forced,forced,s,NegActsCoercive,0
into,into,s,NegActsCoercive,1
“,",c,,0
lang,lang,c,DescriptObjectsNeutral,0
”,",s,,0
as,as,s,ReasoningOtherNeutral,0
a,a,s,ReasoningOtherNeutral,1
form,form,s,ReasoningOtherNeutral,2
of,of,s,ReasoningOtherNeutral,3
punishment,punishment,s,NegEmotionsOther,0
or,or,s,OtherSyntacticComplexityOther,0
to,to,s,OtherOrphanedOther,0
maintain,maintain,s,NarrDurationNeutral,0
a,a,s,NarrDurationNeutral,1
compliant,compliant,s,FacilitateExpediteNeutral,0
labor,labor,s,SpecialTopicsMiscellanyNeutral,0
force,force,c,SpecialTopicsMiscellanyNeutral,1
.,.,n,,0
Conditions,conditions,s,ContingentRelationshipNeutral,0
of,of,s,ContingentRelationshipNeutral,1
“,",c,,0
Lang,lang,c,DescriptObjectsNeutral,0
”,",c,,0
:,:,n,,0
During,during,s,NarrDurationNeutral,0
the,the,s,NarrDurationNeutral,1
period,period,s,NarrDurationNeutral,0
of,of,s,NarrDurationNeutral,1
“,",c,,0
lang,lang,c,DescriptObjectsNeutral,0
",",",",c,,0
”,",s,,0
workers,workers,s,CharTypesNeutral,0
were,were,s,NarrDurationNeutral,0
often,often,s,NarrDurationNeutral,1
subjected,subjected,s,ContingentPossibilityNeg,0
to,to,s,ContingentPossibilityNeg,1
poor,poor,s,ContingentPossibilityNeg,0
working,working,s,ContingentPossibilityNeg,1
conditions,conditions,c,ContingentPossibilityNeg,2
",",",",s,,0
and,and,s,OtherSyntacticComplexityOther,0
their,their,s,PosRelRecommendation,0
ability,ability,s,PosRelRecommendation,1
to,to,s,PosRelRecommendation,2
negotiate,negotiate,s,PubDiplomacyNeutral,0
the,the,s,PubDiplomacyNeutral,1
terms,terms,s,PubDiplomacyNeutral,2
of,of,s,OtherSyntacticComplexityOther,0
their,their,s,OtherSyntacticComplexityOther,1
labor,labor,s,SpecialTopicsMiscellanyNeutral,0
was,was,s,NegEmotionsIdentifyGaps,0
extremely,extremely,s,NegEmotionsIdentifyGaps,1
limited,limited,c,NegEmotionsIdentifyGaps,2
.,.,s,NarrActsNeutral,0
They,they,s,NarrActsNeutral,1
had,had,s,NarrOtherNeutral,0
already,already,s,UpdatesOtherNeutral,0
signed,signed,s,UpdatesOtherNeutral,1
their,their,s,CharNamesNeutral,0
initial,initial,s,PubLawNeutral,0
contracts,contracts,s,PubLawNeutral,1
under,under,s,NegActsCoercive,0
duress,duress,s,NegActsCoercive,1
and,and,s,OtherSyntacticComplexityOther,0
had,had,s,NarrOtherNeutral,0
little,little,s,StratActsPos,0
leverage,leverage,s,StratActsPos,1
to,to,s,OtherOrphanedOther,0
refuse,refuse,s,NegActsResist,0
the,the,s,NegActsResist,1
extension,extension,c,DescriptChangeNeutral,0
.,.,n,,0
These,these,s,OtherOrphanedOther,0
extensions,extensions,s,DescriptChangeNeutral,0
were,were,s,NarrActsNeutral,0
used,used,s,NarrActsNeutral,1
as,as,s,OtherSyntacticComplexityOther,0
a,a,s,OtherSyntacticComplexityOther,1
way,way,s,OtherSyntacticComplexityOther,2
to,to,s,OtherSyntacticComplexityOther,3
ensure,ensure,s,ConfidenceHighNeutral,0
that,that,s,ConfidenceHighNeutral,1
the,the,s,OtherOrphanedOther,0
plantation,plantation,s,DescriptVisualNeutral,0
owners,owners,s,CharTypesNeutral,0
had,had,s,NarrOtherNeutral,0
a,a,s,OtherOrphanedOther,0
constant,constant,s,ExpoOtherNeutral,0
labor,labor,s,SpecialTopicsMiscellanyNeutral,0
supply,supply,c,SpecialTopicsMiscellanyNeutral,0
",",",",s,,0
and,and,s,OtherSyntacticComplexityOther,0
the,the,s,OtherSyntacticComplexityOther,1
workers,workers,s,CharTypesNeutral,0
were,were,s,NarrOtherNeutral,0
sometimes,sometimes,s,ContingentRelationshipNeutral,0
trapped,trapped,s,DescriptVisualNeg,0
in,in,s,DescriptVisualNeg,1
a,a,s,DescriptVisualNeg,2
cycle,cycle,s,NarrDurationNeutral,0
of,of,s,NarrDurationNeutral,1
labor,labor,s,SpecialTopicsMiscellanyNeutral,0
exploitation,exploitation,c,NegActsAggressive,0
",",",",s,,0
making,making,s,DescriptChangeNeg,0
it,it,s,DescriptChangeNeg,1
harder,harder,s,DescriptChangeNeg,2
for,for,s,OtherOrphanedOther,0
them,them,s,NarrActsNeutral,0
to,to,s,OtherOrphanedOther,0
accumulate,accumulate,s,DescriptMotionNeutral,0
the,the,s,SpecialTopicsMiscellanyNeutral,0
means,means,s,SpecialTopicsMiscellanyNeutral,1
to,to,s,SpecialTopicsMiscellanyNeutral,2
leave,leave,s,NarrSceneShiftNeutral,0
the,the,s,NarrSceneShiftNeutral,1
plantation,plantation,c,NarrSceneShiftNeutral,2
.,.,n,,0
Legal,legal,s,PubLawNeutral,0
Framework,framework,s,SpecialTopicsMiscellanyNeutral,0
and,and,s,OtherSyntacticComplexityOther,0
Exploitation,exploitation,c,NegActsAggressive,0
:,:,n,,0
The,the,s,OtherOrphanedOther,0
legal,legal,s,SpecialTopicsMiscellanyNeutral,0
system,system,s,SpecialTopicsMiscellanyNeutral,1
in,in,s,OtherOrphanedOther,0
Suriname,suriname,s,SpecialTopicsPlaceNeutral,0
supported,supported,s,PosRelOther,0
this,this,s,OtherOrphanedOther,0
extension,extension,s,DescriptChangeNeutral,0
of,of,s,OtherOrphanedOther,0
indenture,indenture,s,PubLawNeutral,0
under,under,s,SpecialTopicsMiscellanyNeutral,0
the,the,s,SpecialTopicsMiscellanyNeutral,1
guise,guise,s,SpecialTopicsMiscellanyNeutral,2
of,of,s,SpecialTopicsMiscellanyNeutral,3
debt,debt,s,SpecialTopicsMiscellanyNeutral,0
or,or,s,OtherSyntacticComplexityOther,0
legal,legal,s,ResponsibilityHoldPos,0
obligations,obligations,c,ResponsibilityHoldPos,1
",",",",s,,0
often,often,s,NarrDurationNeutral,0
siding,siding,s,DescriptObjectsNeutral,0
with,with,s,OtherOrphanedOther,0
plantation,plantation,s,DescriptVisualNeutral,0
owners,owners,c,CharTypesNeutral,0
.,.,s,,0
Plantation,plantation,s,DescriptVisualNeutral,0
owners,owners,s,CharTypesNeutral,0
used,used,s,NarrActsNeutral,0
the,the,s,NarrActsNeutral,1
“,",c,,0
lang,lang,c,DescriptObjectsNeutral,0
”,",s,,0
extension,extension,s,DescriptChangeNeutral,0
as,as,s,OtherSyntacticComplexityOther,0
a,a,s,OtherSyntacticComplexityOther,1
way,way,s,OtherSyntacticComplexityOther,2
to,to,s,OtherSyntacticComplexityOther,3
control,control,s,StratCoordinationNeutral,0
workers,workers,s,NegEmotionsSadness,0
long,long,s,NegEmotionsSadness,1
after,after,s,NarrSequenceNeutral,0
their,their,s,CharNamesNeutral,0
contracts,contracts,s,NarrActsNeutral,0
had,had,s,NarrOtherNeutral,0
technically,technically,s,SpecialTopicsMiscellanyNeutral,0
expired,expired,c,NarrTimeShiftNeutral,0
",",",",s,,0
reinforcing,reinforcing,s,DescriptChangePos,0
the,the,s,DescriptChangePos,1
systematic,systematic,s,PosValuesMethodical,0
exploitation,exploitation,s,NegActsAggressive,0
of,of,s,OtherOrphanedOther,0
labor,labor,c,SpecialTopicsMiscellanyNeutral,0
.,.,n,InterCommandNeutral,0
Impact,impact,s,InterCommandNeutral,1
on,on,s,OtherOrphanedOther,0
Workers,workers,c,CharTypesNeutral,0
:,:,n,,0
The,the,s,OtherOrphanedGenericActivity,0
practice,practice,s,OtherOrphanedGenericActivity,1
of,of,s,OtherOrphanedGenericActivity,2
“,",c,,0
lang,lang,c,DescriptObjectsNeutral,0
”,",s,,0
effectively,effectively,s,PosValuesEffective,0
trapped,trapped,s,,0
many,many,s,ExpoOtherNeutral,0
indentured,indentured,s,PubLawNeutral,0
laborers,laborers,s,CharTypesNeutral,0
in,in,s,OtherOrphanedOther,0
a,a,s,OtherOrphanedOther,0
cycle,cycle,s,NarrDurationNeutral,0
of,of,s,NarrDurationNeutral,1
forced,forced,s,NegActsAggressive,0
labor,labor,s,NegActsAggressive,1
that,that,s,OtherOrphanedOther,0
extended,extended,s,NarrDurationNeutral,0
their,their,s,NarrDurationNeutral,1
time,time,s,NarrDurationNeutral,2
on,on,s,OtherSyntacticComplexityOther,0
the,the,s,OtherSyntacticComplexityOther,1
plantations,plantations,s,DescriptVisualNeutral,0
far,far,s,DescriptVisualNeutral,0
beyond,beyond,s,OtherOrphanedOther,0
what,what,s,NarrOtherNeutral,0
was,was,s,NarrOtherNeutral,1
originally,originally,s,NarrSequenceNeutral,0
agreed,agreed,s,PosRelOther,0
upon,upon,s,PosRelOther,1
in,in,s,OtherSyntacticComplexityOther,0
their,their,s,OtherSyntacticComplexityOther,1
contracts,contracts,c,NarrActsNeutral,0
.,.,s,,0
While,while,s,NarrDurationNeutral,0
some,some,s,ExpoOtherNeutral,0
workers,workers,s,CharTypesNeutral,0
could,could,s,ContingentRelationshipNeutral,0
eventually,eventually,s,NarrSequenceNeutral,0
gain,gain,s,DescriptChangeNeutral,0
their,their,s,PosValuesOther,0
freedom,freedom,s,PosValuesOther,1
or,or,s,OtherSyntacticComplexityOther,0
earn,earn,s,PosActsEarn,0
enough,enough,s,FacilitateOtherNeutral,0
money,money,s,FacilitateOtherNeutral,1
to,to,s,FacilitateOtherNeutral,2
leave,leave,c,SpecialTopicsMiscellanyNeutral,0
",",",",s,,0
many,many,s,ExpoOtherNeutral,0
were,were,s,StratOtherNeg,0
unable,unable,s,StratOtherNeg,1
to,to,s,StratOtherNeg,2
escape,escape,s,StratActsPos,0
the,the,s,ContingentRelationshipNeutral,0
conditions,conditions,s,ContingentRelationshipNeutral,1
of,of,s,ContingentRelationshipNeutral,2
servitude,servitude,c,NegRelServility,0
",",",",s,,0
leading,leading,s,ReasoningOtherNeutral,0
to,to,s,ReasoningOtherNeutral,1
prolonged,prolonged,s,NarrDurationNeg,0
suffering,suffering,c,NarrDurationNeg,1
.,.,n,,0
In,in,s,MetadiscourseCuesNeutral,0
Summary,summary,c,MetadiscourseCuesNeutral,1
:,:,n,,0
The,the,s,CitationQuotationNeutral,0
“,",c,CitationQuotationNeutral,1
lang,lang,c,DescriptObjectsNeutral,0
”,",s,,0
system,system,s,SpecialTopicsMiscellanyNeutral,0
in,in,s,OtherOrphanedOther,0
Suriname,suriname,s,SpecialTopicsPlaceNeutral,0
was,was,s,NarrOtherNeutral,0
a,a,s,NarrOtherNeutral,1
coercive,coercive,s,NegActsCoercive,0
extension,extension,s,DescriptChangeNeutral,0
of,of,s,OtherSyntacticComplexityOther,0
the,the,s,OtherSyntacticComplexityOther,1
indenture,indenture,s,PubLawNeutral,0
contract,contract,s,NarrActsNeutral,0
that,that,s,OtherOrphanedOther,0
allowed,allowed,s,FacilitateExpediteNeutral,0
plantation,plantation,s,DescriptVisualNeutral,0
owners,owners,s,CharTypesNeutral,0
to,to,s,NarrDurationNeutral,0
keep,keep,s,NarrDurationNeutral,1
laborers,laborers,s,CharTypesNeutral,0
working,working,s,OtherOrphanedOther,0
beyond,beyond,s,DescriptVisualNeutral,0
the,the,s,DescriptVisualNeutral,1
initial,initial,s,NarrSequenceNeutral,0
agreed,agreed,s,NarrDurationNeutral,0
period,period,c,NarrDurationNeutral,1
",",",",s,,0
often,often,s,NarrDurationNeutral,0
under,under,s,OtherOrphanedOther,0
exploitative,exploitative,s,NegRelOther,0
and,and,s,OtherSyntacticComplexityOther,0
harsh,harsh,s,ContingentPossibilityNeg,0
conditions,conditions,c,ContingentPossibilityNeg,1
.,.,s,NarrOtherNeutral,0
It,it,s,NarrOtherNeutral,1
was,was,s,NarrOtherNeutral,2
a,a,s,OtherOrphanedOther,0
mechanism,mechanism,s,SpecialTopicsMiscellanyNeutral,0
that,that,s,OtherOrphanedOther,0
kept,kept,s,NarrActsNeutral,0
indentured,indentured,s,PubLawNeutral,0
laborers,laborers,s,CharTypesNeutral,0
in,in,s,CharTraitsNeutral,0
servitude,servitude,s,CharTraitsNeutral,1
even,even,s,ForcefulIntenseNeutral,0
after,after,s,ForcefulIntenseNeutral,1
they,they,s,NarrOtherNeutral,0
had,had,s,NarrOtherNeutral,1
completed,completed,s,NarrSequenceNeutral,0
their,their,s,NarrSequenceNeutral,1
original,original,s,PubLawNeutral,0
contracts,contracts,c,PubLawNeutral,1
",",",",s,,0
creating,creating,s,DescriptChangeNeutral,0
a,a,s,DescriptChangeNeutral,1
form,form,s,SpecialTopicsMiscellanyNeutral,0
of,of,s,SpecialTopicsMiscellanyNeutral,1
indentured,indentured,s,SpecialTopicsMiscellanyNeutral,0
slavery,slavery,s,SpecialTopicsMiscellanyNeutral,1
that,that,s,OtherOrphanedOther,0
persisted,persisted,s,CharTraitsNeutral,0
in,in,s,CharTraitsNeutral,1
practice,practice,s,OtherOrphanedGenericActivity,0
until,until,s,NarrTimeShiftNeutral,0
the,the,s,NarrTimeShiftNeutral,1
full,full,s,SpecialTopicsMiscellanyNeutral,0
abolition,abolition,s,NegActsResist,0
of,of,s,OtherSyntacticComplexityOther,0
the,the,s,OtherSyntacticComplexityOther,1
system,system,c,SpecialTopicsMiscellanyNeutral,0
.,.,n,,0
The,the,s,OtherOrphanedOther,0
concept,concept,s,SpecialTopicsMiscellanyNeutral,0
of,of,s,OtherOrphanedOther,0
identity,identity,s,SpecialTopicsMiscellanyNeutral,0
is,is,s,OtherOrphanedOther,0
intricately,intricately,s,SpecialTopicsMiscellanyNeutral,0
tied,tied,s,ExpoSpecificationNeutral,0
to,to,s,ExpoSpecificationNeutral,1
memory,memory,c,CharMentalStatesNeutral,0
",",",",s,,0
particularly,particularly,s,ExpoSpecificationNeutral,0
in,in,s,ExpoSpecificationNeutral,1
the,the,s,OtherOrphanedOther,0
context,context,s,ContingentEventNeutral,0
of,of,s,ContingentEventNeutral,1
indentured,indentured,s,PubLawNeutral,0
labor,labor,c,SpecialTopicsMiscellanyNeutral,0
",",",",s,,0
as,as,s,OtherSyntacticComplexityOther,0
it,it,s,OtherSyntacticComplexityOther,1
involves,involves,s,ReasoningOtherNeutral,0
the,the,s,ReasoningOtherNeutral,1
intersection,intersection,s,DescriptVisualNeutral,0
of,of,s,OtherOrphanedOther,0
individual,individual,s,CharTypesNeutral,0
and,and,s,OtherSyntacticComplexityOther,0
collective,collective,s,PubCognitionNeutral,0
memories,memories,s,PubCognitionNeutral,1
of,of,s,OtherOrphanedOther,0
hardship,hardship,c,NegActsResist,0
",",",",s,,0
survival,survival,c,NarrTurningPointNeutral,0
",",",",s,,0
adaptation,adaptation,c,DescriptChangeNeutral,0
",",",",s,,0
and,and,s,OtherSyntacticComplexityOther,0
resilience,resilience,c,PosActsResilience,0
.,.,s,,0
The,the,s,CharMentalStatesNeutral,0
memories,memories,s,CharMentalStatesNeutral,1
of,of,s,OtherOrphanedOther,0
indentured,indentured,s,PubLawNeutral,0
laborers,laborers,s,CharTypesNeutral,0
are,are,s,NegActsResist,0
not,not,s,NegActsResist,1
only,only,s,OtherOrphanedOther,0
preserved,preserved,s,OtherOrphanedOther,0
through,through,s,OtherOrphanedOther,0
the,the,s,SpecialTopicsMiscellanyNeutral,0
stories,stories,s,SpecialTopicsMiscellanyNeutral,1
they,they,s,OtherOrphanedOther,0
passed,passed,s,PubCommunicationNeutral,0
down,down,s,PubCommunicationNeutral,1
but,but,s,NegActsResist,0
are,are,s,NegActsResist,1
also,also,s,NegActsResist,2
an,an,s,OtherOrphanedOther,0
essential,essential,s,ExpoOtherNeutral,0
part,part,s,ExpoOtherNeutral,1
of,of,s,OtherOrphanedOther,0
shaping,shaping,s,OtherOrphanedOther,0
their,their,s,OtherOrphanedOther,1
descendants,descendants,s,UncertaintyIndefiniteNeutral,0
',',s,,0
understanding,understanding,s,InquiryLearningNeutral,0
of,of,s,OtherSyntacticComplexityOther,0
their,their,s,OtherSyntacticComplexityOther,1
heritage,heritage,c,NarrOtherNeutral,0
",",",",s,,0
community,community,c,SpecialTopicsMiscellanyNeutral,0
",",",",s,,0
and,and,s,OtherSyntacticComplexityOther,0
belonging,belonging,c,PubLawNeutral,0
.,.,s,,0
This,this,s,OtherOrphanedOther,0
intergenerational,intergenerational,s,SpecialTopicsMiscellanyNeutral,0
transmission,transmission,s,SpecialTopicsMiscellanyNeutral,0
of,of,s,SpecialTopicsMiscellanyNeutral,1
memory,memory,s,CharMentalStatesNeutral,0
contributes,contributes,s,ReasoningOtherNeutral,0
to,to,s,ReasoningOtherNeutral,1
how,how,s,ReasoningOtherNeutral,2
identity,identity,s,SpecialTopicsMiscellanyNeutral,0
is,is,s,OtherOrphanedOther,0
formed,formed,s,OtherOrphanedOther,0
and,and,s,OtherSyntacticComplexityOther,0
evolves,evolves,s,DescriptChangePos,0
across,across,s,NarrTimeShiftNeutral,0
generations,generations,c,NarrTimeShiftNeutral,1
",",",",s,,0
especially,especially,s,ForcefulEmphaticNeutral,0
in,in,s,OtherOrphanedOther,0
societies,societies,s,PubAdministrationNeutral,0
like,like,s,OtherOrphanedOther,0
Suriname,suriname,c,SpecialTopicsPlaceNeutral,0
",",",",s,,0
where,where,s,OtherOrphanedOther,0
the,the,s,NarrTimeShiftNeutral,0
descendants,descendants,s,NarrTimeShiftNeutral,1
of,of,s,NarrTimeShiftNeutral,2
Indian,indian,s,PubLawNeutral,0
indentured,indentured,s,PubLawNeutral,1
laborers,laborers,s,CharTypesNeutral,0
form,form,s,DescriptChangeNeutral,0
an,an,s,DescriptChangeNeutral,1
integral,integral,s,PosValuesIntegral,0
part,part,s,PosValuesIntegral,1
of,of,s,OtherSyntacticComplexityOther,0
the,the,s,OtherSyntacticComplexityOther,1
national,national,s,PubAdministrationNeutral,0
identity,identity,c,SpecialTopicsMiscellanyNeutral,0
.,.,n,,0
1,1,c,ExpoOtherNeutral,0
.,.,s,ExpoOtherNeutral,1
Memory,memory,s,CharMentalStatesNeutral,0
and,and,s,OtherSyntacticComplexityOther,0
Identity,identity,s,SpecialTopicsMiscellanyNeutral,0
Among,among,s,OtherOrphanedOther,0
Indentured,indentured,s,PubLawNeutral,0
Laborers,laborers,n,CharTypesNeutral,0
For,for,s,OtherOrphanedOther,0
the,the,s,PubAdministrationNeutral,0
original,original,s,PubAdministrationNeutral,1
indentured,indentured,s,PubLawNeutral,0
laborers,laborers,c,CharTypesNeutral,0
",",",",s,SpecialTopicsMiscellanyNeutral,0
their,their,s,SpecialTopicsMiscellanyNeutral,1
experience,experience,s,StratOtherPos,0
in,in,s,StratOtherPos,1
the,the,s,OtherOrphanedOther,0
indenture,indenture,s,SpecialTopicsMiscellanyNeutral,0
system,system,s,SpecialTopicsMiscellanyNeutral,1
profoundly,profoundly,s,DescriptVisualNeutral,0
shaped,shaped,s,DescriptVisualNeutral,1
their,their,s,CharNamesNeutral,0
personal,personal,s,CharSubjectivityNeutral,0
and,and,s,OtherSyntacticComplexityOther,0
collective,collective,s,StratCoordinationNeutral,0
identities,identities,c,,0
.,.,s,,0
The,the,s,OtherOrphanedOther,0
shared,shared,s,NegActsResist,0
hardships,hardships,c,NegActsResist,1
",",",",s,,0
survival,survival,s,NarrTurningPointNeutral,0
tactics,tactics,c,StratCoordinationNeutral,0
",",",",s,,0
and,and,s,OtherSyntacticComplexityOther,0
adaptation,adaptation,s,DescriptChangeNeutral,0
to,to,s,OtherOrphanedOther,0
a,a,s,OtherOrphanedOther,0
foreign,foreign,s,SpecialTopicsMiscellanyNeutral,0
land,land,s,SpecialTopicsPlaceNeutral,0
all,all,s,ExpoOtherNeutral,0
became,became,s,DescriptChangeNeutral,0
key,key,s,ForcefulEmphaticNeutral,0
components,components,s,ForcefulEmphaticNeutral,1
of,of,s,OtherOrphanedOther,0
how,how,s,OtherOrphanedOther,0
they,they,s,OtherOrphanedOther,0
saw,saw,s,CharMentalStatesNeutral,0
themselves,themselves,s,CharMentalStatesNeutral,1
and,and,s,OtherSyntacticComplexityOther,0
how,how,s,OtherOrphanedOther,0
they,they,s,OtherOrphanedOther,0
were,were,s,UpdatesOtherNeutral,0
seen,seen,s,UpdatesOtherNeutral,1
by,by,s,OtherOrphanedOther,0
others,others,c,,0
.,.,s,,0
Memory,memory,s,CharMentalStatesNeutral,0
played,played,s,ForcefulSignificantNeutral,0
an,an,s,ForcefulSignificantNeutral,1
essential,essential,s,ForcefulSignificantNeutral,2
role,role,s,ForcefulSignificantNeutral,3
in,in,s,ForcefulSignificantNeutral,4
forming,forming,s,DescriptChangeNeutral,0
a,a,s,DescriptChangeNeutral,1
group,group,s,SpecialTopicsMiscellanyNeutral,0
identity,identity,s,SpecialTopicsMiscellanyNeutral,0
among,among,s,CharTypesNeutral,0
those,those,s,CharTypesNeutral,1
who,who,s,CharTypesNeutral,2
were,were,s,NarrOtherNeutral,0
taken,taken,s,,0
from,from,s,OtherOrphanedOther,0
India,india,s,SpecialTopicsPlaceNeutral,0
and,and,s,OtherSyntacticComplexityOther,0
worked,worked,s,NarrActsNeutral,0
on,on,s,NarrActsNeutral,1
plantations,plantations,s,DescriptVisualNeutral,0
in,in,s,OtherSyntacticComplexityOther,0
places,places,s,OtherSyntacticComplexityOther,1
like,like,s,OtherOrphanedOther,0
Suriname,suriname,c,SpecialTopicsPlaceNeutral,0
.,.,n,,0
a,a,c,OtherOrphanedOther,0
.,.,s,OtherOrphanedOther,1
Survival,survival,s,NarrTurningPointNeutral,0
and,and,s,OtherSyntacticComplexityOther,0
Cultural,cultural,s,SpecialTopicsMiscellanyNeutral,0
Adaptation,adaptation,n,DescriptChangeNeutral,0
The,the,s,OtherOrphanedOther,0
identity,identity,s,SpecialTopicsMiscellanyNeutral,0
of,of,s,OtherOrphanedOther,0
indentured,indentured,s,PubLawNeutral,0
laborers,laborers,s,CharTypesNeutral,0
was,was,s,NarrOtherNeutral,0
shaped,shaped,s,OtherOrphanedOther,0
by,by,s,OtherOrphanedOther,0
their,their,s,CharMentalStatesNeutral,0
memory,memory,s,CharMentalStatesNeutral,1
of,of,s,OtherOrphanedOther,0
migration,migration,c,NarrSceneShiftNeutral,0
",",",",s,,0
the,the,s,NegActsTrauma,0
trauma,trauma,s,NegActsTrauma,1
of,of,s,OtherOrphanedOther,0
separation,separation,s,DescriptVisualNeutral,0
from,from,s,DescriptVisualNeutral,1
their,their,s,CharNamesNeutral,0
families,families,c,SpecialTopicsMiscellanyNeutral,0
",",",",s,,0
the,the,s,OtherOrphanedOther,0
harshness,harshness,s,NegValuesHarshJudgment,0
of,of,s,OtherOrphanedOther,0
plantation,plantation,s,DescriptVisualNeutral,0
work,work,c,OtherOrphanedOther,0
",",",",s,,0
and,and,s,OtherSyntacticComplexityOther,0
the,the,s,OtherSyntacticComplexityOther,1
resilience,resilience,s,PosActsResilience,0
they,they,s,CitationAuthoritativePos,0
showed,showed,s,CitationAuthoritativePos,1
in,in,s,OtherOrphanedOther,0
surviving,surviving,s,,0
the,the,s,OtherOrphanedOther,0
grueling,grueling,s,NegEmotionsGrueling,0
conditions,conditions,c,NegEmotionsGrueling,1
.,.,s,,0
These,these,s,NarrOtherNeutral,0
memories,memories,s,NarrOtherNeutral,1
became,became,s,DescriptChangeNeutral,0
foundational,foundational,s,ReasoningOtherNeutral,0
to,to,s,OtherOrphanedOther,0
their,their,s,CharNamesNeutral,0
collective,collective,s,StratCoordinationNeutral,0
identity,identity,c,SpecialTopicsMiscellanyNeutral,0
",",",",s,OtherOrphanedOther,0
which,which,s,OtherOrphanedOther,1
was,was,s,NarrOtherNeutral,0
centered,centered,s,NarrOtherNeutral,1
around,around,s,DescriptVisualNeutral,0
a,a,s,DescriptVisualNeutral,1
shared,shared,s,OtherOrphanedOther,0
struggle,struggle,s,CharTraitsNeg,0
for,for,s,CharTraitsNeg,1
survival,survival,c,NarrTurningPointNeutral,0
",",",",s,,0
dignity,dignity,c,PosValuesDignity,0
",",",",s,,0
and,and,s,OtherSyntacticComplexityOther,0
cultural,cultural,s,SpecialTopicsMiscellanyNeutral,0
preservation,preservation,c,PubAdministrationNeutral,0
.,.,n,NarrDurationNeutral,0
As,as,s,NarrDurationNeutral,1
they,they,s,NarrDurationNeutral,2
were,were,s,NarrOtherNeutral,0
taken,taken,s,,0
from,from,s,OtherOrphanedOther,0
their,their,s,CharNamesNeutral,0
villages,villages,s,SpecialTopicsPlaceNeutral,0
and,and,s,OtherSyntacticComplexityOther,0
communities,communities,s,SpecialTopicsMiscellanyNeutral,0
in,in,s,OtherOrphanedOther,0
India,india,c,SpecialTopicsPlaceNeutral,0
",",",",s,,0
indentured,indentured,s,PubLawNeutral,0
laborers,laborers,s,CharTypesNeutral,0
often,often,s,NarrDurationNeutral,0
found,found,s,ContingentEventNeutral,0
themselves,themselves,s,ContingentEventNeutral,1
displaced,displaced,s,NegRelEvict,0
and,and,s,OtherSyntacticComplexityOther,0
alienated,alienated,s,NegRelAlienate,0
in,in,s,OtherOrphanedOther,0
a,a,s,OtherOrphanedOther,0
foreign,foreign,s,SpecialTopicsMiscellanyNeutral,0
land,land,c,SpecialTopicsPlaceNeutral,0
.,.,s,MetadiscourseContrastNeutral,0
However,however,c,MetadiscourseContrastNeutral,1
",",",",s,SpecialTopicsMiscellanyNeutral,0
their,their,s,SpecialTopicsMiscellanyNeutral,1
memory,memory,s,NarrOtherNeutral,0
of,of,s,NarrOtherNeutral,1
home,home,c,SpecialTopicsPlaceNeutral,0
",",",",s,,0
the,the,s,OtherOrphanedOther,0
values,values,s,,0
and,and,s,OtherSyntacticComplexityOther,0
customs,customs,s,PubAdministrationNeutral,0
they,they,s,OtherOrphanedOther,0
carried,carried,s,OtherOrphanedOther,0
with,with,s,OtherOrphanedOther,0
them,them,c,NarrActsNeutral,0
",",",",s,,0
became,became,s,DescriptChangeNeutral,0
a,a,s,DescriptChangeNeutral,1
form,form,s,SpecialTopicsMiscellanyNeutral,0
of,of,s,SpecialTopicsMiscellanyNeutral,1
cultural,cultural,s,PosActsResilience,0
resilience,resilience,s,PosActsResilience,1
that,that,s,OtherOrphanedOther,0
enabled,enabled,s,FacilitateEnablePos,0
them,them,s,NarrActsNeutral,0
to,to,s,OtherOrphanedOther,0
hold,hold,s,NarrDurationNeutral,0
onto,onto,s,NarrDurationNeutral,1
their,their,s,CharTypesNeutral,0
identity,identity,s,CharTypesNeutral,1
as,as,s,OtherOrphanedOther,0
Indians,indians,s,CharTypesNeutral,0
while,while,s,NarrDurationNeutral,0
adapting,adapting,s,PosValuesOther,0
to,to,s,PosValuesOther,1
their,their,s,CharNamesNeutral,0
new,new,s,NarrImmediacyNeutral,0
environment,environment,c,SpecialTopicsMiscellanyNeutral,0
.,.,s,MetadiscourseOtherNeutral,0
In,in,s,MetadiscourseOtherNeutral,1
many,many,s,MetadiscourseOtherNeutral,2
ways,ways,c,MetadiscourseOtherNeutral,3
",",",",s,,0
the,the,s,CharMentalStatesNeutral,0
memories,memories,s,CharMentalStatesNeutral,1
of,of,s,NarrBiographyNeutral,0
their,their,s,NarrBiographyNeutral,1
life,life,s,NarrBiographyNeutral,2
in,in,s,OtherOrphanedOther,0
India,india,s,SpecialTopicsPlaceNeutral,0
were,were,s,NarrOtherNeutral,0
tied,tied,s,ExpoSpecificationNeutral,0
to,to,s,ExpoSpecificationNeutral,1
their,their,s,CharNamesNeutral,0
sense,sense,s,SpecialTopicsMiscellanyNeutral,0
of,of,s,SpecialTopicsMiscellanyNeutral,1
self,self,c,CharSubjectivityNeutral,0
",",",",s,,0
even,even,s,ForcefulIntenseNeutral,0
when,when,s,ForcefulIntenseNeutral,1
they,they,s,OtherOrphanedOther,0
were,were,s,NarrOtherNeutral,0
far,far,s,DescriptVisualNeutral,0
from,from,s,DescriptVisualNeutral,1
home,home,c,SpecialTopicsPlaceNeutral,0
.,.,n,,0
b,b,c,OtherOrphanedOther,0
.,.,s,OtherOrphanedOther,1
Cultural,cultural,s,SpecialTopicsMiscellanyNeutral,0
Memory,memory,s,CharMentalStatesNeutral,0
and,and,s,OtherSyntacticComplexityOther,0
Traditions,traditions,n,NarrOtherNeutral,0
Cultural,cultural,s,SpecialTopicsMiscellanyNeutral,0
memory,memory,c,CharMentalStatesNeutral,0
",",",",s,OtherOrphanedOther,0
which,which,s,OtherOrphanedOther,1
encompasses,encompasses,s,DescriptVisualNeutral,0
religious,religious,s,CharTraitsNeutral,0
practices,practices,c,OtherOrphanedGenericActivity,0
",",",",s,,0
languages,languages,c,SpecialTopicsMiscellanyNeutral,0
",",",",s,,0
and,and,s,OtherSyntacticComplexityOther,0
festivals,festivals,c,PosEmotionsFestive,0
",",",",s,,0
became,became,s,DescriptChangeNeutral,0
key,key,s,DescriptObjectsNeutral,0
ways,ways,s,DescriptObjectsNeutral,1
in,in,s,OtherSyntacticComplexityOther,0
which,which,s,OtherSyntacticComplexityOther,1
indentured,indentured,s,PubLawNeutral,0
laborers,laborers,s,CharTypesNeutral,0
maintained,maintained,s,NarrDurationNeutral,0
their,their,s,NarrDurationNeutral,1
identity,identity,s,SpecialTopicsMiscellanyNeutral,0
in,in,s,OtherOrphanedOther,0
Suriname,suriname,c,SpecialTopicsPlaceNeutral,0
.,.,s,,0
Through,through,s,OtherOrphanedOther,0
shared,shared,s,OtherOrphanedOther,0
practices,practices,s,OtherOrphanedGenericActivity,0
like,like,s,OtherOrphanedOther,0
Hindu,hindu,s,SpecialTopicsMiscellanyNeutral,0
rituals,rituals,c,PubAdministrationNeutral,0
",",",",s,,0
Muslim,muslim,s,CharTypesNeutral,0
prayers,prayers,c,SpecialTopicsMiscellanyNeutral,0
",",",",s,,0
and,and,s,OtherSyntacticComplexityOther,0
festivals,festivals,s,PosEmotionsFestive,0
(,(,c,OtherOrphanedOther,0
e.g,e.g,c,ExpoExampleNeutral,0
.,.,c,ExpoExampleNeutral,1
",",",",s,,0
Diwali,diwali,c,,0
",",",",s,,0
Id-ul-Fitr,id-ul-fitr,c,,0
),),c,OtherOrphanedOther,0
",",",",s,,0
they,they,s,ExpoOtherNeutral,0
created,created,s,ExpoOtherNeutral,1
a,a,s,UpdatesOtherNeutral,0
new,new,s,UpdatesOtherNeutral,1
community,community,s,SpecialTopicsMiscellanyNeutral,0
identity,identity,s,SpecialTopicsMiscellanyNeutral,1
that,that,s,OtherOrphanedOther,0
was,was,s,NarrOtherNeutral,0
rooted,rooted,s,NarrOtherNeutral,1
in,in,s,OtherSyntacticComplexityOther,0
their,their,s,OtherSyntacticComplexityOther,1
Indian,indian,s,CharTypesNeutral,0
heritage,heritage,s,NarrOtherNeutral,0
but,but,s,MetadiscourseContrastNeutral,0
also,also,s,MetadiscourseAdditionNeutral,0
adapted,adapted,s,PosValuesOther,0
to,to,s,PosValuesOther,1
the,the,s,OtherOrphanedOther,0
Surinamese,surinamese,s,CharTypesNeutral,0
context,context,c,ContingentEventNeutral,0
.,.,n,,0
Language,language,s,SpecialTopicsMiscellanyNeutral,0
played,played,s,ForcefulSignificantNeutral,0
a,a,s,ForcefulSignificantNeutral,1
crucial,crucial,s,ForcefulSignificantNeutral,2
role,role,s,ForcefulSignificantNeutral,3
in,in,s,ForcefulSignificantNeutral,4
memory,memory,s,CharMentalStatesNeutral,0
retention,retention,c,SpecialTopicsMiscellanyNeutral,0
",",",",s,,0
as,as,s,OtherOrphanedOther,0
many,many,s,ExpoOtherNeutral,0
indentured,indentured,s,PubLawNeutral,0
workers,workers,s,CharTypesNeutral,0
spoke,spoke,s,InterOtherNeutral,0
Bhojpuri,bhojpuri,c,,0
",",",",s,,0
Hindi,hindi,c,SpecialTopicsMiscellanyNeutral,0
",",",",s,,0
or,or,s,OtherSyntacticComplexityOther,0
Tamil,tamil,c,SpecialTopicsMiscellanyNeutral,0
.,.,s,,0
These,these,s,OtherOrphanedOther,0
languages,languages,s,SpecialTopicsMiscellanyNeutral,0
not,not,s,ForcefulEmphaticNeutral,0
only,only,s,ForcefulEmphaticNeutral,1
represented,represented,s,SpecialTopicsMiscellanyNeutral,0
a,a,s,OtherOrphanedOther,0
connection,connection,s,SpecialTopicsMiscellanyNeutral,0
to,to,s,OtherOrphanedOther,0
their,their,s,CharNamesNeutral,0
ancestral,ancestral,s,NarrOtherNeutral,0
homeland,homeland,s,,0
but,but,s,MetadiscourseContrastNeutral,0
also,also,s,MetadiscourseAdditionNeutral,0
acted,acted,s,ExpoComparisonNeutral,0
as,as,s,ExpoComparisonNeutral,1
a,a,s,ExpoComparisonNeutral,2
vehicle,vehicle,s,DescriptObjectsNeutral,0
for,for,s,OtherOrphanedOther,0
cultural,cultural,s,SpecialTopicsMiscellanyNeutral,0
transmission,transmission,s,SpecialTopicsMiscellanyNeutral,0
across,across,s,NarrTimeShiftNeutral,0
generations,generations,c,NarrTimeShiftNeutral,1
.,.,s,MetadiscourseContrastNeutral,0
Even,even,s,MetadiscourseContrastNeutral,1
though,though,s,MetadiscourseContrastNeutral,2
the,the,s,OtherOrphanedOther,0
language,language,s,SpecialTopicsMiscellanyNeutral,0
evolved,evolved,s,DescriptChangePos,0
over,over,s,NarrOtherNeutral,0
time,time,s,NarrOtherNeutral,1
due,due,s,ReasoningOtherNeutral,0
to,to,s,ReasoningOtherNeutral,1
creolization,creolization,c,SpecialTopicsMiscellanyNeutral,0
",",",",s,,0
the,the,s,CharMentalStatesNeutral,0
memory,memory,s,CharMentalStatesNeutral,1
of,of,s,SpecialTopicsMiscellanyNeutral,0
language,language,s,SpecialTopicsMiscellanyNeutral,1
maintained,maintained,s,NarrDurationNeutral,0
a,a,s,NarrDurationNeutral,1
sense,sense,s,SpecialTopicsMiscellanyNeutral,0
of,of,s,SpecialTopicsMiscellanyNeutral,1
cultural,cultural,s,NarrOtherNeutral,0
continuity,continuity,c,NarrOtherNeutral,1
.,.,n,,0
2,2,c,ExpoOtherNeutral,0
.,.,s,ExpoOtherNeutral,1
Transmission,transmission,s,SpecialTopicsMiscellanyNeutral,0
of,of,s,SpecialTopicsMiscellanyNeutral,1
Memory,memory,s,CharMentalStatesNeutral,0
and,and,s,OtherSyntacticComplexityOther,0
Identity,identity,s,SpecialTopicsMiscellanyNeutral,0
to,to,s,OtherOrphanedOther,0
New,new,s,NarrImmediacyNeutral,0
Generations,generations,n,SpecialTopicsMiscellanyNeutral,0
For,for,s,OtherOrphanedOther,0
the,the,s,NarrTimeShiftNeutral,0
descendants,descendants,s,NarrTimeShiftNeutral,1
of,of,s,NarrTimeShiftNeutral,2
indentured,indentured,s,PubLawNeutral,0
laborers,laborers,c,CharTypesNeutral,0
",",",",s,,0
identity,identity,s,SpecialTopicsMiscellanyNeutral,0
continues,continues,s,UpdatesOtherNeutral,0
to,to,s,UpdatesOtherNeutral,1
be,be,s,UpdatesOtherNeutral,2
shaped,shaped,s,OtherOrphanedOther,0
by,by,s,ReasoningOtherNeutral,0
memory,memory,c,ReasoningOtherNeutral,1
",",",",s,MetadiscourseContrastNeutral,0
but,but,s,MetadiscourseContrastNeutral,1
it,it,s,ConfidenceHighNeutral,0
is,is,s,ConfidenceHighNeutral,1
also,also,s,MetadiscourseAdditionNeutral,0
reinterpreted,reinterpreted,s,NarrDurationNeutral,0
and,and,s,OtherSyntacticComplexityOther,0
reconstructed,reconstructed,s,DescriptChangePos,0
in,in,s,OtherSyntacticComplexityOther,0
ways,ways,s,OtherSyntacticComplexityOther,1
that,that,s,OtherSyntacticComplexityOther,2
may,may,s,ConfidenceHedgedNeutral,0
differ,differ,s,ConfidenceHedgedNeutral,1
from,from,s,NarrDurationNeutral,0
the,the,s,NarrDurationNeutral,1
original,original,s,NarrDurationNeutral,2
experiences,experiences,s,NarrActsNeutral,0
of,of,s,OtherSyntacticComplexityOther,0
their,their,s,OtherSyntacticComplexityOther,1
ancestors,ancestors,c,NarrOtherNeutral,0
.,.,s,,0
These,these,s,OtherOrphanedOther,0
new,new,s,NarrImmediacyNeutral,0
generations,generations,s,SpecialTopicsMiscellanyNeutral,0
navigate,navigate,s,DescriptMotionNeutral,0
their,their,s,CharTypesNeutral,0
identity,identity,s,CharTypesNeutral,1
within,within,s,MetadiscourseOtherNeutral,0
the,the,s,MetadiscourseOtherNeutral,1
context,context,s,MetadiscourseOtherNeutral,2
of,of,s,MetadiscourseOtherNeutral,3
modernity,modernity,c,SpecialTopicsMiscellanyNeutral,0
",",",",s,,0
national,national,s,PubAdministrationNeutral,0
identity,identity,c,SpecialTopicsMiscellanyNeutral,0
",",",",s,,0
and,and,s,OtherSyntacticComplexityOther,0
the,the,s,OtherSyntacticComplexityOther,1
complexities,complexities,s,UncertaintyOtherNeutral,0
of,of,s,UncertaintyOtherNeutral,1
being,being,s,OtherOrphanedOther,0
part,part,s,SpecialTopicsMiscellanyNeutral,0
of,of,s,SpecialTopicsMiscellanyNeutral,1
a,a,s,SpecialTopicsMiscellanyNeutral,2
multicultural,multicultural,s,SpecialTopicsMiscellanyNeutral,0
society,society,s,PubAdministrationNeutral,0
like,like,s,OtherOrphanedOther,0
Suriname,suriname,c,SpecialTopicsPlaceNeutral,0
.,.,n,,0
a,a,c,OtherOrphanedOther,0
.,.,s,OtherOrphanedOther,1
Family,family,s,SpecialTopicsMiscellanyNeutral,0
and,and,s,OtherSyntacticComplexityOther,0
Community,community,s,SpecialTopicsMiscellanyNeutral,0
Narratives,narratives,n,SpecialTopicsMiscellanyNeutral,1
Much,much,s,OtherSyntacticComplexityOther,0
of,of,s,OtherSyntacticComplexityOther,1
the,the,s,OtherSyntacticComplexityOther,2
identity,identity,s,SpecialTopicsMiscellanyNeutral,0
of,of,s,ExpoOtherNeutral,0
the,the,s,ExpoOtherNeutral,1
second,second,s,ExpoOtherNeutral,2
and,and,s,OtherSyntacticComplexityOther,0
third,third,s,,0
generations,generations,s,NarrBiographyNeutral,0
of,of,s,NarrBiographyNeutral,1
Indo-Surinamese,indo-surinamese,s,,0
people,people,s,CharTypesNeutral,0
is,is,s,OtherOrphanedOther,0
shaped,shaped,s,OtherOrphanedOther,0
by,by,s,OtherOrphanedOther,0
family,family,s,SpecialTopicsMiscellanyNeutral,0
narratives,narratives,s,SpecialTopicsMiscellanyNeutral,0
passed,passed,s,PubCommunicationNeutral,0
down,down,s,PubCommunicationNeutral,1
from,from,s,OtherOrphanedOther,0
the,the,s,OtherOrphanedOther,0
older,older,s,ExpoComparisonNeutral,0
generations,generations,c,SpecialTopicsMiscellanyNeutral,0
.,.,s,,0
These,these,s,OtherOrphanedOther,0
narratives,narratives,s,SpecialTopicsMiscellanyNeutral,0
often,often,s,NarrDurationNeutral,0
include,include,s,NarrActsNeutral,0
memories,memories,s,NarrOtherNeutral,0
of,of,s,NarrOtherNeutral,1
migration,migration,c,NarrSceneShiftNeutral,0
",",",",s,,0
the,the,s,OtherOrphanedOther,0
plantation,plantation,s,DescriptVisualNeutral,0
life,life,c,NarrBiographyNeutral,0
",",",",s,,0
and,and,s,OtherSyntacticComplexityOther,0
the,the,s,OtherSyntacticComplexityOther,1
struggles,struggles,s,,0
of,of,s,OtherSyntacticComplexityOther,0
their,their,s,OtherSyntacticComplexityOther,1
forebears,forebears,c,NarrOtherNeutral,0
.,.,s,,0
In,in,s,OtherSyntacticComplexityOther,0
many,many,s,OtherSyntacticComplexityOther,1
Indo-Surinamese,indo-surinamese,s,,0
families,families,c,SpecialTopicsMiscellanyNeutral,0
",",",",s,,0
the,the,s,CharMentalStatesNeutral,0
memory,memory,s,CharMentalStatesNeutral,1
of,of,s,OtherOrphanedOther,0
indenture,indenture,s,PubLawNeutral,0
is,is,s,OtherOrphanedOther,0
preserved,preserved,s,OtherOrphanedOther,0
through,through,s,OtherOrphanedOther,0
storytelling,storytelling,c,OtherOrphanedGenericActivity,0
",",",",s,OtherOrphanedOther,0
which,which,s,OtherOrphanedOther,1
helps,helps,s,FacilitateHelpPos,0
to,to,s,FacilitateHelpPos,1
reinforce,reinforce,s,DescriptChangePos,0
cultural,cultural,s,NarrOtherNeutral,0
continuity,continuity,s,NarrOtherNeutral,1
and,and,s,OtherSyntacticComplexityOther,0
strengthen,strengthen,s,DescriptChangePos,0
community,community,s,SpecialTopicsMiscellanyNeutral,0
bonds,bonds,c,SpecialTopicsMiscellanyNeutral,1
.,.,n,MetadiscourseContrastNeutral,0
However,however,c,MetadiscourseContrastNeutral,1
",",",",s,,0
these,these,s,NarrOtherNeutral,0
memories,memories,s,NarrOtherNeutral,1
are,are,s,NarrDurationNeutral,0
often,often,s,NarrDurationNeutral,1
distorted,distorted,s,NegActsDistort,0
or,or,s,OtherSyntacticComplexityOther,0
romanticized,romanticized,s,NegActsPrefixOver,0
over,over,s,NarrOtherNeutral,0
time,time,c,NarrOtherNeutral,1
.,.,s,,0
For,for,s,ExpoExampleNeutral,0
example,example,c,ExpoExampleNeutral,1
",",",",s,ExpoExampleNeutral,2
stories,stories,s,NarrSequenceNeutral,0
of,of,s,OtherOrphanedOther,0
hardship,hardship,s,NegActsResist,0
may,may,s,ConfidenceHedgedNeutral,0
become,become,s,ConfidenceHedgedNeutral,1
stories,stories,s,NarrSequenceNeutral,0
of,of,s,OtherOrphanedOther,0
triumph,triumph,c,StratCompetitionPos,0
",",",",s,,0
or,or,s,OtherSyntacticComplexityOther,0
memories,memories,s,NarrOtherNeutral,0
of,of,s,NarrOtherNeutral,1
suffering,suffering,s,NegEmotionsSuffer,0
may,may,s,NegEmotionsSuffer,1
be,be,s,OtherOrphanedOther,0
idealized,idealized,s,NegValuesOther,0
as,as,s,ReasoningEvidenceNeutral,0
evidence,evidence,s,ReasoningEvidenceNeutral,1
of,of,s,OtherSyntacticComplexityOther,0
the,the,s,OtherSyntacticComplexityOther,1
family's,family's,s,SpecialTopicsMiscellanyNeutral,0
resilience,resilience,c,PosActsResilience,0
.,.,s,,0
This,this,s,OtherOrphanedOther,0
selective,selective,s,NegRelSuspicion,0
remembering,remembering,s,CharMentalStatesNeutral,0
creates,creates,s,StratCoordinationPos,0
a,a,s,StratCoordinationPos,1
collective,collective,s,StratCoordinationPos,2
identity,identity,s,SpecialTopicsMiscellanyNeutral,0
that,that,s,OtherOrphanedOther,0
focuses,focuses,s,SpecialTopicsMiscellanyNeutral,0
more,more,s,MetadiscourseAdditionNeutral,0
on,on,s,MetadiscourseAdditionNeutral,1
the,the,s,MetadiscourseAdditionNeutral,2
positive,positive,s,,0
aspects,aspects,s,SpecialTopicsMiscellanyNeutral,0
of,of,s,SpecialTopicsMiscellanyNeutral,1
survival,survival,s,NarrTurningPointNeutral,0
and,and,s,OtherSyntacticComplexityOther,0
adaptation,adaptation,s,DescriptChangeNeutral,0
rather,rather,s,ExpoOtherNeutral,0
than,than,s,ExpoOtherNeutral,1
the,the,s,OtherOrphanedOther,0
pain,pain,s,NegEmotionsPain,0
and,and,s,NegEmotionsPain,1
loss,loss,s,NegEmotionsPain,2
endured,endured,s,CharTraitsNeutral,0
during,during,s,NarrDurationNeutral,0
the,the,s,NarrDurationNeutral,1
indenture,indenture,s,NarrDurationNeutral,0
period,period,c,NarrDurationNeutral,1
.,.,n,,0
b,b,c,OtherOrphanedOther,0
.,.,s,OtherOrphanedOther,1
Generational,generational,s,NarrTurningPointNeutral,0
Shifts,shifts,s,NarrTurningPointNeutral,1
in,in,s,OtherOrphanedOther,0
Identity,identity,n,SpecialTopicsMiscellanyNeutral,0
New,new,s,NarrImmediacyNeutral,0
generations,generations,c,SpecialTopicsMiscellanyNeutral,0
",",",",s,,0
particularly,particularly,s,ExpoSpecificationNeutral,0
those,those,s,ExpoSpecificationNeutral,1
who,who,s,OtherOrphanedOther,0
grew,grew,s,NarrBiographyNeutral,0
up,up,s,NarrBiographyNeutral,1
in,in,s,NarrBiographyNeutral,2
urbanized,urbanized,s,DescriptVisualNeutral,0
settings,settings,s,ContingentEventNeutral,0
or,or,s,OtherSyntacticComplexityOther,0
are,are,s,OtherOrphanedOther,0
exposed,exposed,s,NegRelExpose,0
to,to,s,NegRelExpose,1
globalization,globalization,s,SpecialTopicsMiscellanyNeutral,0
and,and,s,OtherSyntacticComplexityOther,0
modern,modern,s,NarrOtherNeutral,0
media,media,c,PubMediaNeutral,0
",",",",s,,0
may,may,s,ConfidenceHedgedNeutral,0
feel,feel,s,ConfidenceHedgedNeutral,1
detached,detached,s,OtherOrphanedOther,0
from,from,s,OtherOrphanedOther,1
the,the,s,OtherOrphanedOther,0
actual,actual,s,ForcefulEmphaticNeutral,0
lived,lived,s,StratOtherPos,0
experiences,experiences,s,StratOtherPos,1
of,of,s,OtherSyntacticComplexityOther,0
their,their,s,OtherSyntacticComplexityOther,1
ancestors,ancestors,c,NarrOtherNeutral,0
.,.,s,,0
The,the,s,CharMentalStatesNeutral,0
memory,memory,s,CharMentalStatesNeutral,1
of,of,s,OtherOrphanedOther,0
indenture,indenture,s,PubLawNeutral,0
becomes,becomes,s,DescriptChangeNeutral,0
abstracted,abstracted,s,SpecialTopicsMiscellanyNeutral,0
as,as,s,OtherSyntacticComplexityOther,0
it,it,s,OtherSyntacticComplexityOther,1
is,is,s,OtherSyntacticComplexityOther,2
increasingly,increasingly,s,DescriptChangeNeutral,0
historical,historical,s,NarrOtherNeutral,0
rather,rather,s,ExpoOtherNeutral,0
than,than,s,ExpoOtherNeutral,1
personal,personal,c,CharSubjectivityNeutral,0
.,.,s,,0
For,for,s,ExpoExampleNeutral,0
example,example,c,ExpoExampleNeutral,1
",",",",s,ExpoExampleNeutral,2
children,children,s,CharTypesNeutral,0
or,or,s,OtherSyntacticComplexityOther,0
grandchildren,grandchildren,s,CharTypesNeutral,0
of,of,s,OtherOrphanedOther,0
indentured,indentured,s,PubLawNeutral,0
laborers,laborers,s,CharTypesNeutral,0
might,might,s,ConfidenceHedgedNeutral,0
not,not,s,ConfidenceHedgedNeutral,1
have,have,s,PosValuesClarity,0
a,a,s,PosValuesClarity,1
clear,clear,s,PosValuesClarity,2
memory,memory,s,NarrOtherNeutral,0
of,of,s,NarrOtherNeutral,1
the,the,s,OtherOrphanedOther,0
struggles,struggles,s,,0
that,that,s,OtherOrphanedOther,0
their,their,s,CharNamesNeutral,0
forebears,forebears,s,NarrOtherNeutral,0
endured,endured,c,CharTraitsNeutral,0
",",",",s,MetadiscourseContrastNeutral,0
but,but,s,MetadiscourseContrastNeutral,1
instead,instead,s,MetadiscourseOtherNeutral,0
have,have,s,NarrActsNeutral,0
an,an,s,NarrActsNeutral,1
image,image,s,DescriptObjectsNeutral,0
of,of,s,DescriptObjectsNeutral,1
those,those,s,OtherOrphanedOther,0
struggles,struggles,s,,0
passed,passed,s,PubCommunicationNeutral,0
down,down,s,PubCommunicationNeutral,1
through,through,s,OtherOrphanedOther,0
stories,stories,s,NarrSequenceNeutral,0
and,and,s,OtherSyntacticComplexityOther,0
cultural,cultural,s,SpecialTopicsMiscellanyNeutral,0
rituals,rituals,c,PubAdministrationNeutral,0
.,.,n,,0
These,these,s,OtherOrphanedOther,0
generations,generations,s,SpecialTopicsMiscellanyNeutral,0
might,might,s,ConfidenceHedgedNeutral,0
still,still,s,OtherOrphanedOther,0
identify,identify,s,PosRelOther,0
with,with,s,PosRelOther,1
their,their,s,CharNamesNeutral,0
Indian,indian,s,CharTypesNeutral,0
heritage,heritage,c,NarrOtherNeutral,0
",",",",s,MetadiscourseContrastNeutral,0
but,but,s,MetadiscourseContrastNeutral,1
this,this,s,OtherOrphanedOther,0
identity,identity,s,SpecialTopicsMiscellanyNeutral,0
may,may,s,ConfidenceHedgedNeutral,0
not,not,s,ConfidenceHedgedNeutral,1
always,always,s,NarrDurationNeutral,0
align,align,s,PosRelOther,0
with,with,s,PosRelOther,1
the,the,s,PosRelOther,2
direct,direct,s,StratActsNeutral,0
memory,memory,s,NarrOtherNeutral,0
of,of,s,NarrOtherNeutral,1
indenture,indenture,c,PubLawNeutral,0
.,.,s,NarrDurationNeutral,0
As,as,s,NarrDurationNeutral,1
they,they,s,NarrDurationNeutral,2
grow,grow,s,NarrBiographyNeutral,0
up,up,s,NarrBiographyNeutral,1
in,in,s,NarrBiographyNeutral,2
a,a,s,OtherOrphanedOther,0
post-indenture,post-indenture,s,,0
society,society,c,PubAdministrationNeutral,0
",",",",s,,0
national,national,s,PubAdministrationNeutral,0
identity,identity,s,SpecialTopicsMiscellanyNeutral,0
(,(,c,OtherOrphanedOther,0
such,such,s,ExpoExampleNeutral,0
as,as,s,ExpoExampleNeutral,1
being,being,s,OtherOrphanedOther,0
Surinamese,surinamese,c,CharTypesNeutral,0
),),s,OtherOrphanedOther,0
may,may,s,ConfidenceHedgedNeutral,0
blend,blend,s,ConfidenceHedgedNeutral,1
with,with,s,OtherOrphanedOther,0
ethnic,ethnic,s,SpecialTopicsMiscellanyNeutral,0
identity,identity,c,SpecialTopicsMiscellanyNeutral,0
",",",",s,,0
leading,leading,s,ReasoningOtherNeutral,0
to,to,s,ReasoningOtherNeutral,1
a,a,s,ReasoningOtherNeutral,2
more,more,s,ExpoComparisonNeutral,0
hybrid,hybrid,s,SpecialTopicsMiscellanyNeutral,0
sense,sense,s,SpecialTopicsMiscellanyNeutral,0
of,of,s,SpecialTopicsMiscellanyNeutral,1
self,self,c,CharSubjectivityNeutral,0
.,.,s,,0
For,for,s,ExpoExampleNeutral,0
example,example,c,ExpoExampleNeutral,1
",",",",s,ExpoExampleNeutral,2
an,an,s,OtherOrphanedOther,0
Indo-Surinamese,indo-surinamese,s,,0
individual,individual,s,CharTypesNeutral,0
may,may,s,ConfidenceHedgedNeutral,0
feel,feel,s,ConfidenceHedgedNeutral,1
pride,pride,s,PosEmotionsPride,0
in,in,s,OtherOrphanedOther,0
both,both,s,OtherSyntacticComplexityOther,0
their,their,s,CharNamesNeutral,0
Surinamese,surinamese,s,CharTypesNeutral,0
nationality,nationality,s,SpecialTopicsMiscellanyNeutral,0
and,and,s,OtherSyntacticComplexityOther,0
their,their,s,CharNamesNeutral,0
Indian,indian,s,NarrBiographyNeutral,0
ancestry,ancestry,c,NarrBiographyNeutral,1
",",",",s,,0
a,a,s,OtherOrphanedOther,0
fusion,fusion,s,SpecialTopicsMiscellanyNeutral,0
of,of,s,OtherOrphanedOther,0
identities,identities,s,,0
that,that,s,OtherOrphanedOther,0
reflects,reflects,s,OtherOrphanedOther,0
the,the,s,OtherOrphanedOther,1
ongoing,ongoing,s,NarrImmediacyNeutral,0
evolution,evolution,s,DescriptChangePos,0
of,of,s,DescriptChangePos,1
memory,memory,s,CharMentalStatesNeutral,0
and,and,s,OtherSyntacticComplexityOther,0
cultural,cultural,s,SpecialTopicsMiscellanyNeutral,0
heritage,heritage,c,NarrOtherNeutral,0
.,.,n,,0
c,c,c,OtherOrphanedOther,0
.,.,s,OtherOrphanedOther,1
Cultural,cultural,s,SpecialTopicsMiscellanyNeutral,0
Practices,practices,s,OtherOrphanedGenericActivity,0
and,and,s,OtherSyntacticComplexityOther,0
Memory,memory,n,CharMentalStatesNeutral,0
The,the,s,PubAdministrationNeutral,0
role,role,s,PubAdministrationNeutral,1
of,of,s,PubAdministrationNeutral,2
religion,religion,s,SpecialTopicsMiscellanyNeutral,0
and,and,s,OtherSyntacticComplexityOther,0
festivals,festivals,s,PosEmotionsFestive,0
continues,continues,s,UpdatesOtherNeutral,0
to,to,s,UpdatesOtherNeutral,1
be,be,s,UpdatesOtherNeutral,2
a,a,s,SpecialTopicsMiscellanyNeutral,0
key,key,s,SpecialTopicsMiscellanyNeutral,1
means,means,s,SpecialTopicsMiscellanyNeutral,0
of,of,s,SpecialTopicsMiscellanyNeutral,1
connecting,connecting,s,ForcefulEmphaticNeutral,0
with,with,s,ForcefulEmphaticNeutral,1
the,the,s,ForcefulEmphaticNeutral,2
memories,memories,s,NarrOtherNeutral,0
of,of,s,NarrOtherNeutral,1
the,the,s,NarrOtherNeutral,0
past,past,c,NarrOtherNeutral,1
.,.,s,,0
For,for,s,ExpoExampleNeutral,0
example,example,c,ExpoExampleNeutral,1
",",",",s,ExpoExampleNeutral,2
Diwali,diwali,c,,0
",",",",s,,0
Holi,holi,c,,0
",",",",s,,0
and,and,s,OtherSyntacticComplexityOther,0
Navratri,navratri,s,,0
are,are,s,UpdatesNoticeNeutral,0
still,still,s,UpdatesNoticeNeutral,1
widely,widely,s,,0
celebrated,celebrated,s,PosEmotionsCelebrate,0
within,within,s,OtherOrphanedOther,0
the,the,s,OtherOrphanedOther,0
Indo-Surinamese,indo-surinamese,s,,0
community,community,c,SpecialTopicsMiscellanyNeutral,0
",",",",s,MetadiscourseContrastNeutral,0
but,but,s,MetadiscourseContrastNeutral,1
their,their,s,CharNamesNeutral,0
significance,significance,s,ForcefulSignificantNeutral,0
is,is,s,OtherOrphanedOther,0
sometimes,sometimes,s,ContingentRelationshipNeutral,0
more,more,s,MetadiscourseOtherNeutral,0
about,about,s,MetadiscourseOtherNeutral,1
cultural,cultural,s,PosEmotionsPride,0
pride,pride,s,PosEmotionsPride,1
than,than,s,ExpoComparisonNeutral,0
strictly,strictly,s,PubAdministrationNeutral,0
religious,religious,s,CharTraitsNeutral,0
observance,observance,c,PubAdministrationNeutral,0
.,.,s,,0
These,these,s,OtherOrphanedOther,0
festivals,festivals,s,PosEmotionsFestive,0
offer,offer,s,FacilitateEnablePos,0
a,a,s,FacilitateEnablePos,1
space,space,s,FacilitateEnablePos,2
for,for,s,FacilitateEnablePos,3
both,both,s,OtherSyntacticComplexityOther,0
cultural,cultural,s,SpecialTopicsMiscellanyNeutral,0
expression,expression,s,DescriptVisualNeutral,0
and,and,s,OtherSyntacticComplexityOther,0
the,the,s,OtherSyntacticComplexityOther,1
reaffirmation,reaffirmation,s,DescriptChangePos,0
of,of,s,OtherOrphanedOther,0
group,group,s,SpecialTopicsMiscellanyNeutral,0
identity,identity,c,SpecialTopicsMiscellanyNeutral,0
",",",",s,,0
as,as,s,NarrDurationNeutral,0
they,they,s,NarrDurationNeutral,1
are,are,s,NarrDurationNeutral,2
marked,marked,s,ForcefulEmphaticNeutral,0
by,by,s,ForcefulEmphaticNeutral,1
communal,communal,s,SpecialTopicsMiscellanyNeutral,0
gatherings,gatherings,c,SpecialTopicsMiscellanyNeutral,1
",",",",s,,0
prayers,prayers,c,SpecialTopicsMiscellanyNeutral,0
",",",",s,,0
and,and,s,OtherSyntacticComplexityOther,0
traditional,traditional,s,ReasoningDefendPos,0
practices,practices,s,ReasoningDefendPos,1
that,that,s,OtherSyntacticComplexityOther,0
have,have,s,OtherSyntacticComplexityOther,1
been,been,s,DescriptMotionNeutral,0
handed,handed,s,DescriptMotionNeutral,1
down,down,s,OtherOrphanedOther,0
through,through,s,OtherOrphanedOther,0
generations,generations,c,SpecialTopicsMiscellanyNeutral,0
.,.,n,MetadiscourseContrastNeutral,0
However,however,c,MetadiscourseContrastNeutral,1
",",",",s,,0
there,there,s,OtherSyntacticComplexityOther,0
is,is,s,OtherSyntacticComplexityOther,1
also,also,s,MetadiscourseAdditionNeutral,0
a,a,s,OtherOrphanedOther,0
shift,shift,s,DescriptChangeNeutral,0
in,in,s,OtherSyntacticComplexityOther,0
how,how,s,OtherSyntacticComplexityOther,1
these,these,s,NarrOtherNeutral,0
memories,memories,s,NarrOtherNeutral,1
are,are,s,CharMentalStatesNeutral,0
perceived,perceived,c,CharMentalStatesNeutral,1
.,.,s,,0
For,for,s,ExpoExampleNeutral,0
instance,instance,c,ExpoExampleNeutral,1
",",",",s,ExpoExampleNeutral,2
younger,younger,s,ExpoComparisonNeutral,0
generations,generations,s,SpecialTopicsMiscellanyNeutral,0
may,may,s,ConfidenceHedgedNeutral,0
feel,feel,s,ConfidenceHedgedNeutral,1
that,that,s,OtherOrphanedOther,0
these,these,s,OtherOrphanedOther,0
celebrations,celebrations,s,PosRelSocial,0
are,are,s,ExpoComparisonNeutral,0
more,more,s,ExpoComparisonNeutral,1
about,about,s,OtherOrphanedOther,0
community,community,s,SpecialTopicsMiscellanyNeutral,0
bonding,bonding,s,SpecialTopicsMiscellanyNeutral,1
than,than,s,ExpoComparisonNeutral,0
the,the,s,ExpoComparisonNeutral,1
actual,actual,s,ForcefulEmphaticNeutral,0
religious,religious,s,CharTraitsNeutral,0
or,or,s,OtherSyntacticComplexityOther,0
cultural,cultural,s,SpecialTopicsMiscellanyNeutral,0
significance,significance,c,ForcefulSignificantNeutral,0
.,.,s,,0
This,this,s,OtherOrphanedOther,0
shift,shift,s,DescriptChangeNeutral,0
reflects,reflects,s,OtherOrphanedOther,0
a,a,s,OtherOrphanedOther,1
broader,broader,s,NarrOtherNeutral,0
trend,trend,s,NarrOtherNeutral,1
where,where,s,OtherOrphanedOther,0
memory,memory,s,CharMentalStatesNeutral,0
becomes,becomes,s,DescriptChangeNeutral,0
symbolic,symbolic,c,SpecialTopicsMiscellanyNeutral,0
",",",",s,,0
serving,serving,s,NarrActsNeutral,0
as,as,s,NarrActsNeutral,1
a,a,s,NarrActsNeutral,2
marker,marker,s,ExpoExampleNeutral,0
of,of,s,ExpoExampleNeutral,1
belonging,belonging,s,PubLawNeutral,0
rather,rather,s,ExpoOtherNeutral,0
than,than,s,ExpoOtherNeutral,1
an,an,s,PosValuesMeticulous,0
exact,exact,s,PosValuesMeticulous,1
replication,replication,s,SpecialTopicsMiscellanyNeutral,0
of,of,s,OtherOrphanedOther,0
ancestral,ancestral,s,NarrOtherNeutral,0
practices,practices,c,OtherOrphanedGenericActivity,0
.,.,n,,0
3,3,c,ExpoOtherNeutral,0
.,.,s,ExpoOtherNeutral,1
Memory,memory,s,CharMentalStatesNeutral,0
and,and,s,OtherSyntacticComplexityOther,0
Identity,identity,s,SpecialTopicsMiscellanyNeutral,0
in,in,s,OtherOrphanedOther,0
a,a,s,OtherOrphanedOther,0
Multicultural,multicultural,s,SpecialTopicsMiscellanyNeutral,0
Society,society,n,PubAdministrationNeutral,0
In,in,s,OtherOrphanedOther,0
Suriname,suriname,c,SpecialTopicsPlaceNeutral,0
",",",",s,,0
the,the,s,OtherOrphanedOther,0
integration,integration,s,SpecialTopicsMiscellanyNeutral,0
of,of,s,OtherOrphanedOther,0
multiple,multiple,s,SpecialTopicsMiscellanyNeutral,0
ethnicities,ethnicities,c,SpecialTopicsMiscellanyNeutral,0
",",",",s,,0
including,including,s,NarrActsNeutral,0
Afro-Surinamese,afro-surinamese,c,,0
",",",",s,,0
Javanese,javanese,c,SpecialTopicsPlaceNeutral,0
",",",",s,,0
Chinese,chinese,c,CharTypesNeutral,0
",",",",s,,0
and,and,s,OtherSyntacticComplexityOther,0
Dutch,dutch,c,CharTypesNeutral,0
",",",",s,,0
leads,leads,s,ReasoningOtherNeutral,0
to,to,s,ReasoningOtherNeutral,1
a,a,s,ReasoningOtherNeutral,2
multicultural,multicultural,s,SpecialTopicsMiscellanyNeutral,0
society,society,s,PubAdministrationNeutral,0
where,where,s,OtherOrphanedOther,0
identities,identities,s,,0
are,are,s,NegActsResist,0
not,not,s,NegActsResist,1
static,static,s,SpecialTopicsMiscellanyNeutral,0
but,but,s,MetadiscourseContrastNeutral,0
are,are,s,OtherOrphanedOther,0
constantly,constantly,s,NarrDurationNeutral,0
being,being,s,PubDiplomacyNeutral,0
negotiated,negotiated,s,PubDiplomacyNeutral,1
and,and,s,OtherSyntacticComplexityOther,0
redefined,redefined,c,NarrDurationNeutral,0
.,.,s,,0
For,for,s,OtherOrphanedOther,0
the,the,s,NarrTimeShiftNeutral,0
descendants,descendants,s,NarrTimeShiftNeutral,1
of,of,s,NarrTimeShiftNeutral,2
indentured,indentured,s,PubLawNeutral,0
laborers,laborers,c,CharTypesNeutral,0
",",",",s,SpecialTopicsMiscellanyNeutral,0
their,their,s,SpecialTopicsMiscellanyNeutral,1
identity,identity,s,SpecialTopicsMiscellanyNeutral,0
is,is,s,OtherOrphanedOther,0
also,also,s,MetadiscourseAdditionNeutral,0
shaped,shaped,s,OtherOrphanedOther,0
by,by,s,OtherOrphanedOther,0
their,their,s,CharNamesNeutral,0
interaction,interaction,s,SpecialTopicsMiscellanyNeutral,0
with,with,s,OtherOrphanedOther,0
Afro-Surinamese,afro-surinamese,s,,0
culture,culture,s,SpecialTopicsMiscellanyNeutral,0
and,and,s,OtherSyntacticComplexityOther,0
the,the,s,OtherSyntacticComplexityOther,1
broader,broader,s,ExpoComparisonNeutral,0
national,national,s,PubAdministrationNeutral,0
identity,identity,s,SpecialTopicsMiscellanyNeutral,0
of,of,s,OtherOrphanedOther,0
Suriname,suriname,c,SpecialTopicsPlaceNeutral,0
.,.,n,,0
a,a,c,OtherOrphanedOther,0
.,.,s,OtherOrphanedOther,1
Indo-Surinamese,indo-surinamese,s,,0
Identity,identity,s,SpecialTopicsMiscellanyNeutral,0
in,in,s,MetadiscourseOtherNeutral,0
Relation,relation,s,MetadiscourseOtherNeutral,1
to,to,s,MetadiscourseOtherNeutral,2
Afro-Surinamese,afro-surinamese,s,,0
and,and,s,OtherSyntacticComplexityOther,0
Other,other,s,SpecialTopicsMiscellanyNeutral,0
Communities,communities,n,SpecialTopicsMiscellanyNeutral,1
The,the,s,CharMentalStatesNeutral,0
memory,memory,s,CharMentalStatesNeutral,1
of,of,s,OtherOrphanedOther,0
indenture,indenture,s,PubLawNeutral,0
is,is,s,InquiryCuriosityNeutral,0
a,a,s,InquiryCuriosityNeutral,1
key,key,s,InquiryCuriosityNeutral,2
element,element,s,InquiryCuriosityNeutral,3
of,of,s,InquiryCuriosityNeutral,4
Indo-Surinamese,indo-surinamese,s,,0
identity,identity,c,SpecialTopicsMiscellanyNeutral,0
",",",",s,MetadiscourseContrastNeutral,0
but,but,s,MetadiscourseContrastNeutral,1
this,this,s,OtherOrphanedOther,0
identity,identity,s,SpecialTopicsMiscellanyNeutral,0
also,also,s,MetadiscourseAdditionNeutral,0
evolves,evolves,s,DescriptChangePos,0
as,as,s,OtherSyntacticComplexityOther,0
it,it,s,OtherSyntacticComplexityOther,1
interacts,interacts,s,OtherOrphanedOther,0
with,with,s,OtherOrphanedOther,1
other,other,s,,0
ethnic,ethnic,s,SpecialTopicsMiscellanyNeutral,0
and,and,s,OtherSyntacticComplexityOther,0
cultural,cultural,s,SpecialTopicsMiscellanyNeutral,0
groups,groups,c,SpecialTopicsMiscellanyNeutral,0
.,.,s,,0
For,for,s,ExpoExampleNeutral,0
example,example,c,ExpoExampleNeutral,1
",",",",s,ExpoExampleNeutral,2
Afro-Surinamese,afro-surinamese,s,,0
people,people,c,CharTypesNeutral,0
",",",",s,,0
whose,whose,s,CharNamesNeutral,0
ancestors,ancestors,s,NarrOtherNeutral,0
were,were,s,NarrActsNeutral,0
brought,brought,s,NarrActsNeutral,1
to,to,s,OtherOrphanedOther,0
Suriname,suriname,s,SpecialTopicsPlaceNeutral,0
as,as,s,OtherOrphanedOther,0
slaves,slaves,c,CharTypesNeg,0
",",",",s,,0
have,have,s,NarrActsNeutral,0
their,their,s,ForcefulEmphaticNeutral,0
own,own,s,ForcefulEmphaticNeutral,1
collective,collective,s,PubCognitionNeutral,0
memory,memory,s,PubCognitionNeutral,1
tied,tied,s,ExpoSpecificationNeutral,0
to,to,s,ExpoSpecificationNeutral,1
resistance,resistance,c,NegActsResist,0
",",",",s,,0
freedom,freedom,c,PosValuesFreedom,0
",",",",s,,0
and,and,s,OtherSyntacticComplexityOther,0
survival,survival,c,NarrTurningPointNeutral,0
.,.,s,,0
The,the,s,OtherOrphanedOther,0
shared,shared,s,NarrOtherNeutral,0
history,history,s,NarrOtherNeutral,1
of,of,s,OtherOrphanedOther,0
colonial,colonial,s,SpecialTopicsMiscellanyNeutral,0
exploitation,exploitation,s,NegActsAggressive,0
and,and,s,OtherSyntacticComplexityOther,0
labor,labor,s,SpecialTopicsMiscellanyNeutral,0
(,(,c,OtherOrphanedOther,0
both,both,s,OtherSyntacticComplexityOther,0
indentured,indentured,s,PubLawNeutral,0
and,and,s,OtherSyntacticComplexityOther,0
enslaved,enslaved,c,NegActsAggressive,0
),),s,OtherOrphanedOther,0
creates,creates,s,DescriptChangeNeutral,0
a,a,s,DescriptChangeNeutral,1
sense,sense,s,SpecialTopicsMiscellanyNeutral,0
of,of,s,SpecialTopicsMiscellanyNeutral,1
solidarity,solidarity,c,PosRelSolidarity,0
",",",",s,MetadiscourseOtherNeutral,0
but,but,s,MetadiscourseOtherNeutral,1
also,also,s,MetadiscourseOtherNeutral,2
highlights,highlights,s,OtherOrphanedOther,0
the,the,s,OtherOrphanedOther,1
differences,differences,s,ExpoComparisonNeutral,0
between,between,s,ExpoComparisonNeutral,1
these,these,s,OtherOrphanedOther,0
communities,communities,c,SpecialTopicsMiscellanyNeutral,0
.,.,n,,0
Younger,younger,s,ExpoComparisonNeutral,0
generations,generations,s,NarrBiographyNeutral,0
of,of,s,NarrBiographyNeutral,1
Indo-Surinamese,indo-surinamese,s,,0
people,people,s,CharTypesNeutral,0
may,may,s,ConfidenceHedgedNeutral,0
identify,identify,s,ConfidenceHedgedNeutral,1
more,more,s,ExpoComparisonNeutral,0
strongly,strongly,s,ForcefulEmphaticNeutral,0
with,with,s,OtherOrphanedOther,0
their,their,s,CharNamesNeutral,0
Surinamese,surinamese,s,CharTypesNeutral,0
nationality,nationality,s,SpecialTopicsMiscellanyNeutral,0
than,than,s,ExpoComparisonNeutral,0
with,with,s,ExpoComparisonNeutral,1
their,their,s,CharNamesNeutral,0
Indian,indian,s,CharTypesNeutral,0
heritage,heritage,c,NarrOtherNeutral,0
",",",",s,,0
viewing,viewing,s,OtherOrphanedOther,0
their,their,s,OtherOrphanedOther,1
identity,identity,s,SpecialTopicsMiscellanyNeutral,0
through,through,s,OtherOrphanedOther,0
the,the,s,OtherOrphanedOther,0
lens,lens,s,SpecialTopicsMiscellanyNeutral,0
of,of,s,OtherOrphanedOther,0
multiculturalism,multiculturalism,s,SpecialTopicsMiscellanyNeutral,0
rather,rather,s,ExpoOtherNeutral,0
than,than,s,ExpoOtherNeutral,1
strictly,strictly,s,PubAdministrationNeutral,0
through,through,s,OtherOrphanedOther,0
the,the,s,CharMentalStatesNeutral,0
memory,memory,s,CharMentalStatesNeutral,1
of,of,s,OtherOrphanedOther,0
indenture,indenture,c,PubLawNeutral,0
.,.,n,,0
Conclusion,conclusion,n,ReasoningConcludeNeutral,0
Memory,memory,s,CharMentalStatesNeutral,0
plays,plays,s,ForcefulSignificantNeutral,0
a,a,s,ForcefulSignificantNeutral,1
central,central,s,ForcefulSignificantNeutral,2
role,role,s,ForcefulSignificantNeutral,3
in,in,s,ForcefulSignificantNeutral,4
shaping,shaping,s,OtherOrphanedOther,0
the,the,s,OtherOrphanedOther,1
identity,identity,s,SpecialTopicsMiscellanyNeutral,0
of,of,s,OtherSyntacticComplexityOther,0
the,the,s,OtherSyntacticComplexityOther,1
descendants,descendants,s,UncertaintyIndefiniteNeutral,0
of,of,s,OtherOrphanedOther,0
indentured,indentured,s,PubLawNeutral,0
laborers,laborers,c,CharTypesNeutral,0
",",",",s,,0
both,both,s,OtherSyntacticComplexityOther,0
at,at,s,DescriptVisualNeutral,0
an,an,s,DescriptVisualNeutral,1
individual,individual,s,CharTypesNeutral,0
and,and,s,OtherSyntacticComplexityOther,0
community,community,s,SpecialTopicsMiscellanyNeutral,0
level,level,c,SpecialTopicsMiscellanyNeutral,1
.,.,s,,0
Through,through,s,OtherOrphanedOther,0
family,family,s,NarrSequenceNeutral,0
stories,stories,c,NarrSequenceNeutral,1
",",",",s,,0
cultural,cultural,s,SpecialTopicsMiscellanyNeutral,0
practices,practices,c,OtherOrphanedGenericActivity,0
",",",",s,,0
and,and,s,OtherSyntacticComplexityOther,0
intergenerational,intergenerational,s,SpecialTopicsMiscellanyNeutral,0
transmission,transmission,c,SpecialTopicsMiscellanyNeutral,0
",",",",s,,0
the,the,s,CharMentalStatesNeutral,0
memories,memories,s,CharMentalStatesNeutral,1
of,of,s,OtherOrphanedOther,0
hardship,hardship,c,NegActsResist,0
",",",",s,,0
survival,survival,c,NarrTurningPointNeutral,0
",",",",s,,0
and,and,s,OtherSyntacticComplexityOther,0
adaptation,adaptation,s,DescriptChangeNeutral,0
continue,continue,s,NarrDurationNeutral,0
to,to,s,NarrDurationNeutral,1
inform,inform,s,UpdatesNoticeNeutral,0
how,how,s,InquiryCuriosityNeutral,0
these,these,s,InquiryCuriosityNeutral,1
generations,generations,s,SpecialTopicsMiscellanyNeutral,0
perceive,perceive,s,CharMentalStatesNeutral,0
themselves,themselves,s,CharMentalStatesNeutral,1
and,and,s,OtherSyntacticComplexityOther,0
their,their,s,CharNamesNeutral,0
place,place,s,OtherOrphanedOther,0
in,in,s,OtherSyntacticComplexityOther,0
society,society,c,OtherSyntacticComplexityOther,1
.,.,s,,0
As,as,s,OtherOrphanedOther,0
these,these,s,NarrOtherNeutral,0
memories,memories,s,NarrOtherNeutral,1
evolve,evolve,c,DescriptChangePos,0
",",",",s,,0
they,they,s,OtherOrphanedOther,0
shape,shape,s,OtherOrphanedOther,0
a,a,s,OtherOrphanedOther,1
hybrid,hybrid,s,SpecialTopicsMiscellanyNeutral,0
identity,identity,s,SpecialTopicsMiscellanyNeutral,0
that,that,s,OtherOrphanedOther,0
blends,blends,s,SpecialTopicsMiscellanyNeutral,0
both,both,s,OtherSyntacticComplexityOther,0
Indian,indian,s,CharTypesNeutral,0
cultural,cultural,s,SpecialTopicsMiscellanyNeutral,0
heritage,heritage,s,NarrOtherNeutral,0
and,and,s,OtherSyntacticComplexityOther,0
the,the,s,OtherSyntacticComplexityOther,1
experience,experience,s,NarrActsNeutral,0
of,of,s,OtherOrphanedOther,0
being,being,s,OtherOrphanedOther,0
Surinamese,surinamese,s,CharTypesNeutral,0
in,in,s,OtherOrphanedOther,0
a,a,s,OtherOrphanedOther,0
multicultural,multicultural,c,SpecialTopicsMiscellanyNeutral,0
",",",",s,,0
post-colonial,post-colonial,s,SpecialTopicsMiscellanyNeutral,0
world,world,c,SpecialTopicsPlaceNeutral,0
.,.,s,,0
For,for,s,OtherOrphanedOther,0
younger,younger,s,ExpoComparisonNeutral,0
generations,generations,c,SpecialTopicsMiscellanyNeutral,0
",",",",s,,0
the,the,s,OtherOrphanedOther,0
identity,identity,s,SpecialTopicsMiscellanyNeutral,0
tied,tied,s,ExpoSpecificationNeutral,0
to,to,s,ExpoSpecificationNeutral,1
the,the,s,CharMentalStatesNeutral,0
memories,memories,s,CharMentalStatesNeutral,1
of,of,s,OtherOrphanedOther,0
indenture,indenture,s,PubLawNeutral,0
may,may,s,ConfidenceHedgedNeutral,0
be,be,s,ConfidenceHedgedNeutral,1
less,less,s,CharSubjectivityNeutral,0
personal,personal,s,CharSubjectivityNeutral,1
and,and,s,OtherSyntacticComplexityOther,0
more,more,s,ExpoComparisonNeutral,0
symbolic,symbolic,c,SpecialTopicsMiscellanyNeutral,0
",",",",s,,0
serving,serving,s,NarrActsNeutral,0
as,as,s,NarrActsNeutral,1
a,a,s,NarrActsNeutral,2
means,means,s,CharTraitsNeutral,0
to,to,s,CharTraitsNeutral,1
connect,connect,s,ForcefulEmphaticNeutral,0
with,with,s,ForcefulEmphaticNeutral,1
the,the,s,ForcefulEmphaticNeutral,2
historical,historical,s,NarrOtherNeutral,0
legacy,legacy,s,NarrOtherNeutral,1
of,of,s,OtherSyntacticComplexityOther,0
their,their,s,OtherSyntacticComplexityOther,1
ancestors,ancestors,s,NarrOtherNeutral,0
while,while,s,InterOtherNeutral,0
navigating,navigating,s,InterOtherNeutral,1
modern,modern,s,NarrOtherNeutral,0
societal,societal,s,PubAdministrationNeutral,0
contexts,contexts,c,ContingentEventNeutral,0
.,.,n,,0
The,the,s,OtherOrphanedOther,0
Dutch,dutch,s,CharTypesNeutral,0
government's,government's,s,PubAdministrationNeutral,0
recognition,recognition,s,,0
of,of,s,OtherSyntacticComplexityOther,0
the,the,s,OtherSyntacticComplexityOther,1
violence,violence,s,NegActsViolence,0
and,and,s,OtherSyntacticComplexityOther,0
exploitation,exploitation,s,NegActsAggressive,0
within,within,s,OtherOrphanedOther,0
the,the,s,OtherOrphanedOther,0
indentured,indentured,s,PubLawNeutral,0
labor,labor,s,SpecialTopicsMiscellanyNeutral,0
system,system,s,SpecialTopicsMiscellanyNeutral,1
in,in,s,OtherOrphanedOther,0
Suriname,suriname,c,SpecialTopicsPlaceNeutral,0
",",",",s,,0
as,as,s,OtherSyntacticComplexityOther,0
well,well,s,OtherSyntacticComplexityOther,1
as,as,s,OtherSyntacticComplexityOther,2
any,any,s,ExpoOtherNeutral,0
efforts,efforts,s,CharTraitsNeutral,0
toward,toward,s,OtherOrphanedOther,0
reparations,reparations,c,ResponsibilityAcceptNeg,0
",",",",s,CharTraitsNeutral,0
is,is,s,CharTraitsNeutral,1
a,a,s,CharTraitsNeutral,2
complex,complex,s,SpecialTopicsMiscellanyNeutral,0
and,and,s,OtherSyntacticComplexityOther,0
often,often,s,NarrDurationNeutral,0
contentious,contentious,s,MetadiscoursePurposeNonFirstPerson,0
issue,issue,c,MetadiscoursePurposeNonFirstPerson,1
.,.,s,,0
While,while,s,NarrDurationNeutral,0
the,the,s,NarrDurationNeutral,1
indenture,indenture,s,SpecialTopicsMiscellanyNeutral,0
system,system,s,SpecialTopicsMiscellanyNeutral,1
was,was,s,NarrOtherNeutral,0
legally,legally,s,PubLawNeutral,0
distinct,distinct,s,ExpoComparisonNeutral,0
from,from,s,ExpoComparisonNeutral,1
slavery,slavery,c,NegRelServility,0
",",",",s,,0
the,the,s,OtherOrphanedOther,0
two,two,s,ExpoOtherNeutral,0
systems,systems,s,SpecialTopicsMiscellanyNeutral,0
were,were,s,NarrOtherNeutral,0
intertwined,intertwined,c,DescriptVisualNeutral,0
",",",",s,,0
and,and,s,OtherSyntacticComplexityOther,0
the,the,s,OtherSyntacticComplexityOther,1
harsh,harsh,s,ContingentPossibilityNeg,0
conditions,conditions,s,ContingentPossibilityNeg,1
faced,faced,s,DescriptVisualNeutral,0
by,by,s,OtherOrphanedOther,0
Indian,indian,s,PubLawNeutral,0
indentured,indentured,s,PubLawNeutral,1
laborers,laborers,s,CharTypesNeutral,0
often,often,s,NarrDurationNeutral,0
involved,involved,s,NarrActsNeutral,0
significant,significant,s,ForcefulSignificantNeutral,0
abuses,abuses,c,NegActsAggressive,0
",",",",s,,0
including,including,s,NarrActsNeutral,0
physical,physical,s,NegActsViolence,0
violence,violence,c,NegActsViolence,1
",",",",s,,0
forced,forced,s,NegActsAggressive,0
labor,labor,c,NegActsAggressive,1
",",",",s,,0
and,and,s,OtherSyntacticComplexityOther,0
psychological,psychological,s,NegActsTrauma,0
trauma,trauma,c,NegActsTrauma,1
.,.,n,,0
1,1,c,ExpoOtherNeutral,0
.,.,s,ExpoOtherNeutral,1
Recognition,recognition,s,,0
of,of,s,OtherSyntacticComplexityOther,0
the,the,s,OtherSyntacticComplexityOther,1
Violence,violence,s,NegActsViolence,0
of,of,s,OtherSyntacticComplexityOther,0
the,the,s,OtherSyntacticComplexityOther,1
Indenture,indenture,s,SpecialTopicsMiscellanyNeutral,0
System,system,n,SpecialTopicsMiscellanyNeutral,1
The,the,s,OtherOrphanedOther,0
Dutch,dutch,s,PubAdministrationNeutral,0
government,government,c,PubAdministrationNeutral,1
",",",",s,,0
particularly,particularly,s,ExpoSpecificationNeutral,0
in,in,s,ExpoSpecificationNeutral,1
the,the,s,NarrDurationNeutral,0
years,years,s,NarrDurationNeutral,1
immediately,immediately,s,NarrSequenceNeutral,0
following,following,s,NarrSequenceNeutral,1
the,the,s,OtherOrphanedOther,0
abolition,abolition,s,NegActsResist,0
of,of,s,OtherOrphanedOther,0
indenture,indenture,s,PubLawNeutral,0
in,in,s,NarrDurationNeutral,0
the,the,s,NarrDurationNeutral,1
early,early,s,NarrDurationNeutral,2
20th,20th,s,NarrDurationNeutral,0
century,century,c,NarrDurationNeutral,1
",",",",s,,0
did,did,s,NegEmotionsOther,0
not,not,s,NegEmotionsOther,1
make,make,s,NegEmotionsOther,2
significant,significant,s,CharTraitsNeutral,0
efforts,efforts,s,CharTraitsNeutral,1
to,to,s,PosRelAcknowledgement,0
acknowledge,acknowledge,s,PosRelAcknowledgement,1
the,the,s,OtherOrphanedOther,0
violence,violence,s,NegActsViolence,0
and,and,s,OtherSyntacticComplexityOther,0
exploitation,exploitation,s,NegActsAggressive,0
that,that,s,OtherOrphanedOther,0
indentured,indentured,s,PubLawNeutral,0
laborers,laborers,s,CharTypesNeutral,0
had,had,s,NarrOtherNeutral,0
experienced,experienced,s,NarrOtherNeutral,1
in,in,s,OtherOrphanedOther,0
Suriname,suriname,c,SpecialTopicsPlaceNeutral,0
.,.,s,,0
The,the,s,OtherOrphanedOther,0
system,system,s,SpecialTopicsMiscellanyNeutral,0
itself,itself,s,ForcefulEmphaticNeutral,0
was,was,s,ReasoningDefendPos,0
justified,justified,s,ReasoningDefendPos,1
by,by,s,OtherOrphanedOther,0
colonial,colonial,s,SpecialTopicsMiscellanyNeutral,0
authorities,authorities,s,PubAdministrationNeutral,0
as,as,s,OtherOrphanedOther,0
a,a,s,OtherOrphanedOther,1
necessary,necessary,s,ExpoOtherNeutral,0
means,means,s,SpecialTopicsMiscellanyNeutral,0
of,of,s,SpecialTopicsMiscellanyNeutral,1
economic,economic,s,SpecialTopicsMiscellanyNeutral,0
development,development,c,SpecialTopicsMiscellanyNeutral,1
",",",",s,,0
and,and,s,OtherSyntacticComplexityOther,0
the,the,s,OtherSyntacticComplexityOther,1
suffering,suffering,s,NegEmotionsSuffer,0
of,of,s,OtherSyntacticComplexityOther,0
the,the,s,OtherSyntacticComplexityOther,1
laborers,laborers,s,CharTypesNeutral,0
was,was,s,ConfidenceHedgedNeutral,0
largely,largely,s,ConfidenceHedgedNeutral,1
ignored,ignored,s,NegRelIgnore,0
or,or,s,OtherSyntacticComplexityOther,0
minimized,minimized,s,DescriptChangeNeutral,0
in,in,s,PubAdministrationNeutral,0
public,public,s,PubAdministrationNeutral,1
discourse,discourse,s,InterOtherNeutral,0
at,at,s,NarrDurationNeutral,0
the,the,s,NarrDurationNeutral,1
time,time,c,NarrDurationNeutral,2
.,.,n,NarrDurationNeutral,3
a,a,c,OtherOrphanedOther,0
.,.,s,OtherOrphanedOther,1
Post-Independence,post-independence,s,NarrSequenceNeutral,0
Silence,silence,n,DescriptVisualNeutral,0
After,after,s,NarrSequenceNeutral,0
Suriname,suriname,s,SpecialTopicsPlaceNeutral,0
gained,gained,s,DescriptChangePos,0
its,its,s,DescriptChangePos,1
independence,independence,s,DescriptChangePos,2
from,from,s,OtherOrphanedOther,0
the,the,s,OtherOrphanedOther,0
Netherlands,netherlands,s,SpecialTopicsPlaceNeutral,0
in,in,s,NarrTimeShiftNeutral,0
1975,1975,c,NarrTimeShiftNeutral,1
",",",",s,,0
the,the,s,OtherOrphanedOther,0
Dutch,dutch,s,CharTypesNeutral,0
government’s,government’s,s,PubAdministrationNeutral,0
stance,stance,s,CharSubjectivityNeutral,0
on,on,s,OtherOrphanedOther,0
its,its,s,OtherOrphanedOther,0
colonial,colonial,s,NarrOtherNeutral,0
history,history,s,NarrOtherNeutral,1
remained,remained,s,NarrDurationNeutral,0
largely,largely,s,ConfidenceHedgedNeutral,0
distant,distant,c,SpecialTopicsMiscellanyNeutral,0
",",",",s,,0
with,with,s,OtherOrphanedOther,0
little,little,s,DescriptVisualNeutral,0
recognition,recognition,s,,0
of,of,s,OtherSyntacticComplexityOther,0
the,the,s,OtherSyntacticComplexityOther,1
trauma,trauma,s,NegActsTrauma,0
inflicted,inflicted,s,NegActsAggressive,0
by,by,s,OtherOrphanedOther,0
both,both,s,MetadiscourseOtherNeutral,0
the,the,s,MetadiscourseOtherNeutral,1
transatlantic,transatlantic,s,DescriptVisualNeutral,0
slave,slave,s,SpecialTopicsMiscellanyNeutral,0
trade,trade,s,SpecialTopicsMiscellanyNeutral,1
and,and,s,OtherSyntacticComplexityOther,0
the,the,s,OtherSyntacticComplexityOther,1
indenture,indenture,s,SpecialTopicsMiscellanyNeutral,0
system,system,c,SpecialTopicsMiscellanyNeutral,1
.,.,n,,0
During,during,s,NarrDurationNeutral,0
the,the,s,NarrDurationNeutral,1
20th,20th,s,NarrDurationNeutral,2
century,century,c,NarrDurationNeutral,3
",",",",s,,0
as,as,s,OtherOrphanedOther,0
countries,countries,s,ExpoExampleNeutral,0
like,like,s,ExpoExampleNeutral,1
India,india,s,SpecialTopicsPlaceNeutral,0
and,and,s,OtherSyntacticComplexityOther,0
the,the,s,OtherSyntacticComplexityOther,1
Caribbean,caribbean,s,SpecialTopicsPlaceNeutral,0
began,began,s,NarrSequenceNeutral,0
to,to,s,NarrSequenceNeutral,1
confront,confront,s,NegRelConfront,0
their,their,s,CharNamesNeutral,0
colonial,colonial,s,SpecialTopicsMiscellanyNeutral,0
pasts,pasts,c,,0
",",",",s,,0
there,there,s,NarrOtherNeutral,0
were,were,s,NarrOtherNeutral,1
increasing,increasing,s,DescriptChangeNeutral,0
calls,calls,s,DescriptChangeNeutral,1
from,from,s,OtherOrphanedOther,0
both,both,s,OtherSyntacticComplexityOther,0
within,within,s,OtherOrphanedOther,0
Suriname,suriname,s,SpecialTopicsPlaceNeutral,0
and,and,s,OtherSyntacticComplexityOther,0
internationally,internationally,s,SpecialTopicsMiscellanyNeutral,0
for,for,s,OtherOrphanedOther,0
acknowledgment,acknowledgment,s,PosRelAcknowledgement,0
of,of,s,OtherSyntacticComplexityOther,0
the,the,s,OtherSyntacticComplexityOther,1
indentured,indentured,s,PubLawNeutral,0
system's,system's,s,SpecialTopicsMiscellanyNeutral,0
abuses,abuses,c,NegActsAggressive,0
",",",",s,MetadiscourseContrastNeutral,0
but,but,s,MetadiscourseContrastNeutral,1
the,the,s,OtherOrphanedOther,0
Dutch,dutch,s,PubAdministrationNeutral,0
government,government,s,PubAdministrationNeutral,1
largely,largely,s,ConfidenceHedgedNeutral,0
refrained,refrained,s,NegEmotionsReluctance,0
from,from,s,NegEmotionsReluctance,1
taking,taking,s,OtherOrphanedOther,0
any,any,s,PosValuesOther,0
meaningful,meaningful,s,PosValuesOther,1
steps,steps,s,OtherOrphanedOther,0
toward,toward,s,OtherOrphanedOther,0
reparations,reparations,s,ResponsibilityAcceptNeg,0
or,or,s,OtherSyntacticComplexityOther,0
official,official,s,PubAdministrationNeutral,0
recognition,recognition,c,PubAdministrationNeutral,1
.,.,n,,0
2,2,c,ExpoOtherNeutral,0
.,.,s,ExpoOtherNeutral,1
Dutch,dutch,s,CharTypesNeutral,0
Involvement,involvement,s,CharSubjectivityNeutral,0
in,in,s,CharSubjectivityNeutral,1
Suriname’s,suriname’s,s,,0
Colonial,colonial,s,NarrOtherNeutral,0
History,history,n,NarrOtherNeutral,1
The,the,s,OtherOrphanedOther,0
Netherlands,netherlands,s,SpecialTopicsPlaceNeutral,0
was,was,s,NarrOtherNeutral,0
heavily,heavily,s,ForcefulEmphaticNeutral,0
involved,involved,s,NarrActsNeutral,0
in,in,s,NarrActsNeutral,1
both,both,s,MetadiscourseOtherNeutral,0
the,the,s,MetadiscourseOtherNeutral,1
slave,slave,s,SpecialTopicsMiscellanyNeutral,0
trade,trade,s,SpecialTopicsMiscellanyNeutral,1
and,and,s,OtherSyntacticComplexityOther,0
the,the,s,OtherSyntacticComplexityOther,1
indenture,indenture,s,SpecialTopicsMiscellanyNeutral,0
system,system,c,SpecialTopicsMiscellanyNeutral,1
.,.,s,,0
From,from,s,OtherOrphanedOther,0
the,the,s,OtherOrphanedOther,0
mid-19th,mid-19th,s,,0
century,century,c,NarrDurationNeutral,0
",",",",s,,0
following,following,s,NarrSequenceNeutral,0
the,the,s,NarrSequenceNeutral,1
abolition,abolition,s,NegActsResist,0
of,of,s,OtherOrphanedOther,0
slavery,slavery,s,NegRelServility,0
in,in,s,OtherOrphanedOther,0
Suriname,suriname,s,SpecialTopicsPlaceNeutral,0
(,(,c,CitationReferenceNeutral,0
1863,1863,c,CitationReferenceNeutral,1
),),c,CitationReferenceNeutral,2
",",",",s,,0
the,the,s,OtherOrphanedOther,0
Dutch,dutch,s,CharTypesNeutral,0
sought,sought,s,StratActsNeutral,0
to,to,s,StratActsNeutral,1
replace,replace,s,ExpoOtherNeutral,0
enslaved,enslaved,s,NegActsAggressive,0
labor,labor,s,SpecialTopicsMiscellanyNeutral,0
with,with,s,OtherOrphanedOther,0
indentured,indentured,s,PubLawNeutral,0
workers,workers,s,CharTypesNeutral,0
from,from,s,OtherOrphanedOther,0
India,india,c,SpecialTopicsPlaceNeutral,0
",",",",s,,0
with,with,s,OtherOrphanedOther,0
many,many,s,ExpoOtherNeutral,0
arriving,arriving,s,NarrSceneShiftNeutral,0
under,under,s,OtherOrphanedOther,0
exploitative,exploitative,s,NegRelOther,0
and,and,s,OtherSyntacticComplexityOther,0
violent,violent,s,NegActsViolence,0
conditions,conditions,c,NegActsViolence,1
.,.,n,,0
Indentured,indentured,s,PubLawNeutral,0
workers,workers,s,CharTypesNeutral,0
faced,faced,s,DescriptVisualNeutral,0
horrific,horrific,s,NegEmotionsFear,0
living,living,s,NarrBiographyNeutral,0
and,and,s,OtherSyntacticComplexityOther,0
working,working,s,ContingentEventNeutral,0
conditions,conditions,c,ContingentEventNeutral,1
",",",",s,OtherOrphanedOther,0
which,which,s,OtherOrphanedOther,1
included,included,s,NarrActsNeutral,0
harsh,harsh,s,NegValuesHarshJudgment,0
physical,physical,s,SpecialTopicsMiscellanyNeutral,0
labor,labor,c,SpecialTopicsMiscellanyNeutral,0
",",",",s,,0
poor,poor,s,NegValuesPoor,0
health,health,s,NegValuesPoor,1
care,care,c,NegValuesPoor,2
",",",",s,,0
inadequate,inadequate,s,NegValuesInsufficient,0
food,food,c,NegValuesInsufficient,1
",",",",s,,0
and,and,s,OtherSyntacticComplexityOther,0
inadequate,inadequate,s,NegValuesInsufficient,0
pay,pay,c,NegValuesInsufficient,1
.,.,s,,0
Many,many,s,ExpoOtherNeutral,0
also,also,s,MetadiscourseAdditionNeutral,0
experienced,experienced,s,NarrActsNeutral,0
physical,physical,s,NegActsViolence,0
violence,violence,s,NegActsViolence,1
from,from,s,OtherOrphanedOther,0
plantation,plantation,s,DescriptVisualNeutral,0
owners,owners,s,CharTypesNeutral,0
and,and,s,OtherSyntacticComplexityOther,0
overseers,overseers,c,CharTypesNeutral,0
.,.,n,,0
This,this,s,OtherOrphanedOther,0
violence,violence,s,NegActsViolence,0
was,was,s,NarrOtherNeutral,0
systemic,systemic,c,SpecialTopicsMiscellanyNeutral,0
",",",",s,,0
with,with,s,OtherSyntacticComplexityOther,0
the,the,s,OtherSyntacticComplexityOther,1
Dutch,dutch,s,SpecialTopicsMiscellanyNeutral,0
colonial,colonial,s,SpecialTopicsMiscellanyNeutral,1
authorities,authorities,s,PubAdministrationNeutral,0
allowing,allowing,s,FacilitateExpediteNeutral,0
plantation,plantation,s,DescriptVisualNeutral,0
owners,owners,s,CharTypesNeutral,0
considerable,considerable,s,ExpoOtherNeutral,0
autonomy,autonomy,s,PosValuesEthics,0
over,over,s,DescriptVisualNeutral,0
the,the,s,DescriptVisualNeutral,1
labor,labor,s,SpecialTopicsMiscellanyNeutral,0
force,force,c,SpecialTopicsMiscellanyNeutral,1
",",",",s,OtherOrphanedOther,0
which,which,s,OtherOrphanedOther,1
resulted,resulted,s,ReasoningOtherNeutral,0
in,in,s,ReasoningOtherNeutral,1
severe,severe,s,NegActsAggressive,0
mistreatment,mistreatment,s,NegActsAggressive,1
of,of,s,OtherSyntacticComplexityOther,0
the,the,s,OtherSyntacticComplexityOther,1
indentured,indentured,s,PubLawNeutral,0
workers,workers,c,CharTypesNeutral,0
.,.,n,,0
Despite,despite,s,MetadiscourseContrastNeutral,0
the,the,s,OtherOrphanedOther,0
brutality,brutality,s,NegActsAggressive,0
of,of,s,OtherSyntacticComplexityOther,0
the,the,s,OtherSyntacticComplexityOther,1
system,system,c,SpecialTopicsMiscellanyNeutral,0
",",",",s,,0
the,the,s,OtherOrphanedOther,0
Dutch,dutch,s,PubAdministrationNeutral,0
government,government,s,PubAdministrationNeutral,1
did,did,s,NegActsResist,0
not,not,s,NegActsResist,1
formally,formally,s,SpecialTopicsMiscellanyNeutral,0
recognize,recognize,s,PosRelOther,0
the,the,s,PosRelOther,1
full,full,s,SpecialTopicsMiscellanyNeutral,0
extent,extent,s,SpecialTopicsMiscellanyNeutral,1
of,of,s,SpecialTopicsMiscellanyNeutral,2
the,the,s,OtherOrphanedOther,0
exploitation,exploitation,s,NegActsAggressive,0
and,and,s,OtherSyntacticComplexityOther,0
violence,violence,s,NegActsViolence,0
until,until,s,NarrTimeShiftNeutral,0
much,much,s,NarrTimeShiftNeutral,0
later,later,c,NarrTimeShiftNeutral,1
.,.,n,,0
3,3,c,ExpoOtherNeutral,0
.,.,s,ExpoOtherNeutral,1
Recent,recent,s,NarrImmediacyNeutral,0
Acknowledgment,acknowledgment,s,PosRelAcknowledgement,0
by,by,s,OtherOrphanedOther,0
the,the,s,OtherOrphanedOther,0
Dutch,dutch,s,PubAdministrationNeutral,0
Government,government,n,PubAdministrationNeutral,1
The,the,s,NegActsResist,0
issue,issue,s,NegActsResist,1
of,of,s,NegActsResist,2
recognizing,recognizing,s,ConfidenceHighNeutral,0
past,past,s,NegValuesWrong,0
wrongs,wrongs,s,NegValuesWrong,1
committed,committed,s,CharTraitsNeutral,0
during,during,s,NarrDurationNeutral,0
the,the,s,NarrDurationNeutral,1
colonial,colonial,s,NarrDurationNeutral,0
period,period,c,NarrDurationNeutral,1
",",",",s,,0
including,including,s,OtherOrphanedOther,0
the,the,s,OtherOrphanedOther,1
indentured,indentured,s,PubLawNeutral,0
labor,labor,s,SpecialTopicsMiscellanyNeutral,0
system,system,c,SpecialTopicsMiscellanyNeutral,1
",",",",s,NarrOtherNeutral,0
has,has,s,NarrOtherNeutral,1
been,been,s,NarrOtherNeutral,2
a,a,s,NarrOtherNeutral,3
subject,subject,s,SpecialTopicsMiscellanyNeutral,0
of,of,s,SpecialTopicsMiscellanyNeutral,1
increased,increased,s,DescriptChangeNeutral,0
discussion,discussion,s,DescriptChangeNeutral,1
in,in,s,OtherOrphanedOther,0
the,the,s,OtherOrphanedOther,0
Netherlands,netherlands,s,SpecialTopicsPlaceNeutral,0
in,in,s,UpdatesOtherNeutral,0
recent,recent,s,UpdatesOtherNeutral,1
decades,decades,c,UpdatesOtherNeutral,2
.,.,n,,0
a,a,c,OtherOrphanedOther,0
.,.,s,OtherOrphanedOther,1
Acknowledgment,acknowledgment,s,PosRelAcknowledgement,0
of,of,s,OtherOrphanedOther,0
Colonial,colonial,s,NarrOtherNeutral,0
Legacy,legacy,n,NarrOtherNeutral,1
2002,2002,c,NarrDurationNeutral,0
:,:,s,,0
The,the,s,OtherOrphanedOther,0
Dutch,dutch,s,PubAdministrationNeutral,0
government,government,s,PubAdministrationNeutral,1
made,made,s,NarrActsNeutral,0
an,an,s,OtherOrphanedOther,0
official,official,s,PubAdministrationNeutral,0
statement,statement,s,PubAdministrationNeutral,1
acknowledging,acknowledging,s,PosRelAcknowledgement,0
its,its,s,OtherOrphanedOther,0
role,role,s,SpecialTopicsMiscellanyNeutral,0
in,in,s,OtherOrphanedOther,0
the,the,s,OtherOrphanedOther,0
colonial,colonial,s,NarrOtherNeutral,0
history,history,s,NarrOtherNeutral,1
of,of,s,OtherOrphanedOther,0
Suriname,suriname,s,SpecialTopicsPlaceNeutral,0
and,and,s,OtherSyntacticComplexityOther,0
the,the,s,OtherSyntacticComplexityOther,1
Netherlands,netherlands,s,SpecialTopicsPlaceNeutral,0
Antilles,antilles,c,,0
.,.,s,MetadiscourseContrastNeutral,0
However,however,c,MetadiscourseContrastNeutral,1
",",",",s,,0
this,this,s,OtherOrphanedOther,0
acknowledgment,acknowledgment,s,PosRelAcknowledgement,0
was,was,s,NarrOtherNeutral,0
general,general,c,SpecialTopicsMiscellanyNeutral,0
",",",",s,,0
covering,covering,s,OtherOrphanedOther,0
both,both,s,MetadiscourseOtherNeutral,0
the,the,s,MetadiscourseOtherNeutral,1
history,history,s,NarrOtherNeutral,0
of,of,s,NarrOtherNeutral,1
slavery,slavery,s,NegRelServility,0
and,and,s,OtherSyntacticComplexityOther,0
indentured,indentured,s,PubLawNeutral,0
labor,labor,s,ForcefulEmphaticNeutral,0
without,without,s,ForcefulEmphaticNeutral,1
specifically,specifically,s,ExpoSpecificationNeutral,0
addressing,addressing,s,InterOtherNeutral,0
the,the,s,InterOtherNeutral,1
violence,violence,s,NegActsViolence,0
of,of,s,OtherSyntacticComplexityOther,0
the,the,s,OtherSyntacticComplexityOther,1
indenture,indenture,s,SpecialTopicsMiscellanyNeutral,0
system,system,c,SpecialTopicsMiscellanyNeutral,1
.,.,n,,0
2013,2013,c,NarrDurationNeutral,0
:,:,s,,0
The,the,s,OtherOrphanedOther,0
Netherlands,netherlands,s,SpecialTopicsPlaceNeutral,0
issued,issued,s,InterConversationNeg,0
an,an,s,InterConversationNeg,1
apology,apology,s,InterConversationNeg,2
for,for,s,NarrBiographyNeutral,0
its,its,s,NarrBiographyNeutral,1
role,role,s,NarrBiographyNeutral,2
in,in,s,NarrBiographyNeutral,3
the,the,s,OtherOrphanedOther,0
enslavement,enslavement,s,NegRelServility,0
of,of,s,OtherOrphanedOther,0
Africans,africans,c,CharTypesNeutral,0
",",",",s,,0
acknowledging,acknowledging,s,PosRelAcknowledgement,0
the,the,s,DescriptVisualNeutral,0
deep,deep,s,DescriptVisualNeutral,1
pain,pain,s,NegEmotionsPain,0
caused,caused,s,ReasoningOtherNeutral,0
by,by,s,ReasoningOtherNeutral,1
the,the,s,ReasoningOtherNeutral,2
slave,slave,s,SpecialTopicsMiscellanyNeutral,0
trade,trade,s,SpecialTopicsMiscellanyNeutral,1
and,and,s,OtherSyntacticComplexityOther,0
its,its,s,OtherOrphanedOther,0
lasting,lasting,s,StratCoordinationNeutral,0
impact,impact,s,StratCoordinationNeutral,1
on,on,s,OtherSyntacticComplexityOther,0
the,the,s,OtherSyntacticComplexityOther,1
descendants,descendants,s,UncertaintyIndefiniteNeutral,0
of,of,s,OtherOrphanedOther,0
enslaved,enslaved,s,NegActsAggressive,0
people,people,c,CharTypesNeutral,0
.,.,s,,0
This,this,s,OtherOrphanedOther,0
apology,apology,s,SpecialTopicsMiscellanyNeutral,0
did,did,s,NegActsResist,0
not,not,s,NegActsResist,1
extend,extend,s,DescriptVisualNeutral,0
to,to,s,DescriptVisualNeutral,1
the,the,s,OtherOrphanedOther,0
indentured,indentured,s,PubLawNeutral,0
labor,labor,s,SpecialTopicsMiscellanyNeutral,0
system,system,c,SpecialTopicsMiscellanyNeutral,1
",",",",s,OtherOrphanedOther,0
which,which,s,OtherOrphanedOther,1
remains,remains,s,NarrDurationNeutral,0
a,a,s,ExpoComparisonNeutral,0
less,less,s,ExpoComparisonNeutral,1
discussed,discussed,s,CitationOtherNeutral,0
aspect,aspect,s,SpecialTopicsMiscellanyNeutral,0
of,of,s,SpecialTopicsMiscellanyNeutral,1
the,the,s,PubAdministrationNeutral,0
country’s,country’s,s,PubAdministrationNeutral,1
colonial,colonial,s,SpecialTopicsMiscellanyNeutral,0
past,past,c,SpecialTopicsMiscellanyNeutral,0
.,.,n,,0
b,b,c,ResponsibilityAcceptNeg,0
.,.,s,ResponsibilityAcceptNeg,1
Reparations,reparations,s,ResponsibilityAcceptNeg,2
Debate,debate,n,PubCommunicationNeutral,0
While,while,s,NarrDurationNeutral,0
the,the,s,NarrDurationNeutral,1
Dutch,dutch,s,PubAdministrationNeutral,0
government,government,s,PubAdministrationNeutral,1
has,has,s,UpdatesNewsNeutral,0
not,not,s,UpdatesNewsNeutral,1
yet,yet,s,UpdatesNewsNeutral,2
made,made,s,NarrActsNeutral,0
formal,formal,s,ResponsibilityAcceptNeg,0
reparations,reparations,s,ResponsibilityAcceptNeg,1
to,to,s,OtherOrphanedOther,0
the,the,s,NarrTimeShiftNeutral,0
descendants,descendants,s,NarrTimeShiftNeutral,1
of,of,s,NarrTimeShiftNeutral,2
indentured,indentured,s,PubLawNeutral,0
laborers,laborers,s,CharTypesNeutral,0
from,from,s,OtherOrphanedOther,0
Suriname,suriname,c,SpecialTopicsPlaceNeutral,0
",",",",s,,0
there,there,s,NarrOtherNeutral,0
has,has,s,NarrOtherNeutral,1
been,been,s,NarrOtherNeutral,2
increasing,increasing,s,DescriptChangeNeutral,0
public,public,s,DescriptChangeNeutral,1
and,and,s,OtherSyntacticComplexityOther,0
scholarly,scholarly,s,PubCommunicationNeutral,0
debate,debate,s,PubCommunicationNeutral,1
about,about,s,ConfidenceHedgedNeutral,0
the,the,s,ConfidenceHedgedNeutral,1
possibility,possibility,s,ConfidenceHedgedNeutral,2
of,of,s,ConfidenceHedgedNeutral,3
reparations,reparations,s,ResponsibilityAcceptNeg,0
or,or,s,OtherSyntacticComplexityOther,0
compensation,compensation,s,SpecialTopicsMiscellanyNeutral,0
for,for,s,SpecialTopicsMiscellanyNeutral,1
the,the,s,NegActsAggressive,0
abuses,abuses,s,NegActsAggressive,1
suffered,suffered,s,NegEmotionsSuffer,0
by,by,s,OtherOrphanedOther,0
both,both,s,OtherSyntacticComplexityOther,0
enslaved,enslaved,s,NegActsAggressive,0
Africans,africans,s,CharTypesNeutral,0
and,and,s,OtherSyntacticComplexityOther,0
indentured,indentured,s,PubLawNeutral,0
laborers,laborers,c,CharTypesNeutral,0
.,.,s,,0
Some,some,s,OtherSyntacticComplexityOther,0
of,of,s,OtherSyntacticComplexityOther,1
the,the,s,OtherSyntacticComplexityOther,2
key,key,s,ForcefulEmphaticNeutral,0
points,points,s,ForcefulEmphaticNeutral,1
in,in,s,OtherOrphanedOther,0
this,this,s,OtherOrphanedOther,0
debate,debate,s,PubCommunicationNeutral,0
include,include,c,NarrActsNeutral,0
:,:,n,,0
Calls,calls,s,StratActsNeutral,0
for,for,s,StratActsNeutral,1
Reparations,reparations,c,ResponsibilityAcceptNeg,0
:,:,s,,0
Various,various,s,SpecialTopicsMiscellanyNeutral,0
groups,groups,c,SpecialTopicsMiscellanyNeutral,0
",",",",s,,0
including,including,s,NarrActsNeutral,0
Indo-Surinamese,indo-surinamese,s,,0
communities,communities,s,SpecialTopicsMiscellanyNeutral,0
and,and,s,OtherSyntacticComplexityOther,0
scholars,scholars,c,CharTypesNeutral,0
",",",",s,,0
have,have,s,CitationControversyNeutral,0
argued,argued,s,CitationControversyNeutral,1
for,for,s,CitationControversyNeutral,2
reparations,reparations,s,PubAdministrationNeutral,0
for,for,s,PubAdministrationNeutral,1
the,the,s,NegActsAggressive,0
abuses,abuses,s,NegActsAggressive,1
suffered,suffered,s,NegEmotionsSuffer,0
by,by,s,OtherOrphanedOther,0
indentured,indentured,s,PubLawNeutral,0
laborers,laborers,c,CharTypesNeutral,0
",",",",s,,0
especially,especially,s,ForcefulEmphaticNeutral,0
considering,considering,s,CharTraitsNeutral,0
the,the,s,CharTraitsNeutral,1
violence,violence,c,NegActsViolence,0
",",",",s,,0
the,the,s,OtherOrphanedOther,0
forced,forced,s,NegActsAggressive,0
labor,labor,c,NegActsAggressive,1
",",",",s,,0
and,and,s,OtherSyntacticComplexityOther,0
the,the,s,OtherSyntacticComplexityOther,1
system,system,s,SpecialTopicsMiscellanyNeutral,0
of,of,s,SpecialTopicsMiscellanyNeutral,1
long-term,long-term,s,FutureOtherNeutral,0
exploitation,exploitation,c,NegActsAggressive,0
.,.,n,,0
Legal,legal,s,PubLawNeutral,0
and,and,s,OtherSyntacticComplexityOther,0
Financial,financial,s,SpecialTopicsMiscellanyNeutral,0
Compensation,compensation,c,SpecialTopicsMiscellanyNeutral,1
:,:,s,,0
There,there,s,NarrOtherNeutral,0
have,have,s,NarrOtherNeutral,1
been,been,s,NarrOtherNeutral,2
calls,calls,s,NarrActsNeutral,0
for,for,s,NarrActsNeutral,1
the,the,s,NarrActsNeutral,2
Dutch,dutch,s,PubAdministrationNeutral,0
government,government,s,PubAdministrationNeutral,1
to,to,s,OtherOrphanedOther,0
provide,provide,s,FacilitateSponsorNeutral,0
financial,financial,s,SpecialTopicsMiscellanyNeutral,0
compensation,compensation,s,SpecialTopicsMiscellanyNeutral,1
for,for,s,OtherOrphanedOther,0
the,the,s,NarrTimeShiftNeutral,0
descendants,descendants,s,NarrTimeShiftNeutral,1
of,of,s,NarrTimeShiftNeutral,2
indentured,indentured,s,PubLawNeutral,0
laborers,laborers,c,CharTypesNeutral,0
",",",",s,,0
similar,similar,s,ExpoComparisonNeutral,0
to,to,s,ExpoComparisonNeutral,1
reparations,reparations,s,ResponsibilityAcceptNeg,0
movements,movements,s,DescriptMotionNeutral,0
for,for,s,OtherOrphanedOther,0
descendants,descendants,s,UncertaintyIndefiniteNeutral,0
of,of,s,OtherOrphanedOther,0
enslaved,enslaved,s,NegActsAggressive,0
Africans,africans,c,CharTypesNeutral,0
.,.,s,MetadiscourseContrastNeutral,0
However,however,c,MetadiscourseContrastNeutral,1
",",",",s,,0
these,these,s,CitationControversyNeutral,0
discussions,discussions,s,CitationControversyNeutral,1
remain,remain,s,NarrDurationNeutral,0
complex,complex,c,SpecialTopicsMiscellanyNeutral,0
",",",",s,,0
as,as,s,OtherOrphanedOther,0
the,the,s,OtherOrphanedOther,1
indenture,indenture,s,SpecialTopicsMiscellanyNeutral,0
system,system,s,SpecialTopicsMiscellanyNeutral,1
was,was,s,NarrOtherNeutral,0
not,not,s,ExpoComparisonNeutral,0
the,the,s,ExpoComparisonNeutral,1
same,same,s,ExpoComparisonNeutral,2
as,as,s,OtherOrphanedOther,0
slavery,slavery,c,NegRelServility,0
",",",",s,,0
and,and,s,OtherSyntacticComplexityOther,0
its,its,s,NarrBiographyNeutral,0
legacy,legacy,s,NarrBiographyNeutral,1
is,is,s,ExpoComparisonNeutral,0
less,less,s,ExpoComparisonNeutral,1
clearly,clearly,s,ConfidenceHighNeutral,0
defined,defined,s,ExpoDefinitionNeutral,0
in,in,s,ExpoDefinitionNeutral,1
terms,terms,s,SpecialTopicsMiscellanyNeutral,0
of,of,s,SpecialTopicsMiscellanyNeutral,1
reparations,reparations,c,ResponsibilityAcceptNeg,0
.,.,n,,0
4,4,c,ExpoOtherNeutral,0
.,.,s,ExpoOtherNeutral,1
Surinamese,surinamese,s,CharTypesNeutral,0
Response,response,s,InterResponseNeutral,0
and,and,s,OtherSyntacticComplexityOther,0
Calls,calls,s,StratActsNeutral,0
for,for,s,StratActsNeutral,1
Recognition,recognition,n,,0
In,in,s,OtherOrphanedOther,0
Suriname,suriname,c,SpecialTopicsPlaceNeutral,0
",",",",s,,0
the,the,s,CharMentalStatesNeutral,0
memory,memory,s,CharMentalStatesNeutral,1
of,of,s,OtherSyntacticComplexityOther,0
the,the,s,OtherSyntacticComplexityOther,1
indentured,indentured,s,PubLawNeutral,0
labor,labor,s,SpecialTopicsMiscellanyNeutral,0
system,system,s,SpecialTopicsMiscellanyNeutral,1
has,has,s,UpdatesOtherNeutral,0
been,been,s,UpdatesOtherNeutral,1
largely,largely,s,ConfidenceHedgedNeutral,0
framed,framed,s,OtherOrphanedOther,0
within,within,s,MetadiscourseOtherNeutral,0
the,the,s,MetadiscourseOtherNeutral,1
context,context,s,MetadiscourseOtherNeutral,2
of,of,s,MetadiscourseOtherNeutral,3
historical,historical,s,NegValuesInjustice,0
injustice,injustice,c,NegValuesInjustice,1
.,.,s,,0
Many,many,s,ExpoOtherNeutral,0
descendants,descendants,s,UncertaintyIndefiniteNeutral,0
of,of,s,OtherSyntacticComplexityOther,0
the,the,s,OtherSyntacticComplexityOther,1
indentured,indentured,s,PubLawNeutral,0
laborers,laborers,s,CharTypesNeutral,0
feel,feel,s,CharSubjectivityNeutral,0
that,that,s,CharSubjectivityNeutral,1
their,their,s,CharNamesNeutral,0
suffering,suffering,s,NegEmotionsSuffer,0
is,is,s,UpdatesNoticeNeutral,0
still,still,s,UpdatesNoticeNeutral,1
underrepresented,underrepresented,s,NegActsPrefixUnder,0
in,in,s,OtherOrphanedOther,0
the,the,s,OtherOrphanedOther,0
official,official,s,PubAdministrationNeutral,0
narrative,narrative,s,SpecialTopicsMiscellanyNeutral,0
of,of,s,OtherOrphanedOther,0
colonial,colonial,s,NarrOtherNeutral,0
history,history,c,NarrOtherNeutral,1
.,.,s,ForcefulEmphaticNeutral,0
There,there,s,ForcefulEmphaticNeutral,1
are,are,s,ForcefulEmphaticNeutral,2
ongoing,ongoing,s,NarrImmediacyNeutral,0
calls,calls,s,NarrActsNeutral,0
for,for,s,NarrActsNeutral,1
the,the,s,NarrActsNeutral,2
Dutch,dutch,s,PubAdministrationNeutral,0
government,government,s,PubAdministrationNeutral,1
to,to,s,OtherOrphanedOther,0
apologize,apologize,s,InterConversationNeg,0
for,for,s,InterConversationNeg,1
the,the,s,NegActsAggressive,0
abuses,abuses,s,NegActsAggressive,1
inflicted,inflicted,s,NegActsAggressive,0
upon,upon,s,NegActsAggressive,1
indentured,indentured,s,PubLawNeutral,0
laborers,laborers,c,CharTypesNeutral,0
",",",",s,,0
and,and,s,OtherSyntacticComplexityOther,0
for,for,s,OtherOrphanedOther,0
reparations,reparations,s,ResponsibilityAcceptNeg,0
to,to,s,PubAdministrationNeutral,0
be,be,s,PubAdministrationNeutral,1
made,made,s,PubAdministrationNeutral,2
for,for,s,OtherOrphanedOther,0
the,the,s,OtherOrphanedOther,0
generations,generations,s,NarrBiographyNeutral,0
of,of,s,NarrBiographyNeutral,1
people,people,s,CharTypesNeutral,0
who,who,s,OtherOrphanedOther,0
still,still,s,OtherOrphanedOther,0
feel,feel,s,CharMentalStatesNeutral,0
the,the,s,CharMentalStatesNeutral,1
scars,scars,s,NegActsInjure,0
of,of,s,OtherOrphanedOther,0
colonial,colonial,s,SpecialTopicsMiscellanyNeutral,0
exploitation,exploitation,c,NegActsAggressive,0
.,.,n,,0
a,a,c,OtherOrphanedOther,0
.,.,s,OtherOrphanedOther,1
Suriname’s,suriname’s,s,,0
Own,own,s,NarrActsNeutral,0
Recognition,recognition,n,,0
In,in,s,UpdatesOtherNeutral,0
recent,recent,s,UpdatesOtherNeutral,1
years,years,c,UpdatesOtherNeutral,2
",",",",s,,0
Surinamese,surinamese,s,CharTypesNeutral,0
officials,officials,s,CharTypesNeutral,0
have,have,s,UpdatesOtherNeutral,0
also,also,s,UpdatesOtherNeutral,1
spoken,spoken,s,UpdatesOtherNeutral,2
more,more,s,MetadiscourseOtherNeutral,0
about,about,s,MetadiscourseOtherNeutral,1
the,the,s,InquiryCuriosityNeutral,0
importance,importance,s,InquiryCuriosityNeutral,1
of,of,s,InquiryCuriosityNeutral,2
recognizing,recognizing,s,PosRelOther,0
the,the,s,PosRelOther,1
legacy,legacy,s,PubAdministrationNeutral,0
of,of,s,PubAdministrationNeutral,1
indentured,indentured,s,PubLawNeutral,0
labor,labor,s,SpecialTopicsMiscellanyNeutral,0
and,and,s,OtherSyntacticComplexityOther,0
have,have,s,NarrActsNeutral,0
advocated,advocated,s,,0
for,for,s,OtherOrphanedOther,0
greater,greater,s,CharTraitsNeutral,0
efforts,efforts,s,CharTraitsNeutral,1
to,to,s,OtherOrphanedOther,0
honor,honor,s,PosValuesHonor,0
the,the,s,PosValuesHonor,1
contributions,contributions,s,PosValuesHonor,2
and,and,s,OtherSyntacticComplexityOther,0
sufferings,sufferings,s,NegEmotionsSadness,0
of,of,s,OtherOrphanedOther,0
indentured,indentured,s,PubLawNeutral,0
workers,workers,c,CharTypesNeutral,0
.,.,s,MetadiscourseOtherNeutral,0
This,this,s,MetadiscourseOtherNeutral,1
includes,includes,s,MetadiscourseOtherNeutral,2
memorializing,memorializing,s,NarrOtherNeutral,0
the,the,s,OtherOrphanedOther,0
experience,experience,s,NarrActsNeutral,0
through,through,s,OtherOrphanedOther,0
public,public,s,PubAdministrationNeutral,0
education,education,c,PubAdministrationNeutral,1
",",",",s,,0
memorials,memorials,c,NarrOtherNeutral,0
",",",",s,,0
and,and,s,OtherSyntacticComplexityOther,0
cultural,cultural,s,SpecialTopicsMiscellanyNeutral,0
festivals,festivals,c,PosEmotionsFestive,0
.,.,n,,0
5,5,c,ExpoOtherNeutral,0
.,.,s,ExpoOtherNeutral,1
The,the,s,SpecialTopicsMiscellanyNeutral,0
Path,path,s,SpecialTopicsMiscellanyNeutral,1
Forward,forward,n,SpecialTopicsMiscellanyNeutral,0
While,while,s,NarrDurationNeutral,0
the,the,s,NarrDurationNeutral,1
Dutch,dutch,s,PubAdministrationNeutral,0
government,government,s,PubAdministrationNeutral,1
has,has,s,NarrOtherNeutral,0
taken,taken,s,NarrOtherNeutral,1
steps,steps,s,OtherOrphanedOther,0
toward,toward,s,OtherOrphanedOther,0
recognizing,recognizing,s,PosRelOther,0
the,the,s,PosRelOther,1
legacy,legacy,s,PubAdministrationNeutral,0
of,of,s,PubAdministrationNeutral,1
its,its,s,OtherOrphanedOther,0
colonial,colonial,s,SpecialTopicsMiscellanyNeutral,0
past,past,c,SpecialTopicsMiscellanyNeutral,0
",",",",s,,0
including,including,s,OtherOrphanedOther,0
the,the,s,OtherOrphanedOther,1
more,more,s,NarrImmediacyNeutral,0
recent,recent,s,NarrImmediacyNeutral,1
apology,apology,s,SpecialTopicsMiscellanyNeutral,0
for,for,s,OtherOrphanedOther,0
slavery,slavery,s,NegRelServility,0
in,in,s,OtherOrphanedOther,0
2022,2022,c,NarrDurationNeutral,0
",",",",s,,0
the,the,s,NegActsResist,0
issue,issue,s,NegActsResist,1
of,of,s,NegActsResist,2
reparations,reparations,s,PubAdministrationNeutral,0
for,for,s,PubAdministrationNeutral,1
the,the,s,OtherOrphanedOther,0
indentured,indentured,s,PubLawNeutral,0
labor,labor,s,SpecialTopicsMiscellanyNeutral,0
system,system,s,SpecialTopicsMiscellanyNeutral,1
remains,remains,s,NegEmotionsIdentifyGaps,0
unresolved,unresolved,c,NegEmotionsIdentifyGaps,1
.,.,s,NegEmotionsIdentifyGaps,2
Some,some,s,ExpoOtherNeutral,0
possible,possible,s,ConfidenceHedgedNeutral,0
pathways,pathways,s,FacilitateEnablePos,0
to,to,s,FacilitateEnablePos,1
address,address,s,InterOtherNeutral,0
the,the,s,InterOtherNeutral,1
legacy,legacy,s,PubAdministrationNeutral,0
of,of,s,PubAdministrationNeutral,1
the,the,s,OtherOrphanedOther,0
indenture,indenture,s,SpecialTopicsMiscellanyNeutral,0
system,system,s,SpecialTopicsMiscellanyNeutral,1
could,could,s,ContingentRelationshipNeutral,0
include,include,c,NarrActsNeutral,0
:,:,n,,0
Formal,formal,s,SpecialTopicsMiscellanyNeutral,0
apologies,apologies,s,InterConversationNeg,0
specifically,specifically,s,ExpoSpecificationNeutral,0
acknowledging,acknowledging,s,PosRelAcknowledgement,0
the,the,s,NegEmotionsOther,0
suffering,suffering,s,NegEmotionsOther,1
and,and,s,OtherSyntacticComplexityOther,0
violence,violence,s,NegActsViolence,0
of,of,s,OtherSyntacticComplexityOther,0
the,the,s,OtherSyntacticComplexityOther,1
indentured,indentured,s,PubLawNeutral,0
system,system,c,SpecialTopicsMiscellanyNeutral,0
.,.,n,,0
Financial,financial,s,ResponsibilityAcceptNeg,0
reparations,reparations,s,ResponsibilityAcceptNeg,1
for,for,s,OtherOrphanedOther,0
descendants,descendants,s,UncertaintyIndefiniteNeutral,0
of,of,s,OtherOrphanedOther,0
indentured,indentured,s,PubLawNeutral,0
laborers,laborers,c,CharTypesNeutral,0
",",",",s,,0
similar,similar,s,ExpoComparisonNeutral,0
to,to,s,ExpoComparisonNeutral,1
ongoing,ongoing,s,PubCommunicationNeutral,0
debates,debates,s,PubCommunicationNeutral,1
around,around,s,OtherOrphanedOther,0
reparations,reparations,s,PubAdministrationNeutral,0
for,for,s,PubAdministrationNeutral,1
enslaved,enslaved,s,NegActsAggressive,0
Africans,africans,c,CharTypesNeutral,0
.,.,n,,0
Increased,increased,s,DescriptChangeNeutral,0
investment,investment,s,DescriptChangeNeutral,1
in,in,s,OtherOrphanedOther,0
cultural,cultural,s,SpecialTopicsMiscellanyNeutral,0
preservation,preservation,c,PubAdministrationNeutral,0
",",",",s,ExpoExampleNeutral,0
such,such,s,ExpoExampleNeutral,1
as,as,s,ExpoExampleNeutral,2
supporting,supporting,s,PosRelOther,0
Indo-Surinamese,indo-surinamese,s,,0
cultural,cultural,s,PubAdministrationNeutral,0
institutions,institutions,c,PubAdministrationNeutral,1
",",",",s,,0
education,education,c,SpecialTopicsMiscellanyNeutral,0
",",",",s,,0
and,and,s,OtherSyntacticComplexityOther,0
research,research,s,,0
on,on,s,OtherSyntacticComplexityOther,0
the,the,s,OtherSyntacticComplexityOther,1
indentured,indentured,s,PubLawNeutral,0
labor,labor,s,SpecialTopicsMiscellanyNeutral,0
history,history,c,NarrOtherNeutral,0
.,.,n,,0
While,while,s,NarrDurationNeutral,0
the,the,s,NarrDurationNeutral,1
conversation,conversation,s,InterConversationNeutral,0
is,is,s,NarrImmediacyNeutral,0
ongoing,ongoing,c,NarrImmediacyNeutral,1
",",",",s,,0
it,it,s,,0
remains,remains,s,NarrDurationNeutral,0
a,a,s,OtherOrphanedOther,0
sensitive,sensitive,s,PosEmotionsOther,0
and,and,s,OtherSyntacticComplexityOther,0
complex,complex,s,MetadiscoursePurposeNonFirstPerson,0
issue,issue,s,MetadiscoursePurposeNonFirstPerson,1
that,that,s,OtherSyntacticComplexityOther,0
involves,involves,s,OtherSyntacticComplexityOther,1
addressing,addressing,s,InterOtherNeutral,0
not,not,s,ForcefulEmphaticNeutral,0
only,only,s,ForcefulEmphaticNeutral,1
the,the,s,NarrTimeShiftNeutral,0
historical,historical,s,NarrTimeShiftNeutral,1
wrongs,wrongs,s,NegValuesWrong,0
but,but,s,MetadiscourseContrastNeutral,0
also,also,s,MetadiscourseAdditionNeutral,0
the,the,s,OtherOrphanedOther,0
modern,modern,s,NarrOtherNeutral,0
legacies,legacies,s,NarrOtherNeutral,1
of,of,s,OtherOrphanedOther,0
colonial,colonial,s,SpecialTopicsMiscellanyNeutral,0
exploitation,exploitation,s,NegActsAggressive,0
that,that,s,UpdatesOtherNeutral,0
continue,continue,s,UpdatesOtherNeutral,1
to,to,s,StratCognitionNeutral,0
shape,shape,s,StratCognitionNeutral,1
identity,identity,s,SpecialTopicsMiscellanyNeutral,0
and,and,s,OtherSyntacticComplexityOther,0
social,social,s,SpecialTopicsMiscellanyNeutral,0
structures,structures,s,SpecialTopicsMiscellanyNeutral,1
in,in,s,OtherOrphanedOther,0
Suriname,suriname,s,SpecialTopicsPlaceNeutral,0
and,and,s,OtherSyntacticComplexityOther,0
among,among,s,OtherOrphanedOther,0
Indo-Surinamese,indo-surinamese,s,,0
communities,communities,s,SpecialTopicsMiscellanyNeutral,0
worldwide,worldwide,c,ReasoningOtherNeutral,0
.,.,n,,0
Conclusion,conclusion,n,ReasoningConcludeNeutral,0
The,the,s,OtherOrphanedOther,0
Dutch,dutch,s,PubAdministrationNeutral,0
government,government,s,PubAdministrationNeutral,1
has,has,s,UpdatesNewsNeutral,0
yet,yet,s,UpdatesNewsNeutral,1
to,to,s,UpdatesNewsNeutral,2
fully,fully,s,ForcefulIntenseNeutral,0
acknowledge,acknowledge,s,PosRelAcknowledgement,0
the,the,s,OtherOrphanedOther,0
violence,violence,s,NegActsViolence,0
and,and,s,OtherSyntacticComplexityOther,0
systemic,systemic,s,SpecialTopicsMiscellanyNeutral,0
abuse,abuse,s,NegActsAggressive,0
faced,faced,s,DescriptVisualNeutral,0
by,by,s,OtherOrphanedOther,0
indentured,indentured,s,PubLawNeutral,0
laborers,laborers,s,CharTypesNeutral,0
in,in,s,OtherOrphanedOther,0
Suriname,suriname,c,SpecialTopicsPlaceNeutral,0
",",",",s,,0
nor,nor,s,MetadiscourseContrastNeutral,0
has,has,s,MetadiscourseContrastNeutral,1
it,it,s,,0
made,made,s,NarrActsNeutral,0
formal,formal,s,SpecialTopicsMiscellanyNeutral,0
attempts,attempts,s,CharTraitsNeutral,0
at,at,s,OtherOrphanedOther,0
reparations,reparations,c,ResponsibilityAcceptNeg,0
.,.,s,MetadiscourseContrastNeutral,0
However,however,c,MetadiscourseContrastNeutral,1
",",",",s,,0
growing,growing,s,InquiryCuriosityNeutral,0
recognition,recognition,s,InquiryCuriosityNeutral,1
of,of,s,InquiryCuriosityNeutral,2
the,the,s,InquiryCuriosityNeutral,3
need,need,s,StratDirectAppealNeutral,0
to,to,s,StratDirectAppealNeutral,1
address,address,s,StratDirectAppealNeutral,2
the,the,s,NarrTimeShiftNeutral,0
historical,historical,s,NarrTimeShiftNeutral,1
wrongs,wrongs,s,NegValuesWrong,0
of,of,s,OtherOrphanedOther,0
both,both,s,OtherSyntacticComplexityOther,0
slavery,slavery,s,NegRelServility,0
and,and,s,OtherSyntacticComplexityOther,0
indenture,indenture,s,PubLawNeutral,0
is,is,s,OtherOrphanedOther,0
part,part,s,SpecialTopicsMiscellanyNeutral,0
of,of,s,SpecialTopicsMiscellanyNeutral,1
an,an,s,SpecialTopicsMiscellanyNeutral,2
ongoing,ongoing,s,SpecialTopicsMiscellanyNeutral,0
discourse,discourse,c,SpecialTopicsMiscellanyNeutral,1
.,.,s,,0
This,this,s,OtherOrphanedOther,0
issue,issue,s,OtherOrphanedOther,0
remains,remains,s,NarrDurationNeutral,0
tied,tied,s,ExpoSpecificationNeutral,0
to,to,s,ExpoSpecificationNeutral,1
questions,questions,s,InquiryCuriosityNeutral,0
of,of,s,InquiryCuriosityNeutral,1
national,national,s,PubAdministrationNeutral,0
identity,identity,c,SpecialTopicsMiscellanyNeutral,0
",",",",s,,0
historical,historical,s,PosValuesJustice,0
justice,justice,c,PosValuesJustice,1
",",",",s,,0
and,and,s,OtherSyntacticComplexityOther,0
the,the,s,OtherSyntacticComplexityOther,1
long-term,long-term,s,FutureOtherNeutral,0
impact,impact,s,ForcefulEmphaticNeutral,0
of,of,s,ForcefulEmphaticNeutral,1
colonial,colonial,s,SpecialTopicsMiscellanyNeutral,0
practices,practices,s,OtherOrphanedGenericActivity,0
on,on,s,OtherSyntacticComplexityOther,0
the,the,s,OtherSyntacticComplexityOther,1
descendants,descendants,s,UncertaintyIndefiniteNeutral,0
of,of,s,OtherOrphanedOther,0
those,those,s,ExpoSpecificationNeutral,0
who,who,s,ExpoSpecificationNeutral,1
were,were,s,NegActsAggressive,0
exploited,exploited,c,NegActsAggressive,1
.,.,n,,0
The,the,s,OtherOrphanedOther,0
demand,demand,s,PosRelOther,0
for,for,s,PosRelOther,1
reparations,reparations,s,ResponsibilityAcceptNeg,0
by,by,s,OtherOrphanedOther,0
the,the,s,NarrTimeShiftNeutral,0
descendants,descendants,s,NarrTimeShiftNeutral,1
of,of,s,NarrTimeShiftNeutral,2
indentured,indentured,s,PubLawNeutral,0
laborers,laborers,s,CharTypesNeutral,0
in,in,s,OtherOrphanedOther,0
Suriname,suriname,s,SpecialTopicsPlaceNeutral,0
(,(,c,OtherOrphanedOther,0
and,and,s,OtherOrphanedOther,1
in,in,s,MetadiscourseOtherNeutral,0
other,other,s,MetadiscourseOtherNeutral,1
former,former,s,NarrSequenceNeutral,0
colonies,colonies,c,SpecialTopicsMiscellanyNeutral,0
),),s,OtherOrphanedOther,0
is,is,s,OtherOrphanedOther,0
a,a,s,OtherOrphanedOther,0
multifaceted,multifaceted,s,SpecialTopicsMiscellanyNeutral,0
and,and,s,OtherSyntacticComplexityOther,0
evolving,evolving,s,MetadiscoursePurposeNonFirstPerson,0
issue,issue,c,MetadiscoursePurposeNonFirstPerson,1
.,.,s,,0
It,it,s,MetadiscourseOtherNeutral,0
involves,involves,s,MetadiscourseOtherNeutral,1
both,both,s,OtherSyntacticComplexityOther,0
collective,collective,s,StratCoordinationNeutral,0
calls,calls,s,StratActsNeutral,0
for,for,s,StratActsNeutral,1
official,official,s,PubAdministrationNeutral,0
recognition,recognition,s,PubAdministrationNeutral,1
of,of,s,OtherSyntacticComplexityOther,0
the,the,s,OtherSyntacticComplexityOther,1
injustice,injustice,s,NegValuesInjustice,0
and,and,s,OtherSyntacticComplexityOther,0
individual,individual,s,SpecialTopicsMiscellanyNeutral,0
accounts,accounts,s,SpecialTopicsMiscellanyNeutral,1
that,that,s,OtherOrphanedOther,0
highlight,highlight,s,OtherOrphanedOther,0
the,the,s,OtherOrphanedOther,1
personal,personal,s,CharSubjectivityNeutral,0
impact,impact,s,ForcefulEmphaticNeutral,0
of,of,s,ForcefulEmphaticNeutral,1
the,the,s,OtherOrphanedOther,0
indenture,indenture,s,SpecialTopicsMiscellanyNeutral,0
system,system,s,SpecialTopicsMiscellanyNeutral,1
and,and,s,OtherSyntacticComplexityOther,0
the,the,s,OtherSyntacticComplexityOther,1
subsequent,subsequent,s,NarrOtherNeutral,0
legacy,legacy,c,NarrOtherNeutral,1
.,.,n,,0
These,these,s,OtherOrphanedOther,0
demands,demands,s,OtherOrphanedOther,0
are,are,s,OtherOrphanedOther,0
rooted,rooted,s,DescriptVisualNeutral,0
in,in,s,DescriptVisualNeutral,1
a,a,s,DescriptVisualNeutral,2
sense,sense,s,SpecialTopicsMiscellanyNeutral,0
of,of,s,SpecialTopicsMiscellanyNeutral,1
historical,historical,s,NegValuesWrong,0
wrongs,wrongs,c,NegValuesWrong,1
",",",",s,,0
the,the,s,CharSubjectivityNeutral,0
belief,belief,s,CharSubjectivityNeutral,1
that,that,s,OtherOrphanedOther,0
the,the,s,OtherOrphanedOther,0
exploitation,exploitation,s,NegActsAggressive,0
suffered,suffered,s,NegEmotionsSuffer,0
by,by,s,OtherOrphanedOther,0
indentured,indentured,s,PubLawNeutral,0
laborers,laborers,s,CharTypesNeutral,0
and,and,s,OtherSyntacticComplexityOther,0
their,their,s,CharNamesNeutral,0
families,families,s,SpecialTopicsMiscellanyNeutral,0
is,is,s,NarrImmediacyNeutral,0
an,an,s,NarrImmediacyNeutral,1
ongoing,ongoing,s,NarrImmediacyNeutral,2
injustice,injustice,c,NegValuesInjustice,0
",",",",s,,0
and,and,s,OtherSyntacticComplexityOther,0
the,the,s,OtherSyntacticComplexityOther,1
economic,economic,c,SpecialTopicsMiscellanyNeutral,0
",",",",s,,0
social,social,c,,0
",",",",s,,0
and,and,s,OtherSyntacticComplexityOther,0
cultural,cultural,s,SpecialTopicsMiscellanyNeutral,0
impacts,impacts,s,StratCoordinationNeutral,0
that,that,s,UpdatesOtherNeutral,0
continue,continue,s,UpdatesOtherNeutral,1
to,to,s,StratCognitionNeutral,0
affect,affect,s,StratCognitionNeutral,1
the,the,s,NarrTimeShiftNeutral,0
descendants,descendants,s,NarrTimeShiftNeutral,1
of,of,s,NarrTimeShiftNeutral,2
indentured,indentured,s,PubLawNeutral,0
workers,workers,c,CharTypesNeutral,0
.,.,s,,0
Individual,individual,s,SpecialTopicsMiscellanyNeutral,0
accounts,accounts,s,SpecialTopicsMiscellanyNeutral,1
from,from,s,OtherOrphanedOther,0
those,those,s,OtherOrphanedOther,0
in,in,s,OtherOrphanedOther,0
the,the,s,OtherOrphanedOther,0
Indo-Surinamese,indo-surinamese,s,,0
community,community,s,SpecialTopicsMiscellanyNeutral,0
provide,provide,s,FacilitateSponsorNeutral,0
a,a,s,FacilitateSponsorNeutral,1
human,human,s,DescriptObjectsNeutral,0
face,face,s,DescriptObjectsNeutral,1
to,to,s,OtherOrphanedOther,0
these,these,s,OtherOrphanedOther,0
demands,demands,s,OtherOrphanedOther,0
and,and,s,OtherSyntacticComplexityOther,0
show,show,s,InquiryCuriosityNeutral,0
how,how,s,InquiryCuriosityNeutral,1
they,they,s,NarrActsNeutral,0
have,have,s,NarrActsNeutral,1
evolved,evolved,s,DescriptChangePos,0
over,over,s,NarrOtherNeutral,0
time,time,c,NarrOtherNeutral,1
.,.,n,,0
1,1,c,ExpoOtherNeutral,0
.,.,s,ExpoOtherNeutral,1
Historical,historical,s,PosValuesJustice,0
Justice,justice,s,PosValuesJustice,1
and,and,s,OtherSyntacticComplexityOther,0
Recognition,recognition,n,,0
Many,many,s,ExpoOtherNeutral,0
descendants,descendants,s,UncertaintyIndefiniteNeutral,0
of,of,s,OtherOrphanedOther,0
indentured,indentured,s,PubLawNeutral,0
laborers,laborers,s,CharTypesNeutral,0
call,call,s,StratActsNeutral,0
for,for,s,StratActsNeutral,1
official,official,s,PubAdministrationNeutral,0
recognition,recognition,s,PubAdministrationNeutral,1
of,of,s,OtherSyntacticComplexityOther,0
the,the,s,OtherSyntacticComplexityOther,1
indenture,indenture,s,SpecialTopicsMiscellanyNeutral,0
system,system,s,SpecialTopicsMiscellanyNeutral,1
and,and,s,OtherSyntacticComplexityOther,0
the,the,s,OtherSyntacticComplexityOther,1
abuses,abuses,s,NegActsAggressive,0
endured,endured,s,CharTraitsNeutral,0
by,by,s,OtherOrphanedOther,0
their,their,s,NarrOtherNeutral,0
ancestors,ancestors,c,NarrOtherNeutral,1
.,.,s,NarrActsNeutral,0
They,they,s,NarrActsNeutral,1
argue,argue,s,CitationControversyNeutral,0
that,that,s,CitationControversyNeutral,1
the,the,s,OtherOrphanedOther,0
system,system,s,SpecialTopicsMiscellanyNeutral,0
was,was,s,NarrOtherNeutral,0
exploitative,exploitative,s,NegRelOther,0
and,and,s,OtherSyntacticComplexityOther,0
brutal,brutal,c,NegActsAggressive,0
",",",",s,,0
and,and,s,OtherSyntacticComplexityOther,0
that,that,s,OtherSyntacticComplexityOther,1
its,its,s,NarrBiographyNeutral,0
legacy,legacy,s,NarrBiographyNeutral,1
continues,continues,s,NarrDurationNeutral,0
to,to,s,NarrDurationNeutral,1
affect,affect,s,ReasoningOtherNeutral,0
their,their,s,ReasoningOtherNeutral,1
economic,economic,s,SpecialTopicsMiscellanyNeutral,0
and,and,s,OtherSyntacticComplexityOther,0
social,social,s,SpecialTopicsMiscellanyNeutral,0
positions,positions,c,SpecialTopicsMiscellanyNeutral,1
.,.,n,,0
a,a,c,OtherOrphanedOther,0
.,.,s,OtherOrphanedOther,1
Personal,personal,s,CharSubjectivityNeutral,0
Accounts,accounts,s,CitationAuthoritativePos,0
of,of,s,CitationAuthoritativePos,1
Trauma,trauma,s,NegActsTrauma,0
and,and,s,OtherSyntacticComplexityOther,0
Suffering,suffering,n,NegEmotionsSuffer,0
Individually,individually,c,SpecialTopicsMiscellanyNeutral,0
",",",",s,,0
many,many,s,ExpoOtherNeutral,0
members,members,s,SpecialTopicsMiscellanyNeutral,0
of,of,s,OtherSyntacticComplexityOther,0
the,the,s,OtherSyntacticComplexityOther,1
community,community,s,SpecialTopicsMiscellanyNeutral,0
express,express,s,SpecialTopicsMiscellanyNeutral,1
a,a,s,DescriptVisualNeutral,0
deep,deep,s,DescriptVisualNeutral,1
emotional,emotional,s,SpecialTopicsMiscellanyNeutral,0
and,and,s,OtherSyntacticComplexityOther,0
psychological,psychological,s,SpecialTopicsMiscellanyNeutral,0
connection,connection,s,SpecialTopicsMiscellanyNeutral,0
to,to,s,OtherOrphanedOther,0
the,the,s,OtherOrphanedOther,0
struggles,struggles,s,,0
of,of,s,OtherSyntacticComplexityOther,0
their,their,s,OtherSyntacticComplexityOther,1
ancestors,ancestors,c,NarrOtherNeutral,0
.,.,s,,0
For,for,s,ExpoExampleNeutral,0
example,example,c,ExpoExampleNeutral,1
",",",",s,ExpoExampleNeutral,2
individuals,individuals,s,CharTypesNeutral,0
in,in,s,DescriptVisualNeutral,0
the,the,s,DescriptVisualNeutral,1
community,community,s,DescriptVisualNeutral,2
may,may,s,ConfidenceHedgedNeutral,0
speak,speak,s,ConfidenceHedgedNeutral,1
about,about,s,OtherOrphanedOther,0
family,family,s,NarrSequenceNeutral,0
stories,stories,s,NarrSequenceNeutral,1
handed,handed,s,NarrBiographyNeutral,0
down,down,s,NarrBiographyNeutral,1
across,across,s,NarrTimeShiftNeutral,0
generations,generations,s,NarrTimeShiftNeutral,1
that,that,s,OtherOrphanedOther,0
detail,detail,s,InterOtherNeutral,0
the,the,s,InterOtherNeutral,1
physical,physical,s,NegActsViolence,0
violence,violence,c,NegActsViolence,1
",",",",s,,0
forced,forced,s,NegActsAggressive,0
labor,labor,c,NegActsAggressive,1
",",",",s,,0
and,and,s,OtherSyntacticComplexityOther,0
dehumanization,dehumanization,s,NegRelDehumanize,0
that,that,s,OtherOrphanedOther,0
their,their,s,NarrOtherNeutral,0
ancestors,ancestors,s,NarrOtherNeutral,1
suffered,suffered,c,NegEmotionsSuffer,0
.,.,s,,0
These,these,s,OtherOrphanedOther,0
personal,personal,s,CharSubjectivityNeutral,0
accounts,accounts,s,SpecialTopicsMiscellanyNeutral,0
often,often,s,NarrDurationNeutral,0
evoke,evoke,s,NarrActsNeutral,0
a,a,s,OtherOrphanedOther,0
sense,sense,s,SpecialTopicsMiscellanyNeutral,0
of,of,s,SpecialTopicsMiscellanyNeutral,1
betrayal,betrayal,s,NegRelBetrayal,0
and,and,s,OtherSyntacticComplexityOther,0
a,a,s,OtherSyntacticComplexityOther,1
desire,desire,s,CharSubjectivityPos,0
for,for,s,CharSubjectivityPos,1
acknowledgment,acknowledgment,s,PosRelAcknowledgement,0
of,of,s,OtherSyntacticComplexityOther,0
the,the,s,OtherSyntacticComplexityOther,1
suffering,suffering,c,NegEmotionsSuffer,0
",",",",s,OtherOrphanedOther,0
which,which,s,OtherOrphanedOther,1
many,many,s,OtherOrphanedOther,2
feel,feel,s,CharSubjectivityNeutral,0
has,has,s,UpdatesOtherNeutral,0
been,been,s,UpdatesOtherNeutral,1
marginalized,marginalized,s,DescriptChangeNeg,0
in,in,s,OtherOrphanedOther,0
historical,historical,s,ForcefulUnprecedentedNeutral,0
accounts,accounts,c,ForcefulUnprecedentedNeutral,1
.,.,n,,0
One,one,s,,0
individual,individual,c,CharTypesNeutral,0
",",",",s,,0
Sushila,sushila,c,,0
",",",",s,,0
a,a,s,OtherOrphanedOther,0
second-generation,second-generation,s,ExpoOtherNeutral,0
Indo-Surinamese,indo-surinamese,s,,0
woman,woman,c,CharTypesNeutral,0
",",",",s,,0
recounts,recounts,s,NarrOtherNeutral,0
how,how,s,OtherOrphanedOther,0
her,her,s,CharNamesNeutral,0
grandmother,grandmother,c,CharTypesNeutral,0
",",",",s,CharNamesNeutral,0
who,who,s,CharNamesNeutral,1
was,was,s,CharNamesNeutral,2
an,an,s,OtherOrphanedOther,0
indentured,indentured,s,PubLawNeutral,0
laborer,laborer,c,CharTypesNeutral,0
",",",",s,,0
would,would,s,NarrOtherNeutral,0
weep,weep,s,NegEmotionsSadness,0
while,while,s,NarrDurationNeutral,0
telling,telling,s,NarrActsNeutral,0
stories,stories,s,NarrActsNeutral,1
of,of,s,NarrActsNeutral,2
being,being,s,NegActsCoercive,0
forced,forced,s,NegActsCoercive,1
to,to,s,NegActsCoercive,2
work,work,s,NegActsCoercive,3
under,under,s,ContingentPossibilityNeg,0
harsh,harsh,s,ContingentPossibilityNeg,1
conditions,conditions,s,ContingentPossibilityNeg,2
with,with,s,OtherOrphanedOther,0
very,very,s,ForcefulEmphaticNeutral,0
little,little,s,ForcefulEmphaticNeutral,1
rest,rest,c,DescriptMotionNeutral,0
.,.,s,,0
“,",c,,0
We,we,s,OtherOrphanedOther,0
were,were,s,NarrOtherNeutral,0
treated,treated,s,NarrOtherNeutral,1
like,like,s,OtherOrphanedOther,0
cattle,cattle,c,DescriptObjectsNeutral,0
",",",",c,,0
”,",s,,0
she,she,s,CharMentalStatesNeutral,0
recalls,recalls,s,CharMentalStatesNeutral,1
her,her,s,CharNamesNeutral,0
grandmother,grandmother,s,CharTypesNeutral,0
saying,saying,c,InterOtherNeutral,0
.,.,s,,0
For,for,s,OtherOrphanedOther,0
Sushila,sushila,c,,0
",",",",s,,0
these,these,s,NarrOtherNeutral,0
memories,memories,s,NarrOtherNeutral,1
are,are,s,OtherOrphanedOther,0
a,a,s,NarrOtherNeutral,0
constant,constant,s,NarrOtherNeutral,1
reminder,reminder,s,NarrOtherNeutral,2
of,of,s,NarrOtherNeutral,3
the,the,s,NegEmotionsOther,0
injustice,injustice,s,NegEmotionsOther,1
her,her,s,CharNamesNeutral,0
family,family,s,SpecialTopicsMiscellanyNeutral,0
endured,endured,c,NarrDurationNeutral,0
.,.,s,NarrDurationNeutral,1
She,she,s,CharNamesNeutral,0
often,often,s,NarrDurationNeutral,0
expresses,expresses,s,InterConversationNeg,0
the,the,s,InterConversationNeg,1
need,need,s,InterConversationNeg,2
for,for,s,OtherOrphanedOther,0
the,the,s,OtherOrphanedOther,0
Dutch,dutch,s,PubAdministrationNeutral,0
government,government,s,PubAdministrationNeutral,1
to,to,s,PosRelAcknowledgement,0
acknowledge,acknowledge,s,PosRelAcknowledgement,1
these,these,s,OtherOrphanedOther,0
wrongs,wrongs,c,NegValuesWrong,0
",",",",s,,0
not,not,s,ForcefulEmphaticNeutral,0
just,just,s,ForcefulEmphaticNeutral,1
as,as,s,OtherOrphanedOther,0
a,a,s,OtherOrphanedOther,1
historical,historical,s,ConfidenceHighNeutral,0
fact,fact,c,ConfidenceHighNeutral,1
",",",",s,MetadiscourseContrastNeutral,0
but,but,s,MetadiscourseContrastNeutral,1
as,as,s,OtherSyntacticComplexityOther,0
something,something,s,OtherSyntacticComplexityOther,1
that,that,s,OtherSyntacticComplexityOther,2
continues,continues,s,NarrDurationNeutral,0
to,to,s,NarrDurationNeutral,1
impact,impact,s,ForcefulEmphaticNeutral,0
their,their,s,ForcefulEmphaticNeutral,1
identity,identity,s,SpecialTopicsMiscellanyNeutral,0
and,and,s,OtherSyntacticComplexityOther,0
well-being,well-being,c,PosValuesHealthy,0
.,.,n,,0
b,b,c,OtherOrphanedOther,0
.,.,s,OtherOrphanedOther,1
Calls,calls,s,StratActsNeutral,0
for,for,s,StratActsNeutral,1
Apology,apology,s,SpecialTopicsMiscellanyNeutral,0
and,and,s,OtherSyntacticComplexityOther,0
Recognition,recognition,n,,0
On,on,s,OtherSyntacticComplexityOther,0
a,a,s,OtherSyntacticComplexityOther,1
collective,collective,s,StratCoordinationNeutral,0
level,level,c,StratCoordinationNeutral,1
",",",",s,,0
descendants,descendants,s,UncertaintyIndefiniteNeutral,0
demand,demand,s,InterCommandNeutral,0
a,a,s,InterCommandNeutral,1
formal,formal,s,SpecialTopicsMiscellanyNeutral,0
apology,apology,s,SpecialTopicsMiscellanyNeutral,0
from,from,s,OtherOrphanedOther,0
the,the,s,OtherOrphanedOther,0
Dutch,dutch,s,PubAdministrationNeutral,0
government,government,s,PubAdministrationNeutral,1
for,for,s,NarrBiographyNeutral,0
its,its,s,NarrBiographyNeutral,1
role,role,s,NarrBiographyNeutral,2
in,in,s,NarrBiographyNeutral,3
perpetuating,perpetuating,s,NarrDurationNeutral,0
the,the,s,OtherOrphanedOther,0
indenture,indenture,s,SpecialTopicsMiscellanyNeutral,0
system,system,s,SpecialTopicsMiscellanyNeutral,1
and,and,s,OtherSyntacticComplexityOther,0
for,for,s,OtherOrphanedOther,0
the,the,s,OtherOrphanedOther,0
physical,physical,s,SpecialTopicsMiscellanyNeutral,0
and,and,s,OtherSyntacticComplexityOther,0
emotional,emotional,s,NegActsAggressive,0
abuse,abuse,s,NegActsAggressive,1
that,that,s,OtherOrphanedOther,0
indentured,indentured,s,PubLawNeutral,0
laborers,laborers,s,CharTypesNeutral,0
endured,endured,c,NarrDurationNeutral,0
.,.,s,NarrDurationNeutral,1
A,a,s,StratCoordinationPos,0
common,common,s,StratCoordinationPos,1
sentiment,sentiment,s,CharMentalStatesNeutral,0
is,is,s,OtherSyntacticComplexityOther,0
that,that,s,OtherSyntacticComplexityOther,1
the,the,s,OtherSyntacticComplexityOther,2
government’s,government’s,s,PubAdministrationNeutral,0
silence,silence,s,DescriptVisualNeutral,0
on,on,s,NegActsResist,0
the,the,s,NegActsResist,1
issue,issue,s,NegActsResist,2
is,is,s,NarrImmediacyNeutral,0
an,an,s,NarrImmediacyNeutral,1
ongoing,ongoing,s,NarrImmediacyNeutral,2
insult,insult,s,NegActsAggressive,0
to,to,s,OtherOrphanedOther,0
the,the,s,OtherOrphanedOther,0
dignity,dignity,s,PosValuesDignity,0
of,of,s,OtherSyntacticComplexityOther,0
the,the,s,OtherSyntacticComplexityOther,1
community,community,c,SpecialTopicsMiscellanyNeutral,0
.,.,n,,0
Ravi,ravi,c,CharNamesNeutral,0
",",",",s,,0
a,a,s,PubAdministrationNeutral,0
community,community,s,PubAdministrationNeutral,1
leader,leader,s,CharTypesNeutral,0
in,in,s,OtherOrphanedOther,0
Suriname,suriname,c,SpecialTopicsPlaceNeutral,0
",",",",s,,0
has,has,s,NarrActsNeutral,0
spoken,spoken,s,NarrActsNeutral,1
publicly,publicly,s,PubAdministrationNeutral,0
about,about,s,StratDirectAppealNeutral,0
the,the,s,StratDirectAppealNeutral,1
need,need,s,StratDirectAppealNeutral,2
for,for,s,StratDirectAppealNeutral,3
the,the,s,OtherOrphanedOther,0
Dutch,dutch,s,CharTypesNeutral,0
state,state,s,OtherOrphanedOther,0
to,to,s,PubAdministrationPos,0
recognize,recognize,s,PubAdministrationPos,1
the,the,s,NegActsTrauma,0
trauma,trauma,s,NegActsTrauma,1
of,of,s,OtherOrphanedOther,0
indenture,indenture,c,PubLawNeutral,0
",",",",s,,0
stating,stating,c,CitationQuotationNeutral,0
",",",",s,CitationQuotationNeutral,1
“,",c,CitationQuotationNeutral,2
We,we,s,FPOtherNeg,0
don’t,don’t,s,FPOtherNeg,1
want,want,s,FPOtherNeg,2
just,just,s,ForcefulEmphaticNeutral,0
an,an,s,ForcefulEmphaticNeutral,1
apology,apology,c,SpecialTopicsMiscellanyNeutral,0
.,.,s,,0
We,we,s,MetadiscourseOtherNeutral,0
want,want,s,MetadiscourseOtherNeutral,1
our,our,s,FPOtherNeutral,0
ancestors,ancestors,s,NarrOtherNeutral,0
to,to,s,OtherOrphanedGenericActivity,0
be,be,s,OtherOrphanedGenericActivity,1
honored,honored,s,PosValuesHonor,0
with,with,s,OtherSyntacticComplexityOther,0
the,the,s,OtherSyntacticComplexityOther,1
dignity,dignity,s,PosValuesDignity,0
they,they,s,OtherOrphanedOther,0
were,were,s,NegActsResist,0
denied,denied,s,NegActsResist,1
in,in,s,PubAdministrationNeutral,0
life,life,c,PubAdministrationNeutral,1
.,.,c,,0
”,",s,,0
Ravi’s,ravi’s,s,,0
words,words,s,SpecialTopicsMiscellanyNeutral,0
reflect,reflect,s,OtherOrphanedOther,0
the,the,s,OtherOrphanedOther,1
common,common,s,NarrOtherNeutral,0
view,view,s,NarrOtherNeutral,1
within,within,s,SpecialTopicsPlaceNeutral,0
the,the,s,SpecialTopicsPlaceNeutral,1
community,community,s,SpecialTopicsPlaceNeutral,2
that,that,s,OtherOrphanedOther,0
recognition,recognition,s,,0
is,is,s,ExpoOtherNeutral,0
the,the,s,ExpoOtherNeutral,1
first,first,s,ExpoOtherNeutral,2
step,step,s,ExpoOtherNeutral,3
towards,towards,s,OtherSyntacticComplexityOther,0
repairing,repairing,s,OtherOrphanedOther,0
the,the,s,OtherOrphanedOther,1
harm,harm,s,NegRelHarm,0
done,done,s,NegEmotionsOther,0
to,to,s,NegEmotionsOther,1
the,the,s,NegEmotionsOther,2
generations,generations,s,NarrBiographyNeutral,0
of,of,s,NarrBiographyNeutral,1
laborers,laborers,s,CharTypesNeutral,0
who,who,s,OtherOrphanedOther,0
were,were,s,NarrOtherNeutral,0
systemically,systemically,s,,0
exploited,exploited,c,StratActsPos,0
.,.,n,,0
2,2,c,ExpoOtherNeutral,0
.,.,s,ExpoOtherNeutral,1
Economic,economic,s,ResponsibilityAcceptNeg,0
Reparations,reparations,n,ResponsibilityAcceptNeg,1
Another,another,s,MetadiscourseAdditionNeutral,0
key,key,s,PubAdministrationNeutral,0
demand,demand,s,PubAdministrationNeutral,1
of,of,s,OtherSyntacticComplexityOther,0
the,the,s,OtherSyntacticComplexityOther,1
Indo-Surinamese,indo-surinamese,s,,0
community,community,s,SpecialTopicsMiscellanyNeutral,0
is,is,s,ForcefulEmphaticNeutral,0
for,for,s,ForcefulEmphaticNeutral,1
economic,economic,s,ResponsibilityAcceptNeg,0
reparations,reparations,s,ResponsibilityAcceptNeg,1
to,to,s,OtherOrphanedOther,0
compensate,compensate,s,ResponsibilityAcceptNeutral,0
for,for,s,ResponsibilityAcceptNeutral,1
the,the,s,OtherOrphanedOther,0
labor,labor,s,SpecialTopicsMiscellanyNeutral,0
exploitation,exploitation,s,NegActsAggressive,0
and,and,s,OtherSyntacticComplexityOther,0
the,the,s,OtherSyntacticComplexityOther,1
ongoing,ongoing,s,NarrImmediacyNeutral,0
economic,economic,s,StratActsNeg,0
disadvantages,disadvantages,s,StratActsNeg,1
faced,faced,s,DescriptVisualNeutral,0
by,by,s,OtherOrphanedOther,0
their,their,s,CharNamesNeutral,0
descendants,descendants,c,UncertaintyIndefiniteNeutral,0
.,.,s,,0
Many,many,s,ExpoOtherNeutral,0
feel,feel,s,CharSubjectivityNeutral,0
that,that,s,CharSubjectivityNeutral,1
the,the,s,OtherOrphanedOther,0
legacy,legacy,s,PubAdministrationNeutral,0
of,of,s,PubAdministrationNeutral,1
indenture,indenture,s,PubLawNeutral,0
has,has,s,NarrActsNeutral,0
left,left,s,NarrSceneShiftNeutral,0
them,them,s,NarrSceneShiftNeutral,1
in,in,s,OtherOrphanedOther,0
a,a,s,OtherOrphanedOther,0
marginalized,marginalized,s,DescriptChangeNeg,0
economic,economic,s,SpecialTopicsMiscellanyNeutral,0
position,position,c,SpecialTopicsMiscellanyNeutral,1
",",",",s,,0
and,and,s,OtherSyntacticComplexityOther,0
they,they,s,OtherOrphanedOther,0
see,see,s,ResponsibilityAcceptNeg,0
reparations,reparations,s,ResponsibilityAcceptNeg,1
as,as,s,OtherSyntacticComplexityOther,0
a,a,s,OtherSyntacticComplexityOther,1
way,way,s,OtherSyntacticComplexityOther,2
to,to,s,OtherSyntacticComplexityOther,3
redress,redress,s,PosValuesOther,0
the,the,s,PosValuesOther,1
imbalance,imbalance,s,NegValuesOther,0
caused,caused,s,ReasoningOtherNeutral,0
by,by,s,ReasoningOtherNeutral,1
centuries,centuries,s,NarrDurationNeutral,0
of,of,s,OtherOrphanedOther,0
exploitation,exploitation,c,NegActsAggressive,0
.,.,n,,0
a,a,c,OtherOrphanedOther,0
.,.,s,OtherOrphanedOther,1
Economic,economic,s,NegValuesDisparity,0
Disparities,disparities,n,NegValuesDisparity,1
Vikram,vikram,c,CharNamesNeutral,0
",",",",s,,0
an,an,s,OtherOrphanedOther,0
Indo-Surinamese,indo-surinamese,s,,0
businessman,businessman,c,CharTypesNeutral,0
",",",",s,,0
argues,argues,s,CitationControversyNeutral,0
that,that,s,CitationControversyNeutral,1
the,the,s,OtherOrphanedOther,0
economic,economic,s,SpecialTopicsMiscellanyNeutral,0
opportunities,opportunities,s,SpecialTopicsMiscellanyNeutral,1
available,available,s,PosValuesOther,0
to,to,s,PosValuesOther,1
his,his,s,CharNamesNeutral,0
family,family,s,SpecialTopicsMiscellanyNeutral,0
have,have,s,ConfidenceHighNeg,0
always,always,s,ConfidenceHighNeg,1
been,been,s,ConfidenceHighNeg,2
restricted,restricted,c,NegActsResist,0
.,.,s,NarrActsNeutral,0
He,he,s,NarrActsNeutral,1
points,points,s,CitationOtherNeutral,0
out,out,s,CitationOtherNeutral,1
that,that,s,CitationOtherNeutral,2
while,while,s,NarrDurationNeutral,0
Afro-Surinamese,afro-surinamese,s,,0
communities,communities,s,SpecialTopicsMiscellanyNeutral,0
have,have,s,UpdatesOtherNeutral,0
had,had,s,UpdatesOtherNeutral,1
access,access,s,PosValuesOther,0
to,to,s,PosValuesOther,1
state-sponsored,state-sponsored,s,PubAdministrationNeutral,0
land,land,s,SpecialTopicsPlaceNeutral,0
and,and,s,OtherSyntacticComplexityOther,0
business,business,s,SpecialTopicsMiscellanyNeutral,0
opportunities,opportunities,s,SpecialTopicsMiscellanyNeutral,1
since,since,s,NarrTimeShiftNeutral,0
independence,independence,c,PosValuesOther,0
",",",",s,,0
Indo-Surinamese,indo-surinamese,s,,0
communities,communities,s,SpecialTopicsMiscellanyNeutral,0
have,have,s,NarrActsNeutral,0
faced,faced,s,DescriptVisualNeutral,0
more,more,s,ExpoComparisonNeutral,0
challenges,challenges,s,CharTraitsNeutral,0
in,in,s,OtherOrphanedOther,0
securing,securing,s,PosEmotionsSecure,0
economic,economic,s,SpecialTopicsMiscellanyNeutral,0
equality,equality,c,SpecialTopicsMiscellanyNeutral,1
.,.,s,,0
“,",c,,0
My,my,s,FPAutobiographyNeutral,0
ancestors,ancestors,s,FPAutobiographyNeutral,1
worked,worked,s,NarrBiographyNeutral,0
on,on,s,NarrBiographyNeutral,1
the,the,s,NarrBiographyNeutral,2
sugar,sugar,s,DescriptObjectsNeutral,0
plantations,plantations,s,DescriptVisualNeutral,0
without,without,s,ForcefulEmphaticNeutral,0
pay,pay,c,OtherOrphanedOther,0
.,.,s,NarrActsNeutral,0
They,they,s,NarrActsNeutral,1
died,died,s,NarrBiographyNeutral,0
in,in,s,NarrBiographyNeutral,1
the,the,s,OtherOrphanedOther,0
fields,fields,c,OtherOrphanedOther,0
",",",",s,,0
and,and,s,OtherSyntacticComplexityOther,0
their,their,s,CharNamesNeutral,0
descendants,descendants,s,UncertaintyIndefiniteNeutral,0
are,are,s,UpdatesNoticeNeutral,0
still,still,s,UpdatesNoticeNeutral,1
struggling,struggling,s,CharTraitsNeg,0
to,to,s,CharTraitsNeg,1
own,own,s,CharTraitsNeg,2
land,land,c,SpecialTopicsPlaceNeutral,0
",",",",s,,0
to,to,s,DescriptVisualNeutral,0
be,be,s,DescriptVisualNeutral,1
seen,seen,s,DescriptVisualNeutral,2
as,as,s,OtherOrphanedOther,0
equals,equals,s,ForcefulEmphaticNeutral,0
in,in,s,OtherOrphanedOther,0
the,the,s,OtherOrphanedOther,0
business,business,s,SpecialTopicsMiscellanyNeutral,0
world,world,c,SpecialTopicsMiscellanyNeutral,1
",",",",c,,0
”,",s,,0
he,he,s,CitationOtherNeutral,0
says,says,c,CitationOtherNeutral,1
.,.,n,,0
Economic,economic,s,ResponsibilityAcceptNeg,0
reparations,reparations,c,ResponsibilityAcceptNeg,1
",",",",s,ReasoningConcludeNeutral,0
for,for,s,ReasoningConcludeNeutral,1
people,people,s,ExpoExampleNeutral,0
like,like,s,ExpoExampleNeutral,1
Vikram,vikram,c,CharNamesNeutral,0
",",",",s,,0
mean,mean,s,OtherOrphanedOther,0
not,not,s,ForcefulEmphaticNeutral,0
just,just,s,ForcefulEmphaticNeutral,1
compensation,compensation,s,SpecialTopicsMiscellanyNeutral,0
for,for,s,SpecialTopicsMiscellanyNeutral,1
past,past,s,NegValuesWrong,0
wrongs,wrongs,s,NegValuesWrong,1
but,but,s,MetadiscourseContrastNeutral,0
also,also,s,MetadiscourseAdditionNeutral,0
a,a,s,OtherOrphanedOther,0
leveling,leveling,s,OtherOrphanedOther,0
of,of,s,OtherSyntacticComplexityOther,0
the,the,s,OtherSyntacticComplexityOther,1
playing,playing,s,DescriptVisualNeutral,0
field,field,c,DescriptVisualNeutral,1
.,.,s,NarrActsNeutral,0
They,they,s,NarrActsNeutral,1
call,call,s,StratActsNeutral,0
for,for,s,StratActsNeutral,1
access,access,s,PosValuesOther,0
to,to,s,PosValuesOther,1
grants,grants,c,PubLawNeutral,0
",",",",s,,0
education,education,c,SpecialTopicsMiscellanyNeutral,0
",",",",s,,0
and,and,s,OtherSyntacticComplexityOther,0
business,business,s,SpecialTopicsMiscellanyNeutral,0
development,development,s,SpecialTopicsMiscellanyNeutral,1
programs,programs,s,OtherOrphanedGenericActivity,0
that,that,s,FutureOtherNeutral,0
would,would,s,FutureOtherNeutral,1
enable,enable,s,FacilitateEnablePos,0
future,future,s,UncertaintyIndefiniteNeutral,0
generations,generations,s,UncertaintyIndefiniteNeutral,1
to,to,s,OtherOrphanedOther,0
have,have,s,NarrActsNeutral,0
the,the,s,NarrActsNeutral,1
same,same,s,ExpoComparisonNeutral,0
opportunities,opportunities,s,FacilitateEnablePos,0
as,as,s,OtherOrphanedOther,0
other,other,s,,0
groups,groups,s,SpecialTopicsMiscellanyNeutral,0
in,in,s,OtherOrphanedOther,0
Suriname,suriname,c,SpecialTopicsPlaceNeutral,0
.,.,n,,0
b,b,c,OtherOrphanedOther,0
.,.,s,OtherOrphanedOther,1
Financial,financial,s,SpecialTopicsMiscellanyNeutral,0
Redress,redress,s,SpecialTopicsMiscellanyNeutral,1
for,for,s,OtherOrphanedOther,0
Social,social,s,SpecialTopicsMiscellanyNeutral,0
Marginalization,marginalization,n,SpecialTopicsMiscellanyNeutral,1
The,the,s,OtherOrphanedOther,0
idea,idea,s,SpecialTopicsMiscellanyNeutral,0
of,of,s,OtherOrphanedOther,0
financial,financial,s,ResponsibilityAcceptNeg,0
reparations,reparations,s,ResponsibilityAcceptNeg,1
extends,extends,s,DescriptVisualNeutral,0
beyond,beyond,s,DescriptVisualNeutral,1
individual,individual,s,SpecialTopicsMiscellanyNeutral,0
compensation,compensation,s,SpecialTopicsMiscellanyNeutral,1
and,and,s,OtherSyntacticComplexityOther,0
calls,calls,s,StratActsNeutral,0
for,for,s,StratActsNeutral,1
state-sponsored,state-sponsored,s,PubAdministrationNeutral,0
programs,programs,s,OtherOrphanedGenericActivity,0
that,that,s,OtherOrphanedOther,0
address,address,s,InterOtherNeutral,0
the,the,s,InterOtherNeutral,1
systemic,systemic,s,NegActsResist,0
barriers,barriers,s,NegActsResist,1
Indo-Surinamese,indo-surinamese,s,,0
people,people,s,CharTypesNeutral,0
face,face,s,DescriptVisualNeutral,0
in,in,s,OtherSyntacticComplexityOther,0
terms,terms,s,OtherSyntacticComplexityOther,1
of,of,s,OtherSyntacticComplexityOther,2
social,social,s,SpecialTopicsMiscellanyNeutral,0
mobility,mobility,c,SpecialTopicsMiscellanyNeutral,1
.,.,s,,0
Aarti,aarti,c,,0
",",",",s,,0
a,a,s,OtherOrphanedOther,0
young,young,s,DescriptVisualNeutral,0
professional,professional,c,PubAdministrationNeutral,0
",",",",s,,0
explains,explains,s,InquiryOtherNeutral,0
how,how,s,InquiryOtherNeutral,1
her,her,s,CharNamesNeutral,0
family’s,family’s,s,SpecialTopicsMiscellanyNeutral,0
position,position,s,SpecialTopicsMiscellanyNeutral,0
in,in,s,OtherOrphanedOther,0
Suriname,suriname,s,SpecialTopicsPlaceNeutral,0
is,is,s,UpdatesNoticeNeutral,0
still,still,s,UpdatesNoticeNeutral,1
shaped,shaped,s,OtherOrphanedOther,0
by,by,s,OtherOrphanedOther,1
the,the,s,OtherOrphanedOther,2
legacy,legacy,s,PubAdministrationNeutral,0
of,of,s,PubAdministrationNeutral,1
indenture,indenture,c,PubLawNeutral,0
:,:,s,,0
“,",c,,0
My,my,s,FPAutobiographyNeutral,0
grandmother’s,grandmother’s,s,FPAutobiographyNeutral,1
family,family,s,SpecialTopicsMiscellanyNeutral,0
had,had,s,NegEmotionsReluctance,0
to,to,s,NegEmotionsReluctance,1
work,work,s,NegEmotionsReluctance,2
on,on,s,OtherSyntacticComplexityOther,0
the,the,s,OtherSyntacticComplexityOther,1
plantations,plantations,c,DescriptVisualNeutral,0
",",",",s,,0
and,and,s,OtherSyntacticComplexityOther,0
they,they,s,NarrBiographyNeutral,0
never,never,s,NarrBiographyNeutral,1
received,received,s,NarrActsNeutral,0
proper,proper,s,PosValuesSuitable,0
pay,pay,s,PosValuesSuitable,1
for,for,s,OtherOrphanedOther,0
their,their,s,CharNamesNeutral,0
labor,labor,c,SpecialTopicsMiscellanyNeutral,0
.,.,s,,0
We,we,s,FPOtherNeutral,0
are,are,s,FPOtherNeutral,1
still,still,s,OtherOrphanedOther,0
not,not,s,DescriptVisualNeg,0
seen,seen,s,DescriptVisualNeg,1
as,as,s,OtherOrphanedOther,0
equal,equal,s,ForcefulEmphaticNeutral,0
in,in,s,OtherSyntacticComplexityOther,0
many,many,s,OtherSyntacticComplexityOther,1
aspects,aspects,s,SpecialTopicsMiscellanyNeutral,0
of,of,s,SpecialTopicsMiscellanyNeutral,1
society,society,c,PubAdministrationNeutral,0
",",",",s,,0
especially,especially,s,ForcefulEmphaticNeutral,0
in,in,s,OtherSyntacticComplexityOther,0
terms,terms,s,OtherSyntacticComplexityOther,1
of,of,s,OtherSyntacticComplexityOther,2
the,the,s,OtherOrphanedOther,0
educational,educational,s,SpecialTopicsMiscellanyNeutral,0
and,and,s,OtherSyntacticComplexityOther,0
employment,employment,s,SpecialTopicsMiscellanyNeutral,0
opportunities,opportunities,s,FacilitateEnablePos,0
we,we,s,MetadiscourseOtherNeutral,0
have,have,s,MetadiscourseOtherNeutral,1
access,access,s,PosValuesOther,0
to,to,c,PosValuesOther,1
.,.,c,,0
”,",n,,0
3,3,c,ExpoOtherNeutral,0
.,.,s,ExpoOtherNeutral,1
Cultural,cultural,s,ResponsibilityAcceptNeg,0
Reparations,reparations,n,ResponsibilityAcceptNeg,1
In,in,s,MetadiscourseAdditionNeutral,0
addition,addition,s,MetadiscourseAdditionNeutral,1
to,to,s,MetadiscourseAdditionNeutral,2
financial,financial,s,ResponsibilityAcceptNeg,0
reparations,reparations,c,ResponsibilityAcceptNeg,1
",",",",s,,0
many,many,s,ExpoOtherNeutral,0
in,in,s,DescriptVisualNeutral,0
the,the,s,DescriptVisualNeutral,1
community,community,s,DescriptVisualNeutral,2
also,also,s,MetadiscourseAdditionNeutral,0
demand,demand,s,OtherOrphanedOther,0
cultural,cultural,s,ResponsibilityAcceptNeg,0
reparations,reparations,s,ResponsibilityAcceptNeg,1
to,to,s,OtherOrphanedOther,0
help,help,s,FacilitateHelpPos,0
preserve,preserve,s,FacilitateHelpPos,1
and,and,s,OtherSyntacticComplexityOther,0
celebrate,celebrate,s,PosEmotionsCelebrate,0
the,the,s,PosValuesOther,0
heritage,heritage,s,PosValuesOther,1
of,of,s,OtherOrphanedOther,0
Indian,indian,s,PubLawNeutral,0
indentured,indentured,s,PubLawNeutral,1
laborers,laborers,s,CharTypesNeutral,0
in,in,s,OtherOrphanedOther,0
Suriname,suriname,c,SpecialTopicsPlaceNeutral,0
.,.,s,,0
The,the,s,OtherOrphanedOther,0
laborers,laborers,s,CharTypesNeutral,0
brought,brought,s,NarrActsNeutral,0
with,with,s,OtherOrphanedOther,0
them,them,s,NarrActsNeutral,0
a,a,s,OtherOrphanedOther,0
rich,rich,s,PosEmotionsOther,0
cultural,cultural,s,NarrOtherNeutral,0
legacy,legacy,s,NarrOtherNeutral,1
—,—,s,,0
language,language,c,SpecialTopicsMiscellanyNeutral,0
",",",",s,,0
religion,religion,c,SpecialTopicsMiscellanyNeutral,0
",",",",s,,0
customs,customs,s,PubAdministrationNeutral,0
—,—,s,,0
that,that,s,OtherSyntacticComplexityOther,0
has,has,s,OtherSyntacticComplexityOther,1
had,had,s,NarrOtherNeutral,0
a,a,s,NarrDurationNeutral,0
lasting,lasting,s,NarrDurationNeutral,1
influence,influence,s,NarrDurationNeutral,2
on,on,s,OtherOrphanedOther,0
Suriname’s,suriname’s,s,,0
cultural,cultural,s,SpecialTopicsMiscellanyNeutral,0
landscape,landscape,c,DescriptVisualNeutral,0
.,.,s,MetadiscourseContrastNeutral,0
However,however,c,MetadiscourseContrastNeutral,1
",",",",s,,0
this,this,s,OtherOrphanedOther,0
heritage,heritage,s,NarrOtherNeutral,0
is,is,s,NarrDurationNeutral,0
often,often,s,NarrDurationNeutral,1
seen,seen,s,PubAdministrationNeutral,0
as,as,s,PubAdministrationNeutral,1
undervalued,undervalued,s,NegActsPrefixUnder,0
or,or,s,MetadiscourseOtherNeutral,0
even,even,s,MetadiscourseOtherNeutral,1
erased,erased,s,DescriptMotionNeutral,0
in,in,s,OtherOrphanedOther,0
national,national,s,PubAdministrationNeutral,0
narratives,narratives,c,SpecialTopicsMiscellanyNeutral,0
.,.,n,,0
a,a,c,OtherOrphanedOther,0
.,.,s,OtherOrphanedOther,1
Preservation,preservation,s,PubAdministrationNeutral,0
of,of,s,SpecialTopicsMiscellanyNeutral,0
Language,language,s,SpecialTopicsMiscellanyNeutral,1
and,and,s,OtherSyntacticComplexityOther,0
Religion,religion,n,SpecialTopicsMiscellanyNeutral,0
A,a,s,DescriptChangePos,0
growing,growing,s,DescriptChangePos,1
number,number,s,DescriptChangePos,2
of,of,s,OtherOrphanedOther,0
community,community,s,SpecialTopicsMiscellanyNeutral,0
members,members,s,SpecialTopicsMiscellanyNeutral,1
believe,believe,s,CharSubjectivityNeutral,0
that,that,s,CharSubjectivityNeutral,1
cultural,cultural,s,SpecialTopicsMiscellanyNeutral,0
preservation,preservation,s,PubAdministrationNeutral,0
is,is,s,OtherOrphanedOther,0
a,a,s,DescriptObjectsNeutral,0
form,form,s,DescriptObjectsNeutral,1
of,of,s,OtherOrphanedOther,0
reparations,reparations,c,ResponsibilityAcceptNeg,0
.,.,s,,0
Bhojpuri,bhojpuri,c,,0
",",",",s,,0
Hindi,hindi,c,SpecialTopicsMiscellanyNeutral,0
",",",",s,,0
and,and,s,OtherSyntacticComplexityOther,0
other,other,s,,0
Indian,indian,s,CharTypesNeutral,0
languages,languages,s,SpecialTopicsMiscellanyNeutral,0
have,have,s,DescriptChangeNeutral,0
become,become,s,DescriptChangeNeutral,1
less,less,s,ExpoComparisonNeutral,0
common,common,s,SpecialTopicsMiscellanyNeutral,0
among,among,s,SpecialTopicsMiscellanyNeutral,1
younger,younger,s,ExpoComparisonNeutral,0
generations,generations,c,SpecialTopicsMiscellanyNeutral,0
",",",",s,,0
as,as,s,OtherOrphanedOther,0
the,the,s,OtherOrphanedOther,1
focus,focus,s,SpecialTopicsMiscellanyNeutral,0
in,in,s,OtherOrphanedOther,0
Suriname,suriname,s,SpecialTopicsPlaceNeutral,0
has,has,s,NarrActsNeutral,0
shifted,shifted,s,DescriptChangeNeutral,0
to,to,s,DescriptChangeNeutral,1
Dutch,dutch,s,CharTypesNeutral,0
or,or,s,OtherSyntacticComplexityOther,0
Sranan,sranan,s,,0
Tongo,tongo,c,,0
.,.,s,,0
Nisha,nisha,c,CharNamesNeutral,0
",",",",s,,0
a,a,s,OtherOrphanedOther,0
language,language,s,SpecialTopicsMiscellanyNeutral,0
teacher,teacher,c,CharTypesNeutral,0
",",",",s,,0
advocates,advocates,s,StratDirectAppealNeutral,0
for,for,s,StratDirectAppealNeutral,1
language,language,s,SpecialTopicsMiscellanyNeutral,0
preservation,preservation,s,StratActsNeutral,0
initiatives,initiatives,c,StratActsNeutral,1
",",",",s,,0
stating,stating,c,CitationQuotationNeutral,0
",",",",s,CitationQuotationNeutral,1
“,",c,CitationQuotationNeutral,2
If,if,s,ContingentRelationshipNeutral,0
we,we,s,ContingentRelationshipNeutral,1
are,are,s,ContingentRelationshipNeutral,2
to,to,s,ContingentRelationshipNeutral,3
honor,honor,s,PosValuesHonor,0
our,our,s,FPOtherNeutral,0
ancestors,ancestors,c,NarrOtherNeutral,0
",",",",s,,0
we,we,s,FPOtherNeutral,0
must,must,s,FPOtherNeutral,1
keep,keep,s,FPOtherNeutral,2
their,their,s,CharNamesNeutral,0
language,language,s,SpecialTopicsMiscellanyNeutral,0
alive,alive,c,PosEmotionsOther,0
.,.,s,,0
It's,it's,s,ConfidenceHighNeutral,0
a,a,s,ConfidenceHighNeutral,1
part,part,s,FPSubjectiveNeutral,0
of,of,s,FPSubjectiveNeutral,1
who,who,s,FPSubjectiveNeutral,2
we,we,s,FPSubjectiveNeutral,3
are,are,c,FPSubjectiveNeutral,4
.,.,s,,0
The,the,s,OtherOrphanedOther,0
language,language,s,SpecialTopicsMiscellanyNeutral,0
is,is,s,OtherOrphanedOther,0
a,a,s,NarrImmediacyNeutral,0
living,living,s,NarrImmediacyNeutral,1
memory,memory,s,NarrOtherNeutral,0
of,of,s,NarrOtherNeutral,1
their,their,s,CharNamesNeutral,0
struggle,struggle,s,,0
and,and,s,OtherSyntacticComplexityOther,0
survival,survival,c,NarrTurningPointNeutral,0
.,.,c,,0
”,",n,,0
Religious,religious,s,CharTraitsNeutral,0
practices,practices,c,OtherOrphanedGenericActivity,0
",",",",s,ExpoExampleNeutral,0
such,such,s,ExpoExampleNeutral,1
as,as,s,ExpoExampleNeutral,2
Hinduism,hinduism,s,SpecialTopicsMiscellanyNeutral,0
and,and,s,OtherSyntacticComplexityOther,0
Islam,islam,c,SpecialTopicsMiscellanyNeutral,0
",",",",s,,0
were,were,s,ExpoOtherNeutral,0
central,central,s,ExpoOtherNeutral,1
to,to,s,ExpoOtherNeutral,2
the,the,s,OtherOrphanedOther,0
indentured,indentured,s,PubLawNeutral,0
laborers,laborers,c,CharTypesNeutral,0
’,',s,,0
identities,identities,c,,0
",",",",s,,0
and,and,s,OtherSyntacticComplexityOther,0
their,their,s,CharNamesNeutral,0
continued,continued,s,NarrDurationNeutral,0
practice,practice,s,OtherOrphanedGenericActivity,0
in,in,s,OtherOrphanedOther,0
Suriname,suriname,s,SpecialTopicsPlaceNeutral,0
is,is,s,OtherOrphanedOther,0
also,also,s,MetadiscourseAdditionNeutral,0
an,an,s,OtherOrphanedOther,0
important,important,s,ForcefulSignificantNeutral,0
aspect,aspect,s,SpecialTopicsMiscellanyNeutral,0
of,of,s,SpecialTopicsMiscellanyNeutral,1
cultural,cultural,s,ResponsibilityAcceptNeg,0
reparations,reparations,c,ResponsibilityAcceptNeg,1
.,.,s,,0
Many,many,s,ExpoOtherNeutral,0
members,members,s,SpecialTopicsMiscellanyNeutral,0
of,of,s,OtherSyntacticComplexityOther,0
the,the,s,OtherSyntacticComplexityOther,1
community,community,s,SpecialTopicsMiscellanyNeutral,0
call,call,s,SpecialTopicsMiscellanyNeutral,1
for,for,s,PosEmotionsOther,0
support,support,s,PosEmotionsOther,1
for,for,s,OtherOrphanedOther,0
religious,religious,s,PubAdministrationNeutral,0
institutions,institutions,s,PubAdministrationNeutral,1
and,and,s,OtherSyntacticComplexityOther,0
practices,practices,s,OtherOrphanedGenericActivity,0
that,that,s,OtherOrphanedOther,0
are,are,s,OtherOrphanedOther,0
rooted,rooted,s,DescriptVisualNeutral,0
in,in,s,DescriptVisualNeutral,1
the,the,s,DescriptVisualNeutral,2
indentured,indentured,s,PubLawNeutral,0
experience,experience,c,NarrActsNeutral,0
",",",",s,ExpoExampleNeutral,0
such,such,s,ExpoExampleNeutral,1
as,as,s,ExpoExampleNeutral,2
the,the,s,PubAdministrationNeutral,0
establishment,establishment,s,PubAdministrationNeutral,1
of,of,s,OtherOrphanedOther,0
temples,temples,c,DescriptVisualNeutral,0
",",",",s,,0
mosques,mosques,c,DescriptVisualNeutral,0
",",",",s,,0
and,and,s,OtherSyntacticComplexityOther,0
cultural,cultural,s,SpecialTopicsMiscellanyNeutral,0
centers,centers,s,SpecialTopicsMiscellanyNeutral,1
dedicated,dedicated,s,PosValuesOther,0
to,to,s,PosValuesOther,1
preserving,preserving,s,PosValuesOther,2
these,these,s,OtherOrphanedOther,0
traditions,traditions,c,NarrOtherNeutral,0
.,.,n,,0
4,4,c,ExpoOtherNeutral,0
.,.,s,ExpoOtherNeutral,1
Intergenerational,intergenerational,s,NarrOtherNeutral,0
Legacy,legacy,s,NarrOtherNeutral,1
and,and,s,OtherSyntacticComplexityOther,0
Healing,healing,n,PosRelHeal,0
Some,some,s,ExpoOtherNeutral,0
community,community,s,SpecialTopicsMiscellanyNeutral,0
members,members,s,SpecialTopicsMiscellanyNeutral,1
see,see,s,ResponsibilityAcceptNeg,0
reparations,reparations,s,ResponsibilityAcceptNeg,1
as,as,s,OtherSyntacticComplexityOther,0
a,a,s,OtherSyntacticComplexityOther,1
means,means,s,OtherSyntacticComplexityOther,2
of,of,s,OtherSyntacticComplexityOther,3
healing,healing,c,PosRelHeal,0
",",",",s,,0
not,not,s,ForcefulEmphaticNeutral,0
just,just,s,ForcefulEmphaticNeutral,1
for,for,s,OtherOrphanedOther,0
themselves,themselves,s,CharNamesNeutral,0
but,but,s,ExpoOtherNeutral,0
for,for,s,ExpoOtherNeutral,1
future,future,s,UncertaintyIndefiniteNeutral,0
generations,generations,c,UncertaintyIndefiniteNeutral,1
.,.,s,,0
By,by,s,OtherOrphanedOther,0
recognizing,recognizing,s,PosRelOther,0
the,the,s,PosRelOther,1
injustice,injustice,s,NegValuesInjustice,0
of,of,s,OtherSyntacticComplexityOther,0
the,the,s,OtherSyntacticComplexityOther,1
indenture,indenture,s,SpecialTopicsMiscellanyNeutral,0
system,system,c,SpecialTopicsMiscellanyNeutral,1
",",",",s,,0
they,they,s,FutureOtherPos,0
hope,hope,s,FutureOtherPos,1
to,to,s,OtherOrphanedOther,0
break,break,s,NegActsBreak,0
the,the,s,NegActsBreak,1
cycle,cycle,s,NarrDurationNeutral,0
of,of,s,NarrDurationNeutral,1
trauma,trauma,s,NegActsTrauma,0
and,and,s,OtherSyntacticComplexityOther,0
build,build,s,NarrActsNeutral,0
a,a,s,NarrActsNeutral,1
better,better,s,ExpoComparisonNeutral,0
future,future,s,FutureOtherNeutral,0
for,for,s,OtherOrphanedOther,0
their,their,s,CharNamesNeutral,0
children,children,s,CharTypesNeutral,0
and,and,s,OtherSyntacticComplexityOther,0
grandchildren,grandchildren,c,CharTypesNeutral,0
.,.,n,,0
a,a,c,OtherOrphanedOther,0
.,.,s,OtherOrphanedOther,1
Intergenerational,intergenerational,s,NegActsTrauma,0
Trauma,trauma,n,NegActsTrauma,1
Shalini,shalini,c,CharNamesNeutral,0
",",",",s,,0
a,a,s,OtherOrphanedOther,0
mental,mental,s,CharTypesNeutral,0
health,health,s,CharTypesNeutral,1
counselor,counselor,c,CharTypesNeutral,2
",",",",s,,0
speaks,speaks,s,InterOtherNeutral,0
about,about,s,InterOtherNeutral,1
the,the,s,InterOtherNeutral,2
intergenerational,intergenerational,s,NegActsTrauma,0
trauma,trauma,s,NegActsTrauma,1
experienced,experienced,s,NarrActsNeutral,0
by,by,s,OtherOrphanedOther,0
Indo-Surinamese,indo-surinamese,s,,0
families,families,c,SpecialTopicsMiscellanyNeutral,0
.,.,s,NarrActsNeutral,0
She,she,s,NarrActsNeutral,1
explains,explains,s,InquiryOtherNeutral,0
that,that,s,InquiryOtherNeutral,1
many,many,s,ExpoOtherNeutral,0
individuals,individuals,s,CharTypesNeutral,0
in,in,s,DescriptVisualNeutral,0
the,the,s,DescriptVisualNeutral,1
community,community,s,DescriptVisualNeutral,2
carry,carry,s,OtherOrphanedOther,0
the,the,s,OtherOrphanedOther,0
psychological,psychological,s,SpecialTopicsMiscellanyNeutral,0
scars,scars,s,NegActsInjure,0
of,of,s,OtherSyntacticComplexityOther,0
their,their,s,OtherSyntacticComplexityOther,1
ancestors,ancestors,c,NarrOtherNeutral,0
’,',s,,0
abuse,abuse,c,NegActsAggressive,0
",",",",s,,0
even,even,s,MetadiscourseContrastNeutral,0
if,if,s,MetadiscourseContrastNeutral,1
they,they,s,ForcefulIntenseNeutral,0
did,did,s,ForcefulIntenseNeutral,1
not,not,s,NegActsResist,0
personally,personally,s,CharSubjectivityNeutral,0
experience,experience,s,NarrActsNeutral,0
indenture,indenture,c,PubLawNeutral,0
.,.,s,,0
“,",c,,0
The,the,s,SpecialTopicsMiscellanyNeutral,0
stories,stories,s,SpecialTopicsMiscellanyNeutral,1
of,of,s,OtherOrphanedOther,0
struggle,struggle,s,,0
and,and,s,OtherSyntacticComplexityOther,0
suffering,suffering,s,NegEmotionsSuffer,0
were,were,s,PubCommunicationNeutral,0
passed,passed,s,PubCommunicationNeutral,1
down,down,s,PubCommunicationNeutral,2
to,to,s,StratCoordinationPos,0
us,us,s,StratCoordinationPos,1
in,in,s,OtherOrphanedOther,0
our,our,s,FPOtherNeutral,0
families,families,c,SpecialTopicsMiscellanyNeutral,0
.,.,s,,0
It's,it's,s,ConfidenceHighNeutral,0
a,a,s,ConfidenceHighNeutral,1
deep,deep,s,SpecialTopicsMiscellanyNeutral,0
part,part,s,FPSubjectiveNeutral,0
of,of,s,FPSubjectiveNeutral,1
who,who,s,FPSubjectiveNeutral,2
we,we,s,FPSubjectiveNeutral,3
are,are,c,FPSubjectiveNeutral,4
",",",",s,,0
and,and,s,OtherSyntacticComplexityOther,0
it,it,s,OtherSyntacticComplexityOther,1
affects,affects,s,CharSubjectivityNeutral,0
our,our,s,FPAutobiographyNeutral,0
lives,lives,s,FPAutobiographyNeutral,1
today,today,c,NarrImmediacyNeutral,0
.,.,s,,0
Reparations,reparations,s,ResponsibilityAcceptNeg,0
are,are,s,NegActsResist,0
not,not,s,NegActsResist,1
just,just,s,ConfidenceHedgedNeutral,0
about,about,s,ConfidenceHedgedNeutral,1
money,money,c,SpecialTopicsMiscellanyNeutral,0
",",",",s,MetadiscourseContrastNeutral,0
but,but,s,MetadiscourseContrastNeutral,1
about,about,s,OtherOrphanedOther,0
healing,healing,s,PosRelHeal,0
our,our,s,PosRelHeal,1
wounds,wounds,c,PosRelHeal,2
.,.,c,,0
”,",n,,0
Conclusion,conclusion,c,ReasoningConcludeNeutral,0
:,:,s,,0
The,the,s,OtherOrphanedOther,0
Demand,demand,s,PosRelOther,0
for,for,s,PosRelOther,1
Reparations,reparations,s,ResponsibilityAcceptNeg,0
as,as,s,OtherOrphanedOther,0
a,a,s,OtherOrphanedOther,1
Multifaceted,multifaceted,s,SpecialTopicsMiscellanyNeutral,0
Struggle,struggle,n,,0
The,the,s,OtherOrphanedOther,0
demand,demand,s,PosRelOther,0
for,for,s,PosRelOther,1
reparations,reparations,s,ResponsibilityAcceptNeg,0
from,from,s,OtherOrphanedOther,0
the,the,s,OtherOrphanedOther,0
Dutch,dutch,s,PubAdministrationNeutral,0
government,government,s,PubAdministrationNeutral,1
is,is,s,OtherOrphanedOther,0
a,a,s,OtherOrphanedOther,0
multifaceted,multifaceted,s,MetadiscoursePurposeNonFirstPerson,0
issue,issue,s,MetadiscoursePurposeNonFirstPerson,1
that,that,s,OtherOrphanedOther,0
reflects,reflects,s,OtherOrphanedOther,0
the,the,s,OtherOrphanedOther,1
complex,complex,s,NarrOtherNeutral,0
legacy,legacy,s,NarrOtherNeutral,1
of,of,s,OtherSyntacticComplexityOther,0
the,the,s,OtherSyntacticComplexityOther,1
indenture,indenture,s,SpecialTopicsMiscellanyNeutral,0
system,system,s,SpecialTopicsMiscellanyNeutral,1
in,in,s,OtherOrphanedOther,0
Suriname,suriname,c,SpecialTopicsPlaceNeutral,0
.,.,s,,0
Individually,individually,c,SpecialTopicsMiscellanyNeutral,0
",",",",s,,0
people,people,s,CharTypesNeutral,0
in,in,s,OtherOrphanedOther,0
the,the,s,OtherOrphanedOther,0
Indo-Surinamese,indo-surinamese,s,,0
community,community,s,SpecialTopicsMiscellanyNeutral,0
call,call,s,SpecialTopicsMiscellanyNeutral,1
for,for,s,OtherOrphanedOther,0
acknowledgment,acknowledgment,s,PosRelAcknowledgement,0
of,of,s,OtherOrphanedOther,0
suffering,suffering,c,NegEmotionsSuffer,0
",",",",s,,0
economic,economic,s,SpecialTopicsMiscellanyNeutral,0
compensation,compensation,c,SpecialTopicsMiscellanyNeutral,1
",",",",s,,0
cultural,cultural,s,SpecialTopicsMiscellanyNeutral,0
preservation,preservation,c,PubAdministrationNeutral,0
",",",",s,,0
and,and,s,OtherSyntacticComplexityOther,0
healing,healing,c,PosRelHeal,0
.,.,s,,0
These,these,s,OtherOrphanedOther,0
demands,demands,s,OtherOrphanedOther,0
are,are,s,OtherOrphanedOther,0
rooted,rooted,s,DescriptVisualNeutral,0
in,in,s,DescriptVisualNeutral,1
the,the,s,DescriptVisualNeutral,2
belief,belief,s,CharTraitsNeutral,0
that,that,s,CharTraitsNeutral,1
the,the,s,OtherOrphanedOther,0
indentured,indentured,s,PubLawNeutral,0
labor,labor,s,SpecialTopicsMiscellanyNeutral,0
system,system,s,SpecialTopicsMiscellanyNeutral,1
was,was,s,NarrOtherNeutral,0
a,a,s,NarrOtherNeutral,1
grave,grave,s,NegValuesInjustice,0
injustice,injustice,s,NegValuesInjustice,1
whose,whose,s,CharNamesNeutral,0
impact,impact,s,StratCoordinationNeutral,0
still,still,s,OtherOrphanedOther,0
lingers,lingers,s,NarrDurationNeg,0
in,in,s,NarrDurationNeg,1
the,the,s,NarrImmediacyNeutral,0
lives,lives,s,NarrImmediacyNeutral,1
of,of,s,OtherSyntacticComplexityOther,0
their,their,s,OtherSyntacticComplexityOther,1
descendants,descendants,c,UncertaintyIndefiniteNeutral,0
.,.,n,,0
In,in,s,OtherOrphanedOther,0
the,the,s,OtherOrphanedOther,0
post-colonial,post-colonial,s,SpecialTopicsMiscellanyNeutral,0
world,world,s,SpecialTopicsMiscellanyNeutral,0
of,of,s,SpecialTopicsMiscellanyNeutral,1
nationalism,nationalism,c,PubAdministrationNeutral,0
",",",",s,,0
the,the,s,OtherOrphanedOther,0
politics,politics,s,PubPoliticsNeutral,0
of,of,s,OtherOrphanedOther,0
identity,identity,s,SpecialTopicsMiscellanyNeutral,0
for,for,s,OtherOrphanedOther,0
diasporic,diasporic,s,SpecialTopicsMiscellanyNeutral,0
communities,communities,s,SpecialTopicsMiscellanyNeutral,1
in,in,s,OtherOrphanedOther,0
Suriname,suriname,s,SpecialTopicsPlaceNeutral,0
—,—,s,,0
especially,especially,s,ForcefulEmphaticNeutral,0
Indo-Surinamese,indo-surinamese,s,,0
people,people,s,CharTypesNeutral,0
of,of,s,OtherOrphanedOther,0
Indian,indian,s,PubLawNeutral,0
indentured,indentured,s,PubLawNeutral,1
laborer,laborer,s,CharTypesNeutral,0
descent,descent,s,DescriptMotionNeutral,0
—,—,s,,0
operates,operates,s,OtherOrphanedOther,0
in,in,s,OtherOrphanedOther,0
complex,complex,s,SpecialTopicsMiscellanyNeutral,0
and,and,s,OtherSyntacticComplexityOther,0
often,often,s,NarrDurationNeutral,0
shifting,shifting,s,DescriptChangeNeutral,0
ways,ways,c,DescriptObjectsNeutral,0
.,.,s,,0
Their,their,s,CharNamesNeutral,0
identities,identities,s,,0
are,are,s,OtherOrphanedOther,0
influenced,influenced,s,CharTraitsNeutral,0
by,by,s,CharTraitsNeutral,1
a,a,s,CharTraitsNeutral,2
range,range,s,SpecialTopicsMiscellanyNeutral,0
of,of,s,SpecialTopicsMiscellanyNeutral,1
factors,factors,c,SpecialTopicsMiscellanyNeutral,0
",",",",s,,0
including,including,s,NarrActsNeutral,0
their,their,s,CharNamesNeutral,0
historical,historical,s,NarrTimeShiftNeutral,0
roots,roots,s,NarrTimeShiftNeutral,1
in,in,s,NarrTimeShiftNeutral,2
India,india,c,SpecialTopicsPlaceNeutral,0
",",",",s,,0
the,the,s,OtherOrphanedOther,0
colonial,colonial,s,SpecialTopicsMiscellanyNeutral,0
experience,experience,c,NarrActsNeutral,0
",",",",s,,0
the,the,s,OtherOrphanedOther,0
experience,experience,s,NarrActsNeutral,0
of,of,s,OtherOrphanedOther,0
indenture,indenture,c,PubLawNeutral,0
",",",",s,,0
and,and,s,OtherSyntacticComplexityOther,0
their,their,s,CharNamesNeutral,0
status,status,s,SpecialTopicsMiscellanyNeutral,0
as,as,s,OtherOrphanedOther,0
Surinamese,surinamese,s,CharTypesNeutral,0
nationals,nationals,c,PubAdministrationNeutral,0
.,.,s,,0
This,this,s,OtherOrphanedOther,0
interaction,interaction,s,SpecialTopicsMiscellanyNeutral,0
of,of,s,OtherOrphanedOther,0
influences,influences,s,StratCoordinationNeutral,0
creates,creates,s,DescriptChangeNeutral,0
a,a,s,DescriptChangeNeutral,1
unique,unique,s,ForcefulEmphaticNeutral,0
and,and,s,OtherSyntacticComplexityOther,0
multi-layered,multi-layered,s,SpecialTopicsMiscellanyNeutral,0
sense,sense,s,SpecialTopicsMiscellanyNeutral,0
of,of,s,SpecialTopicsMiscellanyNeutral,1
identity,identity,c,SpecialTopicsMiscellanyNeutral,2
",",",",s,OtherOrphanedOther,0
which,which,s,OtherOrphanedOther,1
is,is,s,OtherOrphanedOther,0
influenced,influenced,s,NarrBiographyNeutral,0
by,by,s,NarrBiographyNeutral,1
both,both,s,OtherSyntacticComplexityOther,0
internal,internal,s,SpecialTopicsMiscellanyNeutral,0
dynamics,dynamics,s,ForcefulEnergizedNeutral,0
within,within,s,SpecialTopicsPlaceNeutral,0
the,the,s,SpecialTopicsPlaceNeutral,1
community,community,s,SpecialTopicsPlaceNeutral,2
and,and,s,OtherSyntacticComplexityOther,0
the,the,s,OtherSyntacticComplexityOther,1
broader,broader,s,ExpoComparisonNeutral,0
national,national,s,PubAdministrationNeutral,0
and,and,s,OtherSyntacticComplexityOther,0
international,international,s,SpecialTopicsMiscellanyNeutral,0
context,context,c,ContingentEventNeutral,0
.,.,n,,0
1,1,c,ExpoOtherNeutral,0
.,.,s,ExpoOtherNeutral,1
The,the,s,ReasoningOtherNeutral,0
Influence,influence,s,ReasoningOtherNeutral,1
of,of,s,ReasoningOtherNeutral,2
Nationalism,nationalism,s,PubAdministrationNeutral,0
in,in,s,OtherOrphanedOther,0
Suriname,suriname,n,SpecialTopicsPlaceNeutral,0
Suriname,suriname,s,SpecialTopicsPlaceNeutral,0
gained,gained,s,DescriptChangePos,0
its,its,s,DescriptChangePos,1
independence,independence,s,DescriptChangePos,2
from,from,s,OtherOrphanedOther,0
the,the,s,OtherOrphanedOther,0
Netherlands,netherlands,s,SpecialTopicsPlaceNeutral,0
in,in,s,NarrTimeShiftNeutral,0
1975,1975,c,NarrTimeShiftNeutral,1
",",",",s,,0
and,and,s,OtherSyntacticComplexityOther,0
this,this,s,OtherOrphanedOther,0
event,event,s,NarrActsNeutral,0
triggered,triggered,s,NarrSequenceNeutral,0
a,a,s,OtherOrphanedOther,0
rethinking,rethinking,s,CharMentalStatesNeutral,0
of,of,s,OtherOrphanedOther,0
national,national,s,PubAdministrationNeutral,0
identity,identity,c,SpecialTopicsMiscellanyNeutral,0
.,.,s,,0
In,in,s,OtherOrphanedOther,0
the,the,s,OtherOrphanedOther,0
post-colonial,post-colonial,s,SpecialTopicsMiscellanyNeutral,0
context,context,c,ContingentEventNeutral,0
",",",",s,,0
nationalism,nationalism,s,PubAdministrationNeutral,0
became,became,s,DescriptChangeNeutral,0
a,a,s,DescriptChangeNeutral,1
central,central,s,SpecialTopicsMiscellanyNeutral,0
part,part,s,SpecialTopicsMiscellanyNeutral,1
of,of,s,OtherOrphanedOther,0
constructing,constructing,s,NarrActsNeutral,0
the,the,s,NarrActsNeutral,1
new,new,s,NarrImmediacyNeutral,0
nation,nation,c,SpecialTopicsPlaceNeutral,0
",",",",s,OtherOrphanedOther,0
which,which,s,OtherOrphanedOther,1
sought,sought,s,StratActsNeutral,0
to,to,s,StratActsNeutral,1
create,create,s,DescriptChangeNeutral,0
a,a,s,DescriptChangeNeutral,1
sense,sense,s,SpecialTopicsMiscellanyNeutral,0
of,of,s,SpecialTopicsMiscellanyNeutral,1
unity,unity,s,StratCoordinationPos,0
among,among,s,OtherSyntacticComplexityOther,0
its,its,s,OtherSyntacticComplexityOther,1
diverse,diverse,s,,0
population,population,c,PubAdministrationNeutral,0
",",",",s,,0
including,including,s,NarrActsNeutral,0
Afro-Surinamese,afro-surinamese,c,,0
",",",",s,,0
Indo-Surinamese,indo-surinamese,c,,0
",",",",s,,0
Chinese,chinese,c,CharTypesNeutral,0
",",",",s,,0
and,and,s,OtherSyntacticComplexityOther,0
indigenous,indigenous,s,SpecialTopicsMiscellanyNeutral,0
groups,groups,c,SpecialTopicsMiscellanyNeutral,0
.,.,s,MetadiscourseContrastNeutral,0
However,however,c,MetadiscourseContrastNeutral,1
",",",",s,,0
the,the,s,ExpoOtherNeutral,0
diversity,diversity,s,ExpoOtherNeutral,1
of,of,s,ExpoOtherNeutral,2
Suriname’s,suriname’s,s,,0
population,population,s,PubAdministrationNeutral,0
meant,meant,s,ReasoningInferNeutral,0
that,that,s,ReasoningInferNeutral,1
ethnic,ethnic,s,SpecialTopicsMiscellanyNeutral,0
and,and,s,OtherSyntacticComplexityOther,0
cultural,cultural,s,SpecialTopicsMiscellanyNeutral,0
identities,identities,s,SpecialTopicsMiscellanyNeutral,1
often,often,s,NarrDurationNeutral,0
intersected,intersected,s,DescriptVisualNeutral,0
with,with,s,DescriptVisualNeutral,1
the,the,s,OtherOrphanedOther,0
larger,larger,s,ExpoComparisonNeutral,0
nationalist,nationalist,s,SpecialTopicsMiscellanyNeutral,0
project,project,c,SpecialTopicsMiscellanyNeutral,1
",",",",s,,0
creating,creating,s,DescriptChangeNeutral,0
both,both,s,OtherSyntacticComplexityOther,0
opportunities,opportunities,s,FacilitateEnablePos,0
for,for,s,FacilitateEnablePos,1
integration,integration,s,SpecialTopicsMiscellanyNeutral,0
and,and,s,OtherSyntacticComplexityOther,0
tensions,tensions,s,NegEmotionsNervousTense,0
surrounding,surrounding,s,DescriptVisualNeutral,0
recognition,recognition,s,,0
and,and,s,OtherSyntacticComplexityOther,0
representation,representation,c,SpecialTopicsMiscellanyNeutral,0
.,.,n,,0
2,2,c,ExpoOtherNeutral,0
.,.,s,ExpoOtherNeutral,1
Identity,identity,s,SpecialTopicsMiscellanyNeutral,0
of,of,s,OtherSyntacticComplexityOther,0
the,the,s,OtherSyntacticComplexityOther,1
Indo-Surinamese,indo-surinamese,s,,0
Community,community,n,SpecialTopicsMiscellanyNeutral,0
For,for,s,OtherOrphanedOther,0
Indo-Surinamese,indo-surinamese,s,,0
people,people,c,CharTypesNeutral,0
",",",",s,,0
the,the,s,OtherOrphanedOther,0
legacy,legacy,s,PubAdministrationNeutral,0
of,of,s,PubAdministrationNeutral,1
indenture,indenture,s,PubLawNeutral,0
plays,plays,s,ForcefulSignificantNeutral,0
a,a,s,ForcefulSignificantNeutral,1
critical,critical,s,ForcefulSignificantNeutral,2
role,role,s,ForcefulSignificantNeutral,3
in,in,s,OtherOrphanedOther,0
shaping,shaping,s,OtherOrphanedOther,0
their,their,s,OtherOrphanedOther,1
identity,identity,c,SpecialTopicsMiscellanyNeutral,0
.,.,s,NarrActsNeutral,0
They,they,s,NarrActsNeutral,1
find,find,s,ContingentEventNeutral,0
themselves,themselves,s,ContingentEventNeutral,1
at,at,s,DescriptVisualNeutral,0
the,the,s,DescriptVisualNeutral,1
intersection,intersection,s,DescriptVisualNeutral,0
of,of,s,OtherOrphanedOther,0
several,several,s,ExpoOtherNeutral,0
identities,identities,c,,0
:,:,n,,0
Surinamese,surinamese,c,CharTypesNeutral,0
:,:,s,,0
As,as,s,StratOtherPos,0
citizens,citizens,s,StratOtherPos,1
of,of,s,OtherOrphanedOther,0
Suriname,suriname,c,SpecialTopicsPlaceNeutral,0
",",",",s,,0
Indo-Surinamese,indo-surinamese,s,,0
people,people,s,CharTypesNeutral,0
identify,identify,s,ReasoningAnalyzeNeutral,0
strongly,strongly,s,ForcefulEmphaticNeutral,0
with,with,s,OtherSyntacticComplexityOther,0
the,the,s,OtherSyntacticComplexityOther,1
nation’s,nation’s,s,ForcefulEmphaticNeutral,0
political,political,s,PubPoliticsNeutral,0
and,and,s,OtherSyntacticComplexityOther,0
cultural,cultural,s,SpecialTopicsMiscellanyNeutral,0
life,life,c,SpecialTopicsMiscellanyNeutral,1
.,.,s,,0
Their,their,s,NarrBiographyNeutral,0
experiences,experiences,s,NarrBiographyNeutral,1
as,as,s,OtherOrphanedOther,0
Indians,indians,s,CharTypesNeutral,0
in,in,s,OtherOrphanedOther,0
Suriname,suriname,c,SpecialTopicsPlaceNeutral,0
",",",",s,,0
particularly,particularly,s,ExpoSpecificationNeutral,0
after,after,s,NarrSequenceNeutral,0
independence,independence,c,PosValuesOther,0
",",",",s,,0
are,are,s,OtherOrphanedOther,0
shaped,shaped,s,OtherOrphanedOther,0
by,by,s,OtherOrphanedOther,0
their,their,s,CharNamesNeutral,0
integration,integration,s,SpecialTopicsMiscellanyNeutral,0
into,into,s,DescriptChangeNeutral,0
the,the,s,DescriptChangeNeutral,1
national,national,s,DescriptObjectsNeutral,0
fabric,fabric,c,DescriptObjectsNeutral,1
",",",",s,,0
and,and,s,OtherSyntacticComplexityOther,0
many,many,s,ExpoOtherNeutral,0
have,have,s,NarrActsNeutral,0
adopted,adopted,s,NarrActsNeutral,0
Suriname’s,suriname’s,s,,0
official,official,s,PubAdministrationNeutral,0
language,language,s,PubAdministrationNeutral,1
(,(,c,OtherOrphanedOther,0
Dutch,dutch,c,CharTypesNeutral,0
),),s,OtherOrphanedOther,0
and,and,s,OtherSyntacticComplexityOther,0
participate,participate,s,NarrActsNeutral,0
in,in,s,OtherOrphanedOther,0
the,the,s,OtherOrphanedOther,0
national,national,s,SpecialTopicsMiscellanyNeutral,0
culture,culture,c,SpecialTopicsMiscellanyNeutral,1
.,.,n,,0
Indian,indian,c,CharTypesNeutral,0
:,:,s,,0
Despite,despite,s,MetadiscourseContrastNeutral,0
their,their,s,CharNamesNeutral,0
long,long,s,NarrOtherNeutral,0
history,history,s,NarrOtherNeutral,1
in,in,s,OtherOrphanedOther,0
Suriname,suriname,c,SpecialTopicsPlaceNeutral,0
",",",",s,,0
many,many,s,ExpoOtherNeutral,0
Indo-Surinamese,indo-surinamese,s,,0
maintain,maintain,s,NarrDurationNeutral,0
a,a,s,NarrDurationNeutral,1
deep,deep,s,SpecialTopicsMiscellanyNeutral,0
cultural,cultural,s,SpecialTopicsMiscellanyNeutral,0
affinity,affinity,s,PosRelCommunalTies,0
with,with,s,PosRelCommunalTies,1
India,india,c,SpecialTopicsPlaceNeutral,0
",",",",s,,0
particularly,particularly,s,ExpoSpecificationNeutral,0
through,through,s,OtherOrphanedOther,0
religion,religion,s,SpecialTopicsMiscellanyNeutral,0
(,(,c,OtherOrphanedOther,0
Hinduism,hinduism,s,SpecialTopicsMiscellanyNeutral,0
and,and,s,OtherSyntacticComplexityOther,0
Islam,islam,c,SpecialTopicsMiscellanyNeutral,0
),),c,OtherOrphanedOther,0
",",",",s,,0
language,language,s,SpecialTopicsMiscellanyNeutral,0
(,(,c,OtherOrphanedOther,0
Bhojpuri,bhojpuri,c,,0
",",",",s,,0
Hindi,hindi,c,SpecialTopicsMiscellanyNeutral,0
),),c,OtherOrphanedOther,0
",",",",s,,0
and,and,s,OtherSyntacticComplexityOther,0
cultural,cultural,s,SpecialTopicsMiscellanyNeutral,0
practices,practices,c,OtherOrphanedGenericActivity,0
.,.,s,,0
This,this,s,OtherOrphanedOther,0
connection,connection,s,SpecialTopicsMiscellanyNeutral,0
to,to,s,NarrSceneShiftNeutral,0
India,india,s,NarrSceneShiftNeutral,1
is,is,s,ExpoComparisonNeutral,0
more,more,s,ExpoComparisonNeutral,1
symbolic,symbolic,s,SpecialTopicsMiscellanyNeutral,0
and,and,s,OtherSyntacticComplexityOther,0
cultural,cultural,s,SpecialTopicsMiscellanyNeutral,0
than,than,s,ExpoComparisonNeutral,0
political,political,c,PubPoliticsNeutral,0
",",",",s,MetadiscourseContrastNeutral,0
but,but,s,MetadiscourseContrastNeutral,1
it,it,s,,0
plays,plays,s,ForcefulSignificantNeutral,0
a,a,s,ForcefulSignificantNeutral,1
significant,significant,s,ForcefulSignificantNeutral,2
role,role,s,ForcefulSignificantNeutral,3
in,in,s,ForcefulSignificantNeutral,4
how,how,s,OtherOrphanedOther,0
the,the,s,PubAdministrationNeutral,0
community,community,s,PubAdministrationNeutral,1
perceives,perceives,s,CharMentalStatesNeutral,0
itself,itself,c,ForcefulEmphaticNeutral,0
.,.,n,,0
Diasporic,diasporic,c,SpecialTopicsMiscellanyNeutral,0
:,:,s,,0
Indo-Surinamese,indo-surinamese,s,,0
people,people,s,CharTypesNeutral,0
also,also,s,MetadiscourseAdditionNeutral,0
identify,identify,s,PosRelOther,0
with,with,s,PosRelOther,1
broader,broader,s,ExpoComparisonNeutral,0
diasporic,diasporic,s,SpecialTopicsMiscellanyNeutral,0
networks,networks,s,SpecialTopicsMiscellanyNeutral,0
of,of,s,OtherOrphanedOther,0
Indian,indian,s,SpecialTopicsMiscellanyNeutral,0
communities,communities,s,SpecialTopicsMiscellanyNeutral,1
spread,spread,s,DescriptVisualNeutral,0
across,across,s,DescriptVisualNeutral,1
the,the,s,OtherOrphanedOther,0
Caribbean,caribbean,c,SpecialTopicsPlaceNeutral,0
",",",",s,,0
South,south,s,SpecialTopicsPlaceNeutral,0
America,america,c,SpecialTopicsPlaceNeutral,1
",",",",s,,0
and,and,s,ForcefulEmphaticNeutral,0
even,even,s,ForcefulEmphaticNeutral,1
globally,globally,c,DescriptVisualNeutral,0
",",",",s,,0
particularly,particularly,s,ExpoSpecificationNeutral,0
with,with,s,OtherOrphanedOther,0
countries,countries,s,ExpoExampleNeutral,0
like,like,s,ExpoExampleNeutral,1
Trinidad,trinidad,s,SpecialTopicsPlaceNeutral,0
and,and,s,OtherSyntacticComplexityOther,0
Tobago,tobago,c,SpecialTopicsPlaceNeutral,0
",",",",s,,0
Guyana,guyana,c,SpecialTopicsPlaceNeutral,0
",",",",s,,0
and,and,s,OtherSyntacticComplexityOther,0
Fiji,fiji,c,SpecialTopicsPlaceNeutral,0
",",",",s,,0
where,where,s,OtherOrphanedOther,0
indentured,indentured,s,PubLawNeutral,0
laborers,laborers,s,CharTypesNeutral,0
were,were,s,NarrOtherNeutral,0
also,also,s,MetadiscourseAdditionNeutral,0
sent,sent,c,OtherOrphanedOther,0
.,.,n,,0
3,3,c,ExpoOtherNeutral,0
.,.,s,ExpoOtherNeutral,1
Politics,politics,s,PubPoliticsNeutral,0
of,of,s,OtherOrphanedOther,0
Identity,identity,s,SpecialTopicsMiscellanyNeutral,0
in,in,s,OtherOrphanedOther,0
Suriname’s,suriname’s,s,,0
National,national,s,PubAdministrationNeutral,0
Context,context,n,ContingentEventNeutral,0
The,the,s,OtherOrphanedOther,0
politics,politics,s,PubPoliticsNeutral,0
of,of,s,OtherOrphanedOther,0
identity,identity,s,SpecialTopicsMiscellanyNeutral,0
for,for,s,OtherOrphanedOther,0
Indo-Surinamese,indo-surinamese,s,,0
people,people,s,CharTypesNeutral,0
has,has,s,UpdatesOtherNeutral,0
been,been,s,UpdatesOtherNeutral,1
shaped,shaped,s,OtherOrphanedOther,0
by,by,s,OtherOrphanedOther,1
a,a,s,OtherOrphanedOther,2
complex,complex,s,SpecialTopicsMiscellanyNeutral,0
relationship,relationship,s,ExpoComparisonNeutral,0
between,between,s,ExpoComparisonNeutral,1
ethnicity,ethnicity,c,SpecialTopicsMiscellanyNeutral,0
",",",",s,,0
nationalism,nationalism,c,PubAdministrationNeutral,0
",",",",s,,0
and,and,s,OtherSyntacticComplexityOther,0
post-colonial,post-colonial,s,SpecialTopicsMiscellanyNeutral,0
power,power,s,SpecialTopicsMiscellanyNeutral,0
dynamics,dynamics,c,ForcefulEnergizedNeutral,0
.,.,n,,0
a,a,c,OtherOrphanedOther,0
.,.,s,OtherOrphanedOther,1
Ethnic,ethnic,s,SpecialTopicsMiscellanyNeutral,0
Politics,politics,s,PubPoliticsNeutral,0
and,and,s,OtherSyntacticComplexityOther,0
Division,division,n,SpecialTopicsMiscellanyNeutral,0
Suriname’s,suriname’s,s,,0
political,political,s,PubPoliticsNeutral,0
and,and,s,OtherSyntacticComplexityOther,0
social,social,s,SpecialTopicsMiscellanyNeutral,0
landscape,landscape,s,SpecialTopicsMiscellanyNeutral,1
has,has,s,UpdatesOtherNeutral,0
been,been,s,UpdatesOtherNeutral,1
heavily,heavily,s,NarrBiographyNeutral,0
influenced,influenced,s,NarrBiographyNeutral,1
by,by,s,NarrBiographyNeutral,2
its,its,s,OtherOrphanedOther,0
ethnic,ethnic,s,SpecialTopicsMiscellanyNeutral,0
diversity,diversity,c,SpecialTopicsMiscellanyNeutral,1
.,.,s,,0
The,the,s,DescriptChangeNeutral,0
rise,rise,s,DescriptChangeNeutral,1
of,of,s,DescriptChangeNeutral,2
Afro-Surinamese,afro-surinamese,s,,0
nationalism,nationalism,s,PubAdministrationNeutral,0
in,in,s,OtherOrphanedOther,0
the,the,s,OtherOrphanedOther,0
1960s-70s,1960s-70s,s,,0
emphasized,emphasized,s,ForcefulEmphaticNeutral,0
a,a,s,ForcefulEmphaticNeutral,1
vision,vision,s,CharMentalStatesNeutral,0
of,of,s,CharMentalStatesNeutral,1
the,the,s,StratCoordinationPos,0
nation,nation,s,StratCoordinationPos,1
rooted,rooted,s,DescriptVisualNeutral,0
in,in,s,DescriptVisualNeutral,1
African,african,s,CharTypesNeutral,0
heritage,heritage,s,NarrOtherNeutral,0
and,and,s,OtherSyntacticComplexityOther,0
culture,culture,c,SpecialTopicsMiscellanyNeutral,0
.,.,s,,0
In,in,s,MetadiscourseContrastNeutral,0
contrast,contrast,c,MetadiscourseContrastNeutral,1
",",",",s,MetadiscourseContrastNeutral,2
Indo-Surinamese,indo-surinamese,s,,0
identity,identity,s,SpecialTopicsMiscellanyNeutral,0
was,was,s,NarrDurationNeutral,0
often,often,s,NarrDurationNeutral,1
linked,linked,s,ExpoSpecificationNeutral,0
to,to,s,ExpoSpecificationNeutral,1
Indian,indian,s,CharTypesNeutral,0
cultural,cultural,s,NarrOtherNeutral,0
traditions,traditions,s,NarrOtherNeutral,1
and,and,s,OtherSyntacticComplexityOther,0
the,the,s,OtherSyntacticComplexityOther,1
memory,memory,s,NarrOtherNeutral,0
of,of,s,NarrOtherNeutral,1
indenture,indenture,c,PubLawNeutral,0
.,.,s,,0
While,while,s,NarrDurationNeutral,0
both,both,s,OtherSyntacticComplexityOther,0
groups,groups,s,SpecialTopicsMiscellanyNeutral,0
were,were,s,NarrOtherNeutral,0
united,united,s,PosRelOther,0
in,in,s,PosRelOther,1
their,their,s,CharNamesNeutral,0
push,push,s,StratActsNeutral,0
for,for,s,StratActsNeutral,1
independence,independence,c,PosValuesOther,0
",",",",s,,0
post-independence,post-independence,s,NarrSequenceNeutral,0
nationalism,nationalism,s,PubAdministrationNeutral,0
in,in,s,OtherOrphanedOther,0
Suriname,suriname,s,SpecialTopicsPlaceNeutral,0
often,often,s,NarrDurationNeutral,0
exacerbated,exacerbated,s,DescriptChangeNeg,0
ethnic,ethnic,s,SpecialTopicsMiscellanyNeutral,0
divisions,divisions,c,SpecialTopicsMiscellanyNeutral,1
",",",",s,,0
with,with,s,OtherOrphanedOther,0
Indo-Surinamese,indo-surinamese,s,,0
people,people,s,CharTypesNeutral,0
feeling,feeling,s,NegEmotionsFeel,0
alienated,alienated,s,NegEmotionsFeel,1
from,from,s,NegEmotionsFeel,2
the,the,s,OtherOrphanedOther,0
broader,broader,s,ExpoComparisonNeutral,0
nationalist,nationalist,s,CharTypesNeutral,0
movement,movement,s,SpecialTopicsMiscellanyNeutral,0
that,that,s,OtherOrphanedOther,0
they,they,s,OtherOrphanedOther,0
felt,felt,s,CharSubjectivityNeutral,0
was,was,s,NarrOtherNeutral,0
more,more,s,CharMentalStatesPos,0
focused,focused,s,CharMentalStatesPos,1
on,on,s,CharMentalStatesPos,2
Afro-Surinamese,afro-surinamese,s,,0
identity,identity,c,SpecialTopicsMiscellanyNeutral,0
.,.,n,,0
The,the,s,CharSubjectivityNeutral,0
feeling,feeling,s,CharSubjectivityNeutral,1
of,of,s,OtherOrphanedOther,0
marginalization,marginalization,s,NegRelOther,0
among,among,s,OtherOrphanedOther,0
Indo-Surinamese,indo-surinamese,s,,0
was,was,s,ExpoSpecificationNeutral,0
particularly,particularly,s,ExpoSpecificationNeutral,1
evident,evident,s,ReasoningDefendPos,0
in,in,s,NarrDurationNeutral,0
the,the,s,NarrDurationNeutral,1
1960s,1960s,s,NarrDurationNeutral,2
when,when,s,OtherOrphanedOther,0
political,political,s,PubPoliticsNeutral,0
power,power,s,PubPoliticsNeutral,1
was,was,s,PubAdministrationNeutral,0
perceived,perceived,s,PubAdministrationNeutral,1
to,to,s,PubAdministrationNeutral,2
be,be,s,PubAdministrationNeutral,3
shifting,shifting,s,DescriptChangeNeutral,0
away,away,s,DescriptChangeNeutral,1
from,from,s,DescriptChangeNeutral,2
the,the,s,OtherOrphanedOther,0
Indo-Surinamese,indo-surinamese,s,,0
community,community,s,SpecialTopicsMiscellanyNeutral,0
(,(,c,OtherOrphanedOther,0
which,which,s,OtherSyntacticComplexityOther,0
had,had,s,NarrOtherNeutral,0
been,been,s,NarrOtherNeutral,1
influential,influential,s,StratCompetitionNeutral,0
in,in,s,OtherOrphanedOther,0
the,the,s,OtherOrphanedOther,0
colonial,colonial,s,NarrDurationNeutral,0
period,period,c,NarrDurationNeutral,1
),),s,OtherOrphanedOther,0
toward,toward,s,DescriptVisualNeutral,0
the,the,s,DescriptVisualNeutral,1
Afro-Surinamese,afro-surinamese,s,,0
majority,majority,c,SpecialTopicsMiscellanyNeutral,0
.,.,s,,0
This,this,s,OtherOrphanedOther,0
ethnic,ethnic,s,SpecialTopicsMiscellanyNeutral,0
divide,divide,s,FacilitateSponsorNeutral,0
has,has,s,UpdatesOtherNeutral,0
had,had,s,UpdatesOtherNeutral,1
lasting,lasting,s,ReasoningImplyNeutral,0
implications,implications,s,ReasoningImplyNeutral,1
for,for,s,OtherSyntacticComplexityOther,0
the,the,s,OtherSyntacticComplexityOther,1
way,way,s,OtherSyntacticComplexityOther,2
Indo-Surinamese,indo-surinamese,s,,0
people,people,s,CharTypesNeutral,0
engage,engage,s,PosRelOther,0
with,with,s,PosRelOther,1
Surinamese,surinamese,s,CharTypesNeutral,0
nationalism,nationalism,s,PubAdministrationNeutral,0
and,and,s,OtherSyntacticComplexityOther,0
their,their,s,CharNamesNeutral,0
role,role,s,SpecialTopicsMiscellanyNeutral,0
in,in,s,OtherOrphanedOther,0
the,the,s,OtherOrphanedOther,0
nation-state,nation-state,c,PubAdministrationNeutral,0
.,.,n,,0
b,b,c,OtherOrphanedOther,0
.,.,s,OtherOrphanedOther,1
Indo-Surinamese,indo-surinamese,s,,0
Nationalism,nationalism,n,PubAdministrationNeutral,0
In,in,s,OtherSyntacticComplexityOther,0
response,response,s,OtherSyntacticComplexityOther,1
to,to,s,OtherSyntacticComplexityOther,2
the,the,s,OtherOrphanedOther,0
Afro-Surinamese,afro-surinamese,s,,0
nationalism,nationalism,c,PubAdministrationNeutral,0
",",",",s,,0
Indo-Surinamese,indo-surinamese,s,,0
communities,communities,s,SpecialTopicsMiscellanyNeutral,0
have,have,s,NarrActsNeutral,0
often,often,s,NarrDurationNeutral,0
mobilized,mobilized,s,StratActsNeutral,0
around,around,s,DescriptVisualNeutral,0
a,a,s,DescriptVisualNeutral,1
cultural,cultural,s,SpecialTopicsMiscellanyNeutral,0
nationalism,nationalism,s,PubAdministrationNeutral,0
that,that,s,OtherOrphanedOther,0
emphasizes,emphasizes,s,ForcefulEmphaticNeutral,0
their,their,s,ForcefulEmphaticNeutral,1
Indian,indian,s,CharTypesNeutral,0
heritage,heritage,c,NarrOtherNeutral,0
.,.,s,,0
This,this,s,OtherOrphanedOther,0
nationalism,nationalism,s,PubAdministrationNeutral,0
is,is,s,InterOtherNeutral,0
expressed,expressed,s,InterOtherNeutral,1
through,through,c,OtherOrphanedOther,0
:,:,n,,0
Cultural,cultural,s,SpecialTopicsMiscellanyNeutral,0
festivals,festivals,s,PosEmotionsFestive,0
(,(,c,OtherOrphanedOther,0
such,such,s,ExpoExampleNeutral,0
as,as,s,ExpoExampleNeutral,1
Diwali,diwali,s,,0
and,and,s,OtherSyntacticComplexityOther,0
Holi,holi,c,,0
),),n,OtherOrphanedOther,0
Religious,religious,s,CharTraitsNeutral,0
practices,practices,s,OtherOrphanedGenericActivity,0
(,(,c,OtherOrphanedOther,0
the,the,s,PosEmotionsOther,0
celebration,celebration,s,PosEmotionsOther,1
of,of,s,OtherOrphanedOther,0
Hinduism,hinduism,s,SpecialTopicsMiscellanyNeutral,0
and,and,s,OtherSyntacticComplexityOther,0
Islam,islam,c,SpecialTopicsMiscellanyNeutral,0
),),n,OtherOrphanedOther,0
Language,language,s,SpecialTopicsMiscellanyNeutral,0
preservation,preservation,s,CharTraitsNeutral,0
efforts,efforts,s,CharTraitsNeutral,1
(,(,c,OtherOrphanedOther,0
in,in,s,OtherSyntacticComplexityOther,0
languages,languages,s,OtherSyntacticComplexityOther,1
such,such,s,ExpoExampleNeutral,0
as,as,s,ExpoExampleNeutral,1
Bhojpuri,bhojpuri,s,,0
and,and,s,OtherSyntacticComplexityOther,0
Hindi,hindi,c,SpecialTopicsMiscellanyNeutral,0
),),n,OtherOrphanedOther,0
This,this,s,OtherOrphanedOther,0
form,form,s,SpecialTopicsMiscellanyNeutral,0
of,of,s,SpecialTopicsMiscellanyNeutral,1
cultural,cultural,s,SpecialTopicsMiscellanyNeutral,0
nationalism,nationalism,s,PubAdministrationNeutral,0
is,is,s,OtherOrphanedOther,0
sometimes,sometimes,s,ContingentRelationshipNeutral,0
seen,seen,s,PubAdministrationNeutral,0
as,as,s,PubAdministrationNeutral,1
an,an,s,OtherOrphanedOther,0
attempt,attempt,s,CharTraitsNeutral,0
to,to,s,CharTraitsNeutral,1
assert,assert,s,CharTraitsNeutral,0
their,their,s,CharNamesNeutral,0
place,place,s,OtherOrphanedOther,0
in,in,s,OtherOrphanedOther,0
Suriname’s,suriname’s,s,,0
national,national,s,PubAdministrationNeutral,0
identity,identity,c,SpecialTopicsMiscellanyNeutral,0
",",",",s,,0
particularly,particularly,s,ExpoSpecificationNeutral,0
in,in,s,ExpoSpecificationNeutral,1
the,the,s,DescriptObjectsNeutral,0
face,face,s,DescriptObjectsNeutral,1
of,of,s,OtherOrphanedOther,0
historical,historical,s,NarrOtherNeutral,0
marginalization,marginalization,c,NegRelOther,0
.,.,n,,0
c,c,c,OtherOrphanedOther,0
.,.,s,OtherOrphanedOther,1
Indo-Surinamese,indo-surinamese,s,,0
Political,political,s,PubPoliticsNeutral,0
Engagement,engagement,n,PubPoliticsNeutral,1
In,in,s,OtherOrphanedOther,0
politics,politics,c,PubPoliticsNeutral,0
",",",",s,,0
Indo-Surinamese,indo-surinamese,s,,0
people,people,s,CharTypesNeutral,0
have,have,s,NarrActsNeutral,0
made,made,s,CharTraitsNeutral,0
efforts,efforts,s,CharTraitsNeutral,1
to,to,s,StratCognitionNeutral,0
preserve,preserve,s,StratCognitionNeutral,1
and,and,s,OtherSyntacticComplexityOther,0
protect,protect,s,PosRelGuardian,0
their,their,s,CharTypesNeutral,0
interests,interests,c,CharTypesNeutral,1
.,.,s,,0
Over,over,s,NarrOtherNeutral,0
time,time,c,NarrOtherNeutral,1
",",",",s,,0
political,political,s,PubPoliticsNeutral,0
parties,parties,s,PubPoliticsNeutral,1
and,and,s,OtherSyntacticComplexityOther,0
movements,movements,s,DescriptMotionNeutral,0
have,have,s,UpdatesOtherNeutral,0
emerged,emerged,s,UpdatesOtherNeutral,1
that,that,s,OtherOrphanedOther,0
represent,represent,s,OtherOrphanedOther,0
the,the,s,OtherOrphanedOther,1
community’s,community’s,s,,0
social,social,c,,0
",",",",s,,0
economic,economic,c,SpecialTopicsMiscellanyNeutral,0
",",",",s,,0
and,and,s,OtherSyntacticComplexityOther,0
cultural,cultural,s,SpecialTopicsMiscellanyNeutral,0
concerns,concerns,c,OtherOrphanedOther,0
.,.,s,MetadiscourseOtherNeutral,0
This,this,s,MetadiscourseOtherNeutral,1
includes,includes,s,MetadiscourseOtherNeutral,2
calls,calls,s,StratActsNeutral,0
for,for,s,StratActsNeutral,1
greater,greater,s,ExpoComparisonNeutral,0
representation,representation,s,SpecialTopicsMiscellanyNeutral,0
in,in,s,OtherOrphanedOther,0
government,government,s,PubAdministrationNeutral,0
and,and,s,OtherSyntacticComplexityOther,0
the,the,s,OtherSyntacticComplexityOther,1
preservation,preservation,s,PubAdministrationNeutral,0
of,of,s,OtherSyntacticComplexityOther,0
their,their,s,OtherSyntacticComplexityOther,1
cultural,cultural,s,SpecialTopicsMiscellanyNeutral,0
identity,identity,c,SpecialTopicsMiscellanyNeutral,1
.,.,s,ForcefulEmphaticNeutral,0
There,there,s,ForcefulEmphaticNeutral,1
are,are,s,ForcefulEmphaticNeutral,2
political,political,s,PubPoliticsNeutral,0
leaders,leaders,s,PubPoliticsNeutral,1
in,in,s,OtherOrphanedOther,0
Suriname,suriname,s,SpecialTopicsPlaceNeutral,0
who,who,s,OtherOrphanedOther,0
draw,draw,s,StratActsNeutral,0
on,on,s,StratActsNeutral,1
Indo-Surinamese,indo-surinamese,s,,0
nationalism,nationalism,c,PubAdministrationNeutral,0
",",",",s,,0
and,and,s,OtherSyntacticComplexityOther,0
they,they,s,OtherOrphanedOther,0
frequently,frequently,s,NarrDurationNeutral,0
emphasize,emphasize,s,ForcefulEmphaticNeutral,0
the,the,s,ForcefulEmphaticNeutral,1
importance,importance,s,ForcefulSignificantNeutral,0
of,of,s,OtherOrphanedOther,0
recognizing,recognizing,s,PosRelOther,0
the,the,s,PosRelOther,1
contribution,contribution,s,PosValuesOther,0
of,of,s,OtherOrphanedOther,0
Indian,indian,s,PubLawNeutral,0
indentured,indentured,s,PubLawNeutral,1
laborers,laborers,s,CharTypesNeutral,0
to,to,s,OtherOrphanedOther,0
Suriname’s,suriname’s,s,,0
development,development,c,SpecialTopicsMiscellanyNeutral,0
.,.,n,,0
4,4,c,ExpoOtherNeutral,0
.,.,s,ExpoOtherNeutral,1
Affinities,affinities,s,PosRelCommunalTies,0
with,with,s,PosRelCommunalTies,1
India,india,s,SpecialTopicsPlaceNeutral,0
and,and,s,OtherSyntacticComplexityOther,0
the,the,s,OtherSyntacticComplexityOther,1
Indian,indian,s,CharTypesNeutral,0
Diaspora,diaspora,n,SpecialTopicsMiscellanyNeutral,0
a,a,c,OtherOrphanedOther,0
.,.,s,OtherOrphanedOther,1
Cultural,cultural,s,SpecialTopicsMiscellanyNeutral,0
and,and,s,OtherSyntacticComplexityOther,0
Emotional,emotional,s,SpecialTopicsMiscellanyNeutral,0
Connection,connection,n,SpecialTopicsMiscellanyNeutral,0
Although,although,s,MetadiscourseContrastNeutral,0
Indo-Surinamese,indo-surinamese,s,,0
people,people,s,CharTypesNeutral,0
are,are,s,OtherOrphanedOther,0
Surinamese,surinamese,s,CharTypesNeutral,0
nationals,nationals,c,PubAdministrationNeutral,0
",",",",s,,0
many,many,s,CitationControversyNeutral,0
maintain,maintain,s,CitationControversyNeutral,1
a,a,s,ForcefulEmphaticNeutral,0
strong,strong,s,ForcefulEmphaticNeutral,1
cultural,cultural,s,SpecialTopicsMiscellanyNeutral,0
affinity,affinity,s,PosRelCommunalTies,0
with,with,s,PosRelCommunalTies,1
India,india,c,SpecialTopicsPlaceNeutral,0
.,.,s,,0
For,for,s,ExpoExampleNeutral,0
example,example,c,ExpoExampleNeutral,1
:,:,n,,0
Religious,religious,s,CharTraitsNeutral,0
practices,practices,c,OtherOrphanedGenericActivity,0
",",",",s,ExpoExampleNeutral,0
such,such,s,ExpoExampleNeutral,1
as,as,s,ExpoExampleNeutral,2
Hinduism,hinduism,c,SpecialTopicsMiscellanyNeutral,0
",",",",s,,0
remain,remain,s,NarrDurationNeutral,0
a,a,s,OtherOrphanedOther,0
significant,significant,s,ForcefulSignificantNeutral,0
part,part,s,SpecialTopicsMiscellanyNeutral,0
of,of,s,SpecialTopicsMiscellanyNeutral,1
the,the,s,SpecialTopicsMiscellanyNeutral,2
identity,identity,s,SpecialTopicsMiscellanyNeutral,0
of,of,s,OtherOrphanedOther,0
many,many,s,ExpoOtherNeutral,0
Indo-Surinamese,indo-surinamese,c,,0
",",",",s,,0
and,and,s,OtherSyntacticComplexityOther,0
India,india,s,SpecialTopicsPlaceNeutral,0
is,is,s,NarrDurationNeutral,0
often,often,s,NarrDurationNeutral,1
seen,seen,s,PubAdministrationNeutral,0
as,as,s,PubAdministrationNeutral,1
the,the,s,OtherOrphanedOther,0
cultural,cultural,s,SpecialTopicsMiscellanyNeutral,0
homeland,homeland,c,,0
.,.,n,,0
Language,language,s,SpecialTopicsMiscellanyNeutral,0
is,is,s,OtherOrphanedOther,0
another,another,s,MetadiscourseAdditionNeutral,0
bridge,bridge,s,DescriptVisualNeutral,0
between,between,s,DescriptVisualNeutral,1
Indo-Surinamese,indo-surinamese,s,,0
people,people,s,CharTypesNeutral,0
and,and,s,OtherSyntacticComplexityOther,0
India,india,c,SpecialTopicsPlaceNeutral,0
.,.,s,,0
While,while,s,NarrDurationNeutral,0
many,many,s,ExpoOtherNeutral,0
Indo-Surinamese,indo-surinamese,s,,0
people,people,s,CharTypesNeutral,0
speak,speak,s,InterOtherNeutral,0
Dutch,dutch,s,CharTypesNeutral,0
and,and,s,OtherSyntacticComplexityOther,0
Sranan,sranan,s,,0
Tongo,tongo,s,,0
(,(,c,OtherOrphanedOther,0
the,the,s,OtherOrphanedOther,0
national,national,s,PubAdministrationNeutral,0
language,language,s,PubAdministrationNeutral,1
of,of,s,OtherOrphanedOther,0
Suriname,suriname,c,SpecialTopicsPlaceNeutral,0
),),c,OtherOrphanedOther,0
",",",",s,,0
there,there,s,OtherSyntacticComplexityOther,0
is,is,s,OtherSyntacticComplexityOther,1
also,also,s,MetadiscourseAdditionNeutral,0
a,a,s,ForcefulEmphaticNeutral,0
strong,strong,s,ForcefulEmphaticNeutral,1
retention,retention,s,SpecialTopicsMiscellanyNeutral,0
of,of,s,OtherOrphanedOther,0
Bhojpuri,bhojpuri,s,,0
and,and,s,OtherSyntacticComplexityOther,0
Hindi,hindi,c,SpecialTopicsMiscellanyNeutral,0
.,.,s,,0
These,these,s,OtherOrphanedOther,0
languages,languages,s,SpecialTopicsMiscellanyNeutral,0
are,are,s,PubAdministrationNeutral,0
seen,seen,s,PubAdministrationNeutral,1
as,as,s,PubAdministrationNeutral,2
a,a,s,OtherOrphanedOther,0
vital,vital,s,ForcefulEmphaticNeutral,0
connection,connection,s,ForcefulEmphaticNeutral,1
to,to,s,OtherOrphanedOther,0
their,their,s,CharNamesNeutral,0
Indian,indian,s,NarrBiographyNeutral,0
ancestry,ancestry,c,NarrBiographyNeutral,1
.,.,n,,0
b,b,c,OtherOrphanedOther,0
.,.,s,OtherOrphanedOther,1
Economic,economic,s,SpecialTopicsMiscellanyNeutral,0
and,and,s,OtherSyntacticComplexityOther,0
Political,political,s,PubDiplomacyNeutral,0
Ties,ties,s,PubDiplomacyNeutral,1
with,with,s,OtherOrphanedOther,0
India,india,n,SpecialTopicsPlaceNeutral,0
Though,though,s,MetadiscourseContrastNeutral,0
the,the,s,NarrTimeShiftNeutral,0
historical,historical,s,NarrTimeShiftNeutral,1
ties,ties,s,OtherOrphanedOther,0
to,to,s,NarrSceneShiftNeutral,0
India,india,s,NarrSceneShiftNeutral,1
remain,remain,s,NarrDurationNeutral,0
important,important,c,ForcefulSignificantNeutral,0
",",",",s,,0
the,the,s,OtherOrphanedOther,0
level,level,s,SpecialTopicsMiscellanyNeutral,0
of,of,s,SpecialTopicsMiscellanyNeutral,1
political,political,s,PubPoliticsNeutral,0
or,or,s,OtherSyntacticComplexityOther,0
economic,economic,s,SpecialTopicsMiscellanyNeutral,0
affinity,affinity,s,PosRelCommunalTies,0
with,with,s,PosRelCommunalTies,1
India,india,s,SpecialTopicsPlaceNeutral,0
has,has,s,UpdatesOtherNeutral,0
been,been,s,UpdatesOtherNeutral,1
more,more,s,ExpoComparisonNeutral,0
complex,complex,c,ExpoComparisonNeutral,1
.,.,s,,0
While,while,s,NarrDurationNeutral,0
India,india,s,SpecialTopicsPlaceNeutral,0
has,has,s,NarrActsNeutral,0
maintained,maintained,s,NarrDurationNeutral,0
a,a,s,NarrDurationNeutral,1
general,general,s,ForcefulHighStakeNeutral,0
interest,interest,s,ForcefulHighStakeNeutral,1
in,in,s,ForcefulHighStakeNeutral,2
the,the,s,CharTypesNeutral,0
Indian,indian,s,CharTypesNeutral,1
diaspora,diaspora,s,SpecialTopicsMiscellanyNeutral,0
(,(,c,OtherOrphanedOther,0
including,including,s,NarrActsNeutral,0
Indo-Surinamese,indo-surinamese,s,,0
people,people,c,CharTypesNeutral,0
),),c,OtherOrphanedOther,0
",",",",s,,0
this,this,s,OtherOrphanedOther,0
connection,connection,s,SpecialTopicsMiscellanyNeutral,0
is,is,s,NegActsResist,0
not,not,s,NegActsResist,1
as,as,s,OtherOrphanedOther,0
pronounced,pronounced,s,PubCommunicationNeutral,0
as,as,s,MetadiscourseOtherNeutral,0
in,in,s,MetadiscourseOtherNeutral,1
other,other,s,,0
countries,countries,s,SpecialTopicsPlaceNeutral,0
with,with,s,OtherOrphanedOther,0
larger,larger,s,ExpoComparisonNeutral,0
Indian,indian,s,CharTypesNeutral,0
populations,populations,s,PubAdministrationNeutral,0
(,(,c,OtherOrphanedOther,0
such,such,s,ExpoExampleNeutral,0
as,as,s,ExpoExampleNeutral,1
Fiji,fiji,s,SpecialTopicsPlaceNeutral,0
or,or,s,OtherSyntacticComplexityOther,0
Trinidad,trinidad,c,SpecialTopicsPlaceNeutral,0
),),c,OtherOrphanedOther,0
.,.,s,MetadiscourseContrastNeutral,0
However,however,c,MetadiscourseContrastNeutral,1
",",",",s,,0
there,there,s,NarrOtherNeutral,0
have,have,s,NarrOtherNeutral,1
been,been,s,NarrOtherNeutral,2
some,some,s,ExpoOtherNeutral,0
signs,signs,s,InquiryCuriosityNeutral,0
of,of,s,InquiryCuriosityNeutral,1
growing,growing,s,DescriptChangeNeutral,0
diplomatic,diplomatic,s,PubDiplomacyNeutral,0
ties,ties,s,PubDiplomacyNeutral,1
between,between,s,OtherOrphanedOther,0
India,india,s,SpecialTopicsPlaceNeutral,0
and,and,s,OtherSyntacticComplexityOther,0
Suriname,suriname,c,SpecialTopicsPlaceNeutral,0
",",",",s,,0
particularly,particularly,s,ExpoSpecificationNeutral,0
as,as,s,OtherOrphanedOther,0
Suriname's,suriname's,s,,0
Indian-origin,indian-origin,s,,0
population,population,s,PubAdministrationNeutral,0
has,has,s,NarrActsNeutral,0
increasingly,increasingly,s,DescriptChangeNeutral,0
been,been,s,PubAdministrationNeutral,0
seen,seen,s,PubAdministrationNeutral,1
as,as,s,PubAdministrationNeutral,2
a,a,s,MetadiscourseOtherNeutral,0
link,link,s,MetadiscourseOtherNeutral,1
between,between,s,MetadiscourseOtherNeutral,2
the,the,s,OtherOrphanedOther,0
two,two,s,ExpoOtherNeutral,0
nations,nations,c,SpecialTopicsPlaceNeutral,0
.,.,n,,0
5,5,c,ExpoOtherNeutral,0
.,.,s,ExpoOtherNeutral,1
The,the,s,ReasoningOtherNeutral,0
Influence,influence,s,ReasoningOtherNeutral,1
of,of,s,ReasoningOtherNeutral,2
the,the,s,OtherOrphanedOther,0
Global,global,s,SpecialTopicsMiscellanyNeutral,0
Indian,indian,s,CharTypesNeutral,0
Diaspora,diaspora,n,SpecialTopicsMiscellanyNeutral,0
The,the,s,OtherOrphanedOther,0
broader,broader,s,ExpoComparisonNeutral,0
Indian,indian,s,CharTypesNeutral,0
diaspora,diaspora,s,SpecialTopicsMiscellanyNeutral,0
plays,plays,s,ForcefulSignificantNeutral,0
a,a,s,ForcefulSignificantNeutral,1
significant,significant,s,ForcefulSignificantNeutral,2
role,role,s,ForcefulSignificantNeutral,3
in,in,s,ForcefulSignificantNeutral,4
shaping,shaping,s,OtherOrphanedOther,0
the,the,s,OtherOrphanedOther,1
identity,identity,s,SpecialTopicsMiscellanyNeutral,0
of,of,s,OtherOrphanedOther,0
Indo-Surinamese,indo-surinamese,s,,0
people,people,c,CharTypesNeutral,0
.,.,s,,0
The,the,s,OtherOrphanedOther,0
global,global,s,SpecialTopicsMiscellanyNeutral,0
Indian,indian,s,SpecialTopicsMiscellanyNeutral,0
community,community,s,SpecialTopicsMiscellanyNeutral,1
provides,provides,s,FacilitateSponsorNeutral,0
cultural,cultural,s,SpecialTopicsMiscellanyNeutral,0
and,and,s,OtherSyntacticComplexityOther,0
social,social,s,SpecialTopicsMiscellanyNeutral,0
connections,connections,s,SpecialTopicsMiscellanyNeutral,1
that,that,s,OtherOrphanedOther,0
transcend,transcend,s,NarrActsNeutral,0
national,national,s,PubAdministrationNeutral,0
boundaries,boundaries,c,SpecialTopicsMiscellanyNeutral,0
",",",",s,,0
and,and,s,OtherSyntacticComplexityOther,0
diasporic,diasporic,s,SpecialTopicsMiscellanyNeutral,0
identity,identity,s,SpecialTopicsMiscellanyNeutral,0
has,has,s,DescriptChangeNeutral,0
become,become,s,DescriptChangeNeutral,1
an,an,s,DescriptChangeNeutral,2
important,important,s,ForcefulSignificantNeutral,0
part,part,s,OtherOrphanedOther,0
of,of,s,OtherOrphanedOther,0
how,how,s,OtherOrphanedOther,0
Indo-Surinamese,indo-surinamese,s,,0
people,people,s,CharTypesNeutral,0
in,in,s,OtherOrphanedOther,0
Suriname,suriname,s,SpecialTopicsPlaceNeutral,0
relate,relate,s,ExpoComparisonNeutral,0
to,to,s,ExpoComparisonNeutral,1
their,their,s,ExpoComparisonNeutral,2
heritage,heritage,c,NarrOtherNeutral,0
.,.,s,NarrActsNeutral,0
They,they,s,NarrActsNeutral,1
often,often,s,NarrDurationNeutral,0
see,see,s,CharMentalStatesNeutral,0
themselves,themselves,s,CharMentalStatesNeutral,1
as,as,s,OtherSyntacticComplexityOther,0
part,part,s,OtherSyntacticComplexityOther,1
of,of,s,OtherSyntacticComplexityOther,2
a,a,s,OtherOrphanedOther,0
wider,wider,s,ExpoComparisonNeutral,0
Indian,indian,s,CharTypesNeutral,0
diaspora,diaspora,s,SpecialTopicsMiscellanyNeutral,0
that,that,s,OtherSyntacticComplexityOther,0
includes,includes,s,OtherSyntacticComplexityOther,1
people,people,s,CharTypesNeutral,0
from,from,s,OtherOrphanedOther,0
places,places,s,DescriptVisualNeutral,0
like,like,s,DescriptVisualNeutral,1
Trinidad,trinidad,s,SpecialTopicsPlaceNeutral,0
and,and,s,OtherSyntacticComplexityOther,0
Tobago,tobago,c,SpecialTopicsPlaceNeutral,0
",",",",s,,0
Guyana,guyana,c,SpecialTopicsPlaceNeutral,0
",",",",s,,0
South,south,s,SpecialTopicsPlaceNeutral,0
Africa,africa,c,SpecialTopicsPlaceNeutral,1
",",",",s,,0
and,and,s,ForcefulEmphaticNeutral,0
even,even,s,ForcefulEmphaticNeutral,1
Mauritius,mauritius,c,SpecialTopicsPlaceNeutral,0
.,.,n,,0
Conclusion,conclusion,c,ReasoningConcludeNeutral,0
:,:,s,,0
A,a,s,OtherOrphanedOther,0
Fluid,fluid,c,DescriptObjectsNeutral,0
",",",",s,,0
Multi-Layered,multi-layered,s,SpecialTopicsMiscellanyNeutral,0
Identity,identity,n,SpecialTopicsMiscellanyNeutral,0
For,for,s,OtherOrphanedOther,0
Indo-Surinamese,indo-surinamese,s,,0
people,people,c,CharTypesNeutral,0
",",",",s,,0
the,the,s,OtherOrphanedOther,0
politics,politics,s,PubPoliticsNeutral,0
of,of,s,OtherOrphanedOther,0
identity,identity,s,SpecialTopicsMiscellanyNeutral,0
in,in,s,OtherOrphanedOther,0
a,a,s,OtherOrphanedOther,0
post-colonial,post-colonial,s,SpecialTopicsMiscellanyNeutral,0
and,and,s,OtherSyntacticComplexityOther,0
nationalist,nationalist,s,CharTypesNeutral,0
context,context,s,ContingentEventNeutral,0
is,is,s,DescriptChangeNeutral,0
fluid,fluid,s,DescriptChangeNeutral,1
and,and,s,OtherSyntacticComplexityOther,0
multi-layered,multi-layered,c,SpecialTopicsMiscellanyNeutral,0
.,.,s,,0
While,while,s,NarrDurationNeutral,0
their,their,s,CharNamesNeutral,0
nationality,nationality,s,SpecialTopicsMiscellanyNeutral,0
is,is,s,OtherOrphanedOther,0
Surinamese,surinamese,c,CharTypesNeutral,0
",",",",s,SpecialTopicsMiscellanyNeutral,0
their,their,s,SpecialTopicsMiscellanyNeutral,1
identity,identity,s,SpecialTopicsMiscellanyNeutral,0
is,is,s,OtherOrphanedOther,0
heavily,heavily,s,NarrBiographyNeutral,0
influenced,influenced,s,NarrBiographyNeutral,1
by,by,s,NarrBiographyNeutral,2
their,their,s,CharNamesNeutral,0
historical,historical,s,NarrOtherNeutral,0
experiences,experiences,s,NarrActsNeutral,0
as,as,s,OtherOrphanedOther,0
indentured,indentured,s,PubLawNeutral,0
laborers,laborers,s,CharTypesNeutral,0
and,and,s,OtherSyntacticComplexityOther,0
their,their,s,CharNamesNeutral,0
cultural,cultural,s,PubDiplomacyNeutral,0
ties,ties,s,PubDiplomacyNeutral,1
to,to,s,NarrSceneShiftNeutral,0
India,india,c,NarrSceneShiftNeutral,1
.,.,s,,0
The,the,s,OtherOrphanedOther,0
diasporic,diasporic,s,SpecialTopicsMiscellanyNeutral,0
identity,identity,s,SpecialTopicsMiscellanyNeutral,0
of,of,s,OtherOrphanedOther,0
Indo-Surinamese,indo-surinamese,s,,0
people,people,s,CharTypesNeutral,0
is,is,s,OtherOrphanedOther,0
shaped,shaped,s,OtherOrphanedOther,0
by,by,s,OtherOrphanedOther,1
the,the,s,OtherOrphanedOther,2
interplay,interplay,s,OtherOrphanedOther,0
of,of,s,OtherOrphanedOther,0
cultural,cultural,s,SpecialTopicsMiscellanyNeutral,0
preservation,preservation,c,PubAdministrationNeutral,0
",",",",s,,0
ethnic,ethnic,s,SpecialTopicsMiscellanyNeutral,0
politics,politics,c,PubPoliticsNeutral,0
",",",",s,,0
and,and,s,OtherSyntacticComplexityOther,0
nationalist,nationalist,s,CharTypesNeutral,0
movements,movements,s,DescriptMotionNeutral,0
both,both,s,OtherSyntacticComplexityOther,0
in,in,s,OtherOrphanedOther,0
Suriname,suriname,s,SpecialTopicsPlaceNeutral,0
and,and,s,OtherSyntacticComplexityOther,0
in,in,s,OtherSyntacticComplexityOther,1
the,the,s,OtherOrphanedOther,0
global,global,s,SpecialTopicsMiscellanyNeutral,0
context,context,c,ContingentEventNeutral,0
.,.,n,,0
Their,their,s,CharNamesNeutral,0
affinity,affinity,s,PosRelCommunalTies,0
is,is,s,NegActsResist,0
not,not,s,NegActsResist,1
strictly,strictly,s,PubAdministrationNeutral,0
tied,tied,s,ExpoSpecificationNeutral,0
to,to,s,ExpoSpecificationNeutral,1
any,any,s,ExpoOtherNeutral,0
one,one,s,,0
nationality,nationality,s,SpecialTopicsMiscellanyNeutral,0
but,but,s,MetadiscourseContrastNeutral,0
is,is,s,InquiryLearningNeg,0
complicated,complicated,s,InquiryLearningNeg,1
by,by,s,OtherOrphanedOther,0
their,their,s,CharNamesNeutral,0
Surinamese,surinamese,s,CharTypesNeutral,0
citizenship,citizenship,c,PubAdministrationNeutral,0
",",",",s,SpecialTopicsMiscellanyNeutral,0
their,their,s,SpecialTopicsMiscellanyNeutral,1
Indian,indian,s,CharTypesNeutral,0
cultural,cultural,s,SpecialTopicsMiscellanyNeutral,0
heritage,heritage,c,NarrOtherNeutral,0
",",",",s,,0
and,and,s,OtherSyntacticComplexityOther,0
their,their,s,CharNamesNeutral,0
connections,connections,s,SpecialTopicsMiscellanyNeutral,0
to,to,s,OtherOrphanedOther,0
the,the,s,OtherOrphanedOther,0
broader,broader,s,ExpoComparisonNeutral,0
Indian,indian,s,CharTypesNeutral,0
diaspora,diaspora,c,SpecialTopicsMiscellanyNeutral,0
.,.,e,,0
