Peggy,peggy,s,CharNamesNeutral,0
Mohan's,mohan's,s,,0
*,*,s,,0
Jahajin,jahajin,s,,0
*,*,s,,0
is,is,s,OtherOrphanedOther,0
a,a,s,DescriptObjectsNeutral,0
novel,novel,s,DescriptObjectsNeutral,1
that,that,s,OtherOrphanedOther,0
delves,delves,s,InquiryExplorationNeutral,0
into,into,s,InquiryExplorationNeutral,1
the,the,s,NarrTimeShiftNeutral,0
historical,historical,s,NarrTimeShiftNeutral,1
and,and,s,OtherSyntacticComplexityOther,0
cultural,cultural,s,NarrOtherNeutral,0
legacy,legacy,s,NarrOtherNeutral,1
of,of,s,OtherOrphanedOther,0
Indian,indian,s,PubLawNeutral,0
indenture,indenture,s,PubLawNeutral,1
in,in,s,OtherOrphanedOther,0
Trinidad,trinidad,c,SpecialTopicsPlaceNeutral,0
",",",",s,,0
weaving,weaving,s,DescriptMotionNeutral,0
a,a,s,OtherOrphanedOther,0
narrative,narrative,s,SpecialTopicsMiscellanyNeutral,0
that,that,s,OtherOrphanedOther,0
bridges,bridges,s,OtherOrphanedOther,0
the,the,s,OtherOrphanedOther,1
past,past,s,SpecialTopicsMiscellanyNeutral,0
and,and,s,OtherSyntacticComplexityOther,0
the,the,s,OtherSyntacticComplexityOther,1
present,present,c,SpecialTopicsMiscellanyNeutral,0
.,.,s,,0
The,the,s,SpecialTopicsMiscellanyNeutral,0
story,story,s,SpecialTopicsMiscellanyNeutral,1
centers,centers,s,SpecialTopicsMiscellanyNeutral,0
around,around,s,DescriptVisualNeutral,0
an,an,s,DescriptVisualNeutral,1
unnamed,unnamed,s,UncertaintyUnknownNeutral,0
narrator,narrator,c,UncertaintyUnknownNeutral,1
",",",",s,CharNamesNeutral,0
who,who,s,CharNamesNeutral,1
is,is,s,CharNamesNeutral,2
a,a,s,CharNamesNeutral,3
translator,translator,s,CharTypesNeutral,0
of,of,s,OtherOrphanedOther,0
Trinidadian,trinidadian,s,,0
Bhojpuri,bhojpuri,c,,0
",",",",s,,0
a,a,s,OtherOrphanedOther,0
language,language,s,SpecialTopicsMiscellanyNeutral,0
brought,brought,s,DescriptChangeNeutral,0
to,to,s,DescriptChangeNeutral,1
Trinidad,trinidad,s,SpecialTopicsPlaceNeutral,0
by,by,s,OtherOrphanedOther,0
Indian,indian,s,PubLawNeutral,0
indentured,indentured,s,PubLawNeutral,1
migrants,migrants,s,NarrSceneShiftNeutral,0
from,from,s,OtherOrphanedOther,0
north-eastern,north-eastern,s,SpecialTopicsPlaceNeutral,0
India,india,c,SpecialTopicsPlaceNeutral,0
.,.,s,,0
This,this,s,OtherOrphanedOther,0
linguistic,linguistic,s,SpecialTopicsMiscellanyNeutral,0
and,and,s,OtherSyntacticComplexityOther,0
cultural,cultural,s,InquiryExplorationNeutral,0
exploration,exploration,s,InquiryExplorationNeutral,1
forms,forms,s,DescriptChangeNeutral,0
the,the,s,DescriptChangeNeutral,1
backbone,backbone,s,DescriptObjectsNeutral,0
of,of,s,OtherSyntacticComplexityOther,0
the,the,s,OtherSyntacticComplexityOther,1
novel,novel,c,SpecialTopicsMiscellanyNeutral,0
",",",",s,,0
as,as,s,OtherOrphanedOther,0
the,the,s,OtherOrphanedOther,1
narrator,narrator,s,SpecialTopicsMiscellanyNeutral,0
engages,engages,s,OtherOrphanedOther,0
in,in,s,OtherOrphanedOther,1
a,a,s,OtherOrphanedOther,2
process,process,s,OtherOrphanedOther,3
of,of,s,OtherOrphanedOther,4
translation,translation,s,SpecialTopicsMiscellanyNeutral,0
and,and,s,OtherSyntacticComplexityOther,0
interpretation,interpretation,c,SpecialTopicsMiscellanyNeutral,0
",",",",s,,0
not,not,s,ForcefulEmphaticNeutral,0
only,only,s,ForcefulEmphaticNeutral,1
linguistically,linguistically,s,SpecialTopicsMiscellanyNeutral,0
but,but,s,MetadiscourseContrastNeutral,0
also,also,s,MetadiscourseAdditionNeutral,0
historically,historically,c,NarrOtherNeutral,0
",",",",s,,0
to,to,s,StratCognitionNeutral,0
uncover,uncover,s,StratCognitionNeutral,1
the,the,s,OtherOrphanedOther,0
obscured,obscured,s,SpecialTopicsMiscellanyNeutral,0
and,and,s,OtherSyntacticComplexityOther,0
often,often,s,NarrDurationNeutral,0
marginalized,marginalized,s,DescriptChangeNeg,0
stories,stories,s,NarrSequenceNeutral,0
of,of,s,OtherOrphanedOther,0
Indian,indian,s,CharTypesNeutral,0
women,women,s,CharTypesNeutral,1
who,who,s,OtherOrphanedOther,0
journeyed,journeyed,s,NarrSceneShiftNeutral,0
to,to,s,NarrSceneShiftNeutral,1
Trinidad,trinidad,s,SpecialTopicsPlaceNeutral,0
as,as,s,OtherOrphanedOther,0
indentured,indentured,s,PubLawNeutral,0
laborers,laborers,c,CharTypesNeutral,0
.,.,n,,0
The,the,s,OtherOrphanedOther,0
narrator's,narrator's,s,SpecialTopicsMiscellanyNeutral,0
journey,journey,s,NarrSceneShiftNeutral,0
takes,takes,s,ResponsibilityAcceptNeutral,0
on,on,s,ResponsibilityAcceptNeutral,1
a,a,s,ResponsibilityAcceptNeutral,2
dual,dual,s,SpecialTopicsMiscellanyNeutral,0
purpose,purpose,c,FutureOtherNeutral,0
:,:,s,,0
to,to,s,OtherOrphanedOther,0
document,document,s,,0
and,and,s,OtherSyntacticComplexityOther,0
preserve,preserve,s,OtherOrphanedOther,0
the,the,s,OtherOrphanedOther,0
Bhojpuri,bhojpuri,s,,0
stories,stories,s,NarrSequenceNeutral,0
as,as,s,OtherOrphanedOther,0
a,a,s,OtherOrphanedOther,1
testament,testament,s,SpecialTopicsMiscellanyNeutral,0
to,to,s,OtherOrphanedOther,0
the,the,s,OtherOrphanedOther,0
experiences,experiences,s,NarrActsNeutral,0
of,of,s,OtherOrphanedOther,0
Indian,indian,s,CharTypesNeutral,0
women,women,s,CharTypesNeutral,1
during,during,s,NarrDurationNeutral,0
the,the,s,NarrDurationNeutral,1
indenture,indenture,s,NarrDurationNeutral,0
period,period,c,NarrDurationNeutral,1
",",",",s,,0
and,and,s,OtherSyntacticComplexityOther,0
to,to,s,OtherOrphanedOther,0
bring,bring,s,NarrActsNeutral,0
these,these,s,OtherOrphanedOther,0
narratives,narratives,s,SpecialTopicsMiscellanyNeutral,0
into,into,s,OtherOrphanedOther,0
contemporary,contemporary,s,CharMentalStatesNeutral,0
consciousness,consciousness,c,CharMentalStatesNeutral,1
",",",",s,,0
providing,providing,s,FacilitateSponsorNeutral,0
what,what,s,OtherOrphanedOther,0
the,the,s,DescriptObjectsNeutral,0
novel,novel,s,DescriptObjectsNeutral,1
terms,terms,s,SpecialTopicsMiscellanyNeutral,0
“,",c,,0
counter-histories,counter-histories,c,,0
”,",s,,0
in,in,s,OtherSyntacticComplexityOther,0
response,response,s,OtherSyntacticComplexityOther,1
to,to,s,OtherSyntacticComplexityOther,2
official,official,s,PubAdministrationNeutral,0
accounts,accounts,s,SpecialTopicsMiscellanyNeutral,0
that,that,s,OtherSyntacticComplexityOther,0
have,have,s,OtherSyntacticComplexityOther,1
minimized,minimized,s,DescriptChangeNeutral,0
or,or,s,OtherSyntacticComplexityOther,0
concealed,concealed,s,DescriptVisualNeutral,0
these,these,s,OtherOrphanedOther,0
contributions,contributions,c,PosValuesOther,0
",",",",s,,0
particularly,particularly,s,ExpoSpecificationNeutral,0
from,from,s,OtherOrphanedOther,0
a,a,s,OtherOrphanedOther,0
patriarchal,patriarchal,s,SpecialTopicsMiscellanyNeutral,0
viewpoint,viewpoint,c,CharSubjectivityNeutral,0
.,.,s,,0
This,this,s,OtherOrphanedOther,0
process,process,s,SpecialTopicsMiscellanyNeutral,0
also,also,s,MetadiscourseAdditionNeutral,0
connects,connects,s,OtherOrphanedOther,0
the,the,s,OtherOrphanedOther,0
narrator,narrator,s,SpecialTopicsMiscellanyNeutral,0
personally,personally,s,CharSubjectivityNeutral,0
to,to,s,CharNamesNeutral,0
her,her,s,CharNamesNeutral,1
own,own,s,NarrActsNeutral,0
family's,family's,s,SpecialTopicsMiscellanyNeutral,0
past,past,c,SpecialTopicsMiscellanyNeutral,0
",",",",s,,0
as,as,s,ReasoningOtherNeutral,0
she,she,s,ReasoningOtherNeutral,1
begins,begins,s,NarrSequenceNeutral,0
to,to,s,NarrSequenceNeutral,1
empathize,empathize,s,PosRelBondOverNegative,0
with,with,s,PosRelBondOverNegative,1
her,her,s,CharNamesNeutral,0
indentured,indentured,s,PubLawNeutral,0
ancestors,ancestors,c,NarrOtherNeutral,0
",",",",s,,0
notably,notably,s,ExpoSpecificationNeutral,0
her,her,s,CharNamesNeutral,0
great-great-grandmother,great-great-grandmother,c,,0
.,.,n,,0
A,a,s,OtherOrphanedOther,0
central,central,s,SpecialTopicsMiscellanyNeutral,0
theme,theme,s,SpecialTopicsMiscellanyNeutral,0
in,in,s,CitationReferenceNeutral,0
the,the,s,CitationReferenceNeutral,1
novel,novel,s,CitationReferenceNeutral,2
is,is,s,ForcefulEmphaticNeutral,0
the,the,s,ForcefulEmphaticNeutral,1
concept,concept,s,ForcefulEmphaticNeutral,2
of,of,s,ForcefulEmphaticNeutral,3
*,*,s,,0
jahaji,jahaji,s,,0
bhai,bhai,s,,0
*,*,s,,0
(,(,c,OtherOrphanedOther,0
ship-brother,ship-brother,c,,0
),),s,OtherOrphanedOther,0
and,and,s,OtherSyntacticComplexityOther,0
*,*,s,,0
jahaji,jahaji,s,,0
bahin,bahin,s,,0
*,*,s,,0
(,(,c,OtherOrphanedOther,0
ship-sister,ship-sister,c,,0
),),c,OtherOrphanedOther,0
",",",",s,,0
terms,terms,s,SpecialTopicsMiscellanyNeutral,0
used,used,s,NarrActsNeutral,0
by,by,s,OtherOrphanedOther,0
indentured,indentured,s,PubLawNeutral,0
Indians,indians,s,CharTypesNeutral,0
to,to,s,OtherOrphanedOther,0
denote,denote,s,ExpoDefinitionNeutral,0
the,the,s,DescriptVisualNeutral,0
deep,deep,s,DescriptVisualNeutral,1
bonds,bonds,s,OtherOrphanedOther,0
formed,formed,s,OtherOrphanedOther,0
with,with,s,StratCoordinationPos,0
fellow,fellow,s,StratCoordinationPos,1
travelers,travelers,s,CharTypesNeutral,0
during,during,s,NarrDurationNeutral,0
their,their,s,NarrDurationNeutral,1
voyage,voyage,s,NarrSceneShiftNeutral,0
across,across,s,OtherOrphanedOther,0
the,the,s,CitationQuotationNeutral,0
“,",c,CitationQuotationNeutral,1
kala,kala,s,CharNamesNeutral,0
pani,pani,c,CharNamesNeutral,0
”,",c,,0
",",",",s,,0
or,or,s,OtherSyntacticComplexityOther,0
dark,dark,s,DescriptObjectsNeutral,0
waters,waters,c,DescriptObjectsNeutral,1
",",",",s,,0
to,to,s,OtherOrphanedOther,0
the,the,s,OtherOrphanedOther,0
Caribbean,caribbean,c,SpecialTopicsPlaceNeutral,0
.,.,s,,0
These,these,s,OtherOrphanedOther,0
bonds,bonds,s,OtherOrphanedOther,0
were,were,s,NarrOtherNeutral,0
pivotal,pivotal,c,ForcefulEmphaticNeutral,0
",",",",s,,0
forming,forming,s,DescriptChangeNeutral,0
a,a,s,DescriptChangeNeutral,1
new,new,s,NarrImmediacyNeutral,0
familial,familial,s,NarrOtherNeutral,0
framework,framework,s,SpecialTopicsMiscellanyNeutral,0
for,for,s,OtherOrphanedOther,0
survival,survival,s,NarrTurningPointNeutral,0
and,and,s,OtherSyntacticComplexityOther,0
solidarity,solidarity,s,PosRelSolidarity,0
in,in,s,OtherOrphanedOther,0
an,an,s,InquiryCuriosityNeutral,0
unfamiliar,unfamiliar,s,InquiryCuriosityNeutral,1
land,land,c,SpecialTopicsPlaceNeutral,0
.,.,n,,0
The,the,s,DescriptObjectsNeutral,0
novel,novel,s,DescriptObjectsNeutral,1
is,is,s,OtherOrphanedOther,0
partly,partly,s,ConfidenceHedgedNeutral,0
autobiographical,autobiographical,c,CharSubjectivityNeutral,0
",",",",s,,0
as,as,s,OtherOrphanedOther,0
Mohan,mohan,s,CharNamesNeutral,0
reveals,reveals,s,InquiryDiscoveryNeutral,0
through,through,s,OtherOrphanedOther,0
the,the,s,OtherOrphanedOther,0
narrator's,narrator's,s,SpecialTopicsMiscellanyNeutral,0
encounters,encounters,s,OtherOrphanedGenericActivity,0
with,with,s,OtherOrphanedGenericActivity,1
the,the,s,CharTypesNeutral,0
elderly,elderly,s,CharTypesNeutral,1
Bhojpuri-speaking,bhojpuri-speaking,s,,0
woman,woman,c,CharTypesNeutral,0
",",",",s,,0
Deeda,deeda,c,,0
",",",",s,,0
whose,whose,s,CharNamesNeutral,0
personal,personal,s,NarrSequenceNeutral,0
stories,stories,s,NarrSequenceNeutral,1
and,and,s,OtherSyntacticComplexityOther,0
folktales,folktales,s,CitationOtherNeg,0
serve,serve,s,NarrActsNeutral,0
as,as,s,NarrActsNeutral,1
a,a,s,NarrActsNeutral,2
conduit,conduit,s,OtherOrphanedOther,0
to,to,s,NarrOtherNeutral,0
the,the,s,NarrOtherNeutral,1
past,past,c,NarrOtherNeutral,2
.,.,s,,0
These,these,s,OtherOrphanedOther,0
sessions,sessions,c,PubAdministrationNeutral,0
",",",",s,,0
taped,taped,s,OtherOrphanedOther,0
by,by,s,OtherOrphanedOther,0
the,the,s,OtherOrphanedOther,0
narrator,narrator,s,SpecialTopicsMiscellanyNeutral,0
in,in,s,NarrDurationNeutral,0
the,the,s,NarrDurationNeutral,1
1970s,1970s,c,NarrDurationNeutral,2
",",",",s,,0
underscore,underscore,s,NegEmotionsIdentifyGaps,0
the,the,s,NegEmotionsIdentifyGaps,1
importance,importance,s,NegEmotionsIdentifyGaps,2
of,of,s,OtherOrphanedOther,0
oral,oral,s,NarrOtherNeutral,0
traditions,traditions,s,NarrOtherNeutral,1
in,in,s,OtherOrphanedOther,0
preserving,preserving,s,OtherOrphanedOther,0
history,history,c,NarrOtherNeutral,0
.,.,s,,0
The,the,s,OtherOrphanedOther,0
Bhojpuri,bhojpuri,s,,0
narratives,narratives,s,SpecialTopicsMiscellanyNeutral,0
shared,shared,s,OtherOrphanedOther,0
by,by,s,OtherOrphanedOther,1
Deeda,deeda,s,,0
often,often,s,NarrDurationNeutral,0
feature,feature,s,OtherOrphanedOther,0
themes,themes,s,SpecialTopicsMiscellanyNeutral,0
of,of,s,OtherOrphanedOther,0
women's,women's,s,CharTypesNeutral,0
independence,independence,s,PosValuesOther,0
and,and,s,OtherSyntacticComplexityOther,0
resilience,resilience,c,PosActsResilience,0
",",",",s,,0
challenging,challenging,s,CharTraitsNeutral,0
typical,typical,s,NarrDurationNeutral,0
patriarchal,patriarchal,s,SpecialTopicsMiscellanyNeutral,0
norms,norms,s,PubAdministrationNeutral,0
embedded,embedded,s,DescriptVisualNeutral,0
in,in,s,DescriptVisualNeutral,1
traditional,traditional,s,NarrOtherNeutral,0
folktales,folktales,c,CitationOtherNeg,0
.,.,n,,0
*,*,s,,0
Jahajin,jahajin,s,,0
*,*,s,,0
also,also,s,MetadiscourseAdditionNeutral,0
addresses,addresses,s,InterOtherNeutral,0
the,the,s,InterOtherNeutral,1
limitations,limitations,s,NegEmotionsIdentifyGaps,0
and,and,s,OtherSyntacticComplexityOther,0
responsibilities,responsibilities,s,ResponsibilityOtherNeutral,0
inherent,inherent,s,SpecialTopicsMiscellanyNeutral,0
in,in,s,SpecialTopicsMiscellanyNeutral,1
the,the,s,NarrActsNeutral,0
act,act,s,NarrActsNeutral,1
of,of,s,NarrActsNeutral,2
translation,translation,c,SpecialTopicsMiscellanyNeutral,0
",",",",s,,0
both,both,s,OtherSyntacticComplexityOther,0
linguistic,linguistic,s,SpecialTopicsMiscellanyNeutral,0
and,and,s,OtherSyntacticComplexityOther,0
cultural,cultural,c,SpecialTopicsMiscellanyNeutral,0
.,.,s,,0
While,while,s,NarrDurationNeutral,0
the,the,s,NarrDurationNeutral,1
narrator,narrator,s,SpecialTopicsMiscellanyNeutral,0
attempts,attempts,s,CharTraitsNeutral,0
to,to,s,CharTraitsNeutral,1
connect,connect,s,OtherOrphanedOther,0
younger,younger,s,ExpoComparisonNeutral,0
generations,generations,s,NarrBiographyNeutral,0
of,of,s,NarrBiographyNeutral,1
Indian-Trinidadians,indian-trinidadians,s,,0
with,with,s,OtherOrphanedOther,0
their,their,s,CharNamesNeutral,0
heritage,heritage,c,NarrOtherNeutral,0
",",",",s,,0
she,she,s,NegValuesOther,0
faces,faces,s,NegValuesOther,1
the,the,s,FutureOtherNeg,0
risk,risk,s,FutureOtherNeg,1
of,of,s,OtherOrphanedOther,0
“,",c,,0
vicarious,vicarious,s,CharMentalStatesNeutral,0
victimhood,victimhood,c,NegActsAggressive,0
”,",c,,0
",",",",s,,0
where,where,s,OtherOrphanedOther,0
the,the,s,DescriptVisualNeutral,0
lines,lines,s,DescriptVisualNeutral,1
between,between,s,OtherOrphanedOther,0
empathy,empathy,s,PosRelBondOverNegative,0
and,and,s,OtherSyntacticComplexityOther,0
identification,identification,s,OtherOrphanedGenericActivity,0
become,become,s,DescriptChangeNeutral,0
blurred,blurred,c,DescriptVisualNeutral,0
.,.,s,,0
This,this,s,OtherOrphanedOther,0
self-conscious,self-conscious,s,CharTraitsNeutral,0
effort,effort,s,CharTraitsNeutral,1
to,to,s,OtherOrphanedOther,0
memorialize,memorialize,s,NarrOtherNeutral,0
and,and,s,OtherSyntacticComplexityOther,0
excavate,excavate,s,DescriptMotionNeutral,0
women's,women's,s,CharTypesNeutral,0
narratives,narratives,s,SpecialTopicsMiscellanyNeutral,0
and,and,s,OtherSyntacticComplexityOther,0
agency,agency,s,PubAdministrationNeutral,0
serves,serves,s,NarrActsNeutral,0
as,as,s,NarrActsNeutral,1
a,a,s,NarrActsNeutral,2
form,form,s,SpecialTopicsMiscellanyNeutral,0
of,of,s,SpecialTopicsMiscellanyNeutral,1
feminist,feminist,s,CharTypesNeutral,0
cultural,cultural,s,SpecialTopicsMiscellanyNeutral,0
resistance,resistance,c,NegActsResist,0
.,.,n,,0
Moreover,moreover,c,MetadiscourseAdditionNeutral,0
",",",",s,MetadiscourseAdditionNeutral,1
the,the,s,DescriptObjectsNeutral,0
novel,novel,s,DescriptObjectsNeutral,1
depicts,depicts,s,DescriptVisualNeutral,0
a,a,s,DescriptVisualNeutral,1
physical,physical,s,SpecialTopicsMiscellanyNeutral,0
and,and,s,OtherSyntacticComplexityOther,0
metaphorical,metaphorical,s,NarrSceneShiftNeutral,0
journey,journey,s,NarrSceneShiftNeutral,1
back,back,s,NarrOtherNeutral,0
to,to,s,NarrOtherNeutral,1
India,india,c,SpecialTopicsPlaceNeutral,0
",",",",s,,0
emphasizing,emphasizing,s,ForcefulEmphaticNeutral,0
a,a,s,ForcefulEmphaticNeutral,1
continued,continued,s,NarrDurationNeutral,0
connection,connection,s,SpecialTopicsMiscellanyNeutral,0
to,to,s,OtherOrphanedOther,0
the,the,s,OtherOrphanedOther,0
roots,roots,s,SpecialTopicsMiscellanyNeutral,0
of,of,s,SpecialTopicsMiscellanyNeutral,1
indentured,indentured,s,PubLawNeutral,0
laborers,laborers,s,CharTypesNeutral,0
even,even,s,MetadiscourseContrastNeutral,0
as,as,s,MetadiscourseContrastNeutral,1
they,they,s,OtherOrphanedOther,0
adapt,adapt,s,PosValuesOther,0
to,to,s,PosValuesOther,1
their,their,s,CharNamesNeutral,0
new,new,s,NarrImmediacyNeutral,0
environment,environment,c,SpecialTopicsMiscellanyNeutral,0
.,.,s,,0
This,this,s,OtherOrphanedOther,0
journey,journey,s,NarrSceneShiftNeutral,0
reflects,reflects,s,OtherOrphanedOther,0
the,the,s,OtherOrphanedOther,1
broader,broader,s,ExpoComparisonNeutral,0
theme,theme,s,SpecialTopicsMiscellanyNeutral,0
of,of,s,OtherOrphanedOther,0
diaspora,diaspora,s,SpecialTopicsMiscellanyNeutral,0
and,and,s,OtherSyntacticComplexityOther,0
the,the,s,OtherSyntacticComplexityOther,1
need,need,s,StratDirectAppealNeutral,0
for,for,s,StratDirectAppealNeutral,1
cultural,cultural,s,SpecialTopicsMiscellanyNeutral,0
adaptation,adaptation,s,DescriptChangeNeutral,0
and,and,s,OtherSyntacticComplexityOther,0
transculturation,transculturation,c,SpecialTopicsMiscellanyNeutral,0
",",",",s,,0
highlighted,highlighted,s,OtherOrphanedOther,0
by,by,s,OtherOrphanedOther,0
the,the,s,OtherOrphanedOther,0
diverse,diverse,s,,0
exchanges,exchanges,s,NarrActsNeutral,0
and,and,s,OtherSyntacticComplexityOther,0
relationships,relationships,s,SpecialTopicsMiscellanyNeutral,0
formed,formed,s,OtherOrphanedOther,0
between,between,s,ExpoComparisonNeutral,0
different,different,s,ExpoComparisonNeutral,1
ethnic,ethnic,s,SpecialTopicsMiscellanyNeutral,0
groups,groups,s,SpecialTopicsMiscellanyNeutral,0
in,in,s,OtherOrphanedOther,0
Trinidad,trinidad,c,SpecialTopicsPlaceNeutral,0
.,.,n,,0
Through,through,s,OtherOrphanedOther,0
a,a,s,OtherOrphanedOther,0
blend,blend,s,SpecialTopicsMiscellanyNeutral,0
of,of,s,OtherOrphanedOther,0
historical,historical,s,SpecialTopicsMiscellanyNeutral,0
fiction,fiction,s,SpecialTopicsMiscellanyNeutral,1
and,and,s,OtherSyntacticComplexityOther,0
personal,personal,s,CharSubjectivityNeutral,0
storytelling,storytelling,c,OtherOrphanedGenericActivity,0
",",",",s,,0
*,*,s,,0
Jahajin,jahajin,s,,0
*,*,s,,0
effectively,effectively,s,PosValuesEffective,0
translates,translates,s,OtherOrphanedOther,0
the,the,s,NarrOtherNeutral,0
past,past,s,NarrOtherNeutral,1
for,for,s,OtherOrphanedOther,0
contemporary,contemporary,s,NarrSimultaneityNeutral,0
readers,readers,c,SpecialTopicsMiscellanyNeutral,0
",",",",s,StratCoordinationNeutral,0
using,using,s,StratCoordinationNeutral,1
the,the,s,StratCoordinationNeutral,2
protagonist's,protagonist's,s,SpecialTopicsMiscellanyNeutral,0
quest,quest,s,StratCognitionNeutral,0
and,and,s,OtherSyntacticComplexityOther,0
Deeda's,deeda's,s,,0
stories,stories,s,NarrSequenceNeutral,0
to,to,s,ForcefulEmphaticNeutral,0
underscore,underscore,s,ForcefulEmphaticNeutral,1
the,the,s,OtherOrphanedOther,0
enduring,enduring,s,NarrDurationNeutral,0
influence,influence,s,StratCoordinationNeutral,0
of,of,s,OtherSyntacticComplexityOther,0
the,the,s,OtherSyntacticComplexityOther,1
Indian,indian,s,PubLawNeutral,0
indentured,indentured,s,PubLawNeutral,1
experience,experience,s,StratOtherPos,0
in,in,s,StratOtherPos,1
shaping,shaping,s,OtherOrphanedOther,0
identities,identities,s,,0
and,and,s,OtherSyntacticComplexityOther,0
histories,histories,s,NarrOtherNeutral,0
in,in,s,OtherOrphanedOther,0
the,the,s,OtherOrphanedOther,0
Caribbean,caribbean,c,SpecialTopicsPlaceNeutral,0
.,.,n,,0
Sources,sources,s,SpecialTopicsMiscellanyNeutral,0
used,used,c,NarrActsNeutral,0
:,:,n,,0
-,-,s,,0
Bates,bates,c,DescriptMotionNeutral,0
",",",",s,,0
C,c,c,OtherOrphanedOther,0
.,.,s,OtherOrphanedOther,1
(,(,c,OtherOrphanedOther,0
Ed,ed,c,SpecialTopicsMiscellanyNeutral,0
.,.,c,SpecialTopicsMiscellanyNeutral,1
),),c,OtherOrphanedOther,0
.,.,s,,0
(,(,c,OtherOrphanedOther,0
2024,2024,c,NarrDurationNeutral,0
),),c,OtherOrphanedOther,0
.,.,s,,0
Beyond,beyond,s,OtherOrphanedOther,0
Indenture,indenture,c,PubLawNeutral,0
.,.,s,,0
txt,txt,n,,0
-,-,s,,0
Khan,khan,c,CharTypesNeutral,0
",",",",s,,0
A,a,c,OtherOrphanedOther,0
.,.,s,OtherOrphanedOther,1
(,(,c,OtherOrphanedOther,0
2021,2021,c,NarrDurationNeutral,0
),),c,OtherOrphanedOther,0
.,.,s,,0
The,the,s,OtherOrphanedOther,0
Deepest,deepest,s,DescriptObjectsNeutral,0
Dye,dye,c,DescriptObjectsNeutral,1
:,:,s,,0
Obeah,obeah,c,SpecialTopicsMiscellanyNeutral,0
",",",",s,,0
Hosay,hosay,c,,0
",",",",s,,0
and,and,s,OtherSyntacticComplexityOther,0
Race,race,s,DescriptMotionNeutral,0
in,in,s,DescriptVisualNeutral,0
the,the,s,DescriptVisualNeutral,1
Atlantic,atlantic,s,DescriptVisualNeutral,2
World,world,c,SpecialTopicsPlaceNeutral,0
.,.,s,,0
txt,txt,n,,0
-,-,s,,0
V,v,s,OtherOrphanedOther,0
Lal,lal,c,CharNamesNeutral,0
",",",",s,,0
B,b,c,OtherOrphanedOther,0
.,.,s,OtherOrphanedOther,1
(,(,c,CitationReferenceNeutral,0
2012,2012,c,CitationReferenceNeutral,1
),),c,CitationReferenceNeutral,2
.,.,s,,0
Chalo,chalo,s,,0
Jahaji,jahaji,c,,0
:,:,s,,0
On,on,s,NarrDurationNeutral,0
a,a,s,NarrDurationNeutral,1
journey,journey,s,NarrDurationNeutral,2
through,through,s,OtherOrphanedOther,0
indenture,indenture,s,PubLawNeutral,0
in,in,s,OtherOrphanedOther,0
Fiji,fiji,c,SpecialTopicsPlaceNeutral,0
.,.,s,,0
txt,txt,n,,0
-,-,s,,0
Ward,ward,c,SpecialTopicsPlaceNeutral,0
",",",",s,,0
A,a,c,OtherOrphanedOther,0
.,.,s,OtherOrphanedOther,1
(,(,c,CitationReferenceNeutral,0
2013,2013,c,CitationReferenceNeutral,1
),),c,CitationReferenceNeutral,2
.,.,s,,0
Assuming,assuming,s,ResponsibilityAcceptNeutral,0
the,the,s,ResponsibilityAcceptNeutral,1
burden,burden,s,ResponsibilityAcceptNeutral,2
of,of,s,OtherOrphanedOther,0
memory,memory,c,CharMentalStatesNeutral,0
:,:,s,,0
The,the,s,OtherOrphanedOther,0
translation,translation,s,SpecialTopicsMiscellanyNeutral,0
of,of,s,OtherOrphanedOther,0
Indian,indian,s,PubLawNeutral,0
indenture,indenture,s,PubLawNeutral,1
in,in,s,OtherOrphanedOther,0
Peggy,peggy,s,CharNamesNeutral,0
Mohan’s,mohan’s,s,,0
Jahajin,jahajin,c,,0
.,.,s,,0
txt,txt,n,,0
The,the,s,SpecialTopicsMiscellanyNeutral,0
word,word,s,SpecialTopicsMiscellanyNeutral,1
“,",c,,0
girmit,girmit,c,,0
”,",s,,0
originated,originated,s,DescriptVisualNeutral,0
from,from,s,DescriptVisualNeutral,1
the,the,s,OtherOrphanedOther,0
English,english,s,SpecialTopicsMiscellanyNeutral,0
term,term,s,SpecialTopicsMiscellanyNeutral,0
“,",c,,0
agreement,agreement,c,PosRelAgree,0
.,.,c,,0
”,",s,,0
It,it,s,ConfidenceHighNeutral,0
is,is,s,ConfidenceHighNeutral,1
the,the,s,ConfidenceHighNeutral,2
vernacular,vernacular,s,SpecialTopicsMiscellanyNeutral,0
adaptation,adaptation,s,DescriptChangeNeutral,0
of,of,s,OtherSyntacticComplexityOther,0
the,the,s,OtherSyntacticComplexityOther,1
English,english,s,SpecialTopicsMiscellanyNeutral,0
word,word,s,SpecialTopicsMiscellanyNeutral,0
as,as,s,OtherOrphanedOther,0
used,used,s,NarrActsNeutral,0
by,by,s,OtherOrphanedOther,0
the,the,s,OtherOrphanedOther,0
indentured,indentured,s,PubLawNeutral,0
laborers,laborers,s,CharTypesNeutral,0
themselves,themselves,c,CharNamesNeutral,0
",",",",s,CharNamesNeutral,0
who,who,s,CharNamesNeutral,1
were,were,s,CharNamesNeutral,2
predominantly,predominantly,s,StratCompetitionNeutral,0
from,from,s,OtherOrphanedOther,0
India,india,c,SpecialTopicsPlaceNeutral,0
.,.,s,,0
These,these,s,OtherOrphanedOther,0
laborers,laborers,s,CharTypesNeutral,0
had,had,s,NegActsResist,0
to,to,s,NegActsResist,1
sign,sign,s,OtherOrphanedOther,0
an,an,s,OtherOrphanedOther,0
“,",c,,0
agreement,agreement,c,PosRelAgree,0
”,",s,,0
before,before,s,NarrTimeShiftNeutral,0
being,being,s,NarrTimeShiftNeutral,1
transported,transported,s,NarrSceneShiftNeutral,0
to,to,s,NarrSceneShiftNeutral,1
work,work,s,NarrActsNeutral,0
on,on,s,NarrActsNeutral,1
plantations,plantations,s,DescriptVisualNeutral,0
in,in,s,OtherSyntacticComplexityOther,0
various,various,s,OtherSyntacticComplexityOther,1
colonies,colonies,c,SpecialTopicsMiscellanyNeutral,0
",",",",s,ExpoExampleNeutral,0
such,such,s,ExpoExampleNeutral,1
as,as,s,ExpoExampleNeutral,2
Fiji,fiji,c,SpecialTopicsPlaceNeutral,0
",",",",s,,0
Mauritius,mauritius,c,SpecialTopicsPlaceNeutral,0
",",",",s,,0
Trinidad,trinidad,c,SpecialTopicsPlaceNeutral,0
",",",",s,,0
and,and,s,OtherSyntacticComplexityOther,0
others,others,c,,0
.,.,s,,0
In,in,s,OtherSyntacticComplexityOther,0
their,their,s,OtherSyntacticComplexityOther,1
transliteration,transliteration,s,SpecialTopicsMiscellanyNeutral,0
of,of,s,OtherSyntacticComplexityOther,0
the,the,s,OtherSyntacticComplexityOther,1
term,term,s,SpecialTopicsMiscellanyNeutral,0
into,into,s,DescriptChangeNeutral,0
their,their,s,DescriptChangeNeutral,1
native,native,s,SpecialTopicsMiscellanyNeutral,0
languages,languages,s,SpecialTopicsMiscellanyNeutral,1
—,—,s,,0
which,which,s,OtherSyntacticComplexityOther,0
included,included,s,NarrActsNeutral,0
Bhojpuri,bhojpuri,s,,0
and,and,s,OtherSyntacticComplexityOther,0
other,other,s,,0
Indian,indian,s,CharTypesNeutral,0
dialects,dialects,s,SpecialTopicsMiscellanyNeutral,0
—,—,s,,0
the,the,s,SpecialTopicsMiscellanyNeutral,0
word,word,s,SpecialTopicsMiscellanyNeutral,1
“,",c,,0
agreement,agreement,c,PosRelAgree,0
”,",s,,0
became,became,s,DescriptChangeNeutral,0
“,",c,,0
girmit,girmit,c,,0
.,.,c,,0
”,",n,,0
The,the,s,OtherOrphanedOther,0
individuals,individuals,s,CharTypesNeutral,0
who,who,s,OtherOrphanedOther,0
signed,signed,s,OtherOrphanedOther,0
these,these,s,OtherOrphanedOther,0
agreements,agreements,s,PosRelAgree,0
were,were,s,NarrOtherNeutral,0
referred,referred,s,NarrActsNeutral,0
to,to,s,NarrActsNeutral,1
as,as,s,NarrActsNeutral,2
“,",c,,0
girmitiyas,girmitiyas,c,,0
.,.,c,,0
”,",s,,0
This,this,s,OtherOrphanedOther,0
demotic,demotic,s,SpecialTopicsMiscellanyNeutral,0
form,form,s,OtherOrphanedOther,0
effectively,effectively,s,PosValuesEffective,0
symbolized,symbolized,s,PubCommunicationNeutral,0
their,their,s,CharTypesNeutral,0
identity,identity,s,CharTypesNeutral,1
as,as,s,OtherOrphanedOther,0
people,people,s,CharTypesNeutral,0
bound,bound,s,DescriptVisualNeutral,0
by,by,s,DescriptVisualNeutral,1
the,the,s,OtherOrphanedOther,0
indenture,indenture,s,PubLawNeutral,0
contract,contract,c,NarrActsNeutral,0
.,.,s,,0
“,",c,,0
Girmit,girmit,c,,0
",",",",c,,0
”,",s,,0
therefore,therefore,c,ReasoningConcludeNeutral,0
",",",",s,,0
wasn't,wasn't,s,NegActsResist,0
just,just,s,ForcefulEmphaticNeutral,0
a,a,s,ForcefulEmphaticNeutral,1
word,word,s,SpecialTopicsMiscellanyNeutral,0
for,for,s,OtherOrphanedOther,0
the,the,s,OtherOrphanedOther,0
legal,legal,s,PubLawNeutral,0
contract,contract,s,PubLawNeutral,1
but,but,s,MetadiscourseContrastNeutral,0
became,became,s,DescriptChangeNeutral,0
a,a,s,DescriptChangeNeutral,1
broader,broader,s,ExpoComparisonNeutral,0
term,term,s,SpecialTopicsMiscellanyNeutral,0
embodying,embodying,s,InquiryCuriosityNeutral,0
the,the,s,NarrImmediacyNeutral,0
lived,lived,s,NarrImmediacyNeutral,1
experience,experience,s,NarrActsNeutral,0
of,of,s,OtherSyntacticComplexityOther,0
the,the,s,OtherSyntacticComplexityOther,1
indentured,indentured,s,PubLawNeutral,0
laborers,laborers,c,CharTypesNeutral,0
",",",",s,,0
encapsulating,encapsulating,s,OtherOrphanedOther,0
both,both,s,MetadiscourseOtherNeutral,0
the,the,s,MetadiscourseOtherNeutral,1
physical,physical,s,PosRelAgree,0
agreement,agreement,s,PosRelAgree,1
and,and,s,OtherSyntacticComplexityOther,0
the,the,s,OtherSyntacticComplexityOther,1
harsh,harsh,s,NegEmotionsRealityHard,0
realities,realities,s,NegEmotionsRealityHard,1
and,and,s,OtherSyntacticComplexityOther,0
conditions,conditions,s,ContingentEventNeutral,0
they,they,s,NegValuesOther,0
faced,faced,s,NegValuesOther,1
under,under,s,DescriptVisualNeutral,0
the,the,s,DescriptVisualNeutral,1
system,system,c,SpecialTopicsMiscellanyNeutral,0
.,.,n,,0
Moreover,moreover,c,MetadiscourseAdditionNeutral,0
",",",",s,MetadiscourseAdditionNeutral,1
the,the,s,OtherOrphanedOther,0
concept,concept,s,SpecialTopicsMiscellanyNeutral,0
of,of,s,OtherOrphanedOther,0
“,",c,,0
girmit,girmit,c,,0
”,",s,,0
and,and,s,OtherSyntacticComplexityOther,0
“,",c,,0
girmitiya,girmitiya,c,,0
”,",s,,0
also,also,s,MetadiscourseAdditionNeutral,0
served,served,s,OtherOrphanedOther,0
to,to,s,OtherOrphanedOther,1
establish,establish,s,PubAdministrationNeutral,0
a,a,s,PubAdministrationNeutral,1
cultural,cultural,s,SpecialTopicsMiscellanyNeutral,0
and,and,s,OtherSyntacticComplexityOther,0
identity-driven,identity-driven,s,CharTraitsNeutral,0
connection,connection,s,SpecialTopicsMiscellanyNeutral,0
among,among,s,OtherSyntacticComplexityOther,0
the,the,s,OtherSyntacticComplexityOther,1
laborers,laborers,c,CharTypesNeutral,0
",",",",s,,0
facilitating,facilitating,s,FacilitateOtherNeutral,0
group,group,s,CharMentalStatesNeutral,0
consciousness,consciousness,s,CharMentalStatesNeutral,1
and,and,s,OtherSyntacticComplexityOther,0
solidarity,solidarity,s,PosRelSolidarity,0
in,in,s,NarrDurationNeutral,0
the,the,s,NarrDurationNeutral,1
context,context,s,NarrDurationNeutral,2
of,of,s,NarrDurationNeutral,3
shared,shared,s,OtherOrphanedOther,0
struggle,struggle,s,,0
and,and,s,OtherSyntacticComplexityOther,0
resistance,resistance,s,NegActsResist,0
against,against,s,NegActsResist,0
the,the,s,NegActsResist,1
colonial,colonial,s,SpecialTopicsMiscellanyNeutral,0
plantation,plantation,s,SpecialTopicsMiscellanyNeutral,0
system,system,c,SpecialTopicsMiscellanyNeutral,1
.,.,s,,0
It,it,s,,0
symbolized,symbolized,s,PubCommunicationNeutral,0
their,their,s,CharNamesNeutral,0
collective,collective,s,StratCoordinationNeutral,0
identity,identity,s,SpecialTopicsMiscellanyNeutral,0
and,and,s,OtherSyntacticComplexityOther,0
resistance,resistance,c,NegActsResist,0
",",",",s,,0
as,as,s,MetadiscourseOtherNeutral,0
noted,noted,s,MetadiscourseOtherNeutral,1
in,in,s,OtherOrphanedOther,0
the,the,s,NarrTimeShiftNeutral,0
historical,historical,s,NarrTimeShiftNeutral,1
accounts,accounts,s,SpecialTopicsMiscellanyNeutral,0
provided,provided,s,FacilitateSponsorNeutral,0
within,within,s,OtherOrphanedOther,0
the,the,s,OtherOrphanedOther,0
context,context,c,ContingentEventNeutral,0
.,.,s,,0
The,the,s,OtherOrphanedOther,0
Mahatma,mahatma,s,SpecialTopicsMiscellanyNeutral,0
Gandhi,gandhi,s,CharNamesNeutral,0
and,and,s,OtherSyntacticComplexityOther,0
other,other,s,,0
prominent,prominent,s,CharTypesNeutral,0
figures,figures,s,CharTypesNeutral,1
used,used,s,NarrActsNeutral,0
these,these,s,OtherOrphanedOther,0
terms,terms,s,SpecialTopicsMiscellanyNeutral,0
to,to,s,ForcefulEmphaticNeutral,0
highlight,highlight,s,ForcefulEmphaticNeutral,1
the,the,s,OtherOrphanedOther,0
plight,plight,s,NegEmotionsOther,0
of,of,s,NegEmotionsOther,1
indentured,indentured,s,PubLawNeutral,0
laborers,laborers,s,CharTypesNeutral,0
in,in,s,ContingentRelationshipNeutral,0
various,various,s,ContingentRelationshipNeutral,1
parts,parts,s,ContingentRelationshipNeutral,2
of,of,s,OtherSyntacticComplexityOther,0
the,the,s,OtherSyntacticComplexityOther,1
British,british,s,SpecialTopicsMiscellanyNeutral,0
Empire,empire,c,SpecialTopicsMiscellanyNeutral,1
.,.,s,,0
Thus,thus,c,ReasoningConcludeNeutral,0
",",",",s,,0
the,the,s,SpecialTopicsMiscellanyNeutral,0
word,word,s,SpecialTopicsMiscellanyNeutral,1
“,",c,,0
girmit,girmit,c,,0
”,",s,,0
became,became,s,DescriptChangeNeutral,0
a,a,s,DescriptChangeNeutral,1
symbol,symbol,s,SpecialTopicsMiscellanyNeutral,0
of,of,s,OtherSyntacticComplexityOther,0
the,the,s,OtherSyntacticComplexityOther,1
oppressive,oppressive,s,ContingentPossibilityNeg,0
conditions,conditions,s,ContingentPossibilityNeg,1
under,under,s,DescriptVisualNeutral,0
the,the,s,DescriptVisualNeutral,1
indenture,indenture,s,SpecialTopicsMiscellanyNeutral,0
system,system,s,SpecialTopicsMiscellanyNeutral,1
and,and,s,OtherSyntacticComplexityOther,0
a,a,s,OtherSyntacticComplexityOther,1
term,term,s,SpecialTopicsMiscellanyNeutral,0
around,around,s,DescriptVisualNeutral,0
which,which,s,DescriptVisualNeutral,1
laborers,laborers,s,CharTypesNeutral,0
and,and,s,NarrSequenceNeutral,0
later,later,s,NarrSequenceNeutral,1
generations,generations,s,SpecialTopicsMiscellanyNeutral,0
rallied,rallied,s,StratActsNeutral,0
to,to,s,StratActsNeutral,1
remember,remember,s,CharMentalStatesNeutral,0
and,and,s,OtherSyntacticComplexityOther,0
resist,resist,s,NegActsResist,0
the,the,s,OtherOrphanedOther,0
injustices,injustices,s,NegValuesInjustice,0
they,they,s,NegValuesOther,0
faced,faced,c,NegValuesOther,1
.,.,n,,0
Sources,sources,s,SpecialTopicsMiscellanyNeutral,0
used,used,c,NarrActsNeutral,0
:,:,n,,0
-,-,s,,0
Harvard,harvard,s,PubLawNeutral,0
Law,law,s,PubLawNeutral,1
Review,review,s,InquiryExplorationNeutral,0
Association,association,c,,0
.,.,s,,0
(,(,c,OtherOrphanedOther,0
2021,2021,c,NarrDurationNeutral,0
),),c,OtherOrphanedOther,0
.,.,s,,0
The,the,s,OtherOrphanedOther,0
agreement,agreement,s,PosRelAgree,0
and,and,s,OtherSyntacticComplexityOther,0
the,the,s,OtherSyntacticComplexityOther,1
girmitiya,girmitiya,c,,0
.,.,s,,0
txt,txt,n,,0
-,-,s,,0
Hassankhan,hassankhan,c,,0
",",",",s,,0
M,m,c,OtherOrphanedOther,0
.,.,s,OtherOrphanedOther,1
S,s,c,OtherOrphanedOther,0
.,.,c,OtherOrphanedOther,1
",",",",s,,0
Roopnarine,roopnarine,c,,0
",",",",s,,0
L,l,c,OtherOrphanedOther,0
.,.,c,OtherOrphanedOther,1
",",",",s,,0
&,&,s,,0
Mahase,mahase,c,,0
",",",",s,,0
R,r,c,OtherOrphanedOther,0
.,.,s,OtherOrphanedOther,1
(,(,c,OtherOrphanedOther,0
2016,2016,c,CitationReferenceNeutral,0
),),c,CitationReferenceNeutral,1
.,.,s,,0
Social,social,s,,0
and,and,s,OtherSyntacticComplexityOther,0
cultural,cultural,s,SpecialTopicsMiscellanyNeutral,0
dimensions,dimensions,s,SpecialTopicsMiscellanyNeutral,0
of,of,s,OtherOrphanedOther,0
Indian,indian,s,PubLawNeutral,0
indentured,indentured,s,PubLawNeutral,1
labour,labour,s,,0
and,and,s,OtherSyntacticComplexityOther,0
its,its,s,OtherOrphanedOther,0
diaspora,diaspora,c,SpecialTopicsMiscellanyNeutral,0
.,.,s,,0
txt,txt,n,,0
-,-,s,,0
Hegde,hegde,c,,0
",",",",s,,0
R,r,c,OtherOrphanedOther,0
.,.,s,OtherOrphanedOther,1
S,s,c,OtherOrphanedOther,0
.,.,c,OtherOrphanedOther,1
",",",",s,,0
&,&,s,,0
Sahoo,sahoo,c,,0
",",",",s,,0
A,a,c,OtherOrphanedOther,0
.,.,s,OtherOrphanedOther,1
K,k,c,OtherOrphanedOther,0
.,.,s,OtherOrphanedOther,1
(,(,c,OtherOrphanedOther,0
Eds,eds,c,SpecialTopicsMiscellanyNeutral,0
.,.,c,,0
),),c,OtherOrphanedOther,0
.,.,s,,0
(,(,c,OtherOrphanedOther,0
2018,2018,c,CitationReferenceNeutral,0
),),c,CitationReferenceNeutral,1
.,.,s,,0
Routledge,routledge,s,CharNamesNeutral,0
handbook,handbook,s,PubAdministrationNeutral,0
of,of,s,PubAdministrationNeutral,1
the,the,s,CharTypesNeutral,0
Indian,indian,s,CharTypesNeutral,1
diaspora,diaspora,c,SpecialTopicsMiscellanyNeutral,0
.,.,s,,0
txt,txt,n,,0
-,-,s,,0
Kumar,kumar,c,CharNamesNeutral,0
",",",",s,,0
A,a,c,OtherOrphanedOther,0
.,.,c,OtherOrphanedOther,1
",",",",s,,0
&,&,s,,0
Bates,bates,c,DescriptMotionNeutral,0
",",",",s,,0
C,c,c,OtherOrphanedOther,0
.,.,s,OtherOrphanedOther,1
(,(,c,OtherOrphanedOther,0
Eds,eds,c,SpecialTopicsMiscellanyNeutral,0
.,.,c,,0
),),c,OtherOrphanedOther,0
.,.,s,,0
(,(,c,OtherOrphanedOther,0
2024,2024,c,NarrDurationNeutral,0
),),c,OtherOrphanedOther,0
.,.,s,,0
Girmitiyas,girmitiyas,s,,0
and,and,s,OtherSyntacticComplexityOther,0
the,the,s,OtherSyntacticComplexityOther,1
Global,global,s,SpecialTopicsMiscellanyNeutral,0
Indian,indian,s,CharTypesNeutral,0
Diaspora,diaspora,c,SpecialTopicsMiscellanyNeutral,0
:,:,s,,0
Origins,origins,c,NarrSequenceNeutral,0
",",",",s,,0
Memories,memories,c,CharMentalStatesNeutral,0
",",",",s,,0
and,and,s,OtherSyntacticComplexityOther,0
Identity,identity,c,SpecialTopicsMiscellanyNeutral,0
.,.,s,,0
txt,txt,n,,0
-,-,s,,0
Kumar,kumar,c,CharNamesNeutral,0
",",",",s,,0
V,v,c,OtherOrphanedOther,0
.,.,s,OtherOrphanedOther,1
(,(,c,CitationReferenceNeutral,0
1979,1979,c,CitationReferenceNeutral,1
),),c,CitationReferenceNeutral,2
.,.,s,,0
Girmit,girmit,s,,0
—,—,s,,0
The,the,s,OtherOrphanedOther,0
indenture,indenture,s,PubLawNeutral,0
experience,experience,s,StratOtherPos,0
in,in,s,StratOtherPos,1
Fiji,fiji,c,SpecialTopicsPlaceNeutral,0
.,.,s,,0
txt,txt,n,,0
-,-,s,,0
V,v,s,OtherOrphanedOther,0
Lal,lal,c,CharNamesNeutral,0
",",",",s,,0
B,b,c,OtherOrphanedOther,0
.,.,s,OtherOrphanedOther,1
(,(,c,CitationReferenceNeutral,0
2012,2012,c,CitationReferenceNeutral,1
),),c,CitationReferenceNeutral,2
.,.,s,,0
Chalo,chalo,s,,0
Jahaji,jahaji,c,,0
:,:,s,,0
On,on,s,NarrDurationNeutral,0
a,a,s,NarrDurationNeutral,1
journey,journey,s,NarrDurationNeutral,2
through,through,s,OtherOrphanedOther,0
indenture,indenture,s,PubLawNeutral,0
in,in,s,OtherOrphanedOther,0
Fiji,fiji,c,SpecialTopicsPlaceNeutral,0
.,.,s,,0
txt,txt,n,,0
“,",c,,0
The,the,s,OtherOrphanedOther,0
resistance,resistance,s,NegActsResist,0
by,by,s,OtherOrphanedOther,0
indentured,indentured,s,PubLawNeutral,0
laborers,laborers,s,CharTypesNeutral,0
in,in,s,OtherOrphanedOther,0
Suriname,suriname,s,SpecialTopicsPlaceNeutral,0
was,was,s,ForcefulEmphaticNeutral,0
marked,marked,s,ForcefulEmphaticNeutral,1
by,by,s,ForcefulEmphaticNeutral,2
significant,significant,s,StratActsNeg,0
unrest,unrest,s,StratActsNeg,1
and,and,s,OtherSyntacticComplexityOther,0
confrontation,confrontation,c,NegRelConfront,0
",",",",s,,0
rooted,rooted,s,DescriptVisualNeutral,0
in,in,s,DescriptVisualNeutral,1
the,the,s,DescriptVisualNeutral,2
exploitation,exploitation,s,NegActsAggressive,0
and,and,s,OtherSyntacticComplexityOther,0
harsh,harsh,s,ContingentPossibilityNeg,0
conditions,conditions,s,ContingentPossibilityNeg,1
they,they,s,NegValuesOther,0
faced,faced,c,NegValuesOther,1
.,.,s,,0
This,this,s,OtherOrphanedOther,0
turbulence,turbulence,s,DescriptMotionNeg,0
was,was,s,NarrOtherNeutral,0
compounded,compounded,s,OtherOrphanedOther,0
by,by,s,OtherOrphanedOther,0
the,the,s,OtherOrphanedOther,0
broader,broader,s,ExpoComparisonNeutral,0
power,power,s,SpecialTopicsMiscellanyNeutral,0
dynamics,dynamics,s,ForcefulEnergizedNeutral,0
and,and,s,OtherSyntacticComplexityOther,0
economic,economic,s,ContingentEventNeutral,0
conditions,conditions,s,ContingentEventNeutral,1
that,that,s,OtherOrphanedOther,0
characterized,characterized,s,ExpoSpecificationNeutral,0
the,the,s,ExpoSpecificationNeutral,1
late,late,s,ExpoOtherNeutral,0
19th,19th,s,ExpoOtherNeutral,1
and,and,s,OtherSyntacticComplexityOther,0
early,early,s,NarrSequenceNeutral,0
20th,20th,s,,0
centuries,centuries,c,NarrDurationNeutral,0
.,.,n,,0
#,#,s,,0
#,#,s,,0
#,#,c,,0
,,c,,0
#,#,s,,0
#,#,s,,0
#,#,s,,0
Origins,origins,s,NarrSequenceNeutral,0
of,of,s,NarrSequenceNeutral,1
Resistance,resistance,n,NegActsResist,0
The,the,s,OtherOrphanedOther,0
transition,transition,s,DescriptChangeNeutral,0
from,from,s,DescriptChangeNeutral,1
slave,slave,s,NegValuesOther,0
labor,labor,s,NegValuesOther,1
to,to,s,OtherOrphanedOther,0
indentured,indentured,s,PubLawNeutral,0
labor,labor,s,SpecialTopicsMiscellanyNeutral,0
after,after,s,NarrSequenceNeutral,0
the,the,s,NarrSequenceNeutral,1
abolition,abolition,s,NegActsResist,0
of,of,s,OtherOrphanedOther,0
slavery,slavery,s,NegRelServility,0
created,created,s,DescriptChangeNeutral,0
a,a,s,DescriptChangeNeutral,1
system,system,s,SpecialTopicsMiscellanyNeutral,0
still,still,s,OtherOrphanedOther,0
rife,rife,s,NegActsHighFrequency,0
with,with,s,NegActsHighFrequency,1
exploitation,exploitation,c,NegActsAggressive,0
.,.,s,MetadiscourseContrastNeutral,0
Although,although,s,MetadiscourseContrastNeutral,1
the,the,s,OtherOrphanedOther,0
system,system,s,SpecialTopicsMiscellanyNeutral,0
was,was,s,NarrOtherNeutral,0
legally,legally,s,PubLawNeutral,0
distinct,distinct,s,ExpoComparisonNeutral,0
from,from,s,ExpoComparisonNeutral,1
slavery,slavery,c,NegRelServility,0
",",",",s,,0
with,with,s,OtherOrphanedOther,0
contracts,contracts,s,NarrActsNeutral,0
specifying,specifying,s,ExpoSpecificationNeutral,0
wages,wages,s,SpecialTopicsMiscellanyNeutral,0
and,and,s,OtherSyntacticComplexityOther,0
conditions,conditions,c,ContingentEventNeutral,0
",",",",s,,0
indentured,indentured,s,PubLawNeutral,0
laborers,laborers,s,CharTypesNeutral,0
often,often,s,NarrDurationNeutral,0
encountered,encountered,s,ContingentEventNeg,0
severe,severe,s,NegActsResist,0
restrictions,restrictions,s,NegActsResist,1
and,and,s,OtherSyntacticComplexityOther,0
abuses,abuses,c,NegActsAggressive,0
.,.,s,,0
This,this,s,OtherOrphanedOther,0
fueled,fueled,s,ForcefulEnergizedNeutral,0
discontent,discontent,s,NegEmotionsDiscontent,0
and,and,s,ReasoningOtherNeutral,0
led,led,s,ReasoningOtherNeutral,1
to,to,s,ReasoningOtherNeutral,2
various,various,s,SpecialTopicsMiscellanyNeutral,0
forms,forms,s,SpecialTopicsMiscellanyNeutral,0
of,of,s,SpecialTopicsMiscellanyNeutral,1
resistance,resistance,c,NegActsResist,0
.,.,n,,0
#,#,s,,0
#,#,s,,0
#,#,c,,0
,,c,,0
#,#,s,,0
#,#,s,,0
#,#,s,,0
Key,key,s,ContingentEventNeg,0
Incidents,incidents,s,ContingentEventNeg,1
of,of,s,OtherOrphanedOther,0
Resistance,resistance,n,NegActsResist,0
1,1,c,ExpoOtherNeutral,0
.,.,s,ExpoOtherNeutral,1
*,*,s,,0
*,*,s,,0
Refusal,refusal,s,NegActsResist,0
to,to,s,NegActsResist,1
Work,work,s,OtherOrphanedOther,0
and,and,s,OtherSyntacticComplexityOther,0
Arson,arson,s,NegActsOther,0
*,*,s,,0
*,*,c,,0
:,:,n,,0
Frictions,frictions,s,NegActsResist,0
were,were,s,ExpoOtherNeutral,0
common,common,c,ExpoOtherNeutral,1
",",",",s,,0
as,as,s,ReasoningEvidenceNeutral,0
evidenced,evidenced,s,ReasoningEvidenceNeutral,1
by,by,s,ReasoningEvidenceNeutral,2
the,the,s,NarrDurationNeutral,0
frequent,frequent,s,NarrDurationNeutral,1
refusal,refusal,s,NarrDurationNeutral,2
to,to,s,OtherOrphanedOther,0
work,work,s,OtherOrphanedOther,0
and,and,s,OtherSyntacticComplexityOther,0
instances,instances,s,ExpoExampleNeutral,0
of,of,s,ExpoExampleNeutral,1
arson,arson,c,NegActsOther,0
.,.,s,,0
Laborers,laborers,c,CharTypesNeutral,0
",",",",s,,0
frustrated,frustrated,s,NegEmotionsFrustration,0
by,by,s,NegEmotionsFrustration,1
heavy,heavy,s,DescriptVisualNeutral,0
workloads,workloads,s,SpecialTopicsMiscellanyNeutral,0
and,and,s,OtherSyntacticComplexityOther,0
low,low,s,NegValuesOther,0
wages,wages,c,NegValuesOther,1
",",",",s,,0
often,often,s,NarrDurationNeutral,0
revolted,revolted,s,StratActsNeg,0
against,against,s,StratActsNeg,1
plantation,plantation,s,SpecialTopicsMiscellanyNeutral,0
management,management,c,SpecialTopicsMiscellanyNeutral,1
.,.,s,,0
The,the,s,OtherOrphanedOther,0
Colonial,colonial,s,SpecialTopicsMiscellanyNeutral,0
Report,report,s,NarrActsNeutral,0
of,of,s,NarrActsNeutral,1
1875,1875,s,NarrOtherNeutral,0
noted,noted,s,CitationOtherNeutral,0
a,a,s,CitationOtherNeutral,1
“,",c,,0
”spirit,”spirit,s,,0
of,of,s,OtherOrphanedOther,0
"disorder,“","disorder,“",c,,0
”,",s,,0
indicating,indicating,s,NarrActsNeutral,0
ongoing,ongoing,s,StratActsNeg,0
unrest,unrest,s,StratActsNeg,1
among,among,s,OtherOrphanedOther,0
laborers,laborers,c,CharTypesNeutral,0
.,.,n,,0
2,2,c,ExpoOtherNeutral,0
.,.,s,ExpoOtherNeutral,1
*,*,s,,0
*,*,s,,0
The,the,s,OtherOrphanedOther,0
1884,1884,s,NarrOtherNeutral,0
Plantations,plantations,s,DescriptVisualNeutral,0
Revolt,revolt,s,StratActsNeg,0
*,*,s,,0
*,*,c,,0
:,:,n,,0
A,a,s,ExpoExampleNeutral,0
notable,notable,s,ExpoExampleNeutral,1
instance,instance,s,ExpoExampleNeutral,2
of,of,s,ExpoExampleNeutral,3
resistance,resistance,s,NegActsResist,0
occurred,occurred,s,ContingentEventNeutral,0
in,in,s,ContingentEventNeutral,1
1884,1884,s,NarrOtherNeutral,0
at,at,s,DescriptVisualNeutral,0
the,the,s,DescriptVisualNeutral,1
plantations,plantations,s,DescriptVisualNeutral,0
Zoelen,zoelen,s,,0
and,and,s,OtherSyntacticComplexityOther,0
Zorg,zorg,s,,0
en,en,s,DescriptVisualNeutral,0
Hoop,hoop,c,DescriptObjectsNeutral,0
.,.,s,,0
Reduced,reduced,s,DescriptChangeNeutral,0
wages,wages,s,DescriptChangeNeutral,1
and,and,s,OtherSyntacticComplexityOther,0
increased,increased,s,DescriptChangeNeutral,0
work,work,s,NegEmotionsPressure,0
pressures,pressures,s,NegEmotionsPressure,1
during,during,s,NarrDurationNeutral,0
a,a,s,NarrDurationNeutral,1
sugar,sugar,s,NegActsCrisis,0
crisis,crisis,s,NegActsCrisis,1
led,led,s,ReasoningOtherNeutral,0
to,to,s,ReasoningOtherNeutral,1
the,the,s,ReasoningOtherNeutral,2
escalation,escalation,s,DescriptChangeNeutral,0
of,of,s,DescriptChangeNeutral,1
tensions,tensions,c,NegEmotionsNervousTense,0
.,.,s,,0
At,at,s,OtherOrphanedOther,0
Zoelen,zoelen,c,,0
",",",",s,,0
the,the,s,OtherOrphanedOther,0
district,district,s,CharTypesNeutral,0
commissioner,commissioner,s,CharTypesNeutral,1
sided,sided,s,OtherOrphanedOther,0
with,with,s,OtherOrphanedOther,0
plantation,plantation,s,DescriptVisualNeutral,0
directors,directors,c,CharTypesNeutral,0
",",",",s,OtherOrphanedOther,0
which,which,s,OtherOrphanedOther,1
incited,incited,s,StratActsNeg,0
an,an,s,StratActsNeg,1
attack,attack,s,StratActsNeg,2
on,on,s,OtherOrphanedOther,0
him,him,s,CharNamesNeutral,0
by,by,s,OtherOrphanedOther,0
the,the,s,OtherOrphanedOther,0
workers,workers,c,CharTypesNeutral,0
.,.,s,,0
At,at,s,OtherOrphanedOther,0
Zorg,zorg,s,,0
en,en,s,DescriptVisualNeutral,0
Hoop,hoop,c,DescriptObjectsNeutral,0
",",",",s,,0
laborers,laborers,s,CharTypesNeutral,0
resisted,resisted,s,NegActsResist,0
demands,demands,s,PosRelOther,0
for,for,s,PosRelOther,1
more,more,s,ExpoComparisonNeutral,0
productivity,productivity,c,PosValuesOther,0
",",",",s,,0
leading,leading,s,ReasoningOtherNeutral,0
to,to,s,ReasoningOtherNeutral,1
an,an,s,ReasoningOtherNeutral,2
uprising,uprising,s,StratActsNeg,0
when,when,s,OtherOrphanedOther,0
a,a,s,OtherOrphanedOther,0
supervisor,supervisor,s,CharTypesNeutral,0
was,was,s,NarrOtherNeutral,0
attacked,attacked,s,NegActsAggressive,0
and,and,s,OtherSyntacticComplexityOther,0
military,military,s,CharTypesNeutral,0
intervention,intervention,s,NegActsAggressive,0
resulted,resulted,s,ReasoningOtherNeutral,0
in,in,s,ReasoningOtherNeutral,1
the,the,s,ReasoningOtherNeutral,2
shooting,shooting,s,DescriptMotionNeutral,0
of,of,s,DescriptMotionNeutral,1
seven,seven,s,ExpoOtherNeutral,0
Hindustani,hindustani,s,,0
laborers,laborers,s,CharTypesNeutral,0
after,after,s,NarrSequenceNeutral,0
workers,workers,s,CharTypesNeutral,0
retaliated,retaliated,s,NegActsAggressive,0
with,with,s,OtherOrphanedOther,0
stone-throwing,stone-throwing,s,NegActsAggressive,0
when,when,s,OtherOrphanedOther,0
faced,faced,s,NegRelFace,0
with,with,s,NegRelFace,1
demands,demands,s,PosRelOther,0
for,for,s,PosRelOther,1
the,the,s,OtherOrphanedOther,0
surrender,surrender,s,NegRelBackDown,0
of,of,s,OtherSyntacticComplexityOther,0
their,their,s,OtherSyntacticComplexityOther,1
leaders,leaders,c,CharTypesNeutral,0
.,.,n,,0
3,3,c,ExpoOtherNeutral,0
.,.,s,ExpoOtherNeutral,1
*,*,s,,0
*,*,s,,0
Executions,executions,s,NegActsAggressive,0
and,and,s,OtherSyntacticComplexityOther,0
Murder,murder,s,NegActsAggressive,0
of,of,s,OtherOrphanedOther,0
Directors,directors,s,CharTypesNeutral,0
*,*,s,,0
*,*,c,,0
:,:,n,,0
In,in,s,NarrTimeShiftNeutral,0
1891,1891,c,NarrTimeShiftNeutral,1
",",",",s,,0
tensions,tensions,s,NegEmotionsNervousTense,0
peaked,peaked,s,NegValuesFlimsy,0
when,when,s,OtherOrphanedOther,0
Hindustani,hindustani,s,,0
workers,workers,s,CharTypesNeutral,0
murdered,murdered,s,NegActsAggressive,0
directors,directors,s,CharTypesNeutral,0
on,on,s,OtherOrphanedOther,0
two,two,s,ExpoOtherNeutral,0
plantations,plantations,c,DescriptVisualNeutral,0
.,.,s,,0
This,this,s,NegActsViolence,0
violent,violent,s,NegActsViolence,1
resistance,resistance,s,NegActsResist,0
highlighted,highlighted,s,NarrOtherNeutral,0
the,the,s,NarrOtherNeutral,1
extreme,extreme,s,NegEmotionsDissatified,0
dissatisfaction,dissatisfaction,s,NegEmotionsDissatified,1
and,and,s,OtherSyntacticComplexityOther,0
desperation,desperation,s,NegEmotionsDesperate,0
of,of,s,OtherSyntacticComplexityOther,0
the,the,s,OtherSyntacticComplexityOther,1
laborers,laborers,c,CharTypesNeutral,0
",",",",s,,0
and,and,s,OtherSyntacticComplexityOther,0
the,the,s,OtherSyntacticComplexityOther,1
sense,sense,s,SpecialTopicsMiscellanyNeutral,0
of,of,s,SpecialTopicsMiscellanyNeutral,1
injustice,injustice,s,NegValuesInjustice,0
they,they,s,OtherOrphanedOther,0
felt,felt,s,CharSubjectivityNeutral,0
under,under,s,DescriptVisualNeutral,0
the,the,s,DescriptVisualNeutral,1
oppressive,oppressive,s,NegActsAggressive,0
labor,labor,s,ContingentEventNeutral,0
conditions,conditions,c,ContingentEventNeutral,1
.,.,n,,0
#,#,s,,0
#,#,s,,0
#,#,c,,0
,,c,,0
#,#,s,,0
#,#,s,,0
#,#,s,,0
Factors,factors,s,SpecialTopicsMiscellanyNeutral,0
Contributing,contributing,s,DescriptChangePos,0
to,to,s,DescriptChangePos,1
Resistance,resistance,n,NegActsResist,0
Several,several,s,ContingentRelationshipNeutral,0
factors,factors,s,ContingentRelationshipNeutral,1
contributed,contributed,s,DescriptChangePos,0
to,to,s,DescriptChangePos,1
the,the,s,OtherOrphanedOther,0
resistance,resistance,s,NegActsResist,0
movement,movement,s,NegActsResist,1
among,among,s,OtherOrphanedOther,0
indentured,indentured,s,PubLawNeutral,0
laborers,laborers,c,CharTypesNeutral,0
:,:,n,,0
-,-,s,,0
*,*,s,,0
*,*,s,,0
Contract,contract,s,NegActsViolate,0
Violations,violations,s,NegActsViolate,1
*,*,s,,0
*,*,c,,0
:,:,s,,0
Although,although,s,MetadiscourseContrastNeutral,0
they,they,s,OtherOrphanedOther,0
were,were,s,FutureOtherPos,0
promised,promised,s,FutureOtherPos,1
wages,wages,s,FutureOtherPos,2
and,and,s,OtherSyntacticComplexityOther,0
rights,rights,c,PubLawNeutral,0
",",",",s,,0
the,the,s,ConfidenceHighNeutral,0
reality,reality,s,ConfidenceHighNeutral,1
often,often,s,NarrDurationNeutral,0
involved,involved,s,NarrActsNeutral,0
breaches,breaches,s,NegActsAggressive,0
of,of,s,NegActsAggressive,1
contract,contract,c,NegActsAggressive,2
",",",",s,,0
with,with,s,OtherOrphanedOther,0
deplorable,deplorable,s,NegActsCriticize,0
living,living,s,NegActsCriticize,1
conditions,conditions,c,ContingentEventNeutral,0
",",",",s,,0
insufficient,insufficient,s,NegValuesInsufficient,0
pay,pay,c,NegValuesInsufficient,1
",",",",s,,0
and,and,s,OtherSyntacticComplexityOther,0
intense,intense,s,CharTraitsNeutral,0
work,work,s,InterCommandNeutral,0
demands,demands,c,InterCommandNeutral,1
.,.,n,,0
-,-,s,,0
*,*,s,,0
*,*,s,,0
Cultural,cultural,s,SpecialTopicsMiscellanyNeutral,0
and,and,s,OtherSyntacticComplexityOther,0
Ethnic,ethnic,s,NegRelDisharmony,0
Tensions,tensions,s,NegRelDisharmony,1
*,*,s,,0
*,*,c,,0
:,:,s,,0
The,the,s,OtherOrphanedOther,0
skewed,skewed,s,NegValuesOther,0
sex,sex,s,SpecialTopicsMiscellanyNeutral,0
ratio,ratio,s,SpecialTopicsMiscellanyNeutral,1
(,(,c,OtherOrphanedOther,0
with,with,s,OtherOrphanedOther,0
significantly,significantly,s,ForcefulIntenseNeutral,0
more,more,s,ExpoComparisonNeutral,0
men,men,s,CharTypesNeutral,0
than,than,s,ExpoComparisonNeutral,0
women,women,c,CharTypesNeutral,0
),),s,OtherOrphanedOther,0
and,and,s,OtherSyntacticComplexityOther,0
cultural,cultural,s,SpecialTopicsMiscellanyNeutral,0
dislocation,dislocation,s,NegActsInjure,0
contributed,contributed,s,DescriptChangePos,0
to,to,s,DescriptChangePos,1
social,social,s,NegRelDisharmony,0
tensions,tensions,c,NegRelDisharmony,1
",",",",s,,0
exacerbating,exacerbating,s,DescriptChangeNeg,0
the,the,s,DescriptChangeNeg,1
stress,stress,s,DescriptChangeNeg,2
and,and,s,OtherSyntacticComplexityOther,0
friction,friction,s,NegActsResist,0
within,within,s,OtherOrphanedOther,0
the,the,s,OtherOrphanedOther,0
labor,labor,s,SpecialTopicsMiscellanyNeutral,0
communities,communities,c,SpecialTopicsMiscellanyNeutral,0
.,.,n,,0
-,-,s,,0
*,*,s,,0
*,*,s,,0
Economic,economic,s,NegEmotionsPressure,0
Pressures,pressures,s,NegEmotionsPressure,1
and,and,s,OtherSyntacticComplexityOther,0
Exploitation,exploitation,s,NegActsAggressive,0
*,*,s,,0
*,*,c,,0
:,:,s,,0
Economic,economic,s,NegActsCrisis,0
crises,crises,c,NegActsCrisis,1
",",",",s,ExpoExampleNeutral,0
such,such,s,ExpoExampleNeutral,1
as,as,s,ExpoExampleNeutral,2
the,the,s,DescriptObjectsNeutral,0
sugar,sugar,s,DescriptObjectsNeutral,1
crisis,crisis,c,NegActsCrisis,0
",",",",s,,0
led,led,s,PubAdministrationNeutral,0
planters,planters,s,DescriptObjectsNeutral,0
to,to,s,OtherOrphanedOther,0
impose,impose,s,NegRelImpose,0
stricter,stricter,s,PubAdministrationNeutral,0
controls,controls,s,StratCoordinationNeutral,0
and,and,s,OtherSyntacticComplexityOther,0
try,try,s,StratCoordinationNeutral,0
to,to,s,StratCoordinationNeutral,1
extract,extract,s,NarrActsNeutral,0
more,more,s,ExpoComparisonNeutral,0
labor,labor,s,OtherOrphanedOther,0
for,for,s,OtherOrphanedOther,1
less,less,s,ExpoComparisonNeutral,0
compensation,compensation,c,PosRelOther,0
",",",",s,OtherOrphanedOther,0
which,which,s,OtherOrphanedOther,1
directly,directly,s,,0
contradicted,contradicted,s,CitationOtherNeg,0
the,the,s,CitationOtherNeg,1
contractual,contractual,s,PubLawNeutral,0
promises,promises,s,FutureOtherPos,0
made,made,s,StratActsNeutral,0
to,to,s,StratActsNeutral,1
laborers,laborers,c,CharTypesNeutral,0
.,.,n,,0
-,-,s,,0
*,*,s,,0
*,*,s,,0
Legal,legal,s,PubLawNeutral,0
and,and,s,OtherSyntacticComplexityOther,0
Physical,physical,s,NegActsAggressive,0
Oppression,oppression,s,NegActsAggressive,1
*,*,s,,0
*,*,c,,0
:,:,s,,0
The,the,s,OtherOrphanedOther,0
indenture,indenture,s,SpecialTopicsMiscellanyNeutral,0
system,system,s,SpecialTopicsMiscellanyNeutral,1
included,included,s,NarrActsNeutral,0
penal,penal,s,PubAdministrationNeutral,0
sanctions,sanctions,s,NegValuesOther,0
for,for,s,OtherOrphanedOther,0
breaches,breaches,s,NegActsAggressive,0
of,of,s,NegActsAggressive,1
contract,contract,c,NegActsAggressive,2
",",",",s,OtherOrphanedOther,0
which,which,s,OtherOrphanedOther,1
allowed,allowed,s,FacilitateExpediteNeutral,0
planters,planters,s,DescriptObjectsNeutral,0
to,to,s,OtherOrphanedOther,0
press,press,s,CharTypesNeg,0
criminal,criminal,s,CharTypesNeg,1
charges,charges,s,NegActsResist,0
against,against,s,NegActsResist,1
laborers,laborers,c,CharTypesNeutral,0
",",",",s,,0
further,further,s,MetadiscourseOtherNeutral,0
coercing,coercing,s,NegActsPressureSomeone,0
them,them,s,NegActsPressureSomeone,1
into,into,s,NegActsPressureSomeone,2
compliance,compliance,s,PubAdministrationNeutral,0
through,through,s,NegEmotionsFear,0
threats,threats,s,NegEmotionsFear,1
of,of,s,OtherOrphanedOther,0
legal,legal,s,ResponsibilityHoldNeg,0
penalties,penalties,s,ResponsibilityHoldNeg,1
and,and,s,OtherSyntacticComplexityOther,0
imprisonment,imprisonment,c,NegValuesOther,0
.,.,n,,0
#,#,s,,0
#,#,s,,0
#,#,c,,0
,,c,,0
#,#,s,,0
#,#,s,,0
#,#,s,,0
Government,government,s,PubAdministrationNeutral,0
and,and,s,OtherSyntacticComplexityOther,0
Consular,consular,s,SpecialTopicsMiscellanyNeutral,0
Involvement,involvement,n,CharSubjectivityNeutral,0
The,the,s,OtherOrphanedOther,0
British,british,s,CharTypesNeutral,0
consul,consul,s,CharTypesNeutral,0
in,in,s,OtherOrphanedOther,0
Paramaribo,paramaribo,s,SpecialTopicsPlaceNeutral,0
offered,offered,s,FacilitateSponsorNeutral,0
an,an,s,FacilitateSponsorNeutral,1
additional,additional,s,MetadiscourseAdditionNeutral,0
layer,layer,s,DescriptVisualNeutral,0
of,of,s,DescriptVisualNeutral,1
oversight,oversight,c,NegActsOther,0
",",",",s,,0
as,as,s,OtherOrphanedOther,0
British,british,s,CharTypesNeutral,0
Indian,indian,s,CharTypesNeutral,0
laborers,laborers,s,CharTypesNeutral,0
could,could,s,ContingentRelationshipNeutral,0
seek,seek,s,StratCognitionNeutral,0
consular,consular,s,SpecialTopicsMiscellanyNeutral,0
assistance,assistance,s,SpecialTopicsMiscellanyNeutral,1
to,to,s,OtherOrphanedOther,0
address,address,s,InterOtherNeutral,0
grievances,grievances,c,NegActsPlaintive,0
.,.,s,MetadiscourseContrastNeutral,0
However,however,c,MetadiscourseContrastNeutral,1
",",",",s,,0
this,this,s,OtherOrphanedOther,0
often,often,s,NarrDurationNeutral,0
caused,caused,s,ReasoningOtherNeutral,0
tension,tension,s,NegEmotionsNervousTense,0
with,with,s,OtherOrphanedOther,0
local,local,s,PubAdministrationNeutral,0
authorities,authorities,s,PubAdministrationNeutral,1
and,and,s,OtherSyntacticComplexityOther,0
plantation,plantation,s,DescriptVisualNeutral,0
owners,owners,c,CharTypesNeutral,0
",",",",s,CharNamesNeutral,0
who,who,s,CharNamesNeutral,1
viewed,viewed,s,OtherOrphanedOther,0
external,external,s,,0
interference,interference,s,NegRelOther,0
as,as,s,OtherOrphanedOther,0
an,an,s,OtherOrphanedOther,1
unwelcome,unwelcome,s,CharTraitsNeutral,0
challenge,challenge,s,CharTraitsNeutral,1
to,to,s,OtherOrphanedOther,0
their,their,s,CharNamesNeutral,0
control,control,c,StratCoordinationNeutral,0
.,.,n,,0
#,#,s,,0
#,#,s,,0
#,#,c,,0
,,c,,0
#,#,s,,0
#,#,s,,0
#,#,s,,0
Legacy,legacy,n,NarrOtherNeutral,0
The,the,s,OtherOrphanedOther,0
resistance,resistance,s,NegActsResist,0
by,by,s,OtherOrphanedOther,0
indentured,indentured,s,PubLawNeutral,0
laborers,laborers,s,CharTypesNeutral,0
in,in,s,OtherOrphanedOther,0
Suriname,suriname,s,SpecialTopicsPlaceNeutral,0
was,was,s,NarrOtherNeutral,0
a,a,s,NarrOtherNeutral,1
significant,significant,s,ForcefulSignificantNeutral,0
chapter,chapter,s,,0
in,in,s,NarrOtherNeutral,0
the,the,s,NarrOtherNeutral,1
history,history,s,NarrOtherNeutral,2
of,of,s,NarrOtherNeutral,3
labor,labor,s,SpecialTopicsMiscellanyNeutral,0
movements,movements,s,SpecialTopicsMiscellanyNeutral,1
in,in,s,OtherOrphanedOther,0
the,the,s,SpecialTopicsMiscellanyNeutral,0
colony,colony,c,SpecialTopicsMiscellanyNeutral,1
.,.,s,,0
It,it,s,,0
underscored,underscored,s,ForcefulEmphaticNeutral,0
the,the,s,ForcefulEmphaticNeutral,1
broader,broader,s,ExpoComparisonNeutral,0
struggle,struggle,s,CharTraitsNeg,0
for,for,s,CharTraitsNeg,1
rights,rights,s,PubLawNeutral,0
and,and,s,OtherSyntacticComplexityOther,0
fair,fair,s,PosValuesFairness,0
treatment,treatment,s,PosValuesFairness,1
in,in,s,OtherOrphanedOther,0
a,a,s,OtherOrphanedOther,0
colonial,colonial,s,SpecialTopicsMiscellanyNeutral,0
system,system,s,SpecialTopicsMiscellanyNeutral,1
that,that,s,OtherOrphanedOther,0
sought,sought,s,StratActsNeutral,0
to,to,s,StratActsNeutral,1
exploit,exploit,s,StratActsPos,0
and,and,s,OtherSyntacticComplexityOther,0
control,control,s,StratCoordinationNeutral,0
immigrant,immigrant,s,CharTypesNeutral,0
workers,workers,c,CharTypesNeutral,0
.,.,s,,0
The,the,s,OtherOrphanedOther,0
legacy,legacy,s,PubAdministrationNeutral,0
of,of,s,PubAdministrationNeutral,1
their,their,s,CharNamesNeutral,0
resistance,resistance,s,NegActsResist,0
illustrates,illustrates,s,InterOtherNeutral,0
a,a,s,InterOtherNeutral,1
critical,critical,s,ForcefulSignificantNeutral,0
aspect,aspect,s,SpecialTopicsMiscellanyNeutral,0
of,of,s,SpecialTopicsMiscellanyNeutral,1
Suriname's,suriname's,s,,0
historical,historical,s,NarrOtherNeutral,0
pathway,pathway,s,DescriptVisualNeutral,0
toward,toward,s,OtherOrphanedOther,0
greater,greater,s,ExpoComparisonNeutral,0
social,social,s,PubAdministrationNeutral,0
justice,justice,s,PubAdministrationNeutral,1
and,and,s,OtherSyntacticComplexityOther,0
equality,equality,s,PosValuesEquality,0
for,for,s,OtherOrphanedOther,0
its,its,s,OtherOrphanedOther,0
diverse,diverse,s,,0
population,population,c,PubAdministrationNeutral,0
.,.,n,,0
Sources,sources,s,SpecialTopicsMiscellanyNeutral,0
used,used,c,NarrActsNeutral,0
:,:,n,,0
-,-,s,,0
Buddingh,buddingh,c,,0
’,',c,,0
",",",",s,,0
H,h,c,OtherOrphanedOther,0
.,.,s,OtherOrphanedOther,1
(,(,c,CitationReferenceNeutral,0
1995,1995,c,CitationReferenceNeutral,1
),),c,CitationReferenceNeutral,2
.,.,s,,0
A,a,s,OtherOrphanedOther,0
history,history,s,NarrOtherNeutral,0
of,of,s,NarrOtherNeutral,1
Suriname,suriname,c,SpecialTopicsPlaceNeutral,0
.,.,s,,0
txt,txt,n,,0
-,-,s,,0
Hassankhan,hassankhan,c,,0
",",",",s,,0
M,m,c,OtherOrphanedOther,0
.,.,s,OtherOrphanedOther,1
S,s,c,OtherOrphanedOther,0
.,.,c,OtherOrphanedOther,1
",",",",s,,0
Roopnarine,roopnarine,c,,0
",",",",s,,0
L,l,c,OtherOrphanedOther,0
.,.,c,OtherOrphanedOther,1
",",",",s,,0
&,&,s,,0
Mahase,mahase,c,,0
",",",",s,,0
R,r,c,OtherOrphanedOther,0
.,.,s,OtherOrphanedOther,1
(,(,c,OtherOrphanedOther,0
2016,2016,c,CitationReferenceNeutral,0
),),c,CitationReferenceNeutral,1
.,.,s,,0
Social,social,s,,0
and,and,s,OtherSyntacticComplexityOther,0
cultural,cultural,s,SpecialTopicsMiscellanyNeutral,0
dimensions,dimensions,s,SpecialTopicsMiscellanyNeutral,0
of,of,s,OtherOrphanedOther,0
Indian,indian,s,PubLawNeutral,0
indentured,indentured,s,PubLawNeutral,1
labour,labour,s,,0
and,and,s,OtherSyntacticComplexityOther,0
its,its,s,OtherOrphanedOther,0
diaspora,diaspora,c,SpecialTopicsMiscellanyNeutral,0
.,.,s,,0
txt,txt,n,,0
-,-,s,,0
Hassankhan,hassankhan,c,,0
",",",",s,,0
M,m,c,OtherOrphanedOther,0
.,.,s,OtherOrphanedOther,1
S,s,c,OtherOrphanedOther,0
.,.,c,OtherOrphanedOther,1
",",",",s,,0
Roopnarine,roopnarine,c,,0
",",",",s,,0
L,l,c,OtherOrphanedOther,0
.,.,c,OtherOrphanedOther,1
",",",",s,,0
White,white,c,DescriptVisualNeutral,0
",",",",s,,0
C,c,c,OtherOrphanedOther,0
.,.,c,OtherOrphanedOther,1
",",",",s,,0
&,&,s,,0
Mahase,mahase,c,,0
",",",",s,,0
R,r,c,OtherOrphanedOther,0
.,.,s,OtherOrphanedOther,1
(,(,c,OtherOrphanedOther,0
Eds,eds,c,SpecialTopicsMiscellanyNeutral,0
.,.,c,,0
),),c,OtherOrphanedOther,0
.,.,s,,0
(,(,c,OtherOrphanedOther,0
2016,2016,c,CitationReferenceNeutral,0
),),c,CitationReferenceNeutral,1
.,.,s,,0
Legacy,legacy,s,PubAdministrationNeutral,0
of,of,s,PubAdministrationNeutral,1
Slavery,slavery,s,NegRelServility,0
and,and,s,OtherSyntacticComplexityOther,0
Indentured,indentured,s,PubLawNeutral,0
Labour,labour,c,,0
.,.,s,,0
txt,txt,n,,0
-,-,s,,0
Hoefte,hoefte,c,,0
",",",",s,,0
R,r,c,OtherOrphanedOther,0
.,.,s,OtherOrphanedOther,1
(,(,c,CitationReferenceNeutral,0
2013,2013,c,CitationReferenceNeutral,1
),),c,CitationReferenceNeutral,2
.,.,s,,0
Suriname,suriname,s,SpecialTopicsPlaceNeutral,0
in,in,s,OtherOrphanedOther,0
the,the,s,OtherOrphanedOther,0
long,long,s,DescriptVisualNeutral,0
twentieth,twentieth,s,NarrDurationNeutral,0
century,century,c,NarrDurationNeutral,1
:,:,s,,0
domination,domination,c,StratCompetitionNeutral,0
",",",",s,,0
contestation,contestation,c,StratCompetitionNeutral,0
",",",",s,,0
globalization,globalization,c,SpecialTopicsMiscellanyNeutral,0
.,.,s,,0
txt,txt,n,,0
-,-,s,,0
Klooster,klooster,c,,0
",",",",s,,0
W,w,c,OtherOrphanedOther,0
.,.,c,OtherOrphanedOther,1
",",",",s,,0
&,&,s,,0
Oostindie,oostindie,c,,0
",",",",s,,0
G,g,c,OtherOrphanedOther,0
.,.,s,OtherOrphanedOther,1
(,(,c,OtherOrphanedOther,0
2018,2018,c,CitationReferenceNeutral,0
),),c,CitationReferenceNeutral,1
.,.,s,,0
Realm,realm,s,SpecialTopicsMiscellanyNeutral,0
between,between,s,OtherOrphanedOther,0
empires,empires,c,PubAdministrationNeutral,0
:,:,s,,0
the,the,s,OtherOrphanedOther,0
second,second,s,,0
Dutch,dutch,s,CharTypesNeutral,0
Atlantic,atlantic,c,SpecialTopicsPlaceNeutral,0
.,.,s,,0
txt,txt,n,,0
-,-,s,,0
Kumar,kumar,c,CharNamesNeutral,0
",",",",s,,0
A,a,c,OtherOrphanedOther,0
.,.,c,OtherOrphanedOther,1
",",",",s,,0
&,&,s,,0
Bates,bates,c,DescriptMotionNeutral,0
",",",",s,,0
C,c,c,OtherOrphanedOther,0
.,.,s,OtherOrphanedOther,1
(,(,c,OtherOrphanedOther,0
Eds,eds,c,SpecialTopicsMiscellanyNeutral,0
.,.,c,,0
),),c,OtherOrphanedOther,0
.,.,s,,0
(,(,c,OtherOrphanedOther,0
2024,2024,c,NarrDurationNeutral,0
),),c,OtherOrphanedOther,0
.,.,s,,0
Girmitiyas,girmitiyas,s,,0
and,and,s,OtherSyntacticComplexityOther,0
the,the,s,OtherSyntacticComplexityOther,1
Global,global,s,SpecialTopicsMiscellanyNeutral,0
Indian,indian,s,CharTypesNeutral,0
Diaspora,diaspora,c,SpecialTopicsMiscellanyNeutral,0
:,:,s,,0
Origins,origins,c,NarrSequenceNeutral,0
",",",",s,,0
Memories,memories,c,CharMentalStatesNeutral,0
",",",",s,,0
and,and,s,OtherSyntacticComplexityOther,0
Identity,identity,c,SpecialTopicsMiscellanyNeutral,0
.,.,s,,0
txt,txt,n,,0
-,-,s,,0
Neus,neus,c,,0
",",",",s,,0
H,h,c,OtherOrphanedOther,0
.,.,s,OtherOrphanedOther,1
(,(,c,OtherOrphanedOther,0
2022,2022,c,CitationReferenceNeutral,0
),),c,CitationReferenceNeutral,1
.,.,s,,0
Collective,collective,s,PubCognitionNeutral,0
Memory,memory,c,PubCognitionNeutral,1
",",",",s,,0
Identity,identity,s,SpecialTopicsMiscellanyNeutral,0
and,and,s,OtherSyntacticComplexityOther,0
the,the,s,OtherSyntacticComplexityOther,1
Legacies,legacies,s,PubAdministrationNeutral,0
of,of,s,PubAdministrationNeutral,1
Slavery,slavery,s,NegRelServility,0
and,and,s,OtherSyntacticComplexityOther,0
Indenture,indenture,c,PubLawNeutral,0
.,.,s,,0
txt,txt,n,,0
-,-,s,,0
Oostindie,oostindie,c,,0
",",",",s,,0
G,g,c,OtherOrphanedOther,0
.,.,c,OtherOrphanedOther,1
",",",",s,,0
&,&,s,,0
Klinkers,klinkers,c,,0
",",",",s,,0
I,i,c,OtherOrphanedOther,0
.,.,s,OtherOrphanedOther,1
(,(,c,CitationReferenceNeutral,0
2003,2003,c,CitationReferenceNeutral,1
),),c,CitationReferenceNeutral,2
.,.,s,,0
Decolonising,decolonising,s,,0
the,the,s,OtherOrphanedOther,0
Caribbean,caribbean,c,SpecialTopicsPlaceNeutral,0
.,.,s,,0
txt,txt,n,,0
-,-,s,,0
Snelders,snelders,c,,0
",",",",s,,0
S,s,c,OtherOrphanedOther,0
.,.,s,OtherOrphanedOther,1
(,(,c,OtherOrphanedOther,0
2017,2017,c,CitationReferenceNeutral,0
),),c,CitationReferenceNeutral,1
.,.,s,,0
Leprosy,leprosy,s,SpecialTopicsMiscellanyNeutral,0
and,and,s,OtherSyntacticComplexityOther,0
colonialism,colonialism,c,SpecialTopicsMiscellanyNeutral,0
:,:,s,,0
Suriname,suriname,s,SpecialTopicsPlaceNeutral,0
under,under,s,OtherOrphanedOther,0
Dutch,dutch,s,PubAdministrationNeutral,0
rule,rule,c,PubAdministrationNeutral,1
.,.,s,,0
txt“,txt“,n,,0
The,the,s,OtherOrphanedOther,0
income,income,s,SpecialTopicsMiscellanyNeutral,0
of,of,s,OtherOrphanedOther,0
indentured,indentured,s,PubLawNeutral,0
labourers,labourers,s,CharTypesNeutral,0
during,during,s,NarrDurationNeutral,0
the,the,s,NarrDurationNeutral,1
period,period,s,NarrDurationNeutral,0
of,of,s,NarrDurationNeutral,1
indenture,indenture,s,PubLawNeutral,0
varied,varied,c,DescriptChangeNeutral,0
",",",",s,MetadiscourseContrastNeutral,0
but,but,s,MetadiscourseContrastNeutral,1
the,the,s,OtherOrphanedOther,0
contracts,contracts,s,NarrActsNeutral,0
often,often,s,NarrDurationNeutral,0
included,included,s,NarrActsNeutral,0
specific,specific,s,ExpoSpecificationNeutral,0
terms,terms,s,ExpoSpecificationNeutral,1
for,for,s,OtherOrphanedOther,0
their,their,s,CharNamesNeutral,0
wages,wages,c,SpecialTopicsMiscellanyNeutral,0
.,.,s,,0
In,in,s,OtherSyntacticComplexityOther,0
many,many,s,OtherSyntacticComplexityOther,1
British,british,s,CharTypesNeutral,0
colonies,colonies,c,SpecialTopicsMiscellanyNeutral,0
",",",",s,ExpoExampleNeutral,0
such,such,s,ExpoExampleNeutral,1
as,as,s,ExpoExampleNeutral,2
Fiji,fiji,s,SpecialTopicsPlaceNeutral,0
and,and,s,OtherSyntacticComplexityOther,0
Trinidad,trinidad,c,SpecialTopicsPlaceNeutral,0
",",",",s,,0
the,the,s,SpecialTopicsMiscellanyNeutral,0
wage,wage,s,SpecialTopicsMiscellanyNeutral,1
agreements,agreements,s,PosRelAgree,0
mandated,mandated,s,PubLawNeutral,0
that,that,s,OtherOrphanedOther,0
male,male,s,CharTypesNeutral,0
labourers,labourers,s,CharTypesNeutral,0
earn,earn,s,PosActsEarn,0
one,one,s,,0
shilling,shilling,s,NegActsOther,0
per,per,s,ReasoningOtherNeutral,0
day,day,c,NarrDurationNeutral,0
",",",",s,,0
while,while,s,NarrDurationNeutral,0
female,female,s,CharTypesNeutral,0
labourers,labourers,s,CharTypesNeutral,0
were,were,s,NarrOtherNeutral,0
to,to,s,NarrOtherNeutral,1
receive,receive,s,NarrActsNeutral,0
nine,nine,s,ExpoOtherNeutral,0
pennies,pennies,s,DescriptObjectsNeutral,0
per,per,s,ReasoningOtherNeutral,0
day,day,c,NarrDurationNeutral,0
.,.,s,MetadiscourseContrastNeutral,0
However,however,c,MetadiscourseContrastNeutral,1
",",",",s,,0
these,these,s,OtherOrphanedOther,0
terms,terms,s,SpecialTopicsMiscellanyNeutral,0
often,often,s,NarrDurationNeutral,0
did,did,s,NegActsResist,0
not,not,s,NegActsResist,1
reflect,reflect,s,OtherOrphanedOther,0
the,the,s,OtherOrphanedOther,1
reality,reality,s,SpecialTopicsMiscellanyNeutral,0
of,of,s,OtherSyntacticComplexityOther,0
their,their,s,OtherSyntacticComplexityOther,1
earnings,earnings,s,PosActsEarn,0
due,due,s,ReasoningOtherNeutral,0
to,to,s,ReasoningOtherNeutral,1
several,several,s,ContingentRelationshipNeutral,0
factors,factors,c,ContingentRelationshipNeutral,1
.,.,n,,0
1,1,c,ExpoOtherNeutral,0
.,.,s,ExpoOtherNeutral,1
*,*,s,,0
*,*,s,,0
Wages,wages,s,SpecialTopicsMiscellanyNeutral,0
on,on,s,DescriptObjectsNeutral,0
Paper,paper,s,DescriptObjectsNeutral,1
vs,vs,c,StratCompetitionNeg,0
.,.,s,StratCompetitionNeg,1
Actual,actual,s,ForcefulEmphaticNeutral,0
Earnings,earnings,c,PosActsEarn,0
:,:,s,,0
*,*,s,,0
*,*,s,,0
The,the,s,OtherOrphanedOther,0
contracted,contracted,s,NarrActsNeutral,0
wages,wages,s,SpecialTopicsMiscellanyNeutral,0
were,were,s,NarrDurationNeutral,0
often,often,s,NarrDurationNeutral,1
the,the,s,OtherOrphanedOther,0
maximum,maximum,s,ExpoOtherNeutral,0
amount,amount,s,ExpoOtherNeutral,1
that,that,s,ContingentRelationshipNeutral,0
could,could,s,ContingentRelationshipNeutral,1
be,be,s,ContingentRelationshipNeutral,2
earned,earned,s,PosActsEarn,0
under,under,s,ContingentRelationshipNeutral,0
ideal,ideal,s,ContingentRelationshipNeutral,1
conditions,conditions,c,ContingentRelationshipNeutral,2
.,.,s,,0
In,in,s,OtherOrphanedGenericActivity,0
practice,practice,c,OtherOrphanedGenericActivity,1
",",",",s,,0
various,various,s,SpecialTopicsMiscellanyNeutral,0
deductions,deductions,s,ReasoningOtherNeutral,0
and,and,s,OtherSyntacticComplexityOther,0
the,the,s,OtherSyntacticComplexityOther,1
failure,failure,s,NegActsFail,0
to,to,s,NegActsFail,1
fulfill,fulfill,s,PosEmotionsFeel,0
tasks,tasks,s,SpecialTopicsMiscellanyNeutral,0
due,due,s,ReasoningOtherNeutral,0
to,to,s,ReasoningOtherNeutral,1
overwork,overwork,s,NegActsPrefixOver,0
or,or,s,OtherSyntacticComplexityOther,0
illness,illness,s,SpecialTopicsMiscellanyNeutral,0
often,often,s,NarrDurationNeutral,0
meant,meant,s,ReasoningInferNeutral,0
that,that,s,ReasoningInferNeutral,1
labourers,labourers,s,CharTypesNeutral,0
were,were,s,StratOtherNeg,0
unable,unable,s,StratOtherNeg,1
to,to,s,StratOtherNeg,2
reach,reach,s,NarrActsNeutral,0
these,these,s,OtherOrphanedOther,0
maximum,maximum,s,SpecialTopicsMiscellanyNeutral,0
earnings,earnings,c,PosActsEarn,0
.,.,s,,0
For,for,s,ExpoExampleNeutral,0
instance,instance,c,ExpoExampleNeutral,1
",",",",s,ExpoExampleNeutral,2
in,in,s,OtherOrphanedOther,0
Fiji,fiji,c,SpecialTopicsPlaceNeutral,0
",",",",s,,0
records,records,s,DescriptObjectsNeutral,0
show,show,s,OtherOrphanedOther,0
it,it,s,NarrDurationNeutral,0
was,was,s,NarrDurationNeutral,1
not,not,s,NarrDurationNeutral,2
until,until,s,NarrDurationNeutral,3
1908,1908,c,NarrOtherNeutral,0
",",",",s,,0
nearly,nearly,s,ConfidenceHedgedNeutral,0
three,three,s,NarrDurationNeutral,0
decades,decades,s,NarrDurationNeutral,1
after,after,s,NarrSequenceNeutral,0
the,the,s,NarrSequenceNeutral,1
onset,onset,s,ContingentRelationshipNeg,0
of,of,s,ContingentRelationshipNeg,1
indenture,indenture,c,PubLawNeutral,0
",",",",s,OtherSyntacticComplexityOther,0
that,that,s,OtherSyntacticComplexityOther,1
adult,adult,s,CharTypesNeutral,0
male,male,s,CharTypesNeutral,0
labourers,labourers,s,CharTypesNeutral,0
could,could,s,ContingentRelationshipNeutral,0
average,average,s,,0
a,a,s,SpecialTopicsMiscellanyNeutral,0
wage,wage,s,SpecialTopicsMiscellanyNeutral,1
of,of,s,OtherOrphanedOther,0
one,one,s,,0
shilling,shilling,s,NegActsOther,0
per,per,s,ReasoningOtherNeutral,0
day,day,c,NarrDurationNeutral,0
.,.,n,,0
2,2,c,ExpoOtherNeutral,0
.,.,s,ExpoOtherNeutral,1
*,*,s,,0
*,*,s,,0
Deductions,deductions,s,ReasoningOtherNeutral,0
and,and,s,OtherSyntacticComplexityOther,0
Penalties,penalties,c,ResponsibilityHoldNeg,0
:,:,s,,0
*,*,s,,0
*,*,s,,0
Employers,employers,s,CharTypesNeutral,0
frequently,frequently,s,NarrDurationNeutral,0
implemented,implemented,s,PosActsAchieve,0
deductions,deductions,s,ReasoningOtherNeutral,0
from,from,s,OtherOrphanedOther,0
wages,wages,s,SpecialTopicsMiscellanyNeutral,0
for,for,s,OtherOrphanedOther,0
absences,absences,c,SpecialTopicsMiscellanyNeutral,0
",",",",s,,0
non-completion,non-completion,s,SpecialTopicsMiscellanyNeutral,0
of,of,s,OtherSyntacticComplexityOther,0
an,an,s,OtherSyntacticComplexityOther,1
assigned,assigned,s,ResponsibilityAssignNeutral,0
task,task,c,ResponsibilityAssignNeutral,1
",",",",s,,0
or,or,s,OtherSyntacticComplexityOther,0
other,other,s,NegActsInfraction,0
infractions,infractions,c,NegActsInfraction,1
.,.,s,,0
Some,some,s,ExpoOtherNeutral,0
planters,planters,s,DescriptObjectsNeutral,0
practiced,practiced,s,OtherOrphanedGenericActivity,0
“,",c,,0
double,double,s,DescriptChangeNeutral,0
cut,cut,c,NarrActsNeutral,0
",",",",c,,0
”,",s,,0
docking,docking,s,DescriptVisualNeutral,0
two,two,s,ExpoOtherNeutral,0
days,days,s,NarrDurationNeutral,0
',',s,,0
wages,wages,s,SpecialTopicsMiscellanyNeutral,0
for,for,s,OtherOrphanedOther,0
a,a,s,ExpoOtherNeutral,0
single,single,s,ExpoOtherNeutral,1
day's,day's,s,NarrDurationNeutral,0
absence,absence,c,SpecialTopicsMiscellanyNeutral,0
.,.,s,ReasoningConcludeNeutral,0
Such,such,s,ReasoningConcludeNeutral,1
deductions,deductions,s,ReasoningOtherNeutral,0
often,often,s,NarrDurationNeutral,0
severely,severely,s,NegEmotionsOther,0
impacted,impacted,s,NegEmotionsOther,1
the,the,s,OtherOrphanedOther,0
actual,actual,s,ForcefulEmphaticNeutral,0
earnings,earnings,s,PosActsEarn,0
of,of,s,OtherSyntacticComplexityOther,0
the,the,s,OtherSyntacticComplexityOther,1
labourers,labourers,c,CharTypesNeutral,0
.,.,n,,0
3,3,c,ExpoOtherNeutral,0
.,.,s,ExpoOtherNeutral,1
*,*,s,,0
*,*,s,,0
Payment,payment,s,SpecialTopicsMiscellanyNeutral,0
Delays,delays,s,NegActsDelay,0
and,and,s,OtherSyntacticComplexityOther,0
Variability,variability,c,SpecialTopicsMiscellanyNeutral,0
:,:,s,,0
*,*,s,,0
*,*,s,,0
Payments,payments,s,SpecialTopicsMiscellanyNeutral,0
were,were,s,NarrDurationNeutral,0
frequently,frequently,s,NarrDurationNeutral,1
delayed,delayed,c,NegActsDelay,0
",",",",s,,0
with,with,s,OtherOrphanedOther,0
wages,wages,s,SpecialTopicsMiscellanyNeutral,0
often,often,s,NarrDurationNeutral,0
only,only,s,OtherOrphanedOther,0
settled,settled,s,NarrActsNeutral,0
at,at,s,NarrSequenceNeutral,0
the,the,s,NarrSequenceNeutral,1
end,end,s,NarrSequenceNeutral,2
of,of,s,NarrSequenceNeutral,3
the,the,s,NarrSequenceNeutral,4
month,month,s,NarrSequenceNeutral,5
rather,rather,s,ExpoOtherNeutral,0
than,than,s,ExpoOtherNeutral,1
weekly,weekly,c,NarrDurationNeutral,0
",",",",s,,0
increasing,increasing,s,StratActsNeg,0
the,the,s,StratActsNeg,1
disadvantage,disadvantage,s,StratActsNeg,2
to,to,s,OtherOrphanedOther,0
the,the,s,OtherOrphanedOther,0
labourers,labourers,c,CharTypesNeutral,0
.,.,s,,0
Variations,variations,s,SpecialTopicsMiscellanyNeutral,0
in,in,s,SpecialTopicsMiscellanyNeutral,1
payment,payment,s,SpecialTopicsMiscellanyNeutral,0
schedules,schedules,s,FutureOtherNeutral,0
made,made,s,NegValuesOther,0
it,it,s,NegValuesOther,1
difficult,difficult,s,NegValuesOther,2
for,for,s,OtherOrphanedOther,0
labourers,labourers,s,CharTypesNeutral,0
to,to,s,OtherOrphanedOther,0
contest,contest,s,NegRelDisagreement,0
disputes,disputes,s,NegRelDisagreement,1
over,over,s,OtherOrphanedOther,0
wages,wages,s,SpecialTopicsMiscellanyNeutral,0
and,and,s,OtherSyntacticComplexityOther,0
compounded,compounded,s,OtherOrphanedOther,0
their,their,s,CharNamesNeutral,0
financial,financial,s,SpecialTopicsMiscellanyNeutral,0
struggles,struggles,c,SpecialTopicsMiscellanyNeutral,1
.,.,n,,0
4,4,c,ExpoOtherNeutral,0
.,.,s,ExpoOtherNeutral,1
*,*,s,,0
*,*,s,,0
Overwork,overwork,s,NegActsPrefixOver,0
and,and,s,OtherSyntacticComplexityOther,0
Illness,illness,c,SpecialTopicsMiscellanyNeutral,0
:,:,s,,0
*,*,s,,0
*,*,s,,0
Many,many,s,ExpoOtherNeutral,0
labourers,labourers,s,CharTypesNeutral,0
suffered,suffered,s,NegEmotionsSuffer,0
from,from,s,NegEmotionsSuffer,1
overwork,overwork,c,NegEmotionsSuffer,2
",",",",s,,0
malnutrition,malnutrition,c,NegValuesOther,0
",",",",s,,0
and,and,s,OtherSyntacticComplexityOther,0
inadequate,inadequate,s,NegValuesOther,0
health,health,s,NegValuesOther,1
care,care,c,PosRelBondOverNegative,0
",",",",s,OtherOrphanedOther,0
which,which,s,OtherOrphanedOther,1
further,further,s,MetadiscourseOtherNeutral,0
impacted,impacted,s,ForcefulEmphaticNeutral,0
their,their,s,ForcefulEmphaticNeutral,1
ability,ability,s,PosValuesAbility,0
to,to,s,PosValuesAbility,1
earn,earn,s,PosValuesAbility,2
the,the,s,OtherOrphanedOther,0
contracted,contracted,s,NarrActsNeutral,0
wages,wages,s,SpecialTopicsMiscellanyNeutral,0
consistently,consistently,c,ForcefulEmphaticNeutral,0
.,.,s,,0
Low,low,s,NegValuesOther,0
wages,wages,s,NegValuesOther,1
also,also,s,MetadiscourseAdditionNeutral,0
contributed,contributed,s,NegValuesOther,0
to,to,s,NegValuesOther,1
poor,poor,s,NegValuesOther,2
diets,diets,c,SpecialTopicsMiscellanyNeutral,0
",",",",s,,0
leading,leading,s,ReasoningOtherNeutral,0
to,to,s,ReasoningOtherNeutral,1
more,more,s,ExpoComparisonNeutral,0
sickness,sickness,s,NegEmotionsSick,0
and,and,s,OtherSyntacticComplexityOther,0
absenteeism,absenteeism,c,NegEmotionsOther,0
",",",",s,,0
thereby,thereby,s,ReasoningConcludeNeutral,0
perpetuating,perpetuating,s,NegValuesOther,0
a,a,s,NegValuesOther,1
cycle,cycle,s,NegValuesOther,2
of,of,s,OtherOrphanedOther,0
low,low,s,NegValuesOther,0
earnings,earnings,c,NegValuesOther,1
.,.,n,,0
5,5,c,ExpoOtherNeutral,0
.,.,s,ExpoOtherNeutral,1
*,*,s,,0
*,*,s,,0
Task-based,task-based,s,SpecialTopicsMiscellanyNeutral,0
and,and,s,OtherSyntacticComplexityOther,0
Time-based,time-based,s,SpecialTopicsMiscellanyNeutral,0
Work,work,s,OtherOrphanedOther,0
Options,options,c,ContingentRelationshipNeutral,0
:,:,s,,0
*,*,s,,0
*,*,s,,0
Although,although,s,MetadiscourseContrastNeutral,0
labourers,labourers,s,CharTypesNeutral,0
were,were,s,OtherOrphanedOther,0
given,given,s,OtherOrphanedOther,1
the,the,s,CharTraitsNeutral,0
choice,choice,s,CharTraitsNeutral,1
between,between,s,OtherOrphanedOther,0
timework,timework,s,,0
(,(,c,OtherOrphanedOther,0
i.e,i.e,c,ExpoSpecificationNeutral,0
.,.,c,ExpoSpecificationNeutral,1
",",",",s,ExpoSpecificationNeutral,2
working,working,s,OtherOrphanedOther,0
nine,nine,s,ExpoOtherNeutral,0
hours,hours,s,NarrDurationNeutral,0
daily,daily,c,NarrDurationNeutral,0
),),s,OtherOrphanedOther,0
and,and,s,OtherSyntacticComplexityOther,0
taskwork,taskwork,c,OtherOrphanedGenericActivity,0
",",",",s,,0
the,the,s,OtherOrphanedOther,0
latter,latter,s,SpecialTopicsMiscellanyNeutral,0
determined,determined,s,OtherOrphanedOther,0
by,by,s,OtherOrphanedOther,1
the,the,s,OtherOrphanedOther,0
amount,amount,s,SpecialTopicsMiscellanyNeutral,0
of,of,s,SpecialTopicsMiscellanyNeutral,1
work,work,s,OtherOrphanedOther,0
deemed,deemed,s,CharMentalStatesNeutral,0
reasonable,reasonable,s,,0
for,for,s,OtherOrphanedOther,0
an,an,s,OtherOrphanedOther,0
able-bodied,able-bodied,s,PosValuesAblebodied,0
adult,adult,s,CharTypesNeutral,0
to,to,s,StratCognitionPos,0
complete,complete,s,StratCognitionPos,1
in,in,s,OtherOrphanedOther,0
six,six,s,ExpoOtherNeutral,0
hours,hours,c,NarrDurationNeutral,0
",",",",s,,0
the,the,s,OtherOrphanedOther,0
physical,physical,s,NegEmotionsTakeToll,0
toll,toll,s,NegEmotionsTakeToll,1
and,and,s,OtherSyntacticComplexityOther,0
unrealistic,unrealistic,s,NegValuesImpractical,0
expectations,expectations,s,NegValuesImpractical,1
often,often,s,NarrDurationNeutral,0
rendered,rendered,s,OtherOrphanedOther,0
these,these,s,OtherOrphanedOther,0
options,options,s,ContingentRelationshipNeutral,0
inequitable,inequitable,c,NegValuesOther,0
.,.,n,,0
While,while,s,NarrDurationNeutral,0
the,the,s,NarrDurationNeutral,1
opportunity,opportunity,s,FacilitateEnablePos,0
to,to,s,CharMentalStatesPos,0
save,save,s,CharMentalStatesPos,1
existed,existed,s,NarrActsNeutral,0
due,due,s,ReasoningOtherNeutral,0
to,to,s,ReasoningOtherNeutral,1
the,the,s,ReasoningOtherNeutral,2
provision,provision,s,ContingentRelationshipNeutral,0
of,of,s,OtherOrphanedOther,0
rations,rations,c,FacilitateSponsorNeutral,0
",",",",s,,0
accommodation,accommodation,c,FacilitateAccommodatePos,0
",",",",s,,0
and,and,s,OtherSyntacticComplexityOther,0
basic,basic,s,SpecialTopicsMiscellanyNeutral,0
medical,medical,s,SpecialTopicsMiscellanyNeutral,0
care,care,s,SpecialTopicsMiscellanyNeutral,1
by,by,s,OtherOrphanedOther,0
employers,employers,c,CharTypesNeutral,0
",",",",s,,0
the,the,s,OtherOrphanedOther,0
actual,actual,s,ContingentEventNeutral,0
conditions,conditions,s,ContingentEventNeutral,1
on,on,s,DescriptVisualNeutral,0
the,the,s,DescriptVisualNeutral,1
ground,ground,c,DescriptVisualNeutral,2
",",",",s,,0
punitive,punitive,s,PubLawNeg,0
deductions,deductions,c,ReasoningOtherNeutral,0
",",",",s,,0
and,and,s,OtherSyntacticComplexityOther,0
the,the,s,OtherSyntacticComplexityOther,1
arduous,arduous,s,CharTraitsNeutral,0
nature,nature,s,SpecialTopicsMiscellanyNeutral,0
of,of,s,OtherSyntacticComplexityOther,0
the,the,s,OtherSyntacticComplexityOther,1
work,work,s,OtherOrphanedOther,0
often,often,s,NarrDurationNeutral,0
thwarted,thwarted,s,NegEmotionsFrustration,0
the,the,s,NegEmotionsFrustration,1
potential,potential,s,OtherOrphanedOther,0
for,for,s,OtherOrphanedOther,1
significant,significant,s,SpecialTopicsMiscellanyNeutral,0
savings,savings,c,SpecialTopicsMiscellanyNeutral,1
.,.,s,,0
Despite,despite,s,MetadiscourseContrastNeutral,0
these,these,s,OtherOrphanedOther,0
challenges,challenges,c,CharTraitsNeutral,0
",",",",s,,0
some,some,s,ExpoOtherNeutral,0
labourers,labourers,s,CharTypesNeutral,0
were,were,s,PosValuesAble,0
able,able,s,PosValuesAble,1
to,to,s,PosValuesAble,2
save,save,s,OtherOrphanedOther,0
and,and,s,OtherSyntacticComplexityOther,0
eventually,eventually,s,NarrSequenceNeutral,0
prosper,prosper,s,DescriptChangePos,0
after,after,s,NarrSequenceNeutral,0
fulfilling,fulfilling,s,PosValuesSatisfaction,0
their,their,s,PosValuesSatisfaction,1
contracts,contracts,c,PosValuesSatisfaction,2
",",",",s,,0
as,as,s,OtherSyntacticComplexityOther,0
indicated,indicated,s,OtherSyntacticComplexityOther,1
by,by,s,OtherSyntacticComplexityOther,2
anecdotes,anecdotes,s,NarrOtherNeutral,0
of,of,s,OtherOrphanedOther,0
individuals,individuals,s,CharTypesNeutral,0
who,who,s,OtherOrphanedOther,0
successfully,successfully,s,PosActsAchieve,0
established,established,s,NarrBiographyNeutral,0
themselves,themselves,s,NarrBiographyNeutral,1
economically,economically,s,SpecialTopicsMiscellanyNeutral,0
after,after,s,NarrSequenceNeutral,0
their,their,s,CharNamesNeutral,0
indenture,indenture,s,NarrDurationNeutral,0
period,period,s,NarrDurationNeutral,1
ended,ended,c,NarrSequenceNeutral,0
.,.,n,,0
Sources,sources,s,SpecialTopicsMiscellanyNeutral,0
used,used,c,NarrActsNeutral,0
:,:,n,,0
-,-,s,,0
Bates,bates,c,DescriptMotionNeutral,0
",",",",s,,0
C,c,c,OtherOrphanedOther,0
.,.,s,OtherOrphanedOther,1
(,(,c,OtherOrphanedOther,0
Ed,ed,c,SpecialTopicsMiscellanyNeutral,0
.,.,c,SpecialTopicsMiscellanyNeutral,1
),),c,OtherOrphanedOther,0
.,.,s,,0
(,(,c,OtherOrphanedOther,0
2024,2024,c,NarrDurationNeutral,0
),),c,OtherOrphanedOther,0
.,.,s,,0
Beyond,beyond,s,OtherOrphanedOther,0
Indenture,indenture,c,PubLawNeutral,0
.,.,s,,0
txt,txt,n,,0
-,-,s,,0
Benton,benton,c,CharNamesNeutral,0
",",",",s,,0
G,g,c,OtherOrphanedOther,0
.,.,s,OtherOrphanedOther,1
(,(,c,OtherOrphanedOther,0
2022,2022,c,CitationReferenceNeutral,0
),),c,CitationReferenceNeutral,1
.,.,s,,0
Chinese,chinese,s,CharTypesNeutral,0
Indentured,indentured,s,PubLawNeutral,0
Labour,labour,s,,0
in,in,s,OtherOrphanedOther,0
the,the,s,OtherOrphanedOther,0
Dutch,dutch,s,CharTypesNeutral,0
East,east,s,SpecialTopicsPlaceNeutral,0
Indies,indies,c,SpecialTopicsPlaceNeutral,1
.,.,s,,0
txt,txt,n,,0
-,-,s,,0
Hassankhan,hassankhan,c,,0
",",",",s,,0
M,m,c,OtherOrphanedOther,0
.,.,s,OtherOrphanedOther,1
S,s,c,OtherOrphanedOther,0
.,.,c,OtherOrphanedOther,1
",",",",s,,0
Roopnarine,roopnarine,c,,0
",",",",s,,0
L,l,c,OtherOrphanedOther,0
.,.,c,OtherOrphanedOther,1
",",",",s,,0
&,&,s,,0
Mahase,mahase,c,,0
",",",",s,,0
R,r,c,OtherOrphanedOther,0
.,.,s,OtherOrphanedOther,1
(,(,c,OtherOrphanedOther,0
2016,2016,c,CitationReferenceNeutral,0
),),c,CitationReferenceNeutral,1
.,.,s,,0
Social,social,s,,0
and,and,s,OtherSyntacticComplexityOther,0
cultural,cultural,s,SpecialTopicsMiscellanyNeutral,0
dimensions,dimensions,s,SpecialTopicsMiscellanyNeutral,0
of,of,s,OtherOrphanedOther,0
Indian,indian,s,PubLawNeutral,0
indentured,indentured,s,PubLawNeutral,1
labour,labour,s,,0
and,and,s,OtherSyntacticComplexityOther,0
its,its,s,OtherOrphanedOther,0
diaspora,diaspora,c,SpecialTopicsMiscellanyNeutral,0
.,.,s,,0
txt,txt,n,,0
-,-,s,,0
Hay,hay,c,DescriptObjectsNeutral,0
",",",",s,,0
D,d,c,OtherOrphanedOther,0
.,.,c,OtherOrphanedOther,1
",",",",s,,0
&,&,s,,0
Craven,craven,c,NegActsCowardly,0
",",",",s,,0
P,p,c,OtherOrphanedOther,0
.,.,s,OtherOrphanedOther,1
(,(,c,OtherOrphanedOther,0
Eds,eds,c,SpecialTopicsMiscellanyNeutral,0
.,.,c,,0
),),c,OtherOrphanedOther,0
.,.,s,,0
(,(,c,CitationReferenceNeutral,0
2005,2005,c,CitationReferenceNeutral,1
),),c,CitationReferenceNeutral,2
.,.,s,,0
Masters,masters,c,PosValuesOther,0
",",",",s,,0
servants,servants,c,CharTypesNeutral,0
",",",",s,,0
and,and,s,OtherSyntacticComplexityOther,0
magistrates,magistrates,s,CharTypesNeutral,0
in,in,s,OtherOrphanedOther,0
Britain,britain,s,CharNamesNeutral,0
and,and,s,OtherSyntacticComplexityOther,0
the,the,s,OtherSyntacticComplexityOther,1
Empire,empire,c,PubAdministrationNeutral,0
.,.,s,,0
txt,txt,n,,0
-,-,s,,0
Hegde,hegde,c,,0
",",",",s,,0
R,r,c,OtherOrphanedOther,0
.,.,s,OtherOrphanedOther,1
S,s,c,OtherOrphanedOther,0
.,.,c,OtherOrphanedOther,1
",",",",s,,0
&,&,s,,0
Sahoo,sahoo,c,,0
",",",",s,,0
A,a,c,OtherOrphanedOther,0
.,.,s,OtherOrphanedOther,1
K,k,c,OtherOrphanedOther,0
.,.,s,OtherOrphanedOther,1
(,(,c,OtherOrphanedOther,0
Eds,eds,c,SpecialTopicsMiscellanyNeutral,0
.,.,c,,0
),),c,OtherOrphanedOther,0
.,.,s,,0
(,(,c,OtherOrphanedOther,0
2018,2018,c,CitationReferenceNeutral,0
),),c,CitationReferenceNeutral,1
.,.,s,,0
Routledge,routledge,s,CharNamesNeutral,0
handbook,handbook,s,PubAdministrationNeutral,0
of,of,s,PubAdministrationNeutral,1
the,the,s,CharTypesNeutral,0
Indian,indian,s,CharTypesNeutral,1
diaspora,diaspora,c,SpecialTopicsMiscellanyNeutral,0
.,.,s,,0
txt,txt,n,,0
-,-,s,,0
Hyles,hyles,c,,0
",",",",s,,0
J,j,c,OtherOrphanedOther,0
.,.,s,OtherOrphanedOther,1
R,r,c,OtherOrphanedOther,0
.,.,s,OtherOrphanedOther,1
(,(,c,CitationReferenceNeutral,0
2013,2013,c,CitationReferenceNeutral,1
),),c,CitationReferenceNeutral,2
.,.,s,,0
Guiana,guiana,s,SpecialTopicsPlaceNeutral,0
and,and,s,OtherSyntacticComplexityOther,0
the,the,s,OtherSyntacticComplexityOther,1
Shadows,shadows,s,DescriptVisualNeutral,0
of,of,s,OtherOrphanedOther,0
Empire,empire,c,PubAdministrationNeutral,0
.,.,s,,0
txt,txt,n,,0
-,-,s,,0
Kumar,kumar,c,CharNamesNeutral,0
",",",",s,,0
A,a,c,OtherOrphanedOther,0
.,.,c,OtherOrphanedOther,1
",",",",s,,0
&,&,s,,0
Bates,bates,c,DescriptMotionNeutral,0
",",",",s,,0
C,c,c,OtherOrphanedOther,0
.,.,s,OtherOrphanedOther,1
(,(,c,OtherOrphanedOther,0
Eds,eds,c,SpecialTopicsMiscellanyNeutral,0
.,.,c,,0
),),c,OtherOrphanedOther,0
.,.,s,,0
(,(,c,OtherOrphanedOther,0
2024,2024,c,NarrDurationNeutral,0
),),c,OtherOrphanedOther,0
.,.,s,,0
Girmitiyas,girmitiyas,s,,0
and,and,s,OtherSyntacticComplexityOther,0
the,the,s,OtherSyntacticComplexityOther,1
Global,global,s,SpecialTopicsMiscellanyNeutral,0
Indian,indian,s,CharTypesNeutral,0
Diaspora,diaspora,c,SpecialTopicsMiscellanyNeutral,0
:,:,s,,0
Origins,origins,c,NarrSequenceNeutral,0
",",",",s,,0
Memories,memories,c,CharMentalStatesNeutral,0
",",",",s,,0
and,and,s,OtherSyntacticComplexityOther,0
Identity,identity,c,SpecialTopicsMiscellanyNeutral,0
.,.,s,,0
txt,txt,n,,0
-,-,s,,0
Lal,lal,c,CharNamesNeutral,0
",",",",s,,0
B,b,c,OtherOrphanedOther,0
.,.,s,OtherOrphanedOther,1
V,v,c,OtherOrphanedOther,0
.,.,c,OtherOrphanedOther,1
",",",",s,,0
Munro,munro,c,CharNamesNeutral,0
",",",",s,,0
D,d,c,OtherOrphanedOther,0
.,.,c,OtherOrphanedOther,1
",",",",s,,0
&,&,s,,0
Beechert,beechert,c,,0
",",",",s,,0
E,e,c,OtherOrphanedOther,0
.,.,s,OtherOrphanedOther,1
D,d,c,OtherOrphanedOther,0
.,.,s,OtherOrphanedOther,1
(,(,c,OtherOrphanedOther,0
Eds,eds,c,SpecialTopicsMiscellanyNeutral,0
.,.,c,,0
),),c,OtherOrphanedOther,0
.,.,s,,0
(,(,c,CitationReferenceNeutral,0
1993,1993,c,CitationReferenceNeutral,1
),),c,CitationReferenceNeutral,2
.,.,s,,0
Plantation,plantation,s,DescriptVisualNeutral,0
Workers,workers,c,CharTypesNeutral,0
:,:,s,,0
resistance,resistance,s,NegActsResist,0
and,and,s,OtherSyntacticComplexityOther,0
accommodation,accommodation,c,FacilitateAccommodatePos,0
.,.,s,,0
txt,txt,n,,0
-,-,s,,0
Neus,neus,c,,0
",",",",s,,0
H,h,c,OtherOrphanedOther,0
.,.,s,OtherOrphanedOther,1
(,(,c,OtherOrphanedOther,0
2022,2022,c,CitationReferenceNeutral,0
),),c,CitationReferenceNeutral,1
.,.,s,,0
Collective,collective,s,PubCognitionNeutral,0
Memory,memory,c,PubCognitionNeutral,1
",",",",s,,0
Identity,identity,s,SpecialTopicsMiscellanyNeutral,0
and,and,s,OtherSyntacticComplexityOther,0
the,the,s,OtherSyntacticComplexityOther,1
Legacies,legacies,s,PubAdministrationNeutral,0
of,of,s,PubAdministrationNeutral,1
Slavery,slavery,s,NegRelServility,0
and,and,s,OtherSyntacticComplexityOther,0
Indenture,indenture,c,PubLawNeutral,0
.,.,s,,0
txt,txt,n,,0
-,-,s,,0
V,v,s,OtherOrphanedOther,0
Lal,lal,c,CharNamesNeutral,0
",",",",s,,0
B,b,c,OtherOrphanedOther,0
.,.,s,OtherOrphanedOther,1
(,(,c,CitationReferenceNeutral,0
2012,2012,c,CitationReferenceNeutral,1
),),c,CitationReferenceNeutral,2
.,.,s,,0
Chalo,chalo,s,,0
Jahaji,jahaji,c,,0
:,:,s,,0
On,on,s,NarrDurationNeutral,0
a,a,s,NarrDurationNeutral,1
journey,journey,s,NarrDurationNeutral,2
through,through,s,OtherOrphanedOther,0
indenture,indenture,s,PubLawNeutral,0
in,in,s,OtherOrphanedOther,0
Fiji,fiji,c,SpecialTopicsPlaceNeutral,0
.,.,s,,0
txt,txt,n,,0
-,-,s,,0
Valdez,valdez,c,,0
",",",",s,,0
I,i,c,OtherOrphanedOther,0
.,.,s,OtherOrphanedOther,1
(,(,c,OtherOrphanedOther,0
2021,2021,c,NarrDurationNeutral,0
),),c,OtherOrphanedOther,0
.,.,s,,0
Socialism,socialism,s,PubPoliticsNeutral,0
and,and,s,OtherSyntacticComplexityOther,0
empire,empire,c,PubAdministrationNeutral,0
:,:,s,InterCommandNeutral,0
labor,labor,s,InterCommandNeutral,1
mobility,mobility,c,PosValuesOther,0
",",",",s,,0
racial,racial,s,PubPoliticsNeutral,0
capitalism,capitalism,c,PubPoliticsNeutral,1
",",",",s,,0
and,and,s,OtherSyntacticComplexityOther,0
the,the,s,OtherSyntacticComplexityOther,1
political,political,s,SpecialTopicsMiscellanyNeutral,0
theory,theory,s,SpecialTopicsMiscellanyNeutral,1
of,of,s,OtherOrphanedOther,0
migration,migration,c,NarrSceneShiftNeutral,0
.,.,s,,0
txt,txt,n,,0
-,-,s,,0
Ward,ward,c,SpecialTopicsPlaceNeutral,0
",",",",s,,0
A,a,c,OtherOrphanedOther,0
.,.,s,OtherOrphanedOther,1
(,(,c,CitationReferenceNeutral,0
2013,2013,c,CitationReferenceNeutral,1
),),c,CitationReferenceNeutral,2
.,.,s,,0
Assuming,assuming,s,ResponsibilityAcceptNeutral,0
the,the,s,ResponsibilityAcceptNeutral,1
burden,burden,s,ResponsibilityAcceptNeutral,2
of,of,s,OtherOrphanedOther,0
memory,memory,c,CharMentalStatesNeutral,0
:,:,s,,0
The,the,s,OtherOrphanedOther,0
translation,translation,s,SpecialTopicsMiscellanyNeutral,0
of,of,s,OtherOrphanedOther,0
Indian,indian,s,PubLawNeutral,0
indenture,indenture,s,PubLawNeutral,1
in,in,s,OtherOrphanedOther,0
Peggy,peggy,s,CharNamesNeutral,0
Mohan’s,mohan’s,s,,0
Jahajin,jahajin,c,,0
.,.,s,,0
txt,txt,n,,0
The,the,s,OtherOrphanedOther,0
return,return,s,NarrDurationNeutral,0
of,of,s,OtherOrphanedOther,0
indentured,indentured,s,PubLawNeutral,0
laborers,laborers,s,CharTypesNeutral,0
to,to,s,OtherOrphanedOther,0
their,their,s,NarrBiographyNeutral,0
native,native,s,NarrBiographyNeutral,1
country,country,c,SpecialTopicsPlaceNeutral,0
",",",",s,,0
primarily,primarily,s,ForcefulEmphaticNeutral,0
India,india,c,SpecialTopicsPlaceNeutral,0
",",",",s,NarrOtherNeutral,0
was,was,s,NarrOtherNeutral,1
a,a,s,NarrOtherNeutral,2
complex,complex,s,SpecialTopicsMiscellanyNeutral,0
process,process,s,SpecialTopicsMiscellanyNeutral,1
influenced,influenced,s,NarrBiographyNeutral,0
by,by,s,NarrBiographyNeutral,1
multiple,multiple,s,SpecialTopicsMiscellanyNeutral,0
factors,factors,c,SpecialTopicsMiscellanyNeutral,1
.,.,s,,0
The,the,s,OtherOrphanedOther,0
indenture,indenture,s,SpecialTopicsMiscellanyNeutral,0
system,system,c,SpecialTopicsMiscellanyNeutral,1
",",",",s,,0
spanning,spanning,s,DescriptVisualNeutral,0
from,from,s,DescriptVisualNeutral,1
the,the,s,OtherOrphanedOther,0
early,early,s,NarrSequenceNeutral,0
19th,19th,s,,0
to,to,s,OtherOrphanedOther,0
the,the,s,OtherOrphanedOther,0
early,early,s,NarrSequenceNeutral,0
20th,20th,s,,0
centuries,centuries,c,NarrDurationNeutral,0
",",",",s,,0
facilitated,facilitated,s,FacilitateOtherNeutral,0
the,the,s,FacilitateOtherNeutral,1
migration,migration,s,NarrSceneShiftNeutral,0
of,of,s,NarrSceneShiftNeutral,1
Indian,indian,s,CharTypesNeutral,0
workers,workers,s,CharTypesNeutral,0
to,to,s,OtherOrphanedOther,0
colonies,colonies,s,SpecialTopicsMiscellanyNeutral,0
such,such,s,ExpoExampleNeutral,0
as,as,s,ExpoExampleNeutral,1
Fiji,fiji,c,SpecialTopicsPlaceNeutral,0
",",",",s,,0
Trinidad,trinidad,c,SpecialTopicsPlaceNeutral,0
",",",",s,,0
Natal,natal,c,SpecialTopicsMiscellanyNeutral,0
",",",",s,,0
and,and,s,OtherSyntacticComplexityOther,0
Suriname,suriname,c,SpecialTopicsPlaceNeutral,0
",",",",s,,0
among,among,s,OtherSyntacticComplexityOther,0
others,others,c,OtherSyntacticComplexityOther,1
.,.,s,NarrImmediacyNeutral,0
Here,here,s,NarrImmediacyNeutral,1
is,is,s,OtherOrphanedOther,0
a,a,s,PosValuesOther,0
detailed,detailed,s,PosValuesOther,1
explanation,explanation,s,InquiryOtherNeutral,0
based,based,s,ReasoningPremiseNeutral,0
on,on,s,ReasoningPremiseNeutral,1
the,the,s,ReasoningPremiseNeutral,2
context,context,s,ContingentEventNeutral,0
provided,provided,c,FacilitateSponsorNeutral,0
:,:,n,,0
#,#,s,,0
#,#,s,,0
#,#,c,,0
,,c,,0
#,#,s,,0
#,#,s,,0
#,#,s,,0
Intentions,intentions,s,CharTraitsNeutral,0
and,and,s,OtherSyntacticComplexityOther,0
Contractual,contractual,s,PubLawNeutral,0
Provisions,provisions,n,SpecialTopicsMiscellanyNeutral,0
Initially,initially,c,NarrSequenceNeutral,0
",",",",s,,0
many,many,s,ExpoOtherNeutral,0
indentured,indentured,s,PubLawNeutral,0
laborers,laborers,s,CharTypesNeutral,0
left,left,s,SpecialTopicsMiscellanyNeutral,0
India,india,s,SpecialTopicsPlaceNeutral,0
with,with,s,StratCognitionNeutral,0
the,the,s,StratCognitionNeutral,1
intention,intention,s,StratCognitionNeutral,2
of,of,s,StratCognitionNeutral,3
returning,returning,s,NarrDurationNeutral,0
after,after,s,NarrSequenceNeutral,0
fulfilling,fulfilling,s,PosValuesSatisfaction,0
their,their,s,PosValuesSatisfaction,1
contractual,contractual,s,ResponsibilityOtherNeutral,0
obligations,obligations,c,ResponsibilityOtherNeutral,1
.,.,s,,0
The,the,s,OtherOrphanedOther,0
contracts,contracts,c,NarrActsNeutral,0
",",",",s,,0
known,known,s,NarrActsNeutral,0
as,as,s,NarrActsNeutral,1
girmits,girmits,c,,0
",",",",s,,0
typically,typically,s,NarrDurationNeutral,0
required,required,s,PubAdministrationNeutral,0
laborers,laborers,s,CharTypesNeutral,0
to,to,s,OtherOrphanedOther,0
work,work,s,NarrBiographyNeutral,0
for,for,s,NarrBiographyNeutral,1
a,a,s,OtherOrphanedOther,0
period,period,s,NarrDurationNeutral,0
of,of,s,NarrDurationNeutral,1
five,five,s,NarrDurationNeutral,0
to,to,s,NarrDurationNeutral,1
ten,ten,s,NarrDurationNeutral,2
years,years,c,NarrDurationNeutral,3
.,.,s,InterCommandNeutral,0
Upon,upon,s,InterCommandNeutral,1
completion,completion,c,NarrSequenceNeutral,0
",",",",s,,0
the,the,s,OtherOrphanedOther,0
laborers,laborers,s,CharTypesNeutral,0
were,were,s,NarrOtherNeutral,0
entitled,entitled,s,PubAdministrationNeutral,0
to,to,s,PubAdministrationNeutral,1
a,a,s,OtherOrphanedOther,0
free,free,s,FacilitateUnobstructNeutral,0
passage,passage,s,DescriptObjectsNeutral,0
back,back,s,NarrOtherNeutral,0
to,to,s,NarrOtherNeutral,1
India,india,c,SpecialTopicsPlaceNeutral,0
",",",",s,,0
although,although,s,MetadiscourseContrastNeutral,0
this,this,s,MetadiscourseOtherNeutral,0
was,was,s,MetadiscourseOtherNeutral,1
often,often,s,NarrDurationNeutral,0
subject,subject,s,ContingentPossibilityNeg,0
to,to,s,ContingentPossibilityNeg,1
certain,certain,s,ContingentEventNeutral,0
conditions,conditions,s,ContingentEventNeutral,1
aimed,aimed,s,StratCognitionNeutral,0
at,at,s,StratCognitionNeutral,1
encouraging,encouraging,s,FacilitateEncouragePos,0
them,them,s,FacilitateEncouragePos,1
to,to,s,OtherOrphanedOther,0
stay,stay,s,NarrDurationNeutral,0
longer,longer,s,ExpoComparisonNeutral,0
in,in,s,OtherOrphanedOther,0
the,the,s,OtherOrphanedOther,0
colonies,colonies,c,SpecialTopicsMiscellanyNeutral,0
.,.,s,,0
For,for,s,ExpoExampleNeutral,0
instance,instance,c,ExpoExampleNeutral,1
",",",",s,ExpoExampleNeutral,2
in,in,s,OtherSyntacticComplexityOther,0
many,many,s,OtherSyntacticComplexityOther,1
colonies,colonies,c,SpecialTopicsMiscellanyNeutral,0
",",",",s,,0
a,a,s,OtherOrphanedOther,0
free,free,s,FacilitateUnobstructNeutral,0
return,return,s,NarrDurationNeutral,0
passage,passage,s,DescriptObjectsNeutral,0
was,was,s,NarrActsNeutral,0
offered,offered,s,NarrActsNeutral,1
only,only,s,OtherOrphanedOther,0
after,after,s,ExpoOtherNeutral,0
completing,completing,s,ExpoOtherNeutral,1
a,a,s,OtherOrphanedOther,0
second,second,s,,0
term,term,s,SpecialTopicsMiscellanyNeutral,0
of,of,s,OtherOrphanedOther,0
indenture,indenture,c,PubLawNeutral,0
.,.,s,,0
This,this,s,OtherOrphanedOther,0
created,created,s,DescriptChangeNeutral,0
a,a,s,DescriptChangeNeutral,1
situation,situation,s,ContingentEventNeutral,0
where,where,s,InterQuestionNeutral,0
many,many,s,InterQuestionNeutral,1
laborers,laborers,s,CharTypesNeutral,0
were,were,s,NarrOtherNeutral,0
effectively,effectively,s,PosValuesEffective,0
encouraged,encouraged,s,FacilitateEncouragePos,0
or,or,s,OtherSyntacticComplexityOther,0
compelled,compelled,s,StratOtherNeutral,0
to,to,s,StratOtherNeutral,1
remain,remain,s,NarrDurationNeutral,0
in,in,s,OtherOrphanedOther,0
the,the,s,OtherOrphanedOther,0
colonies,colonies,s,SpecialTopicsMiscellanyNeutral,0
longer,longer,s,ExpoComparisonNeutral,0
than,than,s,ExpoComparisonNeutral,1
initially,initially,s,NarrSequenceNeutral,0
anticipated,anticipated,c,FutureAnticipateNeutral,0
.,.,n,,0
#,#,s,,0
#,#,s,,0
#,#,c,,0
,,c,,0
#,#,s,,0
#,#,s,,0
#,#,s,,0
Actual,actual,s,ForcefulEmphaticNeutral,0
Returns,returns,s,NarrDurationNeutral,0
and,and,s,OtherSyntacticComplexityOther,0
Obstacles,obstacles,n,NegActsResist,0
Despite,despite,s,MetadiscourseContrastNeutral,0
the,the,s,OtherOrphanedOther,0
contractual,contractual,s,PubLawNeutral,0
provisions,provisions,c,SpecialTopicsMiscellanyNeutral,0
",",",",s,,0
a,a,s,OtherOrphanedOther,0
significant,significant,s,ExpoOtherNeutral,0
number,number,s,ExpoOtherNeutral,1
of,of,s,OtherOrphanedOther,0
laborers,laborers,s,CharTypesNeutral,0
did,did,s,NegActsResist,0
not,not,s,NegActsResist,1
return,return,s,NarrSceneShiftNeutral,0
to,to,s,NarrSceneShiftNeutral,1
India,india,c,SpecialTopicsPlaceNeutral,0
.,.,s,,0
Official,official,s,PubAdministrationNeutral,0
records,records,s,PubAdministrationNeutral,1
suggest,suggest,s,CitationHedgedNeutral,0
that,that,s,CitationHedgedNeutral,1
by,by,s,OtherOrphanedOther,0
the,the,s,OtherOrphanedOther,0
1870s,1870s,c,NarrOtherNeutral,0
",",",",s,,0
about,about,s,UncertaintyOtherNeutral,0
21,21,s,UncertaintyOtherNeutral,1
%,%,s,ExpoOtherNeutral,0
of,of,s,OtherSyntacticComplexityOther,0
the,the,s,OtherSyntacticComplexityOther,1
indentured,indentured,s,PubLawNeutral,0
migrants,migrants,s,NarrSceneShiftNeutral,0
had,had,s,NarrOtherNeutral,0
returned,returned,c,NarrOtherNeutral,1
",",",",s,,0
and,and,s,OtherSyntacticComplexityOther,0
in,in,s,OtherSyntacticComplexityOther,1
subsequent,subsequent,s,NarrSequenceNeutral,0
decades,decades,c,NarrSequenceNeutral,1
",",",",s,,0
the,the,s,OtherOrphanedOther,0
likelihood,likelihood,s,ContingentRelationshipNeutral,0
of,of,s,ContingentRelationshipNeutral,1
return,return,s,NarrDurationNeutral,0
diminished,diminished,c,DescriptChangeNeg,0
",",",",s,,0
with,with,s,OtherOrphanedOther,0
one,one,s,,0
returning,returning,s,NarrSceneShiftNeutral,0
for,for,s,NarrSceneShiftNeutral,1
every,every,s,ExpoOtherNeutral,0
two,two,s,ExpoOtherNeutral,0
who,who,s,OtherOrphanedOther,0
migrated,migrated,c,NarrSceneShiftNeutral,0
.,.,s,,0
By,by,s,NarrTimeShiftNeutral,0
the,the,s,NarrTimeShiftNeutral,1
late,late,s,NarrTimeShiftNeutral,2
1910s,1910s,c,NarrTimeShiftNeutral,3
",",",",s,,0
nearly,nearly,s,ExpoOtherNeutral,0
40,40,s,ExpoOtherNeutral,1
%,%,s,ExpoOtherNeutral,2
of,of,s,OtherOrphanedOther,0
indentured,indentured,s,PubLawNeutral,0
laborers,laborers,s,CharTypesNeutral,0
opted,opted,s,CharSubjectivityNeutral,0
for,for,s,CharSubjectivityNeutral,1
repatriation,repatriation,c,NarrSceneShiftNeutral,0
.,.,s,MetadiscourseContrastNeutral,0
However,however,c,MetadiscourseContrastNeutral,1
",",",",s,,0
several,several,s,ContingentRelationshipNeutral,0
factors,factors,s,ContingentRelationshipNeutral,1
impeded,impeded,s,NegActsResist,0
their,their,s,NegActsResist,1
ability,ability,s,NegActsResist,2
to,to,s,StratCognitionNeutral,0
do,do,s,StratCognitionNeutral,1
so,so,c,StratCognitionNeutral,2
:,:,n,,0
1,1,c,ExpoOtherNeutral,0
.,.,s,ExpoOtherNeutral,1
*,*,s,,0
*,*,s,,0
Economic,economic,s,SpecialTopicsMiscellanyNeutral,0
and,and,s,OtherSyntacticComplexityOther,0
Personal,personal,s,CharSubjectivityNeutral,0
Realities,realities,s,SpecialTopicsMiscellanyNeutral,0
*,*,s,,0
*,*,c,,0
:,:,n,,0
-,-,s,,0
Many,many,s,ExpoOtherNeutral,0
laborers,laborers,s,CharTypesNeutral,0
found,found,s,OtherOrphanedOther,0
new,new,s,NarrImmediacyNeutral,0
opportunities,opportunities,s,NarrImmediacyNeutral,1
or,or,s,OtherSyntacticComplexityOther,0
gained,gained,s,DescriptChangePos,0
a,a,s,DescriptChangePos,1
sense,sense,s,DescriptChangePos,2
of,of,s,CharSubjectivityNeutral,0
personal,personal,s,CharSubjectivityNeutral,1
freedom,freedom,s,PosValuesFreedom,0
that,that,s,OtherOrphanedOther,0
was,was,s,NarrOtherNeutral,0
not,not,s,NegActsResist,0
available,available,s,NegActsResist,1
to,to,s,OtherOrphanedOther,0
them,them,s,NarrActsNeutral,0
in,in,s,OtherOrphanedOther,0
India,india,c,SpecialTopicsPlaceNeutral,0
.,.,n,,0
-,-,s,,0
Some,some,s,ExpoOtherNeutral,0
prospered,prospered,s,DescriptChangePos,0
economically,economically,c,SpecialTopicsMiscellanyNeutral,0
",",",",s,OtherOrphanedOther,0
which,which,s,OtherOrphanedOther,1
may,may,s,ConfidenceHedgedNeutral,0
have,have,s,ConfidenceHedgedNeutral,1
influenced,influenced,s,ConfidenceHedgedNeutral,2
their,their,s,CharNamesNeutral,0
decision,decision,s,StratCognitionNeutral,0
to,to,s,OtherOrphanedOther,0
stay,stay,c,NarrDurationNeutral,0
",",",",s,,0
while,while,s,NarrDurationNeutral,0
others,others,s,,0
remained,remained,s,NarrDurationNeutral,0
impoverished,impoverished,s,DescriptChangeNeg,0
and,and,s,OtherSyntacticComplexityOther,0
could,could,s,NegActsResist,0
not,not,s,NegActsResist,1
afford,afford,s,NegActsResist,2
to,to,s,OtherOrphanedOther,0
return,return,c,NarrDurationNeutral,0
",",",",s,,0
despite,despite,s,MetadiscourseContrastNeutral,0
savings,savings,s,SpecialTopicsMiscellanyNeutral,0
accrued,accrued,s,DescriptChangeNeutral,0
during,during,s,NarrDurationNeutral,0
their,their,s,NarrDurationNeutral,1
indenture,indenture,s,PubLawNeutral,0
contracts,contracts,c,NarrActsNeutral,0
.,.,n,,0
2,2,c,ExpoOtherNeutral,0
.,.,s,ExpoOtherNeutral,1
*,*,s,,0
*,*,s,,0
Discouragement,discouragement,s,NegEmotionsDiscouraged,0
and,and,s,OtherSyntacticComplexityOther,0
Inertia,inertia,s,SpecialTopicsMiscellanyNeutral,0
*,*,s,,0
*,*,c,,0
:,:,n,,0
-,-,s,,0
Colonial,colonial,s,SpecialTopicsMiscellanyNeutral,0
authorities,authorities,s,PubAdministrationNeutral,0
often,often,s,NarrDurationNeutral,0
discouraged,discouraged,s,NegEmotionsDiscouraged,0
repatriation,repatriation,c,NarrSceneShiftNeutral,0
",",",",s,,0
seeing,seeing,s,DescriptVisualNeutral,0
the,the,s,DescriptVisualNeutral,1
laborers,laborers,s,CharTypesNeutral,0
as,as,s,OtherOrphanedOther,0
an,an,s,OtherOrphanedOther,1
essential,essential,s,ExpoOtherNeutral,0
workforce,workforce,c,SpecialTopicsMiscellanyNeutral,0
.,.,n,,0
-,-,s,,0
The,the,s,OtherOrphanedOther,0
notion,notion,s,SpecialTopicsMiscellanyNeutral,0
of,of,s,OtherOrphanedOther,0
returning,returning,s,NarrSceneShiftNeutral,0
to,to,s,NarrSceneShiftNeutral,1
a,a,s,OtherOrphanedOther,0
difficult,difficult,s,NegEmotionsDifficult,0
socio-economic,socio-economic,s,NegEmotionsDifficult,1
environment,environment,s,NegEmotionsDifficult,2
in,in,s,OtherOrphanedOther,0
India,india,c,SpecialTopicsPlaceNeutral,0
",",",",s,,0
along,along,s,OtherSyntacticComplexityOther,0
with,with,s,OtherSyntacticComplexityOther,1
the,the,s,OtherSyntacticComplexityOther,2
inertia,inertia,s,SpecialTopicsMiscellanyNeutral,0
of,of,s,OtherOrphanedOther,0
having,having,s,NarrActsNeutral,0
established,established,s,PubAdministrationNeutral,0
roots,roots,s,DescriptVisualNeutral,0
in,in,s,DescriptVisualNeutral,1
the,the,s,UpdatesOtherNeutral,0
new,new,s,UpdatesOtherNeutral,1
homeland,homeland,c,,0
",",",",s,,0
led,led,s,PubAdministrationNeutral,0
many,many,s,ExpoOtherNeutral,0
to,to,s,OtherOrphanedOther,0
stay,stay,s,NarrDurationNeutral,0
permanently,permanently,c,NarrSequenceNeutral,0
.,.,n,,0
3,3,c,ExpoOtherNeutral,0
.,.,s,ExpoOtherNeutral,1
*,*,s,,0
*,*,s,,0
Cultural,cultural,s,SpecialTopicsMiscellanyNeutral,0
and,and,s,OtherSyntacticComplexityOther,0
Social,social,s,SpecialTopicsMiscellanyNeutral,0
Adjustments,adjustments,s,SpecialTopicsMiscellanyNeutral,1
*,*,s,,0
*,*,c,,0
:,:,n,,0
-,-,s,,0
Those,those,s,ExpoSpecificationNeutral,0
who,who,s,ExpoSpecificationNeutral,1
had,had,s,NarrOtherNeutral,0
spent,spent,s,NarrOtherNeutral,1
many,many,s,NarrDurationNeutral,0
years,years,s,NarrDurationNeutral,1
abroad,abroad,s,NarrSceneShiftNeutral,0
often,often,s,NarrDurationNeutral,0
found,found,s,OtherOrphanedOther,0
it,it,s,,0
difficult,difficult,s,NegEmotionsDifficult,0
to,to,s,NegEmotionsDifficult,1
readjust,readjust,s,NarrDurationNeutral,0
to,to,s,OtherOrphanedOther,0
life,life,s,NarrBiographyNeutral,0
in,in,s,OtherOrphanedOther,0
India,india,c,SpecialTopicsPlaceNeutral,0
",",",",s,,0
grappling,grappling,s,NegRelOther,0
with,with,s,NegRelOther,1
the,the,s,OtherOrphanedOther,0
rigid,rigid,s,NegEmotionsOther,0
social,social,s,SpecialTopicsMiscellanyNeutral,0
structures,structures,s,SpecialTopicsMiscellanyNeutral,1
they,they,s,NarrOtherNeutral,0
had,had,s,NarrOtherNeutral,1
left,left,s,NarrSceneShiftNeutral,0
behind,behind,c,NarrSceneShiftNeutral,1
.,.,n,,0
-,-,s,,0
Many,many,s,ExpoOtherNeutral,0
women,women,c,CharTypesNeutral,0
",",",",s,,0
in,in,s,ExpoSpecificationNeutral,0
particular,particular,c,ExpoSpecificationNeutral,1
",",",",s,,0
found,found,s,NarrActsNeutral,0
a,a,s,NarrActsNeutral,1
degree,degree,s,SpecialTopicsMiscellanyNeutral,0
of,of,s,SpecialTopicsMiscellanyNeutral,1
personal,personal,s,CharSubjectivityNeutral,0
freedom,freedom,s,PosValuesFreedom,0
in,in,s,OtherOrphanedOther,0
the,the,s,OtherOrphanedOther,0
colonies,colonies,s,SpecialTopicsMiscellanyNeutral,0
that,that,s,OtherOrphanedOther,0
was,was,s,NegValuesLack,0
unavailable,unavailable,s,NegValuesLack,1
to,to,s,NegValuesLack,2
them,them,s,NarrActsNeutral,0
in,in,s,OtherOrphanedOther,0
India,india,c,SpecialTopicsPlaceNeutral,0
",",",",s,,0
and,and,s,OtherSyntacticComplexityOther,0
widows,widows,s,CharTypesNeutral,0
who,who,s,OtherOrphanedOther,0
were,were,s,NegActsAggressive,0
oppressed,oppressed,s,NegActsAggressive,1
in,in,s,OtherOrphanedOther,0
India,india,s,SpecialTopicsPlaceNeutral,0
saw,saw,s,DescriptVisualNeutral,0
migration,migration,s,NarrSceneShiftNeutral,0
as,as,s,ReasoningOtherNeutral,0
a,a,s,ReasoningOtherNeutral,1
form,form,s,ReasoningOtherNeutral,2
of,of,s,ReasoningOtherNeutral,3
escape,escape,c,StratActsPos,0
.,.,n,,0
#,#,s,,0
#,#,s,,0
#,#,c,,0
,,c,,0
#,#,s,,0
#,#,s,,0
#,#,s,,0
Return,return,s,StratOtherPos,0
Experiences,experiences,s,StratOtherPos,1
and,and,s,OtherSyntacticComplexityOther,0
Re-migration,re-migration,n,,0
Those,those,s,ExpoSpecificationNeutral,0
who,who,s,ExpoSpecificationNeutral,1
did,did,s,ForcefulIntenseNeutral,0
return,return,s,NarrDurationNeutral,0
faced,faced,s,DescriptVisualNeutral,0
mixed,mixed,s,SpecialTopicsMiscellanyNeutral,0
experiences,experiences,c,NarrActsNeutral,0
.,.,s,,0
Some,some,s,ExpoOtherNeutral,0
were,were,s,PosValuesAble,0
able,able,s,PosValuesAble,1
to,to,s,PosValuesAble,2
successfully,successfully,s,PosActsAchieve,0
reintegrate,reintegrate,s,NarrDurationNeutral,0
and,and,s,FacilitateSponsorNeutral,0
invest,invest,s,FacilitateSponsorNeutral,1
in,in,s,FacilitateSponsorNeutral,2
their,their,s,CharNamesNeutral,0
communities,communities,c,SpecialTopicsMiscellanyNeutral,0
",",",",s,MetadiscourseContrastNeutral,0
but,but,s,MetadiscourseContrastNeutral,1
many,many,s,ExpoOtherNeutral,0
encountered,encountered,s,ContingentEventNeg,0
difficulties,difficulties,c,NegEmotionsDifficult,0
",",",",s,ExpoExampleNeutral,0
such,such,s,ExpoExampleNeutral,1
as,as,s,ExpoExampleNeutral,2
extortion,extortion,s,NegRelOther,0
in,in,s,DescriptMotionNeutral,0
transit,transit,s,DescriptMotionNeutral,1
or,or,s,OtherSyntacticComplexityOther,0
social,social,s,NegRelAlienate,0
alienation,alienation,s,NegRelAlienate,1
upon,upon,s,OtherOrphanedOther,0
reaching,reaching,s,NarrActsNeutral,0
India,india,c,SpecialTopicsPlaceNeutral,0
.,.,s,,0
Notably,notably,c,ExpoSpecificationNeutral,0
",",",",s,,0
a,a,s,ExpoOtherNeutral,0
portion,portion,s,ExpoOtherNeutral,1
of,of,s,OtherOrphanedOther,0
returnees,returnees,s,CharTypesNeutral,0
eventually,eventually,s,NarrSequenceNeutral,0
chose,chose,s,CharSubjectivityNeutral,0
to,to,s,CharSubjectivityNeutral,1
re-emigrate,re-emigrate,s,NarrDurationNeutral,0
to,to,s,OtherOrphanedOther,0
the,the,s,OtherOrphanedOther,0
colonies,colonies,c,SpecialTopicsMiscellanyNeutral,0
",",",",s,,0
either,either,s,MetadiscourseOtherNeutral,0
due,due,s,ReasoningOtherNeutral,0
to,to,s,ReasoningOtherNeutral,1
dissatisfaction,dissatisfaction,s,NegEmotionsDissatified,0
with,with,s,ContingentRelationshipNeutral,0
the,the,s,ContingentRelationshipNeutral,1
conditions,conditions,s,ContingentRelationshipNeutral,2
in,in,s,OtherOrphanedOther,0
India,india,s,SpecialTopicsPlaceNeutral,0
or,or,s,OtherSyntacticComplexityOther,0
because,because,s,ReasoningOtherNeutral,0
they,they,s,OtherOrphanedOther,0
were,were,s,StratOtherNeg,0
unable,unable,s,StratOtherNeg,1
to,to,s,StratOtherNeg,2
settle,settle,s,PosEmotionsOther,0
back,back,s,PosEmotionsOther,1
into,into,s,DescriptChangeNeutral,0
the,the,s,DescriptChangeNeutral,1
Indian,indian,s,CharTypesNeutral,0
social,social,s,SpecialTopicsMiscellanyNeutral,0
framework,framework,c,SpecialTopicsMiscellanyNeutral,1
.,.,n,,0
#,#,s,,0
#,#,s,,0
#,#,c,,0
,,c,,0
#,#,s,,0
#,#,s,,0
#,#,s,,0
Psychological,psychological,s,SpecialTopicsMiscellanyNeutral,0
Aspect,aspect,n,SpecialTopicsMiscellanyNeutral,0
The,the,s,OtherOrphanedOther,0
psychological,psychological,s,NegEmotionsOther,0
impact,impact,s,NegEmotionsOther,1
of,of,s,OtherSyntacticComplexityOther,0
their,their,s,OtherSyntacticComplexityOther,1
migration,migration,s,StratOtherPos,0
experience,experience,s,StratOtherPos,1
played,played,s,NarrActsNeutral,0
a,a,s,NarrActsNeutral,1
role,role,s,NarrActsNeutral,2
as,as,s,MetadiscourseAdditionNeutral,0
well,well,c,MetadiscourseAdditionNeutral,1
.,.,s,MetadiscourseAdditionNeutral,2
Many,many,s,ExpoOtherNeutral,0
indentured,indentured,s,PubLawNeutral,0
laborers,laborers,s,CharTypesNeutral,0
lived,lived,s,NarrBiographyNeutral,0
in,in,s,NarrBiographyNeutral,1
a,a,s,NarrBiographyNeutral,2
state,state,s,OtherOrphanedOther,0
of,of,s,OtherOrphanedOther,1
mental,mental,s,CharMentalStatesNeutral,0
exile,exile,c,NegRelEvict,0
",",",",s,,0
constantly,constantly,s,NarrDurationNeutral,0
yearning,yearning,s,PosRelIntimate,0
for,for,s,PosRelIntimate,1
their,their,s,PosRelIntimate,2
homeland,homeland,c,,0
",",",",s,,0
as,as,s,OtherOrphanedOther,0
poignantly,poignantly,s,NegEmotionsSadness,0
captured,captured,s,DescriptChangeNeutral,0
by,by,s,OtherOrphanedOther,0
V.S,v.s,c,OtherOrphanedOther,0
.,.,s,OtherOrphanedOther,1
Naipaul,naipaul,c,,0
.,.,s,,0
This,this,s,OtherOrphanedOther,0
yearning,yearning,s,NegEmotionsLovelorn,0
sometimes,sometimes,s,ContingentRelationshipNeutral,0
translated,translated,s,OtherOrphanedOther,0
into,into,s,OtherOrphanedOther,1
a,a,s,OtherOrphanedOther,0
desire,desire,s,PosRelDesire,0
to,to,s,PosRelDesire,1
return,return,c,NarrDurationNeutral,0
",",",",s,,0
even,even,s,MetadiscourseContrastNeutral,0
if,if,s,MetadiscourseContrastNeutral,1
only,only,s,OtherOrphanedOther,0
to,to,s,StratCognitionNeutral,0
die,die,s,StratCognitionNeutral,1
in,in,s,OtherSyntacticComplexityOther,0
their,their,s,OtherSyntacticComplexityOther,1
janmabhumi,janmabhumi,s,,0
(,(,c,OtherOrphanedOther,0
birthplace,birthplace,c,NarrBiographyNeutral,0
),),c,OtherOrphanedOther,0
",",",",s,,0
as,as,s,OtherOrphanedOther,0
narrated,narrated,s,NarrOtherNeutral,0
in,in,s,OtherOrphanedOther,0
some,some,s,ExpoOtherNeutral,0
accounts,accounts,s,CitationAuthoritativePos,0
of,of,s,CitationAuthoritativePos,1
returnees,returnees,s,CharTypesNeutral,0
dressing,dressing,s,DescriptMotionNeutral,0
in,in,s,DescriptMotionNeutral,1
their,their,s,CharNamesNeutral,0
best,best,s,DescriptObjectsNeutral,0
clothes,clothes,c,DescriptObjectsNeutral,1
",",",",s,,0
eagerly,eagerly,s,FutureAnticipatePos,0
anticipating,anticipating,s,FutureAnticipatePos,1
their,their,s,CharNamesNeutral,0
homeland,homeland,c,,0
.,.,n,,0
#,#,s,,0
#,#,s,,0
#,#,c,,0
,,c,,0
#,#,s,,0
#,#,s,,0
#,#,s,,0
Conclusion,conclusion,n,ReasoningConcludeNeutral,0
Overall,overall,c,MetadiscourseCuesNeutral,0
",",",",s,,0
while,while,s,NarrDurationNeutral,0
a,a,s,NarrDurationNeutral,1
notable,notable,s,ExpoOtherNeutral,0
portion,portion,s,ExpoOtherNeutral,1
of,of,s,OtherOrphanedOther,0
indentured,indentured,s,PubLawNeutral,0
laborers,laborers,s,CharTypesNeutral,0
initially,initially,s,NarrSequenceNeutral,0
intended,intended,s,CharTraitsNeutral,0
to,to,s,CharTraitsNeutral,1
return,return,s,NarrSceneShiftNeutral,0
to,to,s,NarrSceneShiftNeutral,1
India,india,s,SpecialTopicsPlaceNeutral,0
—,—,s,,0
and,and,s,OtherSyntacticComplexityOther,0
some,some,s,ExpoOtherNeutral,0
did,did,s,ForcefulIntenseNeutral,0
—,—,s,,0
various,various,s,SpecialTopicsMiscellanyNeutral,0
economic,economic,c,SpecialTopicsMiscellanyNeutral,0
",",",",s,,0
social,social,c,,0
",",",",s,,0
and,and,s,OtherSyntacticComplexityOther,0
psychological,psychological,s,SpecialTopicsMiscellanyNeutral,0
factors,factors,c,SpecialTopicsMiscellanyNeutral,1
",",",",s,,0
compounded,compounded,s,OtherOrphanedOther,0
by,by,s,OtherOrphanedOther,0
colonial,colonial,s,PubAdministrationNeutral,0
policies,policies,c,PubAdministrationNeutral,1
",",",",s,,0
led,led,s,PubAdministrationNeutral,0
the,the,s,PubAdministrationNeutral,1
majority,majority,s,SpecialTopicsMiscellanyNeutral,0
to,to,s,OtherOrphanedOther,0
remain,remain,s,NarrDurationNeutral,0
in,in,s,OtherSyntacticComplexityOther,0
their,their,s,OtherSyntacticComplexityOther,1
colonial,colonial,s,DescriptVisualNeutral,0
homes,homes,c,DescriptVisualNeutral,1
.,.,s,,0
Their,their,s,CharNamesNeutral,0
struggle,struggle,s,,0
and,and,s,OtherSyntacticComplexityOther,0
legacy,legacy,s,NarrOtherNeutral,0
form,form,s,DescriptChangeNeutral,0
an,an,s,DescriptChangeNeutral,1
essential,essential,s,ExpoOtherNeutral,0
narrative,narrative,s,SpecialTopicsMiscellanyNeutral,0
in,in,s,OtherOrphanedOther,0
understanding,understanding,s,InquiryLearningNeutral,0
the,the,s,InquiryLearningNeutral,1
broader,broader,s,NarrOtherNeutral,0
history,history,s,NarrOtherNeutral,1
of,of,s,OtherOrphanedOther,0
Indian,indian,s,PubLawNeutral,0
indenture,indenture,s,PubLawNeutral,1
and,and,s,OtherSyntacticComplexityOther,0
diaspora,diaspora,c,SpecialTopicsMiscellanyNeutral,0
.,.,n,,0
Sources,sources,s,SpecialTopicsMiscellanyNeutral,0
used,used,c,NarrActsNeutral,0
:,:,n,,0
-,-,s,,0
Bates,bates,c,DescriptMotionNeutral,0
",",",",s,,0
C,c,c,OtherOrphanedOther,0
.,.,s,OtherOrphanedOther,1
(,(,c,OtherOrphanedOther,0
Ed,ed,c,SpecialTopicsMiscellanyNeutral,0
.,.,c,SpecialTopicsMiscellanyNeutral,1
),),c,OtherOrphanedOther,0
.,.,s,,0
(,(,c,OtherOrphanedOther,0
2024,2024,c,NarrDurationNeutral,0
),),c,OtherOrphanedOther,0
.,.,s,,0
Beyond,beyond,s,OtherOrphanedOther,0
Indenture,indenture,c,PubLawNeutral,0
.,.,s,,0
txt,txt,n,,0
-,-,s,,0
Benton,benton,c,CharNamesNeutral,0
",",",",s,,0
G,g,c,OtherOrphanedOther,0
.,.,s,OtherOrphanedOther,1
(,(,c,OtherOrphanedOther,0
2022,2022,c,CitationReferenceNeutral,0
),),c,CitationReferenceNeutral,1
.,.,s,,0
Chinese,chinese,s,CharTypesNeutral,0
Indentured,indentured,s,PubLawNeutral,0
Labour,labour,s,,0
in,in,s,OtherOrphanedOther,0
the,the,s,OtherOrphanedOther,0
Dutch,dutch,s,CharTypesNeutral,0
East,east,s,SpecialTopicsPlaceNeutral,0
Indies,indies,c,SpecialTopicsPlaceNeutral,1
.,.,s,,0
txt,txt,n,,0
-,-,s,,0
Buddingh,buddingh,c,,0
’,',c,,0
",",",",s,,0
H,h,c,OtherOrphanedOther,0
.,.,s,OtherOrphanedOther,1
(,(,c,CitationReferenceNeutral,0
1995,1995,c,CitationReferenceNeutral,1
),),c,CitationReferenceNeutral,2
.,.,s,,0
A,a,s,OtherOrphanedOther,0
history,history,s,NarrOtherNeutral,0
of,of,s,NarrOtherNeutral,1
Suriname,suriname,c,SpecialTopicsPlaceNeutral,0
.,.,s,,0
txt,txt,n,,0
-,-,s,,0
Hassankhan,hassankhan,c,,0
",",",",s,,0
M,m,c,OtherOrphanedOther,0
.,.,s,OtherOrphanedOther,1
S,s,c,OtherOrphanedOther,0
.,.,c,OtherOrphanedOther,1
",",",",s,,0
Roopnarine,roopnarine,c,,0
",",",",s,,0
L,l,c,OtherOrphanedOther,0
.,.,c,OtherOrphanedOther,1
",",",",s,,0
&,&,s,,0
Mahase,mahase,c,,0
",",",",s,,0
R,r,c,OtherOrphanedOther,0
.,.,s,OtherOrphanedOther,1
(,(,c,OtherOrphanedOther,0
2016,2016,c,CitationReferenceNeutral,0
),),c,CitationReferenceNeutral,1
.,.,s,,0
Social,social,s,,0
and,and,s,OtherSyntacticComplexityOther,0
cultural,cultural,s,SpecialTopicsMiscellanyNeutral,0
dimensions,dimensions,s,SpecialTopicsMiscellanyNeutral,0
of,of,s,OtherOrphanedOther,0
Indian,indian,s,PubLawNeutral,0
indentured,indentured,s,PubLawNeutral,1
labour,labour,s,,0
and,and,s,OtherSyntacticComplexityOther,0
its,its,s,OtherOrphanedOther,0
diaspora,diaspora,c,SpecialTopicsMiscellanyNeutral,0
.,.,s,,0
txt,txt,n,,0
-,-,s,,0
Hassankhan,hassankhan,c,,0
",",",",s,,0
M,m,c,OtherOrphanedOther,0
.,.,s,OtherOrphanedOther,1
S,s,c,OtherOrphanedOther,0
.,.,c,OtherOrphanedOther,1
",",",",s,,0
Roopnarine,roopnarine,c,,0
",",",",s,,0
L,l,c,OtherOrphanedOther,0
.,.,c,OtherOrphanedOther,1
",",",",s,,0
White,white,c,DescriptVisualNeutral,0
",",",",s,,0
C,c,c,OtherOrphanedOther,0
.,.,c,OtherOrphanedOther,1
",",",",s,,0
&,&,s,,0
Mahase,mahase,c,,0
",",",",s,,0
R,r,c,OtherOrphanedOther,0
.,.,s,OtherOrphanedOther,1
(,(,c,OtherOrphanedOther,0
Eds,eds,c,SpecialTopicsMiscellanyNeutral,0
.,.,c,,0
),),c,OtherOrphanedOther,0
.,.,s,,0
(,(,c,OtherOrphanedOther,0
2016,2016,c,CitationReferenceNeutral,0
),),c,CitationReferenceNeutral,1
.,.,s,,0
Legacy,legacy,s,PubAdministrationNeutral,0
of,of,s,PubAdministrationNeutral,1
Slavery,slavery,s,NegRelServility,0
and,and,s,OtherSyntacticComplexityOther,0
Indentured,indentured,s,PubLawNeutral,0
Labour,labour,c,,0
.,.,s,,0
txt,txt,n,,0
-,-,s,,0
Hegde,hegde,c,,0
",",",",s,,0
R,r,c,OtherOrphanedOther,0
.,.,s,OtherOrphanedOther,1
S,s,c,OtherOrphanedOther,0
.,.,c,OtherOrphanedOther,1
",",",",s,,0
&,&,s,,0
Sahoo,sahoo,c,,0
",",",",s,,0
A,a,c,OtherOrphanedOther,0
.,.,s,OtherOrphanedOther,1
K,k,c,OtherOrphanedOther,0
.,.,s,OtherOrphanedOther,1
(,(,c,OtherOrphanedOther,0
Eds,eds,c,SpecialTopicsMiscellanyNeutral,0
.,.,c,,0
),),c,OtherOrphanedOther,0
.,.,s,,0
(,(,c,OtherOrphanedOther,0
2018,2018,c,CitationReferenceNeutral,0
),),c,CitationReferenceNeutral,1
.,.,s,,0
Routledge,routledge,s,CharNamesNeutral,0
handbook,handbook,s,PubAdministrationNeutral,0
of,of,s,PubAdministrationNeutral,1
the,the,s,CharTypesNeutral,0
Indian,indian,s,CharTypesNeutral,1
diaspora,diaspora,c,SpecialTopicsMiscellanyNeutral,0
.,.,s,,0
txt,txt,n,,0
-,-,s,,0
Kumar,kumar,c,CharNamesNeutral,0
",",",",s,,0
A,a,c,OtherOrphanedOther,0
.,.,c,OtherOrphanedOther,1
",",",",s,,0
&,&,s,,0
Bates,bates,c,DescriptMotionNeutral,0
",",",",s,,0
C,c,c,OtherOrphanedOther,0
.,.,s,OtherOrphanedOther,1
(,(,c,OtherOrphanedOther,0
Eds,eds,c,SpecialTopicsMiscellanyNeutral,0
.,.,c,,0
),),c,OtherOrphanedOther,0
.,.,s,,0
(,(,c,OtherOrphanedOther,0
2024,2024,c,NarrDurationNeutral,0
),),c,OtherOrphanedOther,0
.,.,s,,0
Girmitiyas,girmitiyas,s,,0
and,and,s,OtherSyntacticComplexityOther,0
the,the,s,OtherSyntacticComplexityOther,1
Global,global,s,SpecialTopicsMiscellanyNeutral,0
Indian,indian,s,CharTypesNeutral,0
Diaspora,diaspora,c,SpecialTopicsMiscellanyNeutral,0
:,:,s,,0
Origins,origins,c,NarrSequenceNeutral,0
",",",",s,,0
Memories,memories,c,CharMentalStatesNeutral,0
",",",",s,,0
and,and,s,OtherSyntacticComplexityOther,0
Identity,identity,c,SpecialTopicsMiscellanyNeutral,0
.,.,s,,0
txt,txt,n,,0
-,-,s,,0
Neus,neus,c,,0
",",",",s,,0
H,h,c,OtherOrphanedOther,0
.,.,s,OtherOrphanedOther,1
(,(,c,OtherOrphanedOther,0
2022,2022,c,CitationReferenceNeutral,0
),),c,CitationReferenceNeutral,1
.,.,s,,0
Collective,collective,s,PubCognitionNeutral,0
Memory,memory,c,PubCognitionNeutral,1
",",",",s,,0
Identity,identity,s,SpecialTopicsMiscellanyNeutral,0
and,and,s,OtherSyntacticComplexityOther,0
the,the,s,OtherSyntacticComplexityOther,1
Legacies,legacies,s,PubAdministrationNeutral,0
of,of,s,PubAdministrationNeutral,1
Slavery,slavery,s,NegRelServility,0
and,and,s,OtherSyntacticComplexityOther,0
Indenture,indenture,c,PubLawNeutral,0
.,.,s,,0
txt,txt,n,,0
-,-,s,,0
V,v,s,OtherOrphanedOther,0
Lal,lal,c,CharNamesNeutral,0
",",",",s,,0
B,b,c,OtherOrphanedOther,0
.,.,s,OtherOrphanedOther,1
(,(,c,CitationReferenceNeutral,0
2012,2012,c,CitationReferenceNeutral,1
),),c,CitationReferenceNeutral,2
.,.,s,,0
Chalo,chalo,s,,0
Jahaji,jahaji,c,,0
:,:,s,,0
On,on,s,NarrDurationNeutral,0
a,a,s,NarrDurationNeutral,1
journey,journey,s,NarrDurationNeutral,2
through,through,s,OtherOrphanedOther,0
indenture,indenture,s,PubLawNeutral,0
in,in,s,OtherOrphanedOther,0
Fiji,fiji,c,SpecialTopicsPlaceNeutral,0
.,.,s,,0
txt,txt,n,,0
-,-,s,,0
Valdez,valdez,c,,0
",",",",s,,0
I,i,c,OtherOrphanedOther,0
.,.,s,OtherOrphanedOther,1
(,(,c,OtherOrphanedOther,0
2021,2021,c,NarrDurationNeutral,0
),),c,OtherOrphanedOther,0
.,.,s,,0
Socialism,socialism,s,PubPoliticsNeutral,0
and,and,s,OtherSyntacticComplexityOther,0
empire,empire,c,PubAdministrationNeutral,0
:,:,s,InterCommandNeutral,0
labor,labor,s,InterCommandNeutral,1
mobility,mobility,c,PosValuesOther,0
",",",",s,,0
racial,racial,s,PubPoliticsNeutral,0
capitalism,capitalism,c,PubPoliticsNeutral,1
",",",",s,,0
and,and,s,OtherSyntacticComplexityOther,0
the,the,s,OtherSyntacticComplexityOther,1
political,political,s,SpecialTopicsMiscellanyNeutral,0
theory,theory,s,SpecialTopicsMiscellanyNeutral,1
of,of,s,OtherOrphanedOther,0
migration,migration,c,NarrSceneShiftNeutral,0
.,.,s,,0
txt,txt,n,,0
-,-,s,,0
Ward,ward,c,SpecialTopicsPlaceNeutral,0
",",",",s,,0
A,a,c,OtherOrphanedOther,0
.,.,s,OtherOrphanedOther,1
(,(,c,CitationReferenceNeutral,0
2013,2013,c,CitationReferenceNeutral,1
),),c,CitationReferenceNeutral,2
.,.,s,,0
Assuming,assuming,s,ResponsibilityAcceptNeutral,0
the,the,s,ResponsibilityAcceptNeutral,1
burden,burden,s,ResponsibilityAcceptNeutral,2
of,of,s,OtherOrphanedOther,0
memory,memory,c,CharMentalStatesNeutral,0
:,:,s,,0
The,the,s,OtherOrphanedOther,0
translation,translation,s,SpecialTopicsMiscellanyNeutral,0
of,of,s,OtherOrphanedOther,0
Indian,indian,s,PubLawNeutral,0
indenture,indenture,s,PubLawNeutral,1
in,in,s,OtherOrphanedOther,0
Peggy,peggy,s,CharNamesNeutral,0
Mohan’s,mohan’s,s,,0
Jahajin,jahajin,c,,0
.,.,s,,0
txt,txt,n,,0
Testimonies,testimonies,s,PubAdministrationNeutral,0
and,and,s,OtherSyntacticComplexityOther,0
narratives,narratives,s,SpecialTopicsMiscellanyNeutral,0
from,from,s,OtherOrphanedOther,0
indentured,indentured,s,PubLawNeutral,0
labourers,labourers,s,CharTypesNeutral,0
offer,offer,s,NarrActsNeutral,0
invaluable,invaluable,s,PosValuesOther,0
insights,insights,s,PosValuesOther,1
into,into,s,DescriptChangeNeutral,0
the,the,s,DescriptChangeNeutral,1
lived,lived,s,StratOtherPos,0
experiences,experiences,s,StratOtherPos,1
under,under,s,DescriptVisualNeutral,0
the,the,s,DescriptVisualNeutral,1
indenture,indenture,s,SpecialTopicsMiscellanyNeutral,0
system,system,c,SpecialTopicsMiscellanyNeutral,1
.,.,s,,0
These,these,s,OtherOrphanedOther,0
personal,personal,s,CharSubjectivityNeutral,0
accounts,accounts,c,SpecialTopicsMiscellanyNeutral,0
",",",",s,,0
often,often,s,NarrDurationNeutral,0
articulated,articulated,s,InterOtherNeutral,0
through,through,s,OtherOrphanedOther,0
“,",c,,0
testimonios,testimonios,c,,0
",",",",c,,0
”,",s,,0
provide,provide,s,FacilitateSponsorNeutral,0
a,a,s,FacilitateSponsorNeutral,1
stark,stark,s,ForcefulEmphaticNeutral,0
contrast,contrast,s,ForcefulEmphaticNeutral,1
to,to,s,OtherOrphanedOther,0
the,the,s,OtherOrphanedOther,0
official,official,s,PubAdministrationNeutral,0
records,records,s,PubAdministrationNeutral,1
and,and,s,OtherSyntacticComplexityOther,0
reports,reports,s,CitationOtherNeutral,0
that,that,s,CitationOtherNeutral,1
were,were,s,NarrDurationNeutral,0
usually,usually,s,NarrDurationNeutral,1
influenced,influenced,s,NarrBiographyNeutral,0
by,by,s,NarrBiographyNeutral,1
colonial,colonial,s,SpecialTopicsMiscellanyNeutral,0
interests,interests,c,OtherOrphanedOther,0
.,.,n,,0
One,one,s,ForcefulEmphaticNeutral,0
of,of,s,ForcefulEmphaticNeutral,1
the,the,s,ForcefulEmphaticNeutral,2
most,most,s,ForcefulEmphaticNeutral,3
notable,notable,s,ForcefulEmphaticNeutral,0
testimonies,testimonies,s,PubAdministrationNeutral,0
is,is,s,ForcefulEmphaticNeutral,0
from,from,s,ForcefulEmphaticNeutral,1
Totaram,totaram,s,,0
Sanadhya,sanadhya,c,,0
",",",",s,,0
an,an,s,CharTypesNeutral,0
Indian,indian,s,CharTypesNeutral,1
indentured,indentured,s,PubLawNeutral,0
labourer,labourer,s,CharTypesNeutral,0
who,who,s,OtherOrphanedOther,0
documented,documented,s,StratCognitionNeutral,0
his,his,s,StratCognitionNeutral,1
experiences,experiences,s,StratOtherPos,0
in,in,s,StratOtherPos,1
Fiji,fiji,c,SpecialTopicsPlaceNeutral,0
.,.,s,,0
His,his,s,CharNamesNeutral,0
narratives,narratives,c,SpecialTopicsMiscellanyNeutral,0
",",",",s,ExpoExampleNeutral,0
such,such,s,ExpoExampleNeutral,1
as,as,s,ExpoExampleNeutral,2
the,the,s,SpecialTopicsMiscellanyNeutral,0
stories,stories,s,SpecialTopicsMiscellanyNeutral,1
of,of,s,OtherOrphanedOther,0
Laliya,laliya,s,,0
and,and,s,OtherSyntacticComplexityOther,0
Guljari,guljari,c,,0
",",",",s,,0
highlight,highlight,s,OtherOrphanedOther,0
the,the,s,OtherOrphanedOther,1
deceptive,deceptive,s,NegRelTrickery,0
practices,practices,s,NegRelTrickery,1
used,used,s,NarrActsNeutral,0
by,by,s,OtherOrphanedOther,0
recruiters,recruiters,s,CharTypesNeutral,0
known,known,s,NarrActsNeutral,0
as,as,s,NarrActsNeutral,1
arkatis,arkatis,s,,0
who,who,s,OtherOrphanedOther,0
lured,lured,s,OtherOrphanedOther,0
laborers,laborers,s,CharTypesNeutral,0
with,with,s,OtherOrphanedOther,0
false,false,s,NegValuesOther,0
promises,promises,c,NegValuesOther,1
.,.,s,,0
Sanadhya's,sanadhya's,s,,0
testimonio,testimonio,s,,0
depicts,depicts,s,DescriptVisualNeutral,0
the,the,s,DescriptVisualNeutral,1
agonizing,agonizing,s,NarrSceneShiftNeg,0
journey,journey,s,NarrSceneShiftNeg,1
of,of,s,OtherOrphanedOther,0
Laliya,laliya,c,,0
",",",",s,CharNamesNeutral,0
who,who,s,CharNamesNeutral,1
traveled,traveled,s,NarrSceneShiftNeutral,0
to,to,s,NarrSceneShiftNeutral,1
Fiji,fiji,s,SpecialTopicsPlaceNeutral,0
with,with,s,OtherOrphanedOther,0
her,her,s,CharNamesNeutral,0
daughter,daughter,s,CharTypesNeutral,0
in,in,s,StratCognitionNeutral,0
search,search,s,StratCognitionNeutral,1
of,of,s,StratCognitionNeutral,2
her,her,s,CharNamesNeutral,0
husband,husband,s,NarrBiographyNeutral,0
Ismail,ismail,c,CharNamesNeutral,0
",",",",s,,0
showcasing,showcasing,s,UpdatesOtherNeutral,0
the,the,s,UpdatesOtherNeutral,1
human,human,s,SpecialTopicsMiscellanyNeutral,0
toll,toll,s,DescriptMotionNeutral,0
of,of,s,OtherOrphanedOther,0
indenture,indenture,c,PubLawNeutral,0
.,.,n,,0
These,these,s,OtherOrphanedOther,0
testimonios,testimonios,s,,0
reveal,reveal,s,InquiryDiscoveryNeutral,0
the,the,s,OtherOrphanedOther,0
brutal,brutal,s,NegActsAggressive,0
conditions,conditions,s,NegActsAggressive,1
endured,endured,s,CharTraitsNeutral,0
by,by,s,OtherOrphanedOther,0
indentured,indentured,s,PubLawNeutral,0
laborers,laborers,c,CharTypesNeutral,0
:,:,s,,0
cramped,cramped,s,DescriptVisualNeg,0
ship,ship,s,DescriptVisualNeg,1
quarters,quarters,c,DescriptVisualNeg,2
",",",",s,,0
insufficient,insufficient,s,NegValuesInsufficient,0
food,food,s,NegValuesInsufficient,1
(,(,c,OtherOrphanedOther,0
often,often,s,DescriptOtherNeutral,0
described,described,s,DescriptOtherNeutral,1
as,as,s,DescriptOtherNeutral,2
dog-biscuits,dog-biscuits,c,,0
",",",",s,,0
sugar,sugar,c,DescriptObjectsNeutral,0
",",",",s,,0
rice,rice,c,DescriptObjectsNeutral,0
",",",",s,,0
and,and,s,OtherSyntacticComplexityOther,0
dried,dried,s,DescriptObjectsNeutral,0
fish,fish,c,DescriptObjectsNeutral,1
),),c,OtherOrphanedOther,0
",",",",s,,0
and,and,s,OtherSyntacticComplexityOther,0
the,the,s,OtherSyntacticComplexityOther,1
dehumanizing,dehumanizing,s,NegRelDehumanize,0
nature,nature,s,NegRelDehumanize,1
of,of,s,PubAdministrationNeutral,0
life,life,s,PubAdministrationNeutral,1
in,in,s,OtherOrphanedOther,0
the,the,s,OtherOrphanedOther,0
colonies,colonies,c,SpecialTopicsMiscellanyNeutral,0
",",",",s,,0
where,where,s,OtherOrphanedOther,0
they,they,s,OtherOrphanedOther,0
were,were,s,NegActsAggressive,0
subjected,subjected,s,NegActsAggressive,1
to,to,s,NegActsAggressive,2
racial,racial,s,SpecialTopicsMiscellanyNeutral,0
segregation,segregation,s,SpecialTopicsMiscellanyNeutral,1
and,and,s,OtherSyntacticComplexityOther,0
severe,severe,s,NegEmotionsSevere,0
labor,labor,s,ContingentEventNeutral,0
conditions,conditions,c,ContingentEventNeutral,1
.,.,s,,0
Women,women,c,CharTypesNeutral,0
",",",",s,,0
in,in,s,ExpoSpecificationNeutral,0
particular,particular,c,ExpoSpecificationNeutral,1
",",",",s,,0
faced,faced,s,DescriptVisualNeutral,0
harsh,harsh,s,NegEmotionsRealityHard,0
realities,realities,c,NegEmotionsRealityHard,1
",",",",s,,0
being,being,s,DescriptVisualNeutral,0
seen,seen,s,DescriptVisualNeutral,1
both,both,s,OtherSyntacticComplexityOther,0
as,as,s,OtherOrphanedOther,0
productive,productive,s,PosValuesOther,0
workers,workers,s,PosValuesOther,1
and,and,s,OtherSyntacticComplexityOther,0
subject,subject,s,ContingentPossibilityNeg,0
to,to,s,ContingentPossibilityNeg,1
exploitation,exploitation,s,ContingentPossibilityNeg,2
and,and,s,OtherSyntacticComplexityOther,0
oppressive,oppressive,s,NegActsAggressive,0
gender,gender,s,SpecialTopicsMiscellanyNeutral,0
norms,norms,c,PubAdministrationNeutral,0
.,.,s,,0
Despite,despite,s,MetadiscourseContrastNeutral,0
this,this,c,MetadiscourseContrastNeutral,1
",",",",s,,0
they,they,s,OtherOrphanedOther,0
played,played,s,OtherOrphanedOther,0
crucial,crucial,s,ForcefulEmphaticNeutral,0
roles,roles,s,ForcefulEmphaticNeutral,1
in,in,s,OtherOrphanedOther,0
maintaining,maintaining,s,NarrDurationNeutral,0
cultural,cultural,s,SpecialTopicsMiscellanyNeutral,0
practices,practices,s,OtherOrphanedGenericActivity,0
and,and,s,OtherSyntacticComplexityOther,0
the,the,s,OtherSyntacticComplexityOther,1
social,social,s,PubAdministrationNeutral,0
fabric,fabric,s,PubAdministrationNeutral,1
of,of,s,OtherSyntacticComplexityOther,0
their,their,s,OtherSyntacticComplexityOther,1
communities,communities,c,SpecialTopicsMiscellanyNeutral,0
.,.,n,,0
Resistance,resistance,s,NegActsResist,0
was,was,s,NarrOtherNeutral,0
part,part,s,SpecialTopicsMiscellanyNeutral,0
of,of,s,SpecialTopicsMiscellanyNeutral,1
the,the,s,SpecialTopicsMiscellanyNeutral,2
indenture,indenture,s,PubLawNeutral,0
experience,experience,c,NarrActsNeutral,0
.,.,s,,0
Some,some,s,ExpoOtherNeutral,0
laborers,laborers,s,CharTypesNeutral,0
resisted,resisted,s,NegActsResist,0
individually,individually,s,SpecialTopicsMiscellanyNeutral,0
through,through,s,OtherOrphanedOther,0
work,work,s,DescriptChangeNeg,0
slowdowns,slowdowns,s,DescriptChangeNeg,1
or,or,s,OtherSyntacticComplexityOther,0
fleeing,fleeing,c,NarrSceneShiftNeutral,0
",",",",s,,0
while,while,s,NarrDurationNeutral,0
collective,collective,s,CharTraitsNeutral,0
efforts,efforts,s,CharTraitsNeutral,1
were,were,s,NarrOtherNeutral,0
less,less,s,ExpoComparisonNeutral,0
common,common,s,OtherOrphanedOther,0
but,but,s,MetadiscourseContrastNeutral,0
notable,notable,c,ForcefulEmphaticNeutral,0
",",",",s,ExpoExampleNeutral,0
such,such,s,ExpoExampleNeutral,1
as,as,s,ExpoExampleNeutral,2
the,the,s,OtherOrphanedOther,0
Gandhi-led,gandhi-led,s,,0
strike,strike,s,ForcefulEmphaticNeutral,0
in,in,s,ForcefulEmphaticNeutral,1
1913,1913,s,NarrOtherNeutral,0
in,in,s,OtherOrphanedOther,0
Natal,natal,c,SpecialTopicsMiscellanyNeutral,0
.,.,s,,0
The,the,s,OtherOrphanedOther,0
resilience,resilience,s,PosActsResilience,0
and,and,s,OtherSyntacticComplexityOther,0
agency,agency,s,PubAdministrationNeutral,0
shown,shown,s,CitationAuthoritativePos,0
by,by,s,CitationAuthoritativePos,1
the,the,s,OtherOrphanedOther,0
indentured,indentured,s,PubLawNeutral,0
are,are,s,ForcefulSignificantNeutral,0
important,important,s,ForcefulSignificantNeutral,1
facets,facets,s,SpecialTopicsMiscellanyNeutral,0
of,of,s,SpecialTopicsMiscellanyNeutral,1
their,their,s,CharNamesNeutral,0
stories,stories,c,NarrSequenceNeutral,0
",",",",s,ReasoningConcludeNeutral,0
suggesting,suggesting,s,ReasoningConcludeNeutral,1
that,that,s,ReasoningConcludeNeutral,2
while,while,s,NarrDurationNeutral,0
many,many,s,ExpoOtherNeutral,0
were,were,s,NegActsMislead,0
misled,misled,s,NegActsMislead,1
into,into,s,OtherOrphanedOther,0
indenture,indenture,c,PubLawNeutral,0
",",",",s,,0
they,they,s,OtherOrphanedOther,0
were,were,s,NarrOtherNeutral,0
not,not,s,NegActsResist,0
passive,passive,s,NegActsVictimized,0
victims,victims,c,NegActsVictimized,1
.,.,s,,0
Rather,rather,c,NegActsResist,0
",",",",s,NegActsResist,1
they,they,s,OtherOrphanedOther,0
sought,sought,s,OtherOrphanedOther,1
opportunities,opportunities,s,FacilitateEnablePos,0
for,for,s,FacilitateEnablePos,1
betterment,betterment,c,DescriptChangePos,0
",",",",s,,0
away,away,s,DescriptVisualNeutral,0
from,from,s,DescriptVisualNeutral,1
the,the,s,DescriptVisualNeutral,2
rigid,rigid,s,NegEmotionsOther,0
caste,caste,s,SpecialTopicsMiscellanyNeutral,0
structures,structures,s,SpecialTopicsMiscellanyNeutral,0
and,and,s,OtherSyntacticComplexityOther,0
economic,economic,s,NegActsResist,0
hardships,hardships,s,NegActsResist,1
of,of,s,OtherOrphanedOther,0
India,india,c,SpecialTopicsPlaceNeutral,0
.,.,n,,0
While,while,s,NarrDurationNeutral,0
official,official,s,InquiryOtherNeutral,0
inquiries,inquiries,c,InquiryOtherNeutral,1
",",",",s,ExpoComparisonNeutral,0
like,like,s,ExpoComparisonNeutral,1
the,the,s,ExpoComparisonNeutral,2
Sanderson,sanderson,s,CharNamesNeutral,0
Committee,committee,c,PubAdministrationNeutral,0
",",",",s,,0
often,often,s,NarrDurationNeutral,0
downplayed,downplayed,s,CharSubjectivityNeg,0
the,the,s,NegActsAggressive,0
abuses,abuses,s,NegActsAggressive,1
of,of,s,OtherSyntacticComplexityOther,0
the,the,s,OtherSyntacticComplexityOther,1
system,system,c,SpecialTopicsMiscellanyNeutral,0
",",",",s,,0
the,the,s,OtherOrphanedOther,0
voices,voices,s,DescriptObjectsNeutral,0
from,from,s,OtherOrphanedOther,0
testimonies,testimonies,s,PubAdministrationNeutral,0
tell,tell,s,UpdatesOtherNeutral,0
a,a,s,OtherOrphanedOther,0
different,different,s,NarrSequenceNeutral,0
story,story,c,NarrSequenceNeutral,1
.,.,s,NarrActsNeutral,0
They,they,s,NarrActsNeutral,1
detail,detail,s,InterOtherNeutral,0
the,the,s,InterOtherNeutral,1
disconnect,disconnect,s,NegRelDisconnect,0
between,between,s,OtherOrphanedOther,0
the,the,s,OtherOrphanedOther,0
promises,promises,s,FutureOtherPos,0
made,made,s,NarrActsNeutral,0
and,and,s,OtherSyntacticComplexityOther,0
the,the,s,OtherSyntacticComplexityOther,1
harsh,harsh,s,NegEmotionsRealityHard,0
realities,realities,s,NegEmotionsRealityHard,1
faced,faced,c,DescriptVisualNeutral,0
",",",",s,,0
underscoring,underscoring,s,ForcefulEmphaticNeutral,0
the,the,s,ForcefulEmphaticNeutral,1
oppressive,oppressive,s,NegActsAggressive,0
nature,nature,s,SpecialTopicsMiscellanyNeutral,0
of,of,s,OtherSyntacticComplexityOther,0
the,the,s,OtherSyntacticComplexityOther,1
system,system,c,SpecialTopicsMiscellanyNeutral,0
",",",",s,OtherOrphanedOther,0
which,which,s,OtherOrphanedOther,1
some,some,s,OtherOrphanedOther,2
scholars,scholars,s,CharTypesNeutral,0
and,and,s,OtherSyntacticComplexityOther,0
contemporaries,contemporaries,s,NarrSimultaneityNeutral,0
likened,likened,s,DescriptVisualNeutral,0
to,to,s,DescriptVisualNeutral,1
a,a,s,OtherOrphanedOther,0
“,",c,,0
new,new,s,PosValuesInnovative,0
system,system,s,PosValuesInnovative,1
of,of,s,OtherOrphanedOther,0
slavery,slavery,c,NegRelServility,0
.,.,c,,0
”,",n,,0
Testimonies,testimonies,s,PubAdministrationNeutral,0
also,also,s,MetadiscourseAdditionNeutral,0
highlight,highlight,s,OtherOrphanedOther,0
the,the,s,OtherOrphanedOther,1
complexity,complexity,s,UncertaintyOtherNeutral,0
of,of,s,UncertaintyOtherNeutral,1
the,the,s,OtherOrphanedOther,0
indenture,indenture,s,PubLawNeutral,0
system's,system's,s,SpecialTopicsMiscellanyNeutral,0
impact,impact,s,StratCoordinationNeutral,0
on,on,s,StratCoordinationNeutral,1
social,social,s,SpecialTopicsMiscellanyNeutral,0
dynamics,dynamics,c,SpecialTopicsMiscellanyNeutral,1
.,.,s,,0
The,the,s,OtherOrphanedOther,0
dismantling,dismantling,s,NegActsDismantle,0
of,of,s,OtherSyntacticComplexityOther,0
the,the,s,OtherSyntacticComplexityOther,1
caste,caste,c,SpecialTopicsMiscellanyNeutral,0
",",",",s,,0
the,the,s,ExpoOtherNeutral,0
formation,formation,s,ExpoOtherNeutral,1
of,of,s,ExpoOtherNeutral,2
new,new,s,NarrImmediacyNeutral,0
social,social,s,SpecialTopicsMiscellanyNeutral,0
structures,structures,s,SpecialTopicsMiscellanyNeutral,1
in,in,s,OtherOrphanedOther,0
the,the,s,OtherOrphanedOther,0
diaspora,diaspora,c,SpecialTopicsMiscellanyNeutral,0
",",",",s,,0
and,and,s,OtherSyntacticComplexityOther,0
the,the,s,OtherSyntacticComplexityOther,1
preservation,preservation,s,PubAdministrationNeutral,0
of,of,s,OtherOrphanedOther,0
cultural,cultural,s,SpecialTopicsMiscellanyNeutral,0
practices,practices,s,OtherOrphanedGenericActivity,0
despite,despite,s,MetadiscourseContrastNeutral,0
adversity,adversity,s,NegRelAdverse,0
mark,mark,s,SpecialTopicsMiscellanyNeutral,0
significant,significant,s,NarrTurningPointNeutral,0
changes,changes,s,NarrTurningPointNeutral,1
experienced,experienced,s,NarrActsNeutral,0
by,by,s,OtherOrphanedOther,0
the,the,s,OtherOrphanedOther,0
indentured,indentured,s,PubLawNeutral,0
communities,communities,c,SpecialTopicsMiscellanyNeutral,0
.,.,n,,0
These,these,s,OtherOrphanedOther,0
narratives,narratives,c,SpecialTopicsMiscellanyNeutral,0
",",",",s,,0
along,along,s,OtherSyntacticComplexityOther,0
with,with,s,OtherSyntacticComplexityOther,1
documented,documented,s,StratCognitionNeutral,0
oral,oral,s,ExpoOtherNeutral,0
histories,histories,c,ExpoOtherNeutral,1
",",",",s,,0
contribute,contribute,s,DescriptChangePos,0
to,to,s,DescriptChangePos,1
a,a,s,ExpoComparisonNeutral,0
more,more,s,ExpoComparisonNeutral,1
nuanced,nuanced,s,ReasoningAnalyzeNeutral,0
understanding,understanding,s,ReasoningAnalyzeNeutral,1
of,of,s,OtherOrphanedOther,0
indenture,indenture,s,PubLawNeutral,0
—,—,s,,0
beyond,beyond,s,OtherOrphanedOther,0
its,its,s,OtherOrphanedOther,0
official,official,s,PubAdministrationNeutral,0
portrayal,portrayal,s,DescriptOtherNeutral,0
as,as,s,DescriptOtherNeutral,1
a,a,s,OtherOrphanedOther,0
voluntary,voluntary,s,CharTraitsNeutral,0
and,and,s,OtherSyntacticComplexityOther,0
beneficial,beneficial,s,PosValuesBeneficial,0
labor,labor,s,PosValuesBeneficial,1
migration,migration,s,NarrSceneShiftNeutral,0
—,—,s,,0
revealing,revealing,s,InquiryDiscoveryNeutral,0
deep,deep,s,SpecialTopicsMiscellanyNeutral,0
layers,layers,s,DescriptVisualNeutral,0
of,of,s,DescriptVisualNeutral,1
exploitation,exploitation,c,NegActsAggressive,0
",",",",s,,0
suffering,suffering,c,NegEmotionsSuffer,0
",",",",s,,0
and,and,s,OtherSyntacticComplexityOther,0
resilience,resilience,s,PosActsResilience,0
that,that,s,OtherSyntacticComplexityOther,0
have,have,s,OtherSyntacticComplexityOther,1
shaped,shaped,s,OtherOrphanedOther,0
the,the,s,NarrTimeShiftNeutral,0
descendants,descendants,s,NarrTimeShiftNeutral,1
of,of,s,NarrTimeShiftNeutral,2
indentured,indentured,s,PubLawNeutral,0
communities,communities,s,SpecialTopicsMiscellanyNeutral,0
in,in,s,OtherOrphanedOther,0
significant,significant,s,ForcefulSignificantNeutral,0
ways,ways,c,DescriptObjectsNeutral,0
.,.,n,,0
Sources,sources,s,SpecialTopicsMiscellanyNeutral,0
used,used,c,NarrActsNeutral,0
:,:,n,,0
-,-,s,,0
Bates,bates,c,DescriptMotionNeutral,0
",",",",s,,0
C,c,c,OtherOrphanedOther,0
.,.,s,OtherOrphanedOther,1
(,(,c,OtherOrphanedOther,0
Ed,ed,c,SpecialTopicsMiscellanyNeutral,0
.,.,c,SpecialTopicsMiscellanyNeutral,1
),),c,OtherOrphanedOther,0
.,.,s,,0
(,(,c,OtherOrphanedOther,0
2024,2024,c,NarrDurationNeutral,0
),),c,OtherOrphanedOther,0
.,.,s,,0
Beyond,beyond,s,OtherOrphanedOther,0
Indenture,indenture,c,PubLawNeutral,0
.,.,s,,0
txt,txt,n,,0
-,-,s,,0
Benton,benton,c,CharNamesNeutral,0
",",",",s,,0
G,g,c,OtherOrphanedOther,0
.,.,s,OtherOrphanedOther,1
(,(,c,OtherOrphanedOther,0
2022,2022,c,CitationReferenceNeutral,0
),),c,CitationReferenceNeutral,1
.,.,s,,0
Chinese,chinese,s,CharTypesNeutral,0
Indentured,indentured,s,PubLawNeutral,0
Labour,labour,s,,0
in,in,s,OtherOrphanedOther,0
the,the,s,OtherOrphanedOther,0
Dutch,dutch,s,CharTypesNeutral,0
East,east,s,SpecialTopicsPlaceNeutral,0
Indies,indies,c,SpecialTopicsPlaceNeutral,1
.,.,s,,0
txt,txt,n,,0
-,-,s,,0
Harvard,harvard,s,PubLawNeutral,0
Law,law,s,PubLawNeutral,1
Review,review,s,InquiryExplorationNeutral,0
Association,association,c,,0
.,.,s,,0
(,(,c,OtherOrphanedOther,0
2021,2021,c,NarrDurationNeutral,0
),),c,OtherOrphanedOther,0
.,.,s,,0
The,the,s,OtherOrphanedOther,0
agreement,agreement,s,PosRelAgree,0
and,and,s,OtherSyntacticComplexityOther,0
the,the,s,OtherSyntacticComplexityOther,1
girmitiya,girmitiya,c,,0
.,.,s,,0
txt,txt,n,,0
-,-,s,,0
Hassankhan,hassankhan,c,,0
",",",",s,,0
M,m,c,OtherOrphanedOther,0
.,.,s,OtherOrphanedOther,1
S,s,c,OtherOrphanedOther,0
.,.,c,OtherOrphanedOther,1
",",",",s,,0
Roopnarine,roopnarine,c,,0
",",",",s,,0
L,l,c,OtherOrphanedOther,0
.,.,c,OtherOrphanedOther,1
",",",",s,,0
&,&,s,,0
Mahase,mahase,c,,0
",",",",s,,0
R,r,c,OtherOrphanedOther,0
.,.,s,OtherOrphanedOther,1
(,(,c,OtherOrphanedOther,0
2016,2016,c,CitationReferenceNeutral,0
),),c,CitationReferenceNeutral,1
.,.,s,,0
Social,social,s,,0
and,and,s,OtherSyntacticComplexityOther,0
cultural,cultural,s,SpecialTopicsMiscellanyNeutral,0
dimensions,dimensions,s,SpecialTopicsMiscellanyNeutral,0
of,of,s,OtherOrphanedOther,0
Indian,indian,s,PubLawNeutral,0
indentured,indentured,s,PubLawNeutral,1
labour,labour,s,,0
and,and,s,OtherSyntacticComplexityOther,0
its,its,s,OtherOrphanedOther,0
diaspora,diaspora,c,SpecialTopicsMiscellanyNeutral,0
.,.,s,,0
txt,txt,n,,0
-,-,s,,0
Hay,hay,c,DescriptObjectsNeutral,0
",",",",s,,0
D,d,c,OtherOrphanedOther,0
.,.,c,OtherOrphanedOther,1
",",",",s,,0
&,&,s,,0
Craven,craven,c,NegActsCowardly,0
",",",",s,,0
P,p,c,OtherOrphanedOther,0
.,.,s,OtherOrphanedOther,1
(,(,c,OtherOrphanedOther,0
Eds,eds,c,SpecialTopicsMiscellanyNeutral,0
.,.,c,,0
),),c,OtherOrphanedOther,0
.,.,s,,0
(,(,c,CitationReferenceNeutral,0
2005,2005,c,CitationReferenceNeutral,1
),),c,CitationReferenceNeutral,2
.,.,s,,0
Masters,masters,c,PosValuesOther,0
",",",",s,,0
servants,servants,c,CharTypesNeutral,0
",",",",s,,0
and,and,s,OtherSyntacticComplexityOther,0
magistrates,magistrates,s,CharTypesNeutral,0
in,in,s,OtherOrphanedOther,0
Britain,britain,s,CharNamesNeutral,0
and,and,s,OtherSyntacticComplexityOther,0
the,the,s,OtherSyntacticComplexityOther,1
Empire,empire,c,PubAdministrationNeutral,0
.,.,s,,0
txt,txt,n,,0
-,-,s,,0
Hegde,hegde,c,,0
",",",",s,,0
R,r,c,OtherOrphanedOther,0
.,.,s,OtherOrphanedOther,1
S,s,c,OtherOrphanedOther,0
.,.,c,OtherOrphanedOther,1
",",",",s,,0
&,&,s,,0
Sahoo,sahoo,c,,0
",",",",s,,0
A,a,c,OtherOrphanedOther,0
.,.,s,OtherOrphanedOther,1
K,k,c,OtherOrphanedOther,0
.,.,s,OtherOrphanedOther,1
(,(,c,OtherOrphanedOther,0
Eds,eds,c,SpecialTopicsMiscellanyNeutral,0
.,.,c,,0
),),c,OtherOrphanedOther,0
.,.,s,,0
(,(,c,OtherOrphanedOther,0
2018,2018,c,CitationReferenceNeutral,0
),),c,CitationReferenceNeutral,1
.,.,s,,0
Routledge,routledge,s,CharNamesNeutral,0
handbook,handbook,s,PubAdministrationNeutral,0
of,of,s,PubAdministrationNeutral,1
the,the,s,CharTypesNeutral,0
Indian,indian,s,CharTypesNeutral,1
diaspora,diaspora,c,SpecialTopicsMiscellanyNeutral,0
.,.,s,,0
txt,txt,n,,0
-,-,s,,0
Khan,khan,c,CharTypesNeutral,0
",",",",s,,0
A,a,c,OtherOrphanedOther,0
.,.,s,OtherOrphanedOther,1
(,(,c,OtherOrphanedOther,0
2021,2021,c,NarrDurationNeutral,0
),),c,OtherOrphanedOther,0
.,.,s,,0
The,the,s,OtherOrphanedOther,0
Deepest,deepest,s,DescriptObjectsNeutral,0
Dye,dye,c,DescriptObjectsNeutral,1
:,:,s,,0
Obeah,obeah,c,SpecialTopicsMiscellanyNeutral,0
",",",",s,,0
Hosay,hosay,c,,0
",",",",s,,0
and,and,s,OtherSyntacticComplexityOther,0
Race,race,s,DescriptMotionNeutral,0
in,in,s,DescriptVisualNeutral,0
the,the,s,DescriptVisualNeutral,1
Atlantic,atlantic,s,DescriptVisualNeutral,2
World,world,c,SpecialTopicsPlaceNeutral,0
.,.,s,,0
txt,txt,n,,0
-,-,s,,0
Kumar,kumar,c,CharNamesNeutral,0
",",",",s,,0
A,a,c,OtherOrphanedOther,0
.,.,c,OtherOrphanedOther,1
",",",",s,,0
&,&,s,,0
Bates,bates,c,DescriptMotionNeutral,0
",",",",s,,0
C,c,c,OtherOrphanedOther,0
.,.,s,OtherOrphanedOther,1
(,(,c,OtherOrphanedOther,0
Eds,eds,c,SpecialTopicsMiscellanyNeutral,0
.,.,c,,0
),),c,OtherOrphanedOther,0
.,.,s,,0
(,(,c,OtherOrphanedOther,0
2024,2024,c,NarrDurationNeutral,0
),),c,OtherOrphanedOther,0
.,.,s,,0
Girmitiyas,girmitiyas,s,,0
and,and,s,OtherSyntacticComplexityOther,0
the,the,s,OtherSyntacticComplexityOther,1
Global,global,s,SpecialTopicsMiscellanyNeutral,0
Indian,indian,s,CharTypesNeutral,0
Diaspora,diaspora,c,SpecialTopicsMiscellanyNeutral,0
:,:,s,,0
Origins,origins,c,NarrSequenceNeutral,0
",",",",s,,0
Memories,memories,c,CharMentalStatesNeutral,0
",",",",s,,0
and,and,s,OtherSyntacticComplexityOther,0
Identity,identity,c,SpecialTopicsMiscellanyNeutral,0
.,.,s,,0
txt,txt,n,,0
-,-,s,,0
Kumar,kumar,c,CharNamesNeutral,0
",",",",s,,0
V,v,c,OtherOrphanedOther,0
.,.,s,OtherOrphanedOther,1
(,(,c,CitationReferenceNeutral,0
1979,1979,c,CitationReferenceNeutral,1
),),c,CitationReferenceNeutral,2
.,.,s,,0
Girmit,girmit,s,,0
—,—,s,,0
The,the,s,OtherOrphanedOther,0
indenture,indenture,s,PubLawNeutral,0
experience,experience,s,StratOtherPos,0
in,in,s,StratOtherPos,1
Fiji,fiji,c,SpecialTopicsPlaceNeutral,0
.,.,s,,0
txt,txt,n,,0
-,-,s,,0
Lal,lal,c,CharNamesNeutral,0
",",",",s,,0
B,b,c,OtherOrphanedOther,0
.,.,s,OtherOrphanedOther,1
V,v,c,OtherOrphanedOther,0
.,.,c,OtherOrphanedOther,1
",",",",s,,0
Munro,munro,c,CharNamesNeutral,0
",",",",s,,0
D,d,c,OtherOrphanedOther,0
.,.,c,OtherOrphanedOther,1
",",",",s,,0
&,&,s,,0
Beechert,beechert,c,,0
",",",",s,,0
E,e,c,OtherOrphanedOther,0
.,.,s,OtherOrphanedOther,1
D,d,c,OtherOrphanedOther,0
.,.,s,OtherOrphanedOther,1
(,(,c,OtherOrphanedOther,0
Eds,eds,c,SpecialTopicsMiscellanyNeutral,0
.,.,c,,0
),),c,OtherOrphanedOther,0
.,.,s,,0
(,(,c,CitationReferenceNeutral,0
1993,1993,c,CitationReferenceNeutral,1
),),c,CitationReferenceNeutral,2
.,.,s,,0
Plantation,plantation,s,DescriptVisualNeutral,0
Workers,workers,c,CharTypesNeutral,0
:,:,s,,0
resistance,resistance,s,NegActsResist,0
and,and,s,OtherSyntacticComplexityOther,0
accommodation,accommodation,c,FacilitateAccommodatePos,0
.,.,s,,0
txt,txt,n,,0
-,-,s,,0
Neus,neus,c,,0
",",",",s,,0
H,h,c,OtherOrphanedOther,0
.,.,s,OtherOrphanedOther,1
(,(,c,OtherOrphanedOther,0
2022,2022,c,CitationReferenceNeutral,0
),),c,CitationReferenceNeutral,1
.,.,s,,0
Collective,collective,s,PubCognitionNeutral,0
Memory,memory,c,PubCognitionNeutral,1
",",",",s,,0
Identity,identity,s,SpecialTopicsMiscellanyNeutral,0
and,and,s,OtherSyntacticComplexityOther,0
the,the,s,OtherSyntacticComplexityOther,1
Legacies,legacies,s,PubAdministrationNeutral,0
of,of,s,PubAdministrationNeutral,1
Slavery,slavery,s,NegRelServility,0
and,and,s,OtherSyntacticComplexityOther,0
Indenture,indenture,c,PubLawNeutral,0
.,.,s,,0
txt,txt,n,,0
-,-,s,,0
V,v,s,OtherOrphanedOther,0
Lal,lal,c,CharNamesNeutral,0
",",",",s,,0
B,b,c,OtherOrphanedOther,0
.,.,s,OtherOrphanedOther,1
(,(,c,CitationReferenceNeutral,0
2012,2012,c,CitationReferenceNeutral,1
),),c,CitationReferenceNeutral,2
.,.,s,,0
Chalo,chalo,s,,0
Jahaji,jahaji,c,,0
:,:,s,,0
On,on,s,NarrDurationNeutral,0
a,a,s,NarrDurationNeutral,1
journey,journey,s,NarrDurationNeutral,2
through,through,s,OtherOrphanedOther,0
indenture,indenture,s,PubLawNeutral,0
in,in,s,OtherOrphanedOther,0
Fiji,fiji,c,SpecialTopicsPlaceNeutral,0
.,.,s,,0
txt,txt,n,,0
-,-,s,,0
Valdez,valdez,c,,0
",",",",s,,0
I,i,c,OtherOrphanedOther,0
.,.,s,OtherOrphanedOther,1
(,(,c,OtherOrphanedOther,0
2021,2021,c,NarrDurationNeutral,0
),),c,OtherOrphanedOther,0
.,.,s,,0
Socialism,socialism,s,PubPoliticsNeutral,0
and,and,s,OtherSyntacticComplexityOther,0
empire,empire,c,PubAdministrationNeutral,0
:,:,s,InterCommandNeutral,0
labor,labor,s,InterCommandNeutral,1
mobility,mobility,c,PosValuesOther,0
",",",",s,,0
racial,racial,s,PubPoliticsNeutral,0
capitalism,capitalism,c,PubPoliticsNeutral,1
",",",",s,,0
and,and,s,OtherSyntacticComplexityOther,0
the,the,s,OtherSyntacticComplexityOther,1
political,political,s,SpecialTopicsMiscellanyNeutral,0
theory,theory,s,SpecialTopicsMiscellanyNeutral,1
of,of,s,OtherOrphanedOther,0
migration,migration,c,NarrSceneShiftNeutral,0
.,.,s,,0
txt,txt,n,,0
-,-,s,,0
Ward,ward,c,SpecialTopicsPlaceNeutral,0
",",",",s,,0
A,a,c,OtherOrphanedOther,0
.,.,s,OtherOrphanedOther,1
(,(,c,CitationReferenceNeutral,0
2013,2013,c,CitationReferenceNeutral,1
),),c,CitationReferenceNeutral,2
.,.,s,,0
Assuming,assuming,s,ResponsibilityAcceptNeutral,0
the,the,s,ResponsibilityAcceptNeutral,1
burden,burden,s,ResponsibilityAcceptNeutral,2
of,of,s,OtherOrphanedOther,0
memory,memory,c,CharMentalStatesNeutral,0
:,:,s,,0
The,the,s,OtherOrphanedOther,0
translation,translation,s,SpecialTopicsMiscellanyNeutral,0
of,of,s,OtherOrphanedOther,0
Indian,indian,s,PubLawNeutral,0
indenture,indenture,s,PubLawNeutral,1
in,in,s,OtherOrphanedOther,0
Peggy,peggy,s,CharNamesNeutral,0
Mohan’s,mohan’s,s,,0
Jahajin,jahajin,c,,0
.,.,s,,0
txt,txt,n,,0
Raising,raising,s,DescriptChangeNeutral,0
a,a,s,DescriptChangeNeutral,1
child,child,s,CharTypesNeutral,0
within,within,s,OtherOrphanedOther,0
the,the,s,OtherOrphanedOther,0
indentured,indentured,s,PubLawNeutral,0
labor,labor,s,SpecialTopicsMiscellanyNeutral,0
system,system,s,SpecialTopicsMiscellanyNeutral,1
was,was,s,NarrOtherNeutral,0
an,an,s,NarrOtherNeutral,1
arduous,arduous,s,CharTraitsNeutral,0
and,and,s,OtherSyntacticComplexityOther,0
challenging,challenging,s,CharTraitsNeutral,0
task,task,c,SpecialTopicsMiscellanyNeutral,0
",",",",s,,0
especially,especially,s,ForcefulEmphaticNeutral,0
for,for,s,OtherOrphanedOther,0
women,women,c,CharTypesNeutral,0
",",",",s,CharNamesNeutral,0
who,who,s,CharNamesNeutral,1
faced,faced,s,DescriptVisualNeutral,0
numerous,numerous,s,SpecialTopicsMiscellanyNeutral,0
systemic,systemic,s,SpecialTopicsMiscellanyNeutral,1
and,and,s,OtherSyntacticComplexityOther,0
personal,personal,s,CharSubjectivityNeutral,0
hurdles,hurdles,c,NegActsResist,0
.,.,s,,0
The,the,s,OtherOrphanedOther,0
testimonies,testimonies,s,PubAdministrationNeutral,0
gathered,gathered,s,DescriptVisualNeutral,0
from,from,s,OtherOrphanedOther,0
the,the,s,OtherOrphanedOther,0
context,context,s,ContingentEventNeutral,0
highlight,highlight,s,OtherOrphanedOther,0
the,the,s,OtherOrphanedOther,1
immense,immense,s,DescriptVisualNeutral,0
burden,burden,s,SpecialTopicsPlaceNeutral,0
placed,placed,s,SpecialTopicsPlaceNeutral,1
on,on,s,OtherOrphanedOther,0
indentured,indentured,s,PubLawNeutral,0
women,women,s,CharTypesNeutral,0
and,and,s,OtherSyntacticComplexityOther,0
offer,offer,s,PosValuesInnovative,0
insight,insight,s,PosValuesInnovative,1
into,into,s,DescriptChangeNeutral,0
their,their,s,DescriptChangeNeutral,1
experiences,experiences,c,NarrActsNeutral,0
",",",",s,MetadiscourseContrastNeutral,0
even,even,s,MetadiscourseContrastNeutral,1
though,though,s,MetadiscourseContrastNeutral,2
specific,specific,s,ExpoSpecificationNeutral,0
first-hand,first-hand,s,NarrImmediacyNeutral,0
female,female,s,CharTypesNeutral,0
testimonies,testimonies,s,PubAdministrationNeutral,0
about,about,s,OtherOrphanedOther,0
child-rearing,child-rearing,s,OtherOrphanedGenericActivity,0
are,are,s,ConfidenceHedgedNeutral,0
somewhat,somewhat,s,ConfidenceHedgedNeutral,1
sparse,sparse,s,DescriptVisualNeg,0
in,in,s,OtherOrphanedOther,0
the,the,s,OtherOrphanedOther,0
provided,provided,s,FacilitateSponsorNeutral,0
context,context,c,ContingentEventNeutral,0
.,.,s,NarrImmediacyNeutral,0
Here,here,s,NarrImmediacyNeutral,1
is,is,s,OtherOrphanedOther,0
a,a,s,OtherOrphanedOther,0
synthesized,synthesized,s,ReasoningAnalyzeNeutral,0
narrative,narrative,s,SpecialTopicsMiscellanyNeutral,0
drawn,drawn,s,StratActsPos,0
from,from,s,StratActsPos,1
the,the,s,OtherOrphanedOther,0
various,various,s,SpecialTopicsMiscellanyNeutral,0
accounts,accounts,s,SpecialTopicsMiscellanyNeutral,0
and,and,s,OtherSyntacticComplexityOther,0
insights,insights,s,,0
into,into,s,DescriptChangeNeutral,0
their,their,s,DescriptChangeNeutral,1
lived,lived,s,StratOtherPos,0
experiences,experiences,c,StratOtherPos,1
:,:,n,,0
—,—,s,,0
-,-,n,,0
*,*,s,,0
*,*,s,,0
Sellam's,sellam's,s,,0
Testimony,testimony,c,PubAdministrationNeutral,0
:,:,s,,0
*,*,s,,0
*,*,n,,0
The,the,s,NarrTimeShiftNeutral,0
historical,historical,s,NarrTimeShiftNeutral,1
context,context,s,ContingentEventNeutral,0
provided,provided,s,FacilitateSponsorNeutral,0
recounts,recounts,s,NarrOtherNeutral,0
the,the,s,NegActsResist,0
challenges,challenges,s,NegActsResist,1
faced,faced,s,NegActsResist,2
by,by,s,OtherOrphanedOther,0
Sellam,sellam,c,,0
",",",",s,,0
an,an,s,OtherOrphanedOther,0
indentured,indentured,s,PubLawNeutral,0
woman,woman,s,CharTypesNeutral,0
who,who,c,OtherOrphanedOther,0
",",",",s,,0
alongside,alongside,s,DescriptVisualNeutral,0
her,her,s,DescriptVisualNeutral,1
husband,husband,s,NarrBiographyNeutral,0
Ramasami,ramasami,c,,0
",",",",s,,0
engaged,engaged,s,PosRelOther,0
with,with,s,PosRelOther,1
the,the,s,OtherOrphanedOther,0
harsh,harsh,s,NegEmotionsRealityHard,0
realities,realities,s,NegEmotionsRealityHard,1
of,of,s,OtherOrphanedOther,0
colony,colony,s,SpecialTopicsMiscellanyNeutral,0
life,life,c,NarrBiographyNeutral,0
.,.,s,MetadiscourseContrastNeutral,0
Although,although,s,MetadiscourseContrastNeutral,1
the,the,s,OtherOrphanedOther,0
full,full,s,SpecialTopicsMiscellanyNeutral,0
transcript,transcript,s,DescriptObjectsNeutral,0
of,of,s,DescriptVisualNeutral,0
a,a,s,DescriptVisualNeutral,1
specific,specific,s,DescriptVisualNeutral,2
testimony,testimony,s,PubAdministrationNeutral,0
from,from,s,OtherOrphanedOther,0
Sellam,sellam,s,,0
regarding,regarding,s,CharMentalStatesNeutral,0
child-rearing,child-rearing,s,OtherOrphanedGenericActivity,0
is,is,s,InterConversationNeg,0
not,not,s,InterConversationNeg,1
available,available,c,InterConversationNeg,2
",",",",s,,0
the,the,s,PosValuesOther,0
detailed,detailed,s,PosValuesOther,1
descriptions,descriptions,s,SpecialTopicsMiscellanyNeutral,0
of,of,s,SpecialTopicsMiscellanyNeutral,1
women's,women's,s,CharTypesNeutral,0
roles,roles,s,SpecialTopicsMiscellanyNeutral,0
and,and,s,OtherSyntacticComplexityOther,0
the,the,s,OtherSyntacticComplexityOther,1
cultural,cultural,s,SpecialTopicsMiscellanyNeutral,0
milieu,milieu,s,SpecialTopicsMiscellanyNeutral,1
provide,provide,s,FacilitateSponsorNeutral,0
a,a,s,FacilitateSponsorNeutral,1
vivid,vivid,s,ForcefulEmphaticNeutral,0
picture,picture,c,DescriptVisualNeutral,0
.,.,n,,0
Indentured,indentured,s,PubLawNeutral,0
women,women,s,ExpoExampleNeutral,0
like,like,s,ExpoExampleNeutral,1
Sellam,sellam,s,,0
were,were,s,NegEmotionsOther,0
caught,caught,s,NegEmotionsOther,1
in,in,s,NegEmotionsOther,2
a,a,s,OtherOrphanedOther,0
cycle,cycle,s,NarrDurationNeutral,0
of,of,s,NarrDurationNeutral,1
labor,labor,s,SpecialTopicsMiscellanyNeutral,0
and,and,s,OtherSyntacticComplexityOther,0
nurturing,nurturing,c,FacilitateHelpPos,0
",",",",s,,0
often,often,s,NarrDurationNeutral,0
working,working,s,OtherOrphanedOther,0
long,long,c,DescriptVisualNeutral,0
",",",",s,,0
strenuous,strenuous,s,CharTraitsNeutral,0
hours,hours,s,NarrDurationNeutral,0
on,on,s,OtherSyntacticComplexityOther,0
the,the,s,OtherSyntacticComplexityOther,1
fields,fields,s,OtherOrphanedOther,0
and,and,s,NarrSequenceNeutral,0
then,then,s,NarrSequenceNeutral,1
returning,returning,s,NarrSceneShiftNeutral,0
home,home,s,NarrSceneShiftNeutral,1
to,to,s,NarrSceneShiftNeutral,2
take,take,s,CharTraitsNeutral,0
on,on,s,CharTraitsNeutral,1
domestic,domestic,s,ResponsibilityOtherNeutral,0
responsibilities,responsibilities,c,ResponsibilityOtherNeutral,1
.,.,s,,0
The,the,s,OtherOrphanedOther,0
burden,burden,s,NegEmotionsBurden,0
of,of,s,NegEmotionsBurden,1
raising,raising,s,DescriptChangeNeutral,0
children,children,s,CharTypesNeutral,0
often,often,s,NarrDurationNeutral,0
involved,involved,s,NarrActsNeutral,0
late-night,late-night,s,NarrDurationNeutral,0
care,care,s,PosRelBondOverNegative,0
after,after,s,NarrSequenceNeutral,0
a,a,s,NarrSequenceNeutral,1
day's,day's,s,NarrDurationNeutral,0
toil,toil,s,CharTraitsNeutral,0
in,in,s,OtherOrphanedOther,0
the,the,s,OtherOrphanedOther,0
plantations,plantations,c,DescriptVisualNeutral,0
.,.,s,,0
As,as,s,MetadiscourseOtherNeutral,0
noted,noted,s,MetadiscourseOtherNeutral,1
in,in,s,OtherOrphanedOther,0
the,the,s,OtherOrphanedOther,0
sources,sources,c,SpecialTopicsMiscellanyNeutral,0
",",",",s,,0
“,",c,,0
Women,women,s,CharTypesNeutral,0
were,were,s,NarrDurationNeutral,0
often,often,s,NarrDurationNeutral,1
in,in,s,OtherOrphanedOther,0
the,the,s,OtherOrphanedOther,0
fields,fields,s,OtherOrphanedOther,0
themselves,themselves,s,CharNamesNeutral,0
or,or,s,OtherSyntacticComplexityOther,0
had,had,s,NegActsResist,0
to,to,s,NegActsResist,1
bring,bring,s,PosActsBring,0
food,food,s,PosActsBring,1
to,to,s,PosActsBring,2
their,their,s,CharNamesNeutral,0
partners,partners,s,PosRelOther,0
during,during,s,NarrDurationNeutral,0
breaks,breaks,c,,0
",",",",c,,0
”,",s,,0
emphasizing,emphasizing,s,ForcefulEmphaticNeutral,0
their,their,s,ForcefulEmphaticNeutral,1
dual,dual,s,SpecialTopicsMiscellanyNeutral,0
role,role,s,SpecialTopicsMiscellanyNeutral,0
as,as,s,OtherOrphanedOther,0
both,both,s,OtherSyntacticComplexityOther,0
field,field,s,OtherOrphanedOther,0
workers,workers,s,CharTypesNeutral,0
and,and,s,OtherSyntacticComplexityOther,0
caregivers,caregivers,c,CharTypesNeutral,0
.,.,n,,0
After,after,s,NarrSequenceNeutral,0
fieldwork,fieldwork,c,SpecialTopicsMiscellanyNeutral,0
",",",",s,,0
women,women,s,ExpoExampleNeutral,0
like,like,s,ExpoExampleNeutral,1
Sellam,sellam,s,,0
found,found,s,ContingentEventNeutral,0
themselves,themselves,s,ContingentEventNeutral,1
engaged,engaged,s,NarrActsNeutral,0
in,in,s,NarrActsNeutral,1
domestic,domestic,s,SpecialTopicsMiscellanyNeutral,0
labor,labor,s,SpecialTopicsMiscellanyNeutral,0
—,—,s,,0
cooking,cooking,c,OtherOrphanedOther,0
",",",",s,,0
cleaning,cleaning,c,OtherOrphanedGenericActivity,0
",",",",s,,0
and,and,s,OtherSyntacticComplexityOther,0
looking,looking,s,PosRelOther,0
after,after,s,PosRelOther,1
their,their,s,CharNamesNeutral,0
young,young,s,DescriptObjectsNeutral,0
ones,ones,c,DescriptObjectsNeutral,1
.,.,s,,0
This,this,s,OtherOrphanedOther,0
relentless,relentless,s,ForcefulEnergizedNeg,0
schedule,schedule,s,FutureOtherNeutral,0
meant,meant,s,ReasoningInferNeutral,0
that,that,s,ReasoningInferNeutral,1
they,they,s,OtherOrphanedOther,0
shouldered,shouldered,s,ResponsibilityHoldNeg,0
the,the,s,ResponsibilityHoldNeg,1
domestic,domestic,s,SpecialTopicsMiscellanyNeutral,0
sphere,sphere,s,DescriptObjectsNeutral,0
almost,almost,s,ForcefulEmphaticNeutral,0
entirely,entirely,s,ForcefulEmphaticNeutral,1
on,on,s,NarrBiographyNeutral,0
their,their,s,NarrBiographyNeutral,1
own,own,c,NarrBiographyNeutral,2
",",",",s,,0
seldom,seldom,s,ContingentEventNeutral,0
with,with,s,PosRelOther,0
much,much,s,PosRelOther,1
support,support,c,PosRelOther,2
.,.,s,ForcefulEmphaticNeutral,0
Even,even,s,ForcefulEmphaticNeutral,1
during,during,s,NarrDurationNeutral,0
pregnancy,pregnancy,s,NarrDurationNeutral,1
or,or,s,OtherSyntacticComplexityOther,0
while,while,s,NarrDurationNeutral,0
nursing,nursing,s,FacilitateHelpNeutral,0
infants,infants,c,CharTypesNeutral,0
",",",",s,SpecialTopicsMiscellanyNeutral,0
their,their,s,SpecialTopicsMiscellanyNeutral,1
responsibilities,responsibilities,s,ResponsibilityOtherNeutral,0
scarcely,scarcely,s,DescriptChangeNeg,0
diminished,diminished,c,DescriptChangeNeg,1
",",",",s,,0
highlighting,highlighting,s,OtherOrphanedOther,0
the,the,s,OtherOrphanedOther,1
absence,absence,s,SpecialTopicsMiscellanyNeutral,0
of,of,s,SpecialTopicsMiscellanyNeutral,1
structural,structural,s,PosRelSupport,0
support,support,s,PosRelSupport,1
from,from,s,OtherOrphanedOther,0
the,the,s,OtherOrphanedOther,0
plantations,plantations,s,DescriptVisualNeutral,0
or,or,s,OtherSyntacticComplexityOther,0
colonial,colonial,s,SpecialTopicsMiscellanyNeutral,0
systems,systems,c,SpecialTopicsMiscellanyNeutral,1
.,.,n,ContingentRelationshipNeutral,0
Given,given,s,ContingentRelationshipNeutral,1
the,the,s,ContingentRelationshipNeutral,2
legislation,legislation,s,PubAdministrationNeutral,0
like,like,s,DescriptVisualNeutral,0
the,the,s,DescriptVisualNeutral,1
1872,1872,s,NarrOtherNeutral,0
Coolie,coolie,s,CharTypesNeutral,0
Law,law,s,PubLawNeutral,0
Amendment,amendment,s,PubLawNeutral,0
Act,act,c,NarrActsNeutral,0
",",",",s,OtherOrphanedOther,0
which,which,s,OtherOrphanedOther,1
mandated,mandated,s,PubLawNeutral,0
marriage,marriage,s,SpecialTopicsMiscellanyNeutral,0
registration,registration,s,SpecialTopicsMiscellanyNeutral,0
and,and,s,OtherSyntacticComplexityOther,0
legitimacy,legitimacy,s,PosValuesLegitimate,0
of,of,s,OtherOrphanedOther,0
children,children,s,CharTypesNeutral,0
within,within,s,OtherOrphanedOther,0
certain,certain,s,ExpoSpecificationNeutral,0
parameters,parameters,c,ExpoSpecificationNeutral,1
",",",",s,,0
maintaining,maintaining,s,NarrDurationNeutral,0
a,a,s,NarrDurationNeutral,1
family,family,s,SpecialTopicsMiscellanyNeutral,0
became,became,s,DescriptChangeNeutral,0
a,a,s,DescriptChangeNeutral,1
logistical,logistical,s,StratCoordinationNeutral,0
as,as,s,ExpoComparisonNeutral,0
much,much,s,ExpoComparisonNeutral,1
as,as,s,ExpoComparisonNeutral,2
a,a,s,OtherOrphanedOther,0
physical,physical,s,CharTraitsNeutral,0
challenge,challenge,c,CharTraitsNeutral,1
.,.,s,,0
Women,women,s,CharTypesNeutral,0
were,were,s,NarrDurationNeutral,0
often,often,s,NarrDurationNeutral,1
susceptible,susceptible,s,NegRelExpose,0
to,to,s,NegRelExpose,1
spiritual,spiritual,s,SpecialTopicsMiscellanyNeutral,0
and,and,s,OtherSyntacticComplexityOther,0
physical,physical,s,NegEmotionsExhaustion,0
exhaustion,exhaustion,c,NegEmotionsExhaustion,1
",",",",s,,0
balancing,balancing,s,SpecialTopicsMiscellanyNeutral,0
societal,societal,s,PubAdministrationNeutral,0
expectations,expectations,s,FutureExpectNeutral,0
with,with,s,OtherSyntacticComplexityOther,0
the,the,s,OtherSyntacticComplexityOther,1
scant,scant,s,NegValuesTooLittle,0
resources,resources,s,NegValuesTooLittle,1
available,available,s,PosValuesOther,0
to,to,s,PosValuesOther,1
them,them,c,NarrActsNeutral,0
.,.,n,,0
The,the,s,OtherOrphanedOther,0
testimony,testimony,s,PubAdministrationNeutral,0
included,included,s,NarrActsNeutral,0
here,here,s,NarrImmediacyNeutral,0
about,about,s,OtherOrphanedOther,0
failing,failing,s,NegActsFailToDo,0
to,to,s,NegActsFailToDo,1
register,register,s,NegActsFailToDo,2
a,a,s,OtherOrphanedOther,0
marriage,marriage,s,SpecialTopicsMiscellanyNeutral,0
within,within,s,OtherOrphanedOther,0
a,a,s,OtherOrphanedOther,0
30-day,30-day,s,NarrDurationNeutral,0
period,period,s,NarrDurationNeutral,1
is,is,s,ForcefulEmphaticNeutral,0
indicative,indicative,s,ForcefulEmphaticNeutral,1
of,of,s,ForcefulEmphaticNeutral,2
the,the,s,MetadiscourseAdditionNeutral,0
additional,additional,s,MetadiscourseAdditionNeutral,1
bureaucratic,bureaucratic,s,PubAdministrationNeutral,0
burdens,burdens,s,NegEmotionsBurden,0
these,these,s,OtherOrphanedOther,0
women,women,s,CharTypesNeutral,0
faced,faced,s,DescriptVisualNeutral,0
while,while,s,NarrDurationNeutral,0
trying,trying,s,StratCoordinationNeutral,0
to,to,s,StratCoordinationNeutral,1
uphold,uphold,s,PosValuesOther,0
family,family,s,PosValuesOther,1
legitimacy,legitimacy,c,PosValuesLegitimate,0
.,.,s,,0
It,it,s,,0
underscores,underscores,s,ForcefulEmphaticNeutral,0
their,their,s,CharNamesNeutral,0
marginalized,marginalized,s,DescriptChangeNeg,0
position,position,c,SpecialTopicsMiscellanyNeutral,0
",",",",s,,0
burdened,burdened,s,NegEmotionsOther,0
with,with,s,NegEmotionsOther,1
regulations,regulations,s,PubAdministrationNeutral,0
that,that,s,OtherOrphanedOther,0
were,were,s,NarrDurationNeutral,0
often,often,s,NarrDurationNeutral,1
insensitive,insensitive,s,CharTraitsNeutral,0
to,to,s,OtherOrphanedOther,0
the,the,s,ConfidenceHighNeutral,0
realities,realities,s,ConfidenceHighNeutral,1
of,of,s,ConfidenceHighNeutral,2
plantation,plantation,s,DescriptVisualNeutral,0
life,life,c,NarrBiographyNeutral,0
.,.,n,,0
Moreover,moreover,c,MetadiscourseAdditionNeutral,0
",",",",s,MetadiscourseAdditionNeutral,1
the,the,s,OtherOrphanedOther,0
societal,societal,s,NegEmotionsPressure,0
pressures,pressures,s,NegEmotionsPressure,1
surrounding,surrounding,s,DescriptVisualNeutral,0
morality,morality,s,PosValuesOther,0
often,often,s,NarrDurationNeutral,0
vilified,vilified,s,NegActsCriticize,0
women,women,c,CharTypesNeutral,0
",",",",s,,0
adding,adding,s,ExpoOtherNeutral,0
another,another,s,MetadiscourseAdditionNeutral,0
layer,layer,s,NegActsAggressive,0
of,of,s,NegActsAggressive,1
oppression,oppression,c,NegActsAggressive,2
.,.,s,,0
This,this,s,OtherOrphanedOther,0
patriarchal,patriarchal,s,SpecialTopicsMiscellanyNeutral,0
scrutiny,scrutiny,s,InquiryExplorationNeutral,0
coupled,coupled,s,OtherOrphanedOther,0
with,with,s,OtherOrphanedOther,1
colonial,colonial,s,SpecialTopicsMiscellanyNeutral,0
indifference,indifference,s,CharSubjectivityNeg,0
often,often,s,NarrDurationNeutral,0
left,left,s,SpecialTopicsMiscellanyNeutral,0
women,women,s,CharTypesNeutral,0
without,without,s,ForcefulEmphaticNeutral,0
any,any,s,ExpoOtherNeutral,0
recourse,recourse,s,FacilitateHelpPos,0
for,for,s,OtherOrphanedOther,0
the,the,s,OtherOrphanedOther,0
countless,countless,s,ForcefulIntenseNeutral,0
hours,hours,s,NarrDurationNeutral,0
they,they,s,NarrActsNeutral,0
put,put,s,NarrActsNeutral,1
into,into,s,OtherOrphanedOther,0
caring,caring,s,PosRelBondOverNegative,0
for,for,s,PosRelBondOverNegative,1
their,their,s,CharNamesNeutral,0
children,children,s,CharTypesNeutral,0
or,or,s,OtherSyntacticComplexityOther,0
maintaining,maintaining,s,NarrDurationNeutral,0
their,their,s,NarrDurationNeutral,1
households,households,c,SpecialTopicsMiscellanyNeutral,0
.,.,n,,0
In,in,s,MetadiscourseCuesNeutral,0
conclusion,conclusion,c,MetadiscourseCuesNeutral,1
",",",",s,MetadiscourseCuesNeutral,2
while,while,s,NarrDurationNeutral,0
explicit,explicit,s,ConfidenceHighNeutral,0
first-hand,first-hand,s,NarrImmediacyNeutral,0
testimonies,testimonies,s,PubAdministrationNeutral,0
specifically,specifically,s,ExpoSpecificationNeutral,0
detailing,detailing,s,InterOtherNeutral,0
the,the,s,InterOtherNeutral,1
challenges,challenges,s,CharTraitsNeutral,0
of,of,s,OtherOrphanedOther,0
raising,raising,s,DescriptChangeNeutral,0
children,children,s,CharTypesNeutral,0
in,in,s,OtherOrphanedOther,0
the,the,s,OtherOrphanedOther,0
indenture,indenture,s,SpecialTopicsMiscellanyNeutral,0
system,system,s,SpecialTopicsMiscellanyNeutral,1
are,are,s,NegEmotionsIdentifyGaps,0
limited,limited,s,NegEmotionsIdentifyGaps,1
in,in,s,SpecialTopicsMiscellanyNeutral,0
the,the,s,SpecialTopicsMiscellanyNeutral,1
context,context,s,SpecialTopicsMiscellanyNeutral,2
provided,provided,c,FacilitateSponsorNeutral,0
",",",",s,,0
the,the,s,StratCoordinationPos,0
collective,collective,s,StratCoordinationPos,1
accounts,accounts,s,SpecialTopicsMiscellanyNeutral,0
illustrate,illustrate,s,ReasoningOtherNeutral,0
that,that,s,ReasoningOtherNeutral,1
women,women,s,ExpoExampleNeutral,0
like,like,s,ExpoExampleNeutral,1
Sellam,sellam,s,,0
endured,endured,s,CharTraitsNeutral,0
significant,significant,s,NegActsResist,0
hardships,hardships,c,NegActsResist,1
.,.,s,NarrActsNeutral,0
They,they,s,NarrActsNeutral,1
navigated,navigated,s,NarrOtherNeutral,0
an,an,s,NarrOtherNeutral,1
oppressive,oppressive,s,NegActsAggressive,0
environment,environment,s,SpecialTopicsMiscellanyNeutral,0
that,that,s,OtherOrphanedOther,0
demanded,demanded,s,OtherOrphanedOther,0
unyielding,unyielding,s,CharTraitsNeutral,0
labor,labor,s,CharTraitsNeutral,0
commitment,commitment,c,CharTraitsNeutral,1
",",",",s,ReasoningOtherNeutral,0
all,all,s,ReasoningOtherNeutral,1
the,the,s,NarrDurationNeutral,0
while,while,s,NarrDurationNeutral,1
nurturing,nurturing,s,FacilitateHelpPos,0
their,their,s,CharNamesNeutral,0
children,children,s,CharTypesNeutral,0
in,in,s,OtherOrphanedOther,0
a,a,s,SpecialTopicsMiscellanyNeutral,0
setting,setting,s,SpecialTopicsMiscellanyNeutral,1
far,far,s,DescriptVisualNeutral,0
from,from,s,DescriptVisualNeutral,1
conducive,conducive,s,FacilitateExpediteNeutral,0
to,to,s,FacilitateExpediteNeutral,1
familial,familial,s,PosValuesStability,0
stability,stability,s,PosValuesStability,1
or,or,s,OtherSyntacticComplexityOther,0
personal,personal,s,PosValuesOther,0
welfare,welfare,c,PosValuesOther,1
.,.,n,,0
Sources,sources,s,SpecialTopicsMiscellanyNeutral,0
used,used,c,NarrActsNeutral,0
:,:,n,,0
-,-,s,,0
Bates,bates,c,DescriptMotionNeutral,0
",",",",s,,0
C,c,c,OtherOrphanedOther,0
.,.,s,OtherOrphanedOther,1
(,(,c,OtherOrphanedOther,0
Ed,ed,c,SpecialTopicsMiscellanyNeutral,0
.,.,c,SpecialTopicsMiscellanyNeutral,1
),),c,OtherOrphanedOther,0
.,.,s,,0
(,(,c,OtherOrphanedOther,0
2024,2024,c,NarrDurationNeutral,0
),),c,OtherOrphanedOther,0
.,.,s,,0
Beyond,beyond,s,OtherOrphanedOther,0
Indenture,indenture,c,PubLawNeutral,0
.,.,s,,0
txt,txt,n,,0
-,-,s,,0
Hassankhan,hassankhan,c,,0
",",",",s,,0
M,m,c,OtherOrphanedOther,0
.,.,s,OtherOrphanedOther,1
S,s,c,OtherOrphanedOther,0
.,.,c,OtherOrphanedOther,1
",",",",s,,0
Roopnarine,roopnarine,c,,0
",",",",s,,0
L,l,c,OtherOrphanedOther,0
.,.,c,OtherOrphanedOther,1
",",",",s,,0
&,&,s,,0
Mahase,mahase,c,,0
",",",",s,,0
R,r,c,OtherOrphanedOther,0
.,.,s,OtherOrphanedOther,1
(,(,c,OtherOrphanedOther,0
2016,2016,c,CitationReferenceNeutral,0
),),c,CitationReferenceNeutral,1
.,.,s,,0
Social,social,s,,0
and,and,s,OtherSyntacticComplexityOther,0
cultural,cultural,s,SpecialTopicsMiscellanyNeutral,0
dimensions,dimensions,s,SpecialTopicsMiscellanyNeutral,0
of,of,s,OtherOrphanedOther,0
Indian,indian,s,PubLawNeutral,0
indentured,indentured,s,PubLawNeutral,1
labour,labour,s,,0
and,and,s,OtherSyntacticComplexityOther,0
its,its,s,OtherOrphanedOther,0
diaspora,diaspora,c,SpecialTopicsMiscellanyNeutral,0
.,.,s,,0
txt,txt,n,,0
-,-,s,,0
Hay,hay,c,DescriptObjectsNeutral,0
",",",",s,,0
D,d,c,OtherOrphanedOther,0
.,.,c,OtherOrphanedOther,1
",",",",s,,0
&,&,s,,0
Craven,craven,c,NegActsCowardly,0
",",",",s,,0
P,p,c,OtherOrphanedOther,0
.,.,s,OtherOrphanedOther,1
(,(,c,OtherOrphanedOther,0
Eds,eds,c,SpecialTopicsMiscellanyNeutral,0
.,.,c,,0
),),c,OtherOrphanedOther,0
.,.,s,,0
(,(,c,CitationReferenceNeutral,0
2005,2005,c,CitationReferenceNeutral,1
),),c,CitationReferenceNeutral,2
.,.,s,,0
Masters,masters,c,PosValuesOther,0
",",",",s,,0
servants,servants,c,CharTypesNeutral,0
",",",",s,,0
and,and,s,OtherSyntacticComplexityOther,0
magistrates,magistrates,s,CharTypesNeutral,0
in,in,s,OtherOrphanedOther,0
Britain,britain,s,CharNamesNeutral,0
and,and,s,OtherSyntacticComplexityOther,0
the,the,s,OtherSyntacticComplexityOther,1
Empire,empire,c,PubAdministrationNeutral,0
.,.,s,,0
txt,txt,n,,0
-,-,s,,0
Hegde,hegde,c,,0
",",",",s,,0
R,r,c,OtherOrphanedOther,0
.,.,s,OtherOrphanedOther,1
S,s,c,OtherOrphanedOther,0
.,.,c,OtherOrphanedOther,1
",",",",s,,0
&,&,s,,0
Sahoo,sahoo,c,,0
",",",",s,,0
A,a,c,OtherOrphanedOther,0
.,.,s,OtherOrphanedOther,1
K,k,c,OtherOrphanedOther,0
.,.,s,OtherOrphanedOther,1
(,(,c,OtherOrphanedOther,0
Eds,eds,c,SpecialTopicsMiscellanyNeutral,0
.,.,c,,0
),),c,OtherOrphanedOther,0
.,.,s,,0
(,(,c,OtherOrphanedOther,0
2018,2018,c,CitationReferenceNeutral,0
),),c,CitationReferenceNeutral,1
.,.,s,,0
Routledge,routledge,s,CharNamesNeutral,0
handbook,handbook,s,PubAdministrationNeutral,0
of,of,s,PubAdministrationNeutral,1
the,the,s,CharTypesNeutral,0
Indian,indian,s,CharTypesNeutral,1
diaspora,diaspora,c,SpecialTopicsMiscellanyNeutral,0
.,.,s,,0
txt,txt,n,,0
-,-,s,,0
Kumar,kumar,c,CharNamesNeutral,0
",",",",s,,0
A,a,c,OtherOrphanedOther,0
.,.,c,OtherOrphanedOther,1
",",",",s,,0
&,&,s,,0
Bates,bates,c,DescriptMotionNeutral,0
",",",",s,,0
C,c,c,OtherOrphanedOther,0
.,.,s,OtherOrphanedOther,1
(,(,c,OtherOrphanedOther,0
Eds,eds,c,SpecialTopicsMiscellanyNeutral,0
.,.,c,,0
),),c,OtherOrphanedOther,0
.,.,s,,0
(,(,c,OtherOrphanedOther,0
2024,2024,c,NarrDurationNeutral,0
),),c,OtherOrphanedOther,0
.,.,s,,0
Girmitiyas,girmitiyas,s,,0
and,and,s,OtherSyntacticComplexityOther,0
the,the,s,OtherSyntacticComplexityOther,1
Global,global,s,SpecialTopicsMiscellanyNeutral,0
Indian,indian,s,CharTypesNeutral,0
Diaspora,diaspora,c,SpecialTopicsMiscellanyNeutral,0
:,:,s,,0
Origins,origins,c,NarrSequenceNeutral,0
",",",",s,,0
Memories,memories,c,CharMentalStatesNeutral,0
",",",",s,,0
and,and,s,OtherSyntacticComplexityOther,0
Identity,identity,c,SpecialTopicsMiscellanyNeutral,0
.,.,s,,0
txt,txt,n,,0
-,-,s,,0
Kumar,kumar,c,CharNamesNeutral,0
",",",",s,,0
V,v,c,OtherOrphanedOther,0
.,.,s,OtherOrphanedOther,1
(,(,c,CitationReferenceNeutral,0
1979,1979,c,CitationReferenceNeutral,1
),),c,CitationReferenceNeutral,2
.,.,s,,0
Girmit,girmit,s,,0
—,—,s,,0
The,the,s,OtherOrphanedOther,0
indenture,indenture,s,PubLawNeutral,0
experience,experience,s,StratOtherPos,0
in,in,s,StratOtherPos,1
Fiji,fiji,c,SpecialTopicsPlaceNeutral,0
.,.,s,,0
txt,txt,n,,0
-,-,s,,0
Lal,lal,c,CharNamesNeutral,0
",",",",s,,0
B,b,c,OtherOrphanedOther,0
.,.,s,OtherOrphanedOther,1
V,v,c,OtherOrphanedOther,0
.,.,c,OtherOrphanedOther,1
",",",",s,,0
Munro,munro,c,CharNamesNeutral,0
",",",",s,,0
D,d,c,OtherOrphanedOther,0
.,.,c,OtherOrphanedOther,1
",",",",s,,0
&,&,s,,0
Beechert,beechert,c,,0
",",",",s,,0
E,e,c,OtherOrphanedOther,0
.,.,s,OtherOrphanedOther,1
D,d,c,OtherOrphanedOther,0
.,.,s,OtherOrphanedOther,1
(,(,c,OtherOrphanedOther,0
Eds,eds,c,SpecialTopicsMiscellanyNeutral,0
.,.,c,,0
),),c,OtherOrphanedOther,0
.,.,s,,0
(,(,c,CitationReferenceNeutral,0
1993,1993,c,CitationReferenceNeutral,1
),),c,CitationReferenceNeutral,2
.,.,s,,0
Plantation,plantation,s,DescriptVisualNeutral,0
Workers,workers,c,CharTypesNeutral,0
:,:,s,,0
resistance,resistance,s,NegActsResist,0
and,and,s,OtherSyntacticComplexityOther,0
accommodation,accommodation,c,FacilitateAccommodatePos,0
.,.,s,,0
txt,txt,n,,0
-,-,s,,0
V,v,s,OtherOrphanedOther,0
Lal,lal,c,CharNamesNeutral,0
",",",",s,,0
B,b,c,OtherOrphanedOther,0
.,.,s,OtherOrphanedOther,1
(,(,c,CitationReferenceNeutral,0
2012,2012,c,CitationReferenceNeutral,1
),),c,CitationReferenceNeutral,2
.,.,s,,0
Chalo,chalo,s,,0
Jahaji,jahaji,c,,0
:,:,s,,0
On,on,s,NarrDurationNeutral,0
a,a,s,NarrDurationNeutral,1
journey,journey,s,NarrDurationNeutral,2
through,through,s,OtherOrphanedOther,0
indenture,indenture,s,PubLawNeutral,0
in,in,s,OtherOrphanedOther,0
Fiji,fiji,c,SpecialTopicsPlaceNeutral,0
.,.,s,,0
txt,txt,n,,0
In,in,s,OtherOrphanedOther,0
the,the,s,OtherOrphanedOther,0
colonial,colonial,s,SpecialTopicsMiscellanyNeutral,0
context,context,s,ContingentEventNeutral,0
outlined,outlined,s,MetadiscourseOtherNeutral,0
above,above,c,MetadiscourseOtherNeutral,1
",",",",s,,0
single,single,c,SpecialTopicsMiscellanyNeutral,0
",",",",s,,0
married,married,c,NarrBiographyNeutral,0
",",",",s,,0
and,and,s,OtherSyntacticComplexityOther,0
widowed,widowed,s,CharTypesNeutral,0
women,women,s,CharTypesNeutral,1
experienced,experienced,s,NarrActsNeutral,0
varying,varying,s,DescriptChangeNeutral,0
degrees,degrees,s,SpecialTopicsMiscellanyNeutral,0
of,of,s,SpecialTopicsMiscellanyNeutral,1
exploitation,exploitation,s,NegActsAggressive,0
and,and,s,OtherSyntacticComplexityOther,0
marginalization,marginalization,s,NegRelOther,0
rooted,rooted,s,DescriptVisualNeutral,0
in,in,s,DescriptVisualNeutral,1
systemic,systemic,s,MetadiscoursePurposeNonFirstPerson,0
issues,issues,s,MetadiscoursePurposeNonFirstPerson,1
related,related,s,ExpoComparisonNeutral,0
to,to,s,ExpoComparisonNeutral,1
gender,gender,c,SpecialTopicsMiscellanyNeutral,0
",",",",s,,0
race,race,c,DescriptMotionNeutral,0
",",",",s,,0
and,and,s,OtherSyntacticComplexityOther,0
power,power,s,SpecialTopicsMiscellanyNeutral,0
dynamics,dynamics,s,ForcefulEnergizedNeutral,0
under,under,s,OtherOrphanedOther,0
indenture,indenture,s,PubLawNeutral,0
and,and,s,OtherSyntacticComplexityOther,0
post-emancipation,post-emancipation,s,SpecialTopicsMiscellanyNeutral,0
systems,systems,c,SpecialTopicsMiscellanyNeutral,0
.,.,n,,0
#,#,s,,0
#,#,s,,0
#,#,c,,0
,,c,,0
#,#,s,,0
#,#,s,,0
#,#,s,,0
Single,single,s,CharTypesNeutral,0
Women,women,n,CharTypesNeutral,1
Single,single,s,CharTypesNeutral,0
women,women,c,CharTypesNeutral,1
",",",",s,,0
particularly,particularly,s,ExpoSpecificationNeutral,0
those,those,s,ExpoSpecificationNeutral,1
who,who,s,OtherOrphanedOther,0
were,were,s,NarrOtherNeutral,0
indentured,indentured,c,PubLawNeutral,0
",",",",s,,0
faced,faced,s,NegRelFace,0
significant,significant,s,NegRelFace,1
challenges,challenges,c,NegRelFace,2
.,.,s,,0
The,the,s,OtherOrphanedOther,0
colonial,colonial,s,SpecialTopicsMiscellanyNeutral,0
records,records,s,DescriptObjectsNeutral,0
suggest,suggest,s,CitationHedgedNeutral,0
that,that,s,CitationHedgedNeutral,1
many,many,s,ExpoOtherNeutral,0
were,were,s,StratCoordinationNeutral,0
recruited,recruited,s,StratCoordinationNeutral,1
under,under,s,ConfidenceLowNeg,0
dubious,dubious,s,ConfidenceLowNeg,1
circumstances,circumstances,c,ContingentEventNeutral,0
",",",",s,,0
often,often,s,NegActsMislead,0
misled,misled,s,NegActsMislead,1
or,or,s,OtherSyntacticComplexityOther,0
coerced,coerced,s,NegActsCoercive,0
into,into,s,NegActsCoercive,1
embarking,embarking,s,StratCognitionNeutral,0
on,on,s,StratCognitionNeutral,1
perilous,perilous,s,NarrSceneShiftNeg,0
journeys,journeys,s,NarrSceneShiftNeg,1
to,to,s,OtherOrphanedOther,0
foreign,foreign,s,SpecialTopicsMiscellanyNeutral,0
colonies,colonies,c,SpecialTopicsMiscellanyNeutral,0
.,.,s,,0
Being,being,s,OtherOrphanedOther,0
single,single,s,SpecialTopicsMiscellanyNeutral,0
in,in,s,OtherOrphanedOther,0
a,a,s,OtherOrphanedOther,0
male-dominated,male-dominated,s,StratCompetitionNeutral,0
immigrant,immigrant,s,SpecialTopicsMiscellanyNeutral,0
community,community,s,SpecialTopicsMiscellanyNeutral,1
often,often,s,NarrDurationNeutral,0
branded,branded,s,NegActsAggressive,0
them,them,s,NegActsAggressive,1
as,as,s,NegActsAggressive,2
individuals,individuals,s,CharTypesNeutral,0
of,of,s,OtherOrphanedOther,0
“,",c,,0
loose,loose,s,SpecialTopicsMiscellanyNeutral,0
character,character,c,CharTypesNeutral,0
",",",",c,,0
”,",s,,0
leading,leading,s,ReasoningOtherNeutral,0
to,to,s,ReasoningOtherNeutral,1
social,social,s,SpecialTopicsMiscellanyNeutral,0
stigmatization,stigmatization,c,SpecialTopicsMiscellanyNeutral,1
.,.,s,,0
The,the,s,OtherOrphanedOther,0
imbalanced,imbalanced,s,NegValuesOther,0
sex,sex,s,SpecialTopicsMiscellanyNeutral,0
ratio,ratio,s,SpecialTopicsMiscellanyNeutral,1
(,(,c,OtherOrphanedOther,0
fewer,fewer,s,ExpoComparisonNeutral,0
women,women,s,CharTypesNeutral,0
than,than,s,ExpoComparisonNeutral,0
men,men,c,CharTypesNeutral,0
),),s,OtherOrphanedOther,0
created,created,s,DescriptChangeNeutral,0
further,further,s,SpecialTopicsMiscellanyNeutral,0
complexities,complexities,c,SpecialTopicsMiscellanyNeutral,1
",",",",s,,0
with,with,s,OtherOrphanedOther,0
single,single,s,CharTypesNeutral,0
women,women,s,CharTypesNeutral,1
subjected,subjected,s,ContingentPossibilityNeg,0
to,to,s,ContingentPossibilityNeg,1
unwanted,unwanted,s,NegActsAggressive,0
advances,advances,s,NegActsAggressive,1
and,and,s,OtherSyntacticComplexityOther,0
violence,violence,s,NegActsViolence,0
from,from,s,OtherOrphanedOther,0
overseers,overseers,s,CharTypesNeutral,0
and,and,s,OtherSyntacticComplexityOther,0
male,male,s,CharTypesNeutral,0
workers,workers,c,CharTypesNeutral,1
.,.,s,NarrActsNeutral,0
They,they,s,NarrActsNeutral,1
were,were,s,NarrDurationNeutral,0
often,often,s,NarrDurationNeutral,1
targeted,targeted,s,StratCognitionNeutral,0
as,as,s,OtherOrphanedOther,0
sexual,sexual,s,SpecialTopicsMiscellanyNeutral,0
objects,objects,s,SpecialTopicsMiscellanyNeutral,0
and,and,s,OtherSyntacticComplexityOther,0
faced,faced,s,NegActsAggressive,0
harassment,harassment,s,NegActsAggressive,1
from,from,s,OtherOrphanedOther,0
figures,figures,s,CharTypesNeutral,0
of,of,s,CharTypesNeutral,1
authority,authority,s,CharTypesNeutral,2
such,such,s,ExpoExampleNeutral,0
as,as,s,ExpoExampleNeutral,1
overseers,overseers,s,CharTypesNeutral,0
and,and,s,OtherSyntacticComplexityOther,0
sirdars,sirdars,c,PubAdministrationNeutral,0
.,.,s,,0
Despite,despite,s,MetadiscourseContrastNeutral,0
these,these,s,OtherOrphanedOther,0
challenges,challenges,c,CharTraitsNeutral,0
",",",",s,,0
some,some,s,ExpoOtherNeutral,0
single,single,s,CharTypesNeutral,0
women,women,s,CharTypesNeutral,1
exerted,exerted,s,CharTraitsNeutral,0
agency,agency,s,PubAdministrationNeutral,0
by,by,s,OtherOrphanedOther,0
navigating,navigating,s,DescriptMotionNeutral,0
the,the,s,OtherOrphanedOther,0
constraints,constraints,s,NegActsResist,0
of,of,s,OtherSyntacticComplexityOther,0
the,the,s,OtherSyntacticComplexityOther,1
system,system,c,SpecialTopicsMiscellanyNeutral,0
",",",",s,,0
forming,forming,s,PosRelOther,0
relationships,relationships,s,PosRelOther,1
strategically,strategically,s,StratCognitionNeutral,0
for,for,s,OtherOrphanedOther,0
economic,economic,s,SpecialTopicsMiscellanyNeutral,0
and,and,s,OtherSyntacticComplexityOther,0
social,social,s,PosValuesStability,0
stability,stability,c,PosValuesStability,1
.,.,n,,0
#,#,s,,0
#,#,s,,0
#,#,c,,0
,,c,,0
#,#,s,,0
#,#,s,,0
#,#,s,,0
Married,married,s,CharTypesNeutral,0
Women,women,n,CharTypesNeutral,1
Married,married,s,CharTypesNeutral,0
women,women,s,CharTypesNeutral,1
occupied,occupied,s,NarrActsNeutral,0
a,a,s,OtherOrphanedOther,0
complex,complex,s,SpecialTopicsMiscellanyNeutral,0
social,social,s,SpecialTopicsMiscellanyNeutral,0
position,position,c,SpecialTopicsMiscellanyNeutral,1
.,.,s,,0
Legal,legal,s,PubLawNeutral,0
recognition,recognition,s,,0
of,of,s,OtherOrphanedOther,0
marriages,marriages,s,SpecialTopicsMiscellanyNeutral,0
was,was,s,NarrDurationNeutral,0
often,often,s,NarrDurationNeutral,1
delayed,delayed,s,NegActsDelay,0
or,or,s,OtherSyntacticComplexityOther,0
denied,denied,c,NegActsResist,0
",",",",s,,0
particularly,particularly,s,ExpoSpecificationNeutral,0
for,for,s,OtherOrphanedOther,0
traditional,traditional,s,NarrOtherNeutral,0
Hindu,hindu,s,SpecialTopicsMiscellanyNeutral,0
and,and,s,OtherSyntacticComplexityOther,0
Muslim,muslim,s,CharTypesNeutral,0
marriages,marriages,c,SpecialTopicsMiscellanyNeutral,0
",",",",s,,0
complicating,complicating,s,InquiryLearningNeg,0
their,their,s,CharNamesNeutral,0
legal,legal,s,PubLawNeutral,0
standing,standing,s,OtherOrphanedOther,0
and,and,s,OtherSyntacticComplexityOther,0
family,family,s,SpecialTopicsMiscellanyNeutral,0
life,life,c,NarrBiographyNeutral,0
.,.,s,InterCommandNeutral,0
Upon,upon,s,InterCommandNeutral,1
marriage,marriage,c,SpecialTopicsMiscellanyNeutral,0
",",",",s,,0
they,they,s,OtherOrphanedOther,0
were,were,s,NarrDurationNeutral,0
often,often,s,NarrDurationNeutral,1
seen,seen,s,PubAdministrationNeutral,0
as,as,s,PubAdministrationNeutral,1
subordinate,subordinate,c,SpecialTopicsMiscellanyNeutral,0
",",",",s,,0
with,with,s,OtherOrphanedOther,0
limited,limited,s,SpecialTopicsMiscellanyNeutral,0
economic,economic,s,SpecialTopicsMiscellanyNeutral,0
and,and,s,OtherSyntacticComplexityOther,0
personal,personal,s,CharSubjectivityNeutral,0
freedom,freedom,c,PosValuesFreedom,0
.,.,s,,0
Colonial,colonial,s,PubAdministrationNeutral,0
policies,policies,s,PubAdministrationNeutral,1
aimed,aimed,s,,0
to,to,s,OtherOrphanedOther,0
incorporate,incorporate,s,OtherOrphanedOther,0
European,european,s,SpecialTopicsPlaceNeutral,0
marriage,marriage,s,SpecialTopicsMiscellanyNeutral,0
ideals,ideals,c,PosValuesIdeal,0
",",",",s,,0
promoting,promoting,s,FacilitateSponsorNeutral,0
nuclear,nuclear,s,SpecialTopicsMiscellanyNeutral,0
family,family,s,SpecialTopicsMiscellanyNeutral,1
structures,structures,c,SpecialTopicsMiscellanyNeutral,0
",",",",s,MetadiscourseContrastNeutral,0
but,but,s,MetadiscourseContrastNeutral,1
this,this,s,OtherOrphanedOther,0
often,often,s,NarrDurationNeutral,0
conflicted,conflicted,s,NegEmotionsOther,0
with,with,s,NegEmotionsOther,1
the,the,s,ConfidenceHighNeutral,0
realities,realities,s,ConfidenceHighNeutral,1
on,on,s,OtherOrphanedOther,0
plantations,plantations,c,DescriptVisualNeutral,0
.,.,s,,0
Women,women,s,CharTypesNeutral,0
were,were,s,ResponsibilityHoldNeutral,0
obliged,obliged,s,ResponsibilityHoldNeutral,1
to,to,s,OtherOrphanedOther,0
work,work,s,StratCoordinationPos,0
alongside,alongside,s,StratCoordinationPos,1
men,men,s,CharTypesNeutral,0
in,in,s,OtherOrphanedOther,0
arduous,arduous,s,CharTraitsNeutral,0
plantation,plantation,s,DescriptVisualNeutral,0
labor,labor,c,SpecialTopicsMiscellanyNeutral,0
",",",",s,,0
often,often,s,NarrDurationNeutral,0
under,under,s,NegActsCoercive,0
duress,duress,c,NegActsCoercive,1
",",",",s,ReasoningConcludeNeutral,0
for,for,s,ReasoningConcludeNeutral,1
meager,meager,s,NegEmotionsTrifling,0
wages,wages,c,SpecialTopicsMiscellanyNeutral,0
.,.,s,,0
Domestic,domestic,s,SpecialTopicsMiscellanyNeutral,0
labor,labor,s,SpecialTopicsMiscellanyNeutral,0
was,was,s,UncertaintyUndeterminedNeg,0
unrecognized,unrecognized,s,UncertaintyUndeterminedNeg,1
and,and,s,OtherSyntacticComplexityOther,0
undervalued,undervalued,c,NegActsPrefixUnder,0
",",",",s,,0
despite,despite,s,MetadiscourseContrastNeutral,0
its,its,s,OtherOrphanedOther,0
necessity,necessity,s,NarrSequenceNeutral,0
for,for,s,OtherOrphanedOther,0
familial,familial,s,PosValuesStability,0
stability,stability,c,PosValuesStability,1
.,.,n,,0
Married,married,s,NarrBiographyNeutral,0
women's,women's,s,CharTypesNeutral,0
experiences,experiences,s,NarrActsNeutral,0
were,were,s,NarrOtherNeutral,0
compounded,compounded,s,OtherOrphanedOther,0
by,by,s,OtherOrphanedOther,0
instances,instances,s,ExpoExampleNeutral,0
of,of,s,ExpoExampleNeutral,1
domestic,domestic,s,NegActsViolence,0
violence,violence,s,NegActsViolence,1
and,and,s,OtherSyntacticComplexityOther,0
abandonment,abandonment,c,NarrSceneShiftNeg,0
.,.,s,,0
Many,many,s,ExpoOtherNeutral,0
women,women,s,CharTypesNeutral,0
faced,faced,s,DescriptVisualNeutral,0
physical,physical,s,SpecialTopicsMiscellanyNeutral,0
and,and,s,OtherSyntacticComplexityOther,0
emotional,emotional,s,NegActsAggressive,0
abuse,abuse,s,NegActsAggressive,1
from,from,s,OtherOrphanedOther,0
their,their,s,CharNamesNeutral,0
husbands,husbands,c,NarrBiographyNeutral,0
",",",",s,CharNamesNeutral,0
who,who,s,CharNamesNeutral,1
might,might,s,ConfidenceHedgedNeutral,0
also,also,s,ConfidenceHedgedNeutral,1
force,force,s,StratOtherNeutral,0
them,them,s,StratOtherNeutral,1
into,into,s,StratOtherNeutral,2
prostitution,prostitution,s,NegValuesOther,0
to,to,s,OtherOrphanedOther,0
supplement,supplement,s,SpecialTopicsMiscellanyNeutral,0
family,family,s,SpecialTopicsMiscellanyNeutral,0
income,income,c,SpecialTopicsMiscellanyNeutral,1
.,.,s,MetadiscourseContrastNeutral,0
Yet,yet,c,MetadiscourseContrastNeutral,1
",",",",s,,0
this,this,s,OtherOrphanedOther,0
adversity,adversity,s,NegRelAdverse,0
sometimes,sometimes,s,ContingentRelationshipNeutral,0
prompted,prompted,s,FacilitateHelpNeutral,0
women,women,s,CharTypesNeutral,0
to,to,s,SpecialTopicsMiscellanyNeutral,0
leave,leave,s,SpecialTopicsMiscellanyNeutral,1
abusive,abusive,s,NegActsAggressive,0
partners,partners,c,NegActsAggressive,1
",",",",s,,0
reflecting,reflecting,s,OtherOrphanedOther,0
a,a,s,OtherOrphanedOther,1
quest,quest,s,StratCognitionNeutral,0
for,for,s,StratCognitionNeutral,1
autonomy,autonomy,s,PosValuesEthics,0
and,and,s,OtherSyntacticComplexityOther,0
safer,safer,s,ContingentEventNeutral,0
circumstances,circumstances,c,ContingentEventNeutral,1
.,.,n,,0
#,#,s,,0
#,#,s,,0
#,#,c,,0
,,c,,0
#,#,s,,0
#,#,s,,0
#,#,s,,0
Widowed,widowed,s,CharTypesNeutral,0
Women,women,n,CharTypesNeutral,1
Widows,widows,s,CharTypesNeutral,0
were,were,s,ExpoSpecificationNeutral,0
particularly,particularly,s,ExpoSpecificationNeutral,1
vulnerable,vulnerable,s,NegEmotionsFear,0
within,within,s,OtherOrphanedOther,0
both,both,s,OtherSyntacticComplexityOther,0
Indian,indian,s,CharTypesNeutral,0
and,and,s,OtherSyntacticComplexityOther,0
colonial,colonial,s,SpecialTopicsMiscellanyNeutral,0
societal,societal,s,PubAdministrationNeutral,0
frameworks,frameworks,c,SpecialTopicsMiscellanyNeutral,0
.,.,s,,0
In,in,s,OtherOrphanedOther,0
India,india,c,SpecialTopicsPlaceNeutral,0
",",",",s,,0
societal,societal,s,PubAdministrationNeutral,0
norms,norms,s,PubAdministrationNeutral,0
restricted,restricted,s,NegActsResist,0
their,their,s,NegActsResist,1
rights,rights,c,NegActsResist,2
",",",",s,,0
and,and,s,OtherSyntacticComplexityOther,0
they,they,s,OtherOrphanedOther,0
often,often,s,NarrDurationNeutral,0
lived,lived,s,NarrBiographyNeutral,0
marginal,marginal,s,StratCoordinationNeutral,0
lives,lives,c,NarrBiographyNeutral,0
.,.,s,,0
In,in,s,OtherOrphanedOther,0
the,the,s,OtherOrphanedOther,0
colonies,colonies,c,SpecialTopicsMiscellanyNeutral,0
",",",",s,,0
they,they,s,NarrBiographyNeutral,0
experienced,experienced,s,NarrBiographyNeutral,1
similar,similar,s,NegEmotionsFear,0
vulnerabilities,vulnerabilities,c,NegEmotionsFear,1
.,.,s,OtherSyntacticComplexityOther,0
With,with,s,OtherSyntacticComplexityOther,1
the,the,s,OtherSyntacticComplexityOther,2
social,social,s,PosValuesSafe,0
safety,safety,s,PosValuesSafe,1
net,net,s,DescriptObjectsNeutral,0
back,back,s,NarrSceneShiftNeutral,0
home,home,s,NarrSceneShiftNeutral,1
weakened,weakened,c,DescriptChangeNeg,0
",",",",s,,0
widowhood,widowhood,s,NarrDurationNeutral,0
became,became,s,DescriptChangeNeutral,0
a,a,s,DescriptChangeNeutral,1
dire,dire,s,NegEmotionsOther,0
state,state,s,OtherOrphanedOther,0
due,due,s,ReasoningOtherNeutral,0
to,to,s,ReasoningOtherNeutral,1
its,its,s,OtherOrphanedOther,0
association,association,s,PosRelOther,0
with,with,s,PosRelOther,1
poverty,poverty,s,NegValuesPoverty,0
and,and,s,OtherSyntacticComplexityOther,0
limited,limited,s,SpecialTopicsMiscellanyNeutral,0
social,social,s,PosRelSupport,0
support,support,c,PosRelSupport,1
.,.,s,,0
Widows,widows,s,CharTypesNeutral,0
who,who,s,OtherOrphanedOther,0
migrated,migrated,s,NarrSceneShiftNeutral,0
often,often,s,NarrDurationNeutral,0
did,did,s,ForcefulIntenseNeutral,0
so,so,s,ForcefulIntenseNeutral,1
to,to,s,OtherOrphanedOther,0
escape,escape,s,StratActsPos,0
the,the,s,OtherOrphanedOther,0
constraints,constraints,s,SpecialTopicsPlaceNeutral,0
placed,placed,s,SpecialTopicsPlaceNeutral,1
on,on,s,OtherOrphanedOther,0
them,them,s,NarrActsNeutral,0
at,at,s,SpecialTopicsPlaceNeutral,0
home,home,c,SpecialTopicsPlaceNeutral,1
",",",",s,,0
seeking,seeking,s,StratCognitionNeutral,0
new,new,s,NarrImmediacyNeutral,0
opportunities,opportunities,s,NarrImmediacyNeutral,1
abroad,abroad,c,NarrSceneShiftNeutral,0
.,.,s,,0
Once,once,s,NarrOtherNeutral,0
in,in,s,OtherOrphanedOther,0
the,the,s,OtherOrphanedOther,0
colonies,colonies,c,SpecialTopicsMiscellanyNeutral,0
",",",",s,,0
some,some,s,ExpoOtherNeutral,0
widows,widows,s,CharTypesNeutral,0
remarried,remarried,s,NarrBiographyNeutral,0
or,or,s,OtherSyntacticComplexityOther,0
formed,formed,s,OtherOrphanedOther,0
new,new,s,PubAdministrationNeutral,0
partnerships,partnerships,s,PubAdministrationNeutral,1
for,for,s,OtherOrphanedOther,0
financial,financial,s,PosRelSupport,0
support,support,c,PosRelSupport,1
",",",",s,,0
exploiting,exploiting,s,OtherOrphanedOther,0
the,the,s,OtherOrphanedOther,1
freedom,freedom,s,NegValuesEthics,0
from,from,s,NegValuesEthics,1
traditional,traditional,s,NegActsResist,0
constraints,constraints,c,NegActsResist,1
",",",",s,MetadiscourseContrastNeutral,0
though,though,s,MetadiscourseContrastNeutral,1
this,this,s,ContingentRelationshipNeutral,0
could,could,s,ContingentRelationshipNeutral,1
also,also,s,MetadiscourseAdditionNeutral,0
lead,lead,s,ReasoningOtherNeutral,0
to,to,s,ReasoningOtherNeutral,1
social,social,s,PubAdministrationNeg,0
censure,censure,c,PubAdministrationNeg,1
.,.,n,,0
Widows,widows,c,CharTypesNeutral,0
",",",",s,DescriptVisualNeutral,0
like,like,s,DescriptVisualNeutral,1
single,single,s,CharTypesNeutral,0
women,women,c,CharTypesNeutral,1
",",",",s,,0
occasionally,occasionally,s,NarrDurationNeutral,0
leveraged,leveraged,s,StratCoordinationNeutral,0
their,their,s,StratCoordinationNeutral,1
scarcity,scarcity,s,NegValuesOther,0
and,and,s,OtherSyntacticComplexityOther,0
the,the,s,OtherSyntacticComplexityOther,1
consequent,consequent,s,ReasoningOtherNeutral,0
demand,demand,s,OtherOrphanedOther,0
to,to,s,StratActsPos,0
secure,secure,s,StratActsPos,1
better,better,s,ExpoComparisonNeutral,0
positions,positions,s,SpecialTopicsMiscellanyNeutral,0
or,or,s,OtherSyntacticComplexityOther,0
relationships,relationships,c,SpecialTopicsMiscellanyNeutral,0
.,.,s,,0
The,the,s,OtherOrphanedOther,0
unmet,unmet,s,NegEmotionsIdentifyGaps,0
need,need,s,NegEmotionsIdentifyGaps,1
for,for,s,OtherOrphanedOther,0
women,women,s,CharTypesNeutral,0
on,on,s,OtherOrphanedOther,0
plantations,plantations,s,DescriptVisualNeutral,0
allowed,allowed,s,FacilitateExpediteNeutral,0
some,some,s,ExpoOtherNeutral,0
to,to,s,OtherOrphanedOther,0
negotiate,negotiate,s,PubDiplomacyNeutral,0
new,new,s,SpecialTopicsMiscellanyNeutral,0
family,family,s,SpecialTopicsMiscellanyNeutral,1
formations,formations,c,SpecialTopicsMiscellanyNeutral,0
",",",",s,MetadiscourseContrastNeutral,0
but,but,s,MetadiscourseContrastNeutral,1
they,they,s,OtherOrphanedOther,0
still,still,s,DescriptObjectsNeutral,0
faced,faced,s,DescriptObjectsNeutral,1
societal,societal,s,NegRelOther,0
stigma,stigma,s,NegRelOther,1
primarily,primarily,s,ForcefulEmphaticNeutral,0
due,due,s,ReasoningOtherNeutral,0
to,to,s,ReasoningOtherNeutral,1
their,their,s,CharNamesNeutral,0
gender,gender,s,SpecialTopicsMiscellanyNeutral,0
and,and,s,OtherSyntacticComplexityOther,0
marital,marital,s,NarrBiographyNeutral,0
status,status,c,SpecialTopicsMiscellanyNeutral,0
.,.,n,,0
#,#,s,,0
#,#,s,,0
#,#,c,,0
,,c,,0
#,#,s,,0
#,#,s,,0
#,#,s,,0
General,general,s,SpecialTopicsMiscellanyNeutral,0
Observations,observations,n,SpecialTopicsMiscellanyNeutral,0
Across,across,s,ForcefulEmphaticNeutral,0
the,the,s,ForcefulEmphaticNeutral,1
board,board,c,ForcefulEmphaticNeutral,2
",",",",s,,0
women’s,women’s,s,CharTypesNeutral,0
experiences,experiences,s,NarrActsNeutral,0
were,were,s,NarrOtherNeutral,0
marred,marred,s,NegEmotionsOther,0
by,by,s,NegEmotionsOther,1
the,the,s,OtherOrphanedOther,0
colonial,colonial,s,SpecialTopicsMiscellanyNeutral,0
system's,system's,s,SpecialTopicsMiscellanyNeutral,0
failures,failures,s,NegActsFail,0
to,to,s,NegActsFail,1
ensure,ensure,s,ConfidenceHighNeutral,0
fairness,fairness,s,PosValuesFairness,0
and,and,s,OtherSyntacticComplexityOther,0
protection,protection,c,StratCoordinationNeutral,0
.,.,s,,0
Both,both,s,MetadiscourseOtherNeutral,0
the,the,s,MetadiscourseOtherNeutral,1
socioeconomic,socioeconomic,s,PubAdministrationNeutral,0
and,and,s,OtherSyntacticComplexityOther,0
legal,legal,s,PubLawNeutral,0
structures,structures,s,SpecialTopicsMiscellanyNeutral,0
were,were,s,NarrDurationNeutral,0
typically,typically,s,NarrDurationNeutral,1
biased,biased,s,NegRelBias,0
against,against,s,NegActsResist,0
women,women,c,CharTypesNeutral,0
",",",",s,,0
locking,locking,s,OtherOrphanedOther,0
them,them,s,OtherOrphanedOther,1
into,into,s,OtherOrphanedOther,2
roles,roles,s,SpecialTopicsMiscellanyNeutral,0
and,and,s,OtherSyntacticComplexityOther,0
identities,identities,s,,0
imposed,imposed,s,NegRelImpose,0
by,by,s,OtherOrphanedOther,0
patriarchal,patriarchal,s,SpecialTopicsMiscellanyNeutral,0
and,and,s,OtherSyntacticComplexityOther,0
colonial,colonial,s,SpecialTopicsMiscellanyNeutral,0
ideologies,ideologies,c,SpecialTopicsMiscellanyNeutral,0
.,.,s,MetadiscourseContrastNeutral,0
However,however,c,MetadiscourseContrastNeutral,1
",",",",s,,0
women,women,s,CharTypesNeutral,0
found,found,s,InquiryDiscoveryNeutral,0
ways,ways,s,InquiryDiscoveryNeutral,1
to,to,s,OtherOrphanedOther,0
assert,assert,s,CharTraitsNeutral,0
their,their,s,CharNamesNeutral,0
agency,agency,s,PubAdministrationNeutral,0
despite,despite,s,MetadiscourseContrastNeutral,0
these,these,s,OtherOrphanedOther,0
oppressive,oppressive,s,NegActsAggressive,0
circumstances,circumstances,c,ContingentEventNeutral,0
",",",",s,ContingentRelationshipNeutral,0
whether,whether,s,ContingentRelationshipNeutral,1
through,through,s,OtherOrphanedOther,0
economic,economic,s,SpecialTopicsMiscellanyNeutral,0
activities,activities,c,SpecialTopicsMiscellanyNeutral,1
",",",",s,,0
navigating,navigating,s,DescriptMotionNeutral,0
personal,personal,s,CharSubjectivityNeutral,0
relationships,relationships,c,CharSubjectivityNeutral,1
",",",",s,,0
or,or,s,OtherSyntacticComplexityOther,0
leveraging,leveraging,s,StratCoordinationNeutral,0
their,their,s,StratCoordinationNeutral,1
labor,labor,s,SpecialTopicsMiscellanyNeutral,0
value,value,s,,0
to,to,s,OtherOrphanedOther,0
negotiate,negotiate,s,PubDiplomacyNeutral,0
better,better,s,ExpoComparisonNeutral,0
terms,terms,s,SpecialTopicsMiscellanyNeutral,0
for,for,s,OtherOrphanedOther,0
themselves,themselves,s,CharNamesNeutral,0
and,and,s,OtherSyntacticComplexityOther,0
their,their,s,CharNamesNeutral,0
families,families,c,SpecialTopicsMiscellanyNeutral,0
.,.,n,,0
Ultimately,ultimately,c,ConfidenceHighNeutral,0
",",",",s,,0
the,the,s,OtherOrphanedOther,0
treatment,treatment,s,SpecialTopicsMiscellanyNeutral,0
of,of,s,OtherOrphanedOther,0
women,women,s,CharTypesNeutral,0
—,—,s,,0
single,single,c,SpecialTopicsMiscellanyNeutral,0
",",",",s,,0
married,married,c,NarrBiographyNeutral,0
",",",",s,,0
and,and,s,OtherSyntacticComplexityOther,0
widowed,widowed,s,,0
—,—,s,,0
in,in,s,OtherOrphanedOther,0
colonial,colonial,s,SpecialTopicsMiscellanyNeutral,0
settings,settings,s,ContingentEventNeutral,0
was,was,s,ExpoSpecificationNeutral,0
characterized,characterized,s,ExpoSpecificationNeutral,1
by,by,s,ExpoSpecificationNeutral,2
a,a,s,OtherOrphanedOther,0
complex,complex,s,SpecialTopicsMiscellanyNeutral,0
interplay,interplay,s,OtherOrphanedOther,0
of,of,s,NegActsAggressive,0
oppression,oppression,s,NegActsAggressive,1
and,and,s,OtherSyntacticComplexityOther,0
resistance,resistance,c,NegActsResist,0
",",",",s,,0
shaped,shaped,s,OtherOrphanedOther,0
by,by,s,OtherOrphanedOther,1
the,the,s,OtherOrphanedOther,2
broader,broader,s,ExpoComparisonNeutral,0
forces,forces,s,SpecialTopicsMiscellanyNeutral,0
of,of,s,OtherOrphanedOther,0
gender,gender,c,SpecialTopicsMiscellanyNeutral,0
",",",",s,,0
race,race,c,DescriptMotionNeutral,0
",",",",s,,0
and,and,s,OtherSyntacticComplexityOther,0
class,class,s,SpecialTopicsMiscellanyNeutral,0
within,within,s,OtherSyntacticComplexityOther,0
which,which,s,OtherSyntacticComplexityOther,1
they,they,s,OtherOrphanedOther,0
operated,operated,c,OtherOrphanedOther,0
.,.,n,,0
Sources,sources,s,SpecialTopicsMiscellanyNeutral,0
used,used,c,NarrActsNeutral,0
:,:,n,,0
-,-,s,,0
Bates,bates,c,DescriptMotionNeutral,0
",",",",s,,0
C,c,c,OtherOrphanedOther,0
.,.,s,OtherOrphanedOther,1
(,(,c,OtherOrphanedOther,0
Ed,ed,c,SpecialTopicsMiscellanyNeutral,0
.,.,c,SpecialTopicsMiscellanyNeutral,1
),),c,OtherOrphanedOther,0
.,.,s,,0
(,(,c,OtherOrphanedOther,0
2024,2024,c,NarrDurationNeutral,0
),),c,OtherOrphanedOther,0
.,.,s,,0
Beyond,beyond,s,OtherOrphanedOther,0
Indenture,indenture,c,PubLawNeutral,0
.,.,s,,0
txt,txt,n,,0
-,-,s,,0
Benton,benton,c,CharNamesNeutral,0
",",",",s,,0
G,g,c,OtherOrphanedOther,0
.,.,s,OtherOrphanedOther,1
(,(,c,OtherOrphanedOther,0
2022,2022,c,CitationReferenceNeutral,0
),),c,CitationReferenceNeutral,1
.,.,s,,0
Chinese,chinese,s,CharTypesNeutral,0
Indentured,indentured,s,PubLawNeutral,0
Labour,labour,s,,0
in,in,s,OtherOrphanedOther,0
the,the,s,OtherOrphanedOther,0
Dutch,dutch,s,CharTypesNeutral,0
East,east,s,SpecialTopicsPlaceNeutral,0
Indies,indies,c,SpecialTopicsPlaceNeutral,1
.,.,s,,0
txt,txt,n,,0
-,-,s,,0
Buddingh,buddingh,c,,0
’,',c,,0
",",",",s,,0
H,h,c,OtherOrphanedOther,0
.,.,s,OtherOrphanedOther,1
(,(,c,CitationReferenceNeutral,0
1995,1995,c,CitationReferenceNeutral,1
),),c,CitationReferenceNeutral,2
.,.,s,,0
A,a,s,OtherOrphanedOther,0
history,history,s,NarrOtherNeutral,0
of,of,s,NarrOtherNeutral,1
Suriname,suriname,c,SpecialTopicsPlaceNeutral,0
.,.,s,,0
txt,txt,n,,0
-,-,s,,0
Hassankhan,hassankhan,c,,0
",",",",s,,0
M,m,c,OtherOrphanedOther,0
.,.,s,OtherOrphanedOther,1
S,s,c,OtherOrphanedOther,0
.,.,c,OtherOrphanedOther,1
",",",",s,,0
Roopnarine,roopnarine,c,,0
",",",",s,,0
L,l,c,OtherOrphanedOther,0
.,.,c,OtherOrphanedOther,1
",",",",s,,0
&,&,s,,0
Mahase,mahase,c,,0
",",",",s,,0
R,r,c,OtherOrphanedOther,0
.,.,s,OtherOrphanedOther,1
(,(,c,OtherOrphanedOther,0
2016,2016,c,CitationReferenceNeutral,0
),),c,CitationReferenceNeutral,1
.,.,s,,0
Social,social,s,,0
and,and,s,OtherSyntacticComplexityOther,0
cultural,cultural,s,SpecialTopicsMiscellanyNeutral,0
dimensions,dimensions,s,SpecialTopicsMiscellanyNeutral,0
of,of,s,OtherOrphanedOther,0
Indian,indian,s,PubLawNeutral,0
indentured,indentured,s,PubLawNeutral,1
labour,labour,s,,0
and,and,s,OtherSyntacticComplexityOther,0
its,its,s,OtherOrphanedOther,0
diaspora,diaspora,c,SpecialTopicsMiscellanyNeutral,0
.,.,s,,0
txt,txt,n,,0
-,-,s,,0
Hassankhan,hassankhan,c,,0
",",",",s,,0
M,m,c,OtherOrphanedOther,0
.,.,s,OtherOrphanedOther,1
S,s,c,OtherOrphanedOther,0
.,.,c,OtherOrphanedOther,1
",",",",s,,0
Roopnarine,roopnarine,c,,0
",",",",s,,0
L,l,c,OtherOrphanedOther,0
.,.,c,OtherOrphanedOther,1
",",",",s,,0
White,white,c,DescriptVisualNeutral,0
",",",",s,,0
C,c,c,OtherOrphanedOther,0
.,.,c,OtherOrphanedOther,1
",",",",s,,0
&,&,s,,0
Mahase,mahase,c,,0
",",",",s,,0
R,r,c,OtherOrphanedOther,0
.,.,s,OtherOrphanedOther,1
(,(,c,OtherOrphanedOther,0
Eds,eds,c,SpecialTopicsMiscellanyNeutral,0
.,.,c,,0
),),c,OtherOrphanedOther,0
.,.,s,,0
(,(,c,OtherOrphanedOther,0
2016,2016,c,CitationReferenceNeutral,0
),),c,CitationReferenceNeutral,1
.,.,s,,0
Legacy,legacy,s,PubAdministrationNeutral,0
of,of,s,PubAdministrationNeutral,1
Slavery,slavery,s,NegRelServility,0
and,and,s,OtherSyntacticComplexityOther,0
Indentured,indentured,s,PubLawNeutral,0
Labour,labour,c,,0
.,.,s,,0
txt,txt,n,,0
-,-,s,,0
Hegde,hegde,c,,0
",",",",s,,0
R,r,c,OtherOrphanedOther,0
.,.,s,OtherOrphanedOther,1
S,s,c,OtherOrphanedOther,0
.,.,c,OtherOrphanedOther,1
",",",",s,,0
&,&,s,,0
Sahoo,sahoo,c,,0
",",",",s,,0
A,a,c,OtherOrphanedOther,0
.,.,s,OtherOrphanedOther,1
K,k,c,OtherOrphanedOther,0
.,.,s,OtherOrphanedOther,1
(,(,c,OtherOrphanedOther,0
Eds,eds,c,SpecialTopicsMiscellanyNeutral,0
.,.,c,,0
),),c,OtherOrphanedOther,0
.,.,s,,0
(,(,c,OtherOrphanedOther,0
2018,2018,c,CitationReferenceNeutral,0
),),c,CitationReferenceNeutral,1
.,.,s,,0
Routledge,routledge,s,CharNamesNeutral,0
handbook,handbook,s,PubAdministrationNeutral,0
of,of,s,PubAdministrationNeutral,1
the,the,s,CharTypesNeutral,0
Indian,indian,s,CharTypesNeutral,1
diaspora,diaspora,c,SpecialTopicsMiscellanyNeutral,0
.,.,s,,0
txt,txt,n,,0
-,-,s,,0
Hoefte,hoefte,c,,0
",",",",s,,0
R,r,c,OtherOrphanedOther,0
.,.,s,OtherOrphanedOther,1
(,(,c,CitationReferenceNeutral,0
2013,2013,c,CitationReferenceNeutral,1
),),c,CitationReferenceNeutral,2
.,.,s,,0
Suriname,suriname,s,SpecialTopicsPlaceNeutral,0
in,in,s,OtherOrphanedOther,0
the,the,s,OtherOrphanedOther,0
long,long,s,DescriptVisualNeutral,0
twentieth,twentieth,s,NarrDurationNeutral,0
century,century,c,NarrDurationNeutral,1
:,:,s,,0
domination,domination,c,StratCompetitionNeutral,0
",",",",s,,0
contestation,contestation,c,StratCompetitionNeutral,0
",",",",s,,0
globalization,globalization,c,SpecialTopicsMiscellanyNeutral,0
.,.,s,,0
txt,txt,n,,0
-,-,s,,0
Klooster,klooster,c,,0
",",",",s,,0
W,w,c,OtherOrphanedOther,0
.,.,s,OtherOrphanedOther,1
(,(,c,CitationReferenceNeutral,0
2009,2009,c,CitationReferenceNeutral,1
),),c,CitationReferenceNeutral,2
.,.,s,,0
Migration,migration,c,NarrSceneShiftNeutral,0
",",",",s,,0
trade,trade,c,SpecialTopicsMiscellanyNeutral,0
",",",",s,,0
and,and,s,OtherSyntacticComplexityOther,0
slavery,slavery,s,NegRelServility,0
in,in,s,OtherOrphanedOther,0
an,an,s,OtherOrphanedOther,0
expanding,expanding,s,DescriptChangePos,0
world,world,c,DescriptChangePos,1
.,.,s,,0
txt,txt,n,,0
-,-,s,,0
Klooster,klooster,c,,0
",",",",s,,0
W,w,c,OtherOrphanedOther,0
.,.,s,OtherOrphanedOther,1
(,(,c,OtherOrphanedOther,0
2016,2016,c,CitationReferenceNeutral,0
),),c,CitationReferenceNeutral,1
.,.,s,,0
The,the,s,OtherOrphanedOther,0
Dutch,dutch,s,CharTypesNeutral,0
moment,moment,c,NarrDurationNeutral,0
:,:,s,InterCommandNeutral,0
war,war,c,InterCommandNeutral,1
",",",",s,,0
trade,trade,c,SpecialTopicsMiscellanyNeutral,0
",",",",s,,0
and,and,s,OtherSyntacticComplexityOther,0
settlement,settlement,s,PosRelAgree,0
in,in,s,NarrDurationNeutral,0
the,the,s,NarrDurationNeutral,1
Seventeenth-Century,seventeenth-century,s,NarrDurationNeutral,2
Atlantic,atlantic,s,SpecialTopicsPlaceNeutral,0
World,world,c,SpecialTopicsPlaceNeutral,0
.,.,s,,0
txt,txt,n,,0
-,-,s,,0
Kumar,kumar,c,CharNamesNeutral,0
",",",",s,,0
A,a,c,OtherOrphanedOther,0
.,.,c,OtherOrphanedOther,1
",",",",s,,0
&,&,s,,0
Bates,bates,c,DescriptMotionNeutral,0
",",",",s,,0
C,c,c,OtherOrphanedOther,0
.,.,s,OtherOrphanedOther,1
(,(,c,OtherOrphanedOther,0
Eds,eds,c,SpecialTopicsMiscellanyNeutral,0
.,.,c,,0
),),c,OtherOrphanedOther,0
.,.,s,,0
(,(,c,OtherOrphanedOther,0
2024,2024,c,NarrDurationNeutral,0
),),c,OtherOrphanedOther,0
.,.,s,,0
Girmitiyas,girmitiyas,s,,0
and,and,s,OtherSyntacticComplexityOther,0
the,the,s,OtherSyntacticComplexityOther,1
Global,global,s,SpecialTopicsMiscellanyNeutral,0
Indian,indian,s,CharTypesNeutral,0
Diaspora,diaspora,c,SpecialTopicsMiscellanyNeutral,0
:,:,s,,0
Origins,origins,c,NarrSequenceNeutral,0
",",",",s,,0
Memories,memories,c,CharMentalStatesNeutral,0
",",",",s,,0
and,and,s,OtherSyntacticComplexityOther,0
Identity,identity,c,SpecialTopicsMiscellanyNeutral,0
.,.,s,,0
txt,txt,n,,0
-,-,s,,0
Kumar,kumar,c,CharNamesNeutral,0
",",",",s,,0
V,v,c,OtherOrphanedOther,0
.,.,s,OtherOrphanedOther,1
(,(,c,CitationReferenceNeutral,0
1979,1979,c,CitationReferenceNeutral,1
),),c,CitationReferenceNeutral,2
.,.,s,,0
Girmit,girmit,s,,0
—,—,s,,0
The,the,s,OtherOrphanedOther,0
indenture,indenture,s,PubLawNeutral,0
experience,experience,s,StratOtherPos,0
in,in,s,StratOtherPos,1
Fiji,fiji,c,SpecialTopicsPlaceNeutral,0
.,.,s,,0
txt,txt,n,,0
-,-,s,,0
V,v,s,OtherOrphanedOther,0
Lal,lal,c,CharNamesNeutral,0
",",",",s,,0
B,b,c,OtherOrphanedOther,0
.,.,s,OtherOrphanedOther,1
(,(,c,CitationReferenceNeutral,0
2012,2012,c,CitationReferenceNeutral,1
),),c,CitationReferenceNeutral,2
.,.,s,,0
Chalo,chalo,s,,0
Jahaji,jahaji,c,,0
:,:,s,,0
On,on,s,NarrDurationNeutral,0
a,a,s,NarrDurationNeutral,1
journey,journey,s,NarrDurationNeutral,2
through,through,s,OtherOrphanedOther,0
indenture,indenture,s,PubLawNeutral,0
in,in,s,OtherOrphanedOther,0
Fiji,fiji,c,SpecialTopicsPlaceNeutral,0
.,.,s,,0
txt,txt,n,,0
-,-,s,,0
van,van,s,DescriptObjectsNeutral,0
Lier,lier,c,,0
",",",",s,,0
R,r,c,OtherOrphanedOther,0
.,.,s,OtherOrphanedOther,1
A,a,c,OtherOrphanedOther,0
.,.,s,OtherOrphanedOther,1
J,j,c,OtherOrphanedOther,0
.,.,s,OtherOrphanedOther,1
(,(,c,OtherOrphanedOther,0
2024,2024,c,NarrDurationNeutral,0
),),c,OtherOrphanedOther,0
.,.,s,,0
Frontier,frontier,s,DescriptVisualNeutral,0
society,society,c,PubAdministrationNeutral,0
:,:,s,,0
a,a,s,OtherOrphanedOther,0
social,social,s,ReasoningAnalyzeNeutral,0
analysis,analysis,s,ReasoningAnalyzeNeutral,1
of,of,s,OtherSyntacticComplexityOther,0
the,the,s,OtherSyntacticComplexityOther,1
history,history,s,NarrOtherNeutral,0
of,of,s,NarrOtherNeutral,1
Surinam,surinam,c,,0
.,.,s,,0
txt,txt,n,,0
The,the,s,OtherOrphanedOther,0
terms,terms,s,SpecialTopicsMiscellanyNeutral,0
“,",c,,0
coolie,coolie,c,CharTypesNeutral,0
”,",s,,0
and,and,s,OtherSyntacticComplexityOther,0
“,",c,,0
indentured,indentured,s,PubLawNeutral,0
labourer,labourer,c,CharTypesNeutral,0
",",",",c,,0
”,",s,,0
while,while,s,NarrDurationNeutral,0
often,often,s,NarrDurationNeutral,0
conflated,conflated,s,ReasoningCriticizeNeg,0
in,in,s,OtherOrphanedOther,0
historical,historical,s,SpecialTopicsMiscellanyNeutral,0
discourse,discourse,c,SpecialTopicsMiscellanyNeutral,1
",",",",s,,0
have,have,s,NarrActsNeutral,0
distinct,distinct,s,ExpoComparisonNeutral,0
connotations,connotations,s,ExpoDefinitionNeutral,0
despite,despite,s,MetadiscourseContrastNeutral,0
their,their,s,CharNamesNeutral,0
overlapping,overlapping,s,DescriptVisualNeutral,0
applications,applications,c,SpecialTopicsMiscellanyNeutral,0
.,.,n,,0
1,1,c,ExpoOtherNeutral,0
.,.,s,ExpoOtherNeutral,1
*,*,s,,0
*,*,s,,0
Definition,definition,s,ExpoDefinitionNeutral,0
and,and,s,OtherSyntacticComplexityOther,0
Origin,origin,s,NarrSequenceNeutral,0
*,*,s,,0
*,*,c,,0
:,:,n,,0
-,-,s,,0
*,*,s,,0
*,*,s,,0
Coolie,coolie,s,CharTypesNeutral,0
*,*,s,,0
*,*,c,,0
:,:,s,,0
The,the,s,OtherOrphanedOther,0
term,term,s,SpecialTopicsMiscellanyNeutral,0
“,",c,,0
coolie,coolie,c,CharTypesNeutral,0
”,",s,,0
is,is,s,ForcefulEmphaticNeutral,0
primarily,primarily,s,ForcefulEmphaticNeutral,1
of,of,s,OtherOrphanedOther,0
Tamil,tamil,s,SpecialTopicsMiscellanyNeutral,0
or,or,s,OtherSyntacticComplexityOther,0
Gujarati,gujarati,s,CharTypesNeutral,0
origin,origin,c,NarrSequenceNeutral,0
",",",",s,,0
typically,typically,s,NarrDurationNeutral,0
referring,referring,s,NarrActsNeutral,0
to,to,s,NarrActsNeutral,1
hired,hired,s,OtherOrphanedOther,0
or,or,s,OtherSyntacticComplexityOther,0
unskilled,unskilled,s,CharTypesNeutral,0
laborers,laborers,c,CharTypesNeutral,1
",",",",s,,0
often,often,s,NarrDurationNeutral,0
from,from,s,OtherOrphanedOther,0
China,china,s,SpecialTopicsPlaceNeutral,0
and,and,s,OtherSyntacticComplexityOther,0
India,india,c,SpecialTopicsPlaceNeutral,0
.,.,s,,0
In,in,s,NarrDurationNeutral,0
the,the,s,NarrDurationNeutral,1
context,context,s,NarrDurationNeutral,2
of,of,s,NarrDurationNeutral,3
colonial,colonial,s,SpecialTopicsMiscellanyNeutral,0
labor,labor,c,SpecialTopicsMiscellanyNeutral,0
",",",",s,,0
it,it,s,NarrOtherNeutral,0
was,was,s,NarrOtherNeutral,1
a,a,s,NarrOtherNeutral,2
derogatory,derogatory,s,NegActsAggressive,0
term,term,s,NegActsAggressive,1
used,used,s,NarrActsNeutral,0
globally,globally,s,DescriptVisualNeutral,0
to,to,s,OtherOrphanedOther,0
describe,describe,s,SpecialTopicsMiscellanyNeutral,0
Asian,asian,s,SpecialTopicsPlaceNeutral,0
workers,workers,s,CharTypesNeutral,0
involved,involved,s,NarrActsNeutral,0
in,in,s,NarrActsNeutral,1
menial,menial,c,NegActsMenial,0
",",",",s,,0
contract,contract,s,NarrActsNeutral,0
labor,labor,c,SpecialTopicsMiscellanyNeutral,0
.,.,s,,0
The,the,s,OtherOrphanedOther,0
term,term,s,SpecialTopicsMiscellanyNeutral,0
carried,carried,s,ExpoDefinitionNeutral,0
pejorative,pejorative,s,ExpoDefinitionNeutral,1
connotations,connotations,s,ExpoDefinitionNeutral,2
from,from,s,NarrSequenceNeutral,0
the,the,s,NarrSequenceNeutral,1
start,start,s,NarrSequenceNeutral,2
and,and,s,OtherSyntacticComplexityOther,0
was,was,s,NarrOtherNeutral,0
meant,meant,s,CharTraitsNeutral,0
to,to,s,CharTraitsNeutral,1
dehumanize,dehumanize,s,NegRelDehumanize,0
and,and,s,OtherSyntacticComplexityOther,0
homogenize,homogenize,s,DescriptChangeNeutral,0
the,the,s,OtherOrphanedOther,0
diverse,diverse,s,,0
identities,identities,s,,0
of,of,s,OtherOrphanedOther,0
these,these,s,OtherOrphanedOther,0
laborers,laborers,s,CharTypesNeutral,0
into,into,s,DescriptChangeNeutral,0
a,a,s,DescriptChangeNeutral,1
single,single,c,SpecialTopicsMiscellanyNeutral,0
",",",",s,,0
derogatory,derogatory,s,NegActsAggressive,0
category,category,c,NegActsAggressive,1
.,.,s,,0
In,in,s,SpecialTopicsPlaceNeutral,0
China,china,c,SpecialTopicsPlaceNeutral,1
",",",",s,,0
the,the,s,OtherOrphanedOther,0
term,term,s,SpecialTopicsMiscellanyNeutral,0
was,was,s,NarrOtherNeutral,0
transliterated,transliterated,s,SpecialTopicsMiscellanyNeutral,0
as,as,s,CitationQuotationNeutral,0
“,",c,CitationQuotationNeutral,1
kuli,kuli,c,,0
",",",",c,,0
”,",s,,0
meaning,meaning,s,ExpoDefinitionNeutral,0
“,",c,ExpoDefinitionNeutral,1
bitter,bitter,s,NegEmotionsBitter,0
strength,strength,c,PosValuesStrong,0
",",",",c,,0
”,",s,,0
which,which,s,OtherSyntacticComplexityOther,0
highlights,highlights,s,OtherOrphanedOther,0
the,the,s,OtherOrphanedOther,1
arduous,arduous,s,CharTraitsNeutral,0
and,and,s,OtherSyntacticComplexityOther,0
oppressive,oppressive,s,ContingentPossibilityNeg,0
conditions,conditions,s,ContingentPossibilityNeg,1
under,under,s,OtherOrphanedOther,0
which,which,s,OtherSyntacticComplexityOther,0
they,they,s,OtherOrphanedOther,0
worked,worked,c,OtherOrphanedOther,0
.,.,n,,0
-,-,s,,0
*,*,s,,0
*,*,s,,0
Indentured,indentured,s,PubLawNeutral,0
Labourer,labourer,s,CharTypesNeutral,0
*,*,s,,0
*,*,c,,0
:,:,s,,0
An,an,s,OtherOrphanedOther,0
indentured,indentured,s,PubLawNeutral,0
laborer,laborer,c,CharTypesNeutral,0
",",",",s,,0
in,in,s,MetadiscourseContrastNeutral,0
contrast,contrast,c,MetadiscourseContrastNeutral,1
",",",",s,MetadiscourseContrastNeutral,2
was,was,s,ForcefulEmphaticNeutral,0
someone,someone,s,ForcefulEmphaticNeutral,1
who,who,s,OtherOrphanedOther,0
entered,entered,s,NarrSequenceNeutral,0
into,into,s,NarrSequenceNeutral,1
a,a,s,NarrSequenceNeutral,2
contractual,contractual,s,PosRelAgree,0
agreement,agreement,s,PosRelAgree,1
or,or,s,OtherSyntacticComplexityOther,0
“,",c,,0
girmit,girmit,c,,0
”,",s,,0
(,(,c,OtherOrphanedOther,0
a,a,s,NegValuesCorruption,0
corruption,corruption,s,NegValuesCorruption,1
of,of,s,OtherOrphanedOther,0
“,",c,,0
agreement,agreement,c,PosRelAgree,0
”,",s,,0
in,in,s,DescriptVisualNeutral,0
Hindi,hindi,c,DescriptVisualNeutral,1
),),s,OtherOrphanedOther,0
to,to,s,OtherOrphanedOther,0
work,work,s,NarrBiographyNeutral,0
for,for,s,NarrBiographyNeutral,1
a,a,s,OtherOrphanedOther,0
specified,specified,s,NarrDurationNeutral,0
period,period,c,NarrDurationNeutral,1
",",",",s,,0
typically,typically,s,NarrDurationNeutral,0
several,several,s,NarrDurationNeutral,0
years,years,c,NarrDurationNeutral,1
",",",",s,,0
in,in,s,ExpoOtherNeutral,0
return,return,s,ExpoOtherNeutral,1
for,for,s,ExpoOtherNeutral,2
passage,passage,c,DescriptObjectsNeutral,0
",",",",s,,0
sustenance,sustenance,c,SpecialTopicsMiscellanyNeutral,0
",",",",s,,0
and,and,s,OtherSyntacticComplexityOther,0
a,a,s,OtherSyntacticComplexityOther,1
nominal,nominal,s,SpecialTopicsMiscellanyNeutral,0
wage,wage,c,SpecialTopicsMiscellanyNeutral,1
.,.,s,,0
The,the,s,OtherOrphanedOther,0
indenture,indenture,s,SpecialTopicsMiscellanyNeutral,0
system,system,s,SpecialTopicsMiscellanyNeutral,1
arose,arose,s,,0
after,after,s,NarrSequenceNeutral,0
the,the,s,NarrSequenceNeutral,1
abolition,abolition,s,NegActsResist,0
of,of,s,OtherOrphanedOther,0
slavery,slavery,c,NegRelServility,0
",",",",s,,0
aiming,aiming,s,,0
to,to,s,OtherOrphanedOther,0
provide,provide,s,FacilitateSponsorNeutral,0
a,a,s,FacilitateSponsorNeutral,1
steady,steady,s,SpecialTopicsMiscellanyNeutral,0
supply,supply,s,SpecialTopicsMiscellanyNeutral,1
of,of,s,OtherOrphanedOther,0
laborers,laborers,s,CharTypesNeutral,0
for,for,s,OtherOrphanedOther,0
colonial,colonial,s,SpecialTopicsMiscellanyNeutral,0
plantations,plantations,c,DescriptVisualNeutral,0
.,.,n,,0
2,2,c,ExpoOtherNeutral,0
.,.,s,ExpoOtherNeutral,1
*,*,s,,0
*,*,s,,0
Historical,historical,s,NarrOtherNeutral,0
Context,context,s,ContingentEventNeutral,0
*,*,s,,0
*,*,c,,0
:,:,n,,0
-,-,s,,0
The,the,s,OtherOrphanedOther,0
indenture,indenture,s,SpecialTopicsMiscellanyNeutral,0
system,system,s,SpecialTopicsMiscellanyNeutral,1
began,began,s,NarrSequenceNeutral,0
in,in,s,NarrSequenceNeutral,1
the,the,s,NarrSequenceNeutral,2
early,early,s,NarrSequenceNeutral,0
19th,19th,s,NarrDurationNeutral,0
century,century,s,NarrDurationNeutral,1
as,as,s,ExpoOtherNeutral,0
a,a,s,ExpoOtherNeutral,1
replacement,replacement,s,ExpoOtherNeutral,2
for,for,s,ExpoOtherNeutral,3
slave,slave,s,NegValuesOther,0
labor,labor,c,NegValuesOther,1
",",",",s,,0
with,with,s,OtherOrphanedOther,0
indentured,indentured,s,PubLawNeutral,0
laborers,laborers,s,CharTypesNeutral,0
often,often,s,NarrDurationNeutral,0
working,working,s,NarrBiographyNeutral,0
under,under,s,NarrBiographyNeutral,1
harsh,harsh,s,ContingentPossibilityNeg,0
conditions,conditions,s,ContingentPossibilityNeg,1
similar,similar,s,ExpoComparisonNeutral,0
to,to,s,ExpoComparisonNeutral,1
slavery,slavery,c,NegRelServility,0
.,.,s,MetadiscourseContrastNeutral,0
However,however,c,MetadiscourseContrastNeutral,1
",",",",s,,0
unlike,unlike,s,ExpoComparisonNeutral,0
slaves,slaves,c,CharTypesNeg,0
",",",",s,,0
indentured,indentured,s,PubLawNeutral,0
laborers,laborers,s,CharTypesNeutral,0
were,were,s,NarrOtherNeutral,0
contractually,contractually,s,PubLawNeutral,0
bound,bound,s,NarrSceneShiftNeutral,0
for,for,s,NarrSceneShiftNeutral,1
a,a,s,NarrSceneShiftNeutral,2
limited,limited,s,NarrDurationNeutral,0
period,period,c,NarrDurationNeutral,1
",",",",s,,0
and,and,s,OtherSyntacticComplexityOther,0
in,in,s,OtherSyntacticComplexityOther,1
theory,theory,c,SpecialTopicsMiscellanyNeutral,0
",",",",s,,0
they,they,s,OtherOrphanedOther,0
or,or,s,OtherSyntacticComplexityOther,0
their,their,s,CharNamesNeutral,0
descendants,descendants,s,UncertaintyIndefiniteNeutral,0
were,were,s,NarrOtherNeutral,0
not,not,s,NegActsResist,0
considered,considered,s,NegActsResist,1
property,property,s,PubLawNeutral,0
and,and,s,OtherSyntacticComplexityOther,0
were,were,s,NarrOtherNeutral,0
entitled,entitled,s,PubAdministrationNeutral,0
to,to,s,PubAdministrationNeutral,1
some,some,s,ExpoOtherNeutral,0
rights,rights,c,PubLawNeutral,0
",",",",s,,0
including,including,s,NarrActsNeutral,0
eventual,eventual,s,NarrSequenceNeutral,0
freedom,freedom,s,PosValuesFreedom,0
and,and,s,OtherSyntacticComplexityOther,0
repatriation,repatriation,s,NarrSceneShiftNeutral,0
options,options,c,ContingentRelationshipNeutral,0
.,.,n,,0
-,-,s,,0
Indentured,indentured,s,PubLawNeutral,0
laborers,laborers,s,CharTypesNeutral,0
were,were,s,NarrOtherNeutral,0
predominantly,predominantly,s,StratCompetitionNeutral,0
sourced,sourced,s,OtherOrphanedOther,0
from,from,s,CharTypesNeutral,0
underprivileged,underprivileged,s,CharTypesNeutral,1
backgrounds,backgrounds,s,CharTypesNeutral,2
in,in,s,OtherOrphanedOther,0
India,india,s,SpecialTopicsPlaceNeutral,0
and,and,s,OtherSyntacticComplexityOther,0
China,china,c,SpecialTopicsPlaceNeutral,0
",",",",s,,0
driven,driven,s,NarrSceneShiftNeutral,0
by,by,s,NarrSceneShiftNeutral,1
economic,economic,s,SpecialTopicsMiscellanyNeutral,0
necessity,necessity,c,SpecialTopicsMiscellanyNeutral,1
.,.,s,NarrActsNeutral,0
They,they,s,NarrActsNeutral,1
were,were,s,NarrOtherNeutral,0
assured,assured,s,ConfidenceHighNeutral,0
of,of,s,ConfidenceHighNeutral,1
certain,certain,s,ContingentEventNeutral,0
conditions,conditions,c,ContingentEventNeutral,1
",",",",s,ExpoExampleNeutral,0
such,such,s,ExpoExampleNeutral,1
as,as,s,ExpoExampleNeutral,2
housing,housing,s,DescriptVisualNeutral,0
and,and,s,OtherSyntacticComplexityOther,0
food,food,c,DescriptObjectsNeutral,0
",",",",s,MetadiscourseContrastNeutral,0
but,but,s,MetadiscourseContrastNeutral,1
in,in,s,OtherOrphanedGenericActivity,0
practice,practice,c,OtherOrphanedGenericActivity,1
",",",",s,,0
these,these,s,OtherOrphanedOther,0
promises,promises,s,FutureOtherPos,0
were,were,s,NarrDurationNeutral,0
often,often,s,NarrDurationNeutral,1
unmet,unmet,c,NegValuesOther,0
",",",",s,,0
leading,leading,s,ReasoningOtherNeutral,0
to,to,s,ReasoningOtherNeutral,1
widespread,widespread,s,ForcefulEmphaticNeutral,0
exploitation,exploitation,c,NegActsAggressive,0
.,.,n,,0
3,3,c,ExpoOtherNeutral,0
.,.,s,ExpoOtherNeutral,1
*,*,s,,0
*,*,s,,0
Commonalities,commonalities,s,ExpoComparisonNeutral,0
and,and,s,OtherSyntacticComplexityOther,0
Differences,differences,s,ExpoComparisonNeutral,0
*,*,s,,0
*,*,c,,0
:,:,n,,0
-,-,s,,0
Both,both,s,OtherSyntacticComplexityOther,0
coolies,coolies,s,CharTypesNeutral,0
and,and,s,OtherSyntacticComplexityOther,0
indentured,indentured,s,PubLawNeutral,0
laborers,laborers,s,CharTypesNeutral,0
were,were,s,NarrOtherNeutral,0
primarily,primarily,s,ForcefulEmphaticNeutral,0
Asian,asian,s,SpecialTopicsPlaceNeutral,0
workers,workers,s,CharTypesNeutral,0
engaged,engaged,s,NarrActsNeutral,0
in,in,s,NarrActsNeutral,1
colonial,colonial,s,SpecialTopicsMiscellanyNeutral,0
and,and,s,OtherSyntacticComplexityOther,0
plantation,plantation,s,SpecialTopicsMiscellanyNeutral,0
economies,economies,s,SpecialTopicsMiscellanyNeutral,1
across,across,s,OtherOrphanedOther,0
the,the,s,OtherOrphanedOther,0
globe,globe,c,DescriptObjectsNeutral,0
",",",",s,,0
particularly,particularly,s,ExpoSpecificationNeutral,0
after,after,s,NarrSequenceNeutral,0
the,the,s,NarrSequenceNeutral,1
abolition,abolition,s,NegActsResist,0
of,of,s,OtherOrphanedOther,0
slavery,slavery,c,NegRelServility,0
.,.,s,,0
This,this,s,OtherOrphanedOther,0
confluence,confluence,s,DescriptVisualNeutral,0
often,often,s,NarrDurationNeutral,0
led,led,s,PubAdministrationNeutral,0
the,the,s,PubAdministrationNeutral,1
terms,terms,s,SpecialTopicsMiscellanyNeutral,0
to,to,s,OtherOrphanedGenericActivity,0
be,be,s,OtherOrphanedGenericActivity,1
used,used,s,NarrActsNeutral,0
interchangeably,interchangeably,c,SpecialTopicsMiscellanyNeutral,0
.,.,n,,0
-,-,s,,0
The,the,s,SpecialTopicsMiscellanyNeutral,0
key,key,s,SpecialTopicsMiscellanyNeutral,1
difference,difference,s,ExpoComparisonNeutral,0
lies,lies,s,DescriptVisualNeutral,0
in,in,s,DescriptVisualNeutral,1
the,the,s,OtherOrphanedOther,0
legal,legal,s,PubLawNeutral,0
framework,framework,s,SpecialTopicsMiscellanyNeutral,0
and,and,s,OtherSyntacticComplexityOther,0
implication,implication,c,ReasoningImplyNeutral,0
:,:,s,,0
“,",c,,0
indentured,indentured,s,PubLawNeutral,0
labourer,labourer,c,CharTypesNeutral,0
”,",s,,0
is,is,s,OtherOrphanedOther,0
a,a,s,OtherOrphanedOther,0
specific,specific,s,ExpoSpecificationNeutral,0
legal,legal,s,PubAdministrationNeutral,0
designation,designation,s,PubAdministrationNeutral,1
implying,implying,s,ReasoningImplyNeutral,0
a,a,s,ReasoningImplyNeutral,1
signed,signed,s,PosRelOther,0
contract,contract,s,PosRelOther,1
and,and,s,OtherSyntacticComplexityOther,0
a,a,s,OtherSyntacticComplexityOther,1
fixed,fixed,s,NarrDurationNeutral,0
period,period,s,NarrDurationNeutral,1
of,of,s,OtherOrphanedOther,0
service,service,c,SpecialTopicsMiscellanyNeutral,0
",",",",s,,0
while,while,s,NarrDurationNeutral,0
“,",c,,0
coolie,coolie,c,CharTypesNeutral,0
”,",s,,0
is,is,s,ExpoComparisonNeutral,0
more,more,s,ExpoComparisonNeutral,1
of,of,s,OtherSyntacticComplexityOther,0
a,a,s,OtherSyntacticComplexityOther,1
racialized,racialized,s,SpecialTopicsMiscellanyNeutral,0
epithet,epithet,s,SpecialTopicsMiscellanyNeutral,0
without,without,s,ForcefulEmphaticNeutral,0
legal,legal,s,ReasoningAnalyzeNeutral,0
nuance,nuance,c,ReasoningAnalyzeNeutral,1
",",",",s,,0
emphasizing,emphasizing,s,ForcefulEmphaticNeutral,0
the,the,s,ForcefulEmphaticNeutral,1
subservient,subservient,s,NegRelServility,0
and,and,s,OtherSyntacticComplexityOther,0
dehumanized,dehumanized,s,NegRelDehumanize,0
status,status,s,NegRelDehumanize,1
imposed,imposed,s,NegRelImpose,0
on,on,s,NegRelImpose,1
these,these,s,OtherOrphanedOther,0
workers,workers,s,CharTypesNeutral,0
by,by,s,OtherOrphanedOther,0
their,their,s,CharNamesNeutral,0
colonial,colonial,s,SpecialTopicsMiscellanyNeutral,0
employers,employers,c,CharTypesNeutral,0
.,.,n,,0
-,-,s,,0
Both,both,s,OtherSyntacticComplexityOther,0
groups,groups,s,SpecialTopicsMiscellanyNeutral,0
faced,faced,s,DescriptVisualNeutral,0
racial,racial,s,NegRelDiscriminatory,0
discrimination,discrimination,s,NegRelDiscriminatory,1
and,and,s,OtherSyntacticComplexityOther,0
harsh,harsh,s,NegValuesHarshJudgment,0
living,living,s,NegValuesHarshJudgment,1
conditions,conditions,c,ContingentEventNeutral,0
.,.,s,NarrActsNeutral,0
They,they,s,NarrActsNeutral,1
were,were,s,NarrDurationNeutral,0
often,often,s,NarrDurationNeutral,1
housed,housed,s,DescriptVisualNeutral,0
in,in,s,DescriptVisualNeutral,1
“,",c,,0
coolie,coolie,s,CharTypesNeutral,0
lines,lines,c,OtherOrphanedOther,0
",",",",c,,0
”,",s,,0
primitive,primitive,s,NegValuesPrimitive,0
lodgings,lodgings,s,NegValuesPrimitive,1
starkly,starkly,s,NegActsResist,0
contrasting,contrasting,s,MetadiscourseContrastNeutral,0
with,with,s,MetadiscourseContrastNeutral,1
accommodations,accommodations,s,FacilitateAccommodatePos,0
provided,provided,s,FacilitateSponsorNeutral,0
to,to,s,OtherOrphanedOther,0
European,european,s,SpecialTopicsPlaceNeutral,0
workers,workers,s,CharTypesNeutral,0
or,or,s,MetadiscourseOtherNeutral,0
even,even,s,MetadiscourseOtherNeutral,1
better-treated,better-treated,s,,0
local,local,s,SpecialTopicsPlaceNeutral,0
laborers,laborers,c,CharTypesNeutral,0
.,.,n,,0
4,4,c,ExpoOtherNeutral,0
.,.,s,ExpoOtherNeutral,1
*,*,s,,0
*,*,s,,0
Colonial,colonial,s,SpecialTopicsMiscellanyNeutral,0
and,and,s,OtherSyntacticComplexityOther,0
Post-Colonial,post-colonial,s,SpecialTopicsMiscellanyNeutral,0
Treatment,treatment,s,SpecialTopicsMiscellanyNeutral,1
*,*,s,,0
*,*,c,,0
:,:,n,,0
-,-,s,,0
The,the,s,OtherOrphanedOther,0
colonial,colonial,s,SpecialTopicsMiscellanyNeutral,0
regimes,regimes,s,PubAdministrationNeutral,0
used,used,s,NarrActsNeutral,0
legal,legal,s,PubLawNeutral,0
and,and,s,OtherSyntacticComplexityOther,0
administrative,administrative,s,PubAdministrationNeutral,0
frameworks,frameworks,s,PubAdministrationNeutral,1
to,to,s,OtherOrphanedOther,0
ensure,ensure,s,ConfidenceHighNeutral,0
an,an,s,OtherOrphanedOther,0
endless,endless,s,SpecialTopicsMiscellanyNeutral,0
supply,supply,s,SpecialTopicsMiscellanyNeutral,1
of,of,s,OtherOrphanedOther,0
cheap,cheap,s,SpecialTopicsMiscellanyNeutral,0
labor,labor,c,SpecialTopicsMiscellanyNeutral,0
",",",",s,,0
depicting,depicting,s,DescriptVisualNeutral,0
“,",c,,0
coolies,coolies,c,CharTypesNeutral,0
”,",s,,0
as,as,s,OtherOrphanedOther,0
inherently,inherently,s,SpecialTopicsMiscellanyNeutral,0
absconding,absconding,c,NegActsSteal,0
",",",",s,,0
untrustworthy,untrustworthy,c,ResponsibilityHoldNeg,0
",",",",s,,0
or,or,s,OtherSyntacticComplexityOther,0
lazy,lazy,c,NegValuesLazy,0
",",",",s,,0
necessitating,necessitating,s,ConfidenceHighNeutral,0
strict,strict,s,StratCompetitionNeutral,0
control,control,s,StratCompetitionNeutral,1
through,through,s,OtherOrphanedOther,0
punitive,punitive,s,PubAdministrationNeutral,0
regulations,regulations,s,PubAdministrationNeutral,1
and,and,s,OtherSyntacticComplexityOther,0
sometimes,sometimes,s,NegActsViolence,0
violent,violent,s,NegActsViolence,1
enforcement,enforcement,c,StratOtherNeutral,0
.,.,n,,0
-,-,s,,0
Over,over,s,NarrOtherNeutral,0
time,time,c,NarrOtherNeutral,1
",",",",s,,0
as,as,s,OtherOrphanedOther,0
the,the,s,OtherOrphanedOther,1
oppressive,oppressive,s,NegActsAggressive,0
nature,nature,s,SpecialTopicsMiscellanyNeutral,0
of,of,s,OtherOrphanedOther,0
these,these,s,OtherOrphanedOther,0
systems,systems,s,SpecialTopicsMiscellanyNeutral,0
became,became,s,DescriptChangePos,0
clear,clear,c,DescriptChangePos,1
",",",",s,,0
reforms,reforms,s,DescriptChangePos,0
started,started,s,NarrSequenceNeutral,0
to,to,s,NarrSequenceNeutral,1
take,take,s,ContingentEventNeutral,0
place,place,c,ContingentEventNeutral,1
",",",",s,,0
spurred,spurred,s,OtherOrphanedOther,0
by,by,s,OtherOrphanedOther,0
nationalist,nationalist,s,CharTypesNeutral,0
movements,movements,s,DescriptMotionNeutral,0
from,from,s,OtherOrphanedOther,0
the,the,s,SpecialTopicsPlaceNeutral,0
countries,countries,s,SpecialTopicsPlaceNeutral,1
of,of,s,SpecialTopicsPlaceNeutral,2
origin,origin,c,NarrSequenceNeutral,0
",",",",s,,0
labor,labor,s,SpecialTopicsMiscellanyNeutral,0
activism,activism,c,StratActsNeutral,0
",",",",s,,0
and,and,s,OtherSyntacticComplexityOther,0
international,international,s,NegEmotionsPressure,0
pressure,pressure,c,NegEmotionsPressure,1
.,.,s,MetadiscourseContrastNeutral,0
However,however,c,MetadiscourseContrastNeutral,1
",",",",s,,0
the,the,s,NegActsInjure,0
scars,scars,s,NegActsInjure,1
of,of,s,OtherOrphanedOther,0
these,these,s,OtherOrphanedOther,0
systems,systems,s,SpecialTopicsMiscellanyNeutral,0
lingered,lingered,s,NarrDurationNeg,0
in,in,s,NarrDurationNeg,1
the,the,s,DescriptObjectsNeutral,0
form,form,s,DescriptObjectsNeutral,1
of,of,s,OtherOrphanedOther,0
racial,racial,s,NegRelOther,0
stereotypes,stereotypes,c,NegRelOther,1
",",",",s,,0
social,social,s,SpecialTopicsMiscellanyNeutral,0
marginalization,marginalization,c,SpecialTopicsMiscellanyNeutral,1
",",",",s,,0
and,and,s,OtherSyntacticComplexityOther,0
economic,economic,s,SpecialTopicsMiscellanyNeutral,0
disenfranchisement,disenfranchisement,c,SpecialTopicsMiscellanyNeutral,1
.,.,n,,0
In,in,s,NarrSequenceNeutral,0
summary,summary,c,NarrSequenceNeutral,1
",",",",s,NarrSequenceNeutral,2
while,while,s,NarrDurationNeutral,0
all,all,s,ExpoOtherNeutral,0
indentured,indentured,s,PubLawNeutral,0
laborers,laborers,s,CharTypesNeutral,0
could,could,s,ContingentRelationshipNeutral,0
be,be,s,ContingentRelationshipNeutral,1
(,(,c,OtherOrphanedOther,0
and,and,s,OtherOrphanedOther,1
often,often,s,NarrDurationNeutral,0
were,were,c,NarrOtherNeutral,0
),),s,OtherOrphanedOther,0
called,called,s,OtherOrphanedOther,0
“,",c,,0
coolies,coolies,c,CharTypesNeutral,0
",",",",c,,0
”,",s,,0
not,not,s,NegActsResist,0
all,all,s,NegActsResist,1
references,references,s,SpecialTopicsMiscellanyNeutral,0
to,to,s,SpecialTopicsMiscellanyNeutral,1
“,",c,,0
coolies,coolies,c,CharTypesNeutral,0
”,",s,,0
denote,denote,s,ExpoDefinitionNeutral,0
indentured,indentured,s,PubLawNeutral,0
laborers,laborers,s,CharTypesNeutral,0
in,in,s,OtherOrphanedOther,0
a,a,s,OtherOrphanedOther,0
strictly,strictly,s,PubAdministrationNeutral,0
contractual,contractual,s,PubLawNeutral,0
sense,sense,c,CharMentalStatesNeutral,0
.,.,s,,0
The,the,s,OtherOrphanedOther,0
conflation,conflation,s,ReasoningCriticizeNeg,0
arises,arises,s,ReasoningOtherNeutral,0
from,from,s,ReasoningOtherNeutral,1
cultural,cultural,s,SpecialTopicsMiscellanyNeutral,0
and,and,s,OtherSyntacticComplexityOther,0
historical,historical,s,NarrOtherNeutral,0
narratives,narratives,s,SpecialTopicsMiscellanyNeutral,0
that,that,s,OtherOrphanedOther,0
treated,treated,s,OtherOrphanedOther,0
these,these,s,OtherOrphanedOther,0
diverse,diverse,s,,0
laborers,laborers,s,CharTypesNeutral,0
as,as,s,OtherOrphanedOther,0
a,a,s,OtherOrphanedOther,1
monolithic,monolithic,s,CharTraitsNeutral,0
group,group,s,SpecialTopicsMiscellanyNeutral,0
beneath,beneath,s,OtherOrphanedOther,0
their,their,s,CharNamesNeutral,0
white,white,s,DescriptVisualNeutral,0
employers,employers,c,CharTypesNeutral,0
",",",",s,,0
driven,driven,s,NarrSceneShiftNeutral,0
by,by,s,NarrSceneShiftNeutral,1
global,global,s,SpecialTopicsMiscellanyNeutral,0
colonialist,colonialist,s,CharTypesNeutral,0
agendas,agendas,c,StratActsNeutral,0
.,.,n,,0
Sources,sources,s,SpecialTopicsMiscellanyNeutral,0
used,used,c,NarrActsNeutral,0
:,:,n,,0
-,-,s,,0
Bates,bates,c,DescriptMotionNeutral,0
",",",",s,,0
C,c,c,OtherOrphanedOther,0
.,.,s,OtherOrphanedOther,1
(,(,c,OtherOrphanedOther,0
Ed,ed,c,SpecialTopicsMiscellanyNeutral,0
.,.,c,SpecialTopicsMiscellanyNeutral,1
),),c,OtherOrphanedOther,0
.,.,s,,0
(,(,c,OtherOrphanedOther,0
2024,2024,c,NarrDurationNeutral,0
),),c,OtherOrphanedOther,0
.,.,s,,0
Beyond,beyond,s,OtherOrphanedOther,0
Indenture,indenture,c,PubLawNeutral,0
.,.,s,,0
txt,txt,n,,0
-,-,s,,0
Benton,benton,c,CharNamesNeutral,0
",",",",s,,0
G,g,c,OtherOrphanedOther,0
.,.,s,OtherOrphanedOther,1
(,(,c,OtherOrphanedOther,0
2022,2022,c,CitationReferenceNeutral,0
),),c,CitationReferenceNeutral,1
.,.,s,,0
Chinese,chinese,s,CharTypesNeutral,0
Indentured,indentured,s,PubLawNeutral,0
Labour,labour,s,,0
in,in,s,OtherOrphanedOther,0
the,the,s,OtherOrphanedOther,0
Dutch,dutch,s,CharTypesNeutral,0
East,east,s,SpecialTopicsPlaceNeutral,0
Indies,indies,c,SpecialTopicsPlaceNeutral,1
.,.,s,,0
txt,txt,n,,0
-,-,s,,0
Hassankhan,hassankhan,c,,0
",",",",s,,0
M,m,c,OtherOrphanedOther,0
.,.,s,OtherOrphanedOther,1
S,s,c,OtherOrphanedOther,0
.,.,c,OtherOrphanedOther,1
",",",",s,,0
Roopnarine,roopnarine,c,,0
",",",",s,,0
L,l,c,OtherOrphanedOther,0
.,.,c,OtherOrphanedOther,1
",",",",s,,0
White,white,c,DescriptVisualNeutral,0
",",",",s,,0
C,c,c,OtherOrphanedOther,0
.,.,c,OtherOrphanedOther,1
",",",",s,,0
&,&,s,,0
Mahase,mahase,c,,0
",",",",s,,0
R,r,c,OtherOrphanedOther,0
.,.,s,OtherOrphanedOther,1
(,(,c,OtherOrphanedOther,0
Eds,eds,c,SpecialTopicsMiscellanyNeutral,0
.,.,c,,0
),),c,OtherOrphanedOther,0
.,.,s,,0
(,(,c,OtherOrphanedOther,0
2016,2016,c,CitationReferenceNeutral,0
),),c,CitationReferenceNeutral,1
.,.,s,,0
Legacy,legacy,s,PubAdministrationNeutral,0
of,of,s,PubAdministrationNeutral,1
Slavery,slavery,s,NegRelServility,0
and,and,s,OtherSyntacticComplexityOther,0
Indentured,indentured,s,PubLawNeutral,0
Labour,labour,c,,0
.,.,s,,0
txt,txt,n,,0
-,-,s,,0
Hegde,hegde,c,,0
",",",",s,,0
R,r,c,OtherOrphanedOther,0
.,.,s,OtherOrphanedOther,1
S,s,c,OtherOrphanedOther,0
.,.,c,OtherOrphanedOther,1
",",",",s,,0
&,&,s,,0
Sahoo,sahoo,c,,0
",",",",s,,0
A,a,c,OtherOrphanedOther,0
.,.,s,OtherOrphanedOther,1
K,k,c,OtherOrphanedOther,0
.,.,s,OtherOrphanedOther,1
(,(,c,OtherOrphanedOther,0
Eds,eds,c,SpecialTopicsMiscellanyNeutral,0
.,.,c,,0
),),c,OtherOrphanedOther,0
.,.,s,,0
(,(,c,OtherOrphanedOther,0
2018,2018,c,CitationReferenceNeutral,0
),),c,CitationReferenceNeutral,1
.,.,s,,0
Routledge,routledge,s,CharNamesNeutral,0
handbook,handbook,s,PubAdministrationNeutral,0
of,of,s,PubAdministrationNeutral,1
the,the,s,CharTypesNeutral,0
Indian,indian,s,CharTypesNeutral,1
diaspora,diaspora,c,SpecialTopicsMiscellanyNeutral,0
.,.,s,,0
txt,txt,n,,0
-,-,s,,0
Khan,khan,c,CharTypesNeutral,0
",",",",s,,0
A,a,c,OtherOrphanedOther,0
.,.,s,OtherOrphanedOther,1
(,(,c,OtherOrphanedOther,0
2021,2021,c,NarrDurationNeutral,0
),),c,OtherOrphanedOther,0
.,.,s,,0
The,the,s,OtherOrphanedOther,0
Deepest,deepest,s,DescriptObjectsNeutral,0
Dye,dye,c,DescriptObjectsNeutral,1
:,:,s,,0
Obeah,obeah,c,SpecialTopicsMiscellanyNeutral,0
",",",",s,,0
Hosay,hosay,c,,0
",",",",s,,0
and,and,s,OtherSyntacticComplexityOther,0
Race,race,s,DescriptMotionNeutral,0
in,in,s,DescriptVisualNeutral,0
the,the,s,DescriptVisualNeutral,1
Atlantic,atlantic,s,DescriptVisualNeutral,2
World,world,c,SpecialTopicsPlaceNeutral,0
.,.,s,,0
txt,txt,n,,0
-,-,s,,0
Kumar,kumar,c,CharNamesNeutral,0
",",",",s,,0
A,a,c,OtherOrphanedOther,0
.,.,c,OtherOrphanedOther,1
",",",",s,,0
&,&,s,,0
Bates,bates,c,DescriptMotionNeutral,0
",",",",s,,0
C,c,c,OtherOrphanedOther,0
.,.,s,OtherOrphanedOther,1
(,(,c,OtherOrphanedOther,0
Eds,eds,c,SpecialTopicsMiscellanyNeutral,0
.,.,c,,0
),),c,OtherOrphanedOther,0
.,.,s,,0
(,(,c,OtherOrphanedOther,0
2024,2024,c,NarrDurationNeutral,0
),),c,OtherOrphanedOther,0
.,.,s,,0
Girmitiyas,girmitiyas,s,,0
and,and,s,OtherSyntacticComplexityOther,0
the,the,s,OtherSyntacticComplexityOther,1
Global,global,s,SpecialTopicsMiscellanyNeutral,0
Indian,indian,s,CharTypesNeutral,0
Diaspora,diaspora,c,SpecialTopicsMiscellanyNeutral,0
:,:,s,,0
Origins,origins,c,NarrSequenceNeutral,0
",",",",s,,0
Memories,memories,c,CharMentalStatesNeutral,0
",",",",s,,0
and,and,s,OtherSyntacticComplexityOther,0
Identity,identity,c,SpecialTopicsMiscellanyNeutral,0
.,.,s,,0
txt,txt,n,,0
-,-,s,,0
Kumar,kumar,c,CharNamesNeutral,0
",",",",s,,0
V,v,c,OtherOrphanedOther,0
.,.,s,OtherOrphanedOther,1
(,(,c,CitationReferenceNeutral,0
1979,1979,c,CitationReferenceNeutral,1
),),c,CitationReferenceNeutral,2
.,.,s,,0
Girmit,girmit,s,,0
—,—,s,,0
The,the,s,OtherOrphanedOther,0
indenture,indenture,s,PubLawNeutral,0
experience,experience,s,StratOtherPos,0
in,in,s,StratOtherPos,1
Fiji,fiji,c,SpecialTopicsPlaceNeutral,0
.,.,s,,0
txt,txt,n,,0
-,-,s,,0
Lai,lai,c,CharNamesNeutral,0
",",",",s,,0
W,w,c,OtherOrphanedOther,0
.,.,s,OtherOrphanedOther,1
L,l,c,OtherOrphanedOther,0
.,.,s,OtherOrphanedOther,1
(,(,c,CitationReferenceNeutral,0
1998,1998,c,CitationReferenceNeutral,1
),),c,CitationReferenceNeutral,2
.,.,s,,0
The,the,s,OtherOrphanedOther,0
Chinese,chinese,s,CharTypesNeutral,0
in,in,s,DescriptVisualNeutral,0
the,the,s,DescriptVisualNeutral,1
West,west,s,DescriptVisualNeutral,2
Indies,indies,c,SpecialTopicsMiscellanyNeutral,0
.,.,s,,0
txt,txt,n,,0
-,-,s,,0
Lal,lal,c,CharNamesNeutral,0
",",",",s,,0
B,b,c,OtherOrphanedOther,0
.,.,s,OtherOrphanedOther,1
V,v,c,OtherOrphanedOther,0
.,.,c,OtherOrphanedOther,1
",",",",s,,0
Munro,munro,c,CharNamesNeutral,0
",",",",s,,0
D,d,c,OtherOrphanedOther,0
.,.,c,OtherOrphanedOther,1
",",",",s,,0
&,&,s,,0
Beechert,beechert,c,,0
",",",",s,,0
E,e,c,OtherOrphanedOther,0
.,.,s,OtherOrphanedOther,1
D,d,c,OtherOrphanedOther,0
.,.,s,OtherOrphanedOther,1
(,(,c,OtherOrphanedOther,0
Eds,eds,c,SpecialTopicsMiscellanyNeutral,0
.,.,c,,0
),),c,OtherOrphanedOther,0
.,.,s,,0
(,(,c,CitationReferenceNeutral,0
1993,1993,c,CitationReferenceNeutral,1
),),c,CitationReferenceNeutral,2
.,.,s,,0
Plantation,plantation,s,DescriptVisualNeutral,0
Workers,workers,c,CharTypesNeutral,0
:,:,s,,0
resistance,resistance,s,NegActsResist,0
and,and,s,OtherSyntacticComplexityOther,0
accommodation,accommodation,c,FacilitateAccommodatePos,0
.,.,s,,0
txt,txt,n,,0
-,-,s,,0
Neus,neus,c,,0
",",",",s,,0
H,h,c,OtherOrphanedOther,0
.,.,s,OtherOrphanedOther,1
(,(,c,OtherOrphanedOther,0
2022,2022,c,CitationReferenceNeutral,0
),),c,CitationReferenceNeutral,1
.,.,s,,0
Collective,collective,s,PubCognitionNeutral,0
Memory,memory,c,PubCognitionNeutral,1
",",",",s,,0
Identity,identity,s,SpecialTopicsMiscellanyNeutral,0
and,and,s,OtherSyntacticComplexityOther,0
the,the,s,OtherSyntacticComplexityOther,1
Legacies,legacies,s,PubAdministrationNeutral,0
of,of,s,PubAdministrationNeutral,1
Slavery,slavery,s,NegRelServility,0
and,and,s,OtherSyntacticComplexityOther,0
Indenture,indenture,c,PubLawNeutral,0
.,.,s,,0
txt,txt,n,,0
-,-,s,,0
V,v,s,OtherOrphanedOther,0
Lal,lal,c,CharNamesNeutral,0
",",",",s,,0
B,b,c,OtherOrphanedOther,0
.,.,s,OtherOrphanedOther,1
(,(,c,CitationReferenceNeutral,0
2012,2012,c,CitationReferenceNeutral,1
),),c,CitationReferenceNeutral,2
.,.,s,,0
Chalo,chalo,s,,0
Jahaji,jahaji,c,,0
:,:,s,,0
On,on,s,NarrDurationNeutral,0
a,a,s,NarrDurationNeutral,1
journey,journey,s,NarrDurationNeutral,2
through,through,s,OtherOrphanedOther,0
indenture,indenture,s,PubLawNeutral,0
in,in,s,OtherOrphanedOther,0
Fiji,fiji,c,SpecialTopicsPlaceNeutral,0
.,.,s,,0
txt,txt,n,,0
-,-,s,,0
Ward,ward,c,SpecialTopicsPlaceNeutral,0
",",",",s,,0
A,a,c,OtherOrphanedOther,0
.,.,s,OtherOrphanedOther,1
(,(,c,CitationReferenceNeutral,0
2013,2013,c,CitationReferenceNeutral,1
),),c,CitationReferenceNeutral,2
.,.,s,,0
Assuming,assuming,s,ResponsibilityAcceptNeutral,0
the,the,s,ResponsibilityAcceptNeutral,1
burden,burden,s,ResponsibilityAcceptNeutral,2
of,of,s,OtherOrphanedOther,0
memory,memory,c,CharMentalStatesNeutral,0
:,:,s,,0
The,the,s,OtherOrphanedOther,0
translation,translation,s,SpecialTopicsMiscellanyNeutral,0
of,of,s,OtherOrphanedOther,0
Indian,indian,s,PubLawNeutral,0
indenture,indenture,s,PubLawNeutral,1
in,in,s,OtherOrphanedOther,0
Peggy,peggy,s,CharNamesNeutral,0
Mohan’s,mohan’s,s,,0
Jahajin,jahajin,c,,0
.,.,s,,0
txt,txt,n,,0
The,the,s,OtherOrphanedOther,0
treatment,treatment,s,SpecialTopicsMiscellanyNeutral,0
of,of,s,OtherOrphanedOther,0
Chinese,chinese,s,CharTypesNeutral,0
and,and,s,OtherSyntacticComplexityOther,0
Indian,indian,s,PubLawNeutral,0
indentured,indentured,s,PubLawNeutral,1
laborers,laborers,s,CharTypesNeutral,0
in,in,s,OtherOrphanedOther,0
Suriname,suriname,s,SpecialTopicsPlaceNeutral,0
during,during,s,NarrDurationNeutral,0
the,the,s,NarrDurationNeutral,1
colonial,colonial,s,NarrDurationNeutral,0
period,period,s,NarrDurationNeutral,1
exhibited,exhibited,s,NarrActsNeutral,0
significant,significant,s,NegRelDisagreement,0
differences,differences,s,NegRelDisagreement,1
influenced,influenced,s,NarrBiographyNeutral,0
by,by,s,NarrBiographyNeutral,1
factors,factors,s,SpecialTopicsMiscellanyNeutral,0
such,such,s,ExpoExampleNeutral,0
as,as,s,ExpoExampleNeutral,1
recruitment,recruitment,c,StratCoordinationNeutral,0
",",",",s,,0
labor,labor,s,FutureExpectNeutral,0
expectations,expectations,c,FutureExpectNeutral,1
",",",",s,,0
and,and,s,OtherSyntacticComplexityOther,0
racial,racial,s,SpecialTopicsMiscellanyNeutral,0
attitudes,attitudes,c,CharSubjectivityNeutral,0
.,.,n,,0
#,#,s,,0
#,#,s,,0
#,#,c,,0
,,c,,0
#,#,s,,0
#,#,s,,0
#,#,s,,0
Recruitment,recruitment,s,StratCoordinationNeutral,0
and,and,s,OtherSyntacticComplexityOther,0
Arrival,arrival,n,NarrSceneShiftNeutral,0
1,1,c,ExpoOtherNeutral,0
.,.,s,ExpoOtherNeutral,1
*,*,s,,0
*,*,s,,0
Chinese,chinese,s,CharTypesNeutral,0
Laborers,laborers,s,CharTypesNeutral,0
*,*,s,,0
*,*,c,,0
:,:,n,,0
-,-,s,,0
The,the,s,OtherOrphanedOther,0
recruitment,recruitment,s,StratCoordinationNeutral,0
of,of,s,OtherOrphanedOther,0
Chinese,chinese,s,CharTypesNeutral,0
laborers,laborers,s,CharTypesNeutral,0
began,began,s,NarrSequenceNeutral,0
in,in,s,NarrSequenceNeutral,1
1853,1853,c,NarrOtherNeutral,0
",",",",s,,0
when,when,s,OtherOrphanedOther,0
Suriname's,suriname's,s,,0
colonial,colonial,s,PubAdministrationNeutral,0
government,government,s,PubAdministrationNeutral,1
imported,imported,s,NarrSceneShiftNeutral,0
18,18,s,ExpoOtherNeutral,0
Chinese,chinese,s,CharTypesNeutral,0
laborers,laborers,s,CharTypesNeutral,0
from,from,s,OtherOrphanedOther,0
Java,java,c,DescriptObjectsNeutral,0
.,.,s,,0
Attempts,attempts,s,CharTraitsNeutral,0
to,to,s,CharTraitsNeutral,1
bring,bring,s,NarrActsNeutral,0
more,more,s,ExpoComparisonNeutral,0
Chinese,chinese,s,CharTypesNeutral,0
laborers,laborers,s,CharTypesNeutral,0
directly,directly,s,DescriptVisualNeutral,0
from,from,s,DescriptVisualNeutral,1
China,china,s,SpecialTopicsPlaceNeutral,0
occurred,occurred,s,ContingentEventNeutral,0
in,in,s,ContingentEventNeutral,1
1858,1858,s,NarrOtherNeutral,0
but,but,s,MetadiscourseContrastNeutral,0
were,were,s,NarrOtherNeutral,0
not,not,s,NegActsResist,0
expanded,expanded,s,DescriptChangeNeutral,0
upon,upon,s,DescriptChangeNeutral,1
due,due,s,ReasoningOtherNeutral,0
to,to,s,ReasoningOtherNeutral,1
cost,cost,s,NarrActsNeutral,0
concerns,concerns,s,OtherOrphanedOther,0
and,and,s,OtherSyntacticComplexityOther,0
uncooperative,uncooperative,s,NegRelUncooperative,0
local,local,s,ContingentEventNeutral,0
conditions,conditions,c,ContingentEventNeutral,1
.,.,n,,0
-,-,s,,0
Recruitment,recruitment,s,CharTraitsNeutral,0
efforts,efforts,s,CharTraitsNeutral,1
were,were,s,CharTraitsNeutral,0
challenged,challenged,s,CharTraitsNeutral,1
by,by,s,OtherOrphanedOther,0
logistical,logistical,s,MetadiscoursePurposeNonFirstPerson,0
issues,issues,s,MetadiscoursePurposeNonFirstPerson,1
and,and,s,OtherSyntacticComplexityOther,0
the,the,s,OtherSyntacticComplexityOther,1
Chinese,chinese,s,CharTypesNeutral,0
government's,government's,s,PubAdministrationNeutral,0
restrictions,restrictions,s,NegActsResist,0
on,on,s,NegActsResist,1
emigration,emigration,c,NarrSceneShiftNeutral,0
",",",",s,ForcefulEmphaticNeutral,0
only,only,s,ForcefulEmphaticNeutral,1
lifting,lifting,s,DescriptMotionNeutral,0
capital,capital,s,SpecialTopicsMiscellanyNeutral,0
punishment,punishment,s,SpecialTopicsMiscellanyNeutral,1
for,for,s,OtherOrphanedOther,0
emigration,emigration,s,NarrSceneShiftNeutral,0
in,in,s,NarrTimeShiftNeutral,0
1866,1866,c,NarrTimeShiftNeutral,1
.,.,s,,0
This,this,s,OtherOrphanedOther,0
caused,caused,s,ReasoningOtherNeutral,0
the,the,s,ReasoningOtherNeutral,1
overall,overall,s,MetadiscourseCuesNeutral,0
number,number,s,SpecialTopicsMiscellanyNeutral,0
of,of,s,OtherOrphanedOther,0
Chinese,chinese,s,CharTypesNeutral,0
laborers,laborers,s,CharTypesNeutral,0
in,in,s,OtherOrphanedOther,0
the,the,s,OtherOrphanedOther,0
Caribbean,caribbean,c,SpecialTopicsPlaceNeutral,0
",",",",s,,0
including,including,s,NarrActsNeutral,0
Suriname,suriname,c,SpecialTopicsPlaceNeutral,0
",",",",s,,0
to,to,s,OtherOrphanedOther,0
remain,remain,s,NarrDurationNeutral,0
small,small,c,DescriptVisualNeutral,0
.,.,n,,0
-,-,s,,0
Economic,economic,s,SpecialTopicsMiscellanyNeutral,0
motivations,motivations,s,SpecialTopicsMiscellanyNeutral,1
for,for,s,OtherOrphanedOther,0
migration,migration,s,NarrSceneShiftNeutral,0
stemmed,stemmed,s,DescriptVisualNeutral,0
chiefly,chiefly,s,ForcefulEmphaticNeutral,0
from,from,s,OtherOrphanedOther,0
the,the,s,OtherOrphanedOther,0
dire,dire,s,NegEmotionsOther,0
social,social,s,ContingentEventNeutral,0
conditions,conditions,s,ContingentEventNeutral,1
in,in,s,SpecialTopicsPlaceNeutral,0
China,china,c,SpecialTopicsPlaceNeutral,1
",",",",s,ExpoExampleNeutral,0
such,such,s,ExpoExampleNeutral,1
as,as,s,ExpoExampleNeutral,2
famine,famine,s,DescriptVisualNeg,0
and,and,s,OtherSyntacticComplexityOther,0
local,local,s,NegRelConflict,0
conflicts,conflicts,c,NegRelConflict,1
.,.,n,,0
2,2,c,ExpoOtherNeutral,0
.,.,s,ExpoOtherNeutral,1
*,*,s,,0
*,*,s,,0
Indian,indian,s,CharTypesNeutral,0
Laborers,laborers,s,CharTypesNeutral,0
*,*,s,,0
*,*,c,,0
:,:,n,,0
-,-,s,,0
Indian,indian,s,CharTypesNeutral,0
laborers,laborers,s,CharTypesNeutral,0
began,began,s,NarrSequenceNeutral,0
arriving,arriving,s,NarrSceneShiftNeutral,0
in,in,s,NarrSceneShiftNeutral,1
1873,1873,c,NarrOtherNeutral,0
",",",",s,,0
following,following,s,NarrSequenceNeutral,0
a,a,s,NarrSequenceNeutral,1
formal,formal,s,StratCoordinationNeutral,0
recruitment,recruitment,s,StratCoordinationNeutral,1
process,process,s,SpecialTopicsMiscellanyNeutral,0
established,established,s,PubAdministrationNeutral,0
by,by,s,OtherOrphanedOther,0
the,the,s,OtherOrphanedOther,0
1870,1870,s,NarrOtherNeutral,0
Anglo-Dutch,anglo-dutch,s,PubDiplomacyNeutral,0
treaty,treaty,c,PubDiplomacyNeutral,1
.,.,s,NarrActsNeutral,0
They,they,s,NarrActsNeutral,1
primarily,primarily,s,ForcefulEmphaticNeutral,0
came,came,s,NarrSceneShiftNeutral,0
from,from,s,NarrSceneShiftNeutral,1
the,the,s,NarrSceneShiftNeutral,2
United,united,s,PosRelOther,0
Provinces,provinces,s,SpecialTopicsPlaceNeutral,0
(,(,c,OtherOrphanedOther,0
Uttar,uttar,s,,0
Pradesh,pradesh,c,,0
),),c,OtherOrphanedOther,0
",",",",s,,0
Bengal,bengal,c,SpecialTopicsPlaceNeutral,0
",",",",s,,0
and,and,s,OtherSyntacticComplexityOther,0
West,west,s,SpecialTopicsPlaceNeutral,0
Bihar,bihar,c,,0
.,.,n,,0
-,-,s,,0
The,the,s,OtherOrphanedOther,0
recruitment,recruitment,s,StratCoordinationNeutral,0
of,of,s,OtherOrphanedOther,0
Indians,indians,s,CharTypesNeutral,0
was,was,s,NarrOtherNeutral,0
more,more,s,ExpoComparisonNeutral,0
structured,structured,c,SpecialTopicsMiscellanyNeutral,0
",",",",s,,0
largely,largely,s,ConfidenceHedgedNeutral,0
because,because,s,ReasoningPremiseNeutral,0
the,the,s,ReasoningPremiseNeutral,1
British,british,s,PubAdministrationNeutral,0
government,government,s,PubAdministrationNeutral,1
in,in,s,OtherOrphanedOther,0
India,india,s,SpecialTopicsPlaceNeutral,0
regulated,regulated,s,PubAdministrationNeutral,0
it,it,s,,0
to,to,s,OtherOrphanedOther,0
avoid,avoid,s,PubPoliticsPos,0
abuses,abuses,s,PubPoliticsPos,1
that,that,s,NarrOtherNeutral,0
had,had,s,NarrOtherNeutral,1
been,been,s,NarrOtherNeutral,2
prevalent,prevalent,s,ExpoOtherNeutral,0
during,during,s,NarrDurationNeutral,0
the,the,s,NarrDurationNeutral,1
initial,initial,s,PubLawNeutral,0
indenture,indenture,s,PubLawNeutral,1
periods,periods,s,SpecialTopicsMiscellanyNeutral,0
elsewhere,elsewhere,c,DescriptVisualNeutral,0
.,.,n,,0
-,-,s,,0
They,they,s,OtherOrphanedOther,0
were,were,s,FutureOtherPos,0
promised,promised,s,FutureOtherPos,1
the,the,s,FutureOtherPos,2
right,right,s,FutureOtherPos,3
to,to,s,StratCognitionNeutral,0
return,return,s,StratCognitionNeutral,1
to,to,s,StratCognitionNeutral,2
India,india,s,SpecialTopicsPlaceNeutral,0
at,at,s,NarrSequenceNeutral,0
the,the,s,NarrSequenceNeutral,1
end,end,s,NarrSequenceNeutral,2
of,of,s,OtherSyntacticComplexityOther,0
their,their,s,OtherSyntacticComplexityOther,1
contracts,contracts,c,NarrActsNeutral,0
",",",",s,,0
although,although,s,MetadiscourseContrastNeutral,0
two-thirds,two-thirds,s,ExpoOtherNeutral,0
opted,opted,s,CharSubjectivityNeutral,0
to,to,s,CharSubjectivityNeutral,1
stay,stay,s,NarrDurationNeutral,0
in,in,s,NarrDurationNeutral,1
Suriname,suriname,s,SpecialTopicsPlaceNeutral,0
permanently,permanently,c,NarrSequenceNeutral,0
.,.,n,,0
#,#,s,,0
#,#,s,,0
#,#,c,,0
,,c,,0
#,#,s,,0
#,#,s,,0
#,#,s,,0
Working,working,s,ContingentEventNeutral,0
Conditions,conditions,s,ContingentEventNeutral,1
and,and,s,OtherSyntacticComplexityOther,0
Treatment,treatment,n,SpecialTopicsMiscellanyNeutral,0
1,1,c,ExpoOtherNeutral,0
.,.,s,ExpoOtherNeutral,1
*,*,s,,0
*,*,s,,0
Chinese,chinese,s,CharTypesNeutral,0
Laborers,laborers,s,CharTypesNeutral,0
*,*,s,,0
*,*,c,,0
:,:,n,,0
-,-,s,,0
Chinese,chinese,s,CharTypesNeutral,0
laborers,laborers,s,CharTypesNeutral,0
often,often,s,NarrDurationNeutral,0
faced,faced,s,DescriptVisualNeutral,0
more,more,s,ExpoComparisonNeutral,0
exploitative,exploitative,s,NegRelOther,0
conditions,conditions,s,ContingentEventNeutral,0
due,due,s,ReasoningOtherNeutral,0
to,to,s,ReasoningOtherNeutral,1
unilateral,unilateral,s,SpecialTopicsMiscellanyNeutral,0
contract,contract,s,DescriptChangePos,0
alterations,alterations,s,DescriptChangePos,1
by,by,s,OtherOrphanedOther,0
planters,planters,c,DescriptObjectsNeutral,0
",",",",s,OtherOrphanedOther,0
which,which,s,OtherOrphanedOther,1
sometimes,sometimes,s,ContingentRelationshipNeutral,0
led,led,s,ReasoningOtherNeutral,0
to,to,s,ReasoningOtherNeutral,1
resistance,resistance,s,NegActsResist,0
and,and,s,OtherSyntacticComplexityOther,0
harsh,harsh,s,ResponsibilityHoldNeg,0
penalties,penalties,s,ResponsibilityHoldNeg,1
including,including,s,NarrActsNeutral,0
flogging,flogging,c,NegActsAggressive,0
.,.,n,,0
-,-,s,,0
The,the,s,OtherOrphanedOther,0
scarcity,scarcity,s,NegValuesOther,0
of,of,s,OtherOrphanedOther,0
Chinese,chinese,s,CharTypesNeutral,0
women,women,s,CharTypesNeutral,1
in,in,s,OtherOrphanedOther,0
the,the,s,OtherOrphanedOther,0
migration,migration,s,NarrSceneShiftNeutral,0
meant,meant,s,ReasoningInferNeutral,0
that,that,s,ReasoningInferNeutral,1
family,family,s,SpecialTopicsMiscellanyNeutral,0
structures,structures,c,SpecialTopicsMiscellanyNeutral,0
",",",",s,OtherOrphanedOther,0
which,which,s,OtherOrphanedOther,1
could,could,s,ContingentRelationshipNeutral,0
offer,offer,s,NarrActsNeutral,0
some,some,s,ExpoOtherNeutral,0
community,community,s,StratCoordinationNeutral,0
protection,protection,c,StratCoordinationNeutral,1
",",",",s,,0
were,were,s,ConfidenceHedgedNeutral,0
largely,largely,s,ConfidenceHedgedNeutral,1
absent,absent,c,ForcefulEmphaticNeutral,0
.,.,s,,0
This,this,s,OtherOrphanedOther,0
made,made,s,NarrActsNeutral,0
integrating,integrating,s,StratCoordinationNeutral,0
and,and,s,OtherSyntacticComplexityOther,0
improving,improving,s,DescriptChangePos,0
their,their,s,CharNamesNeutral,0
socio-economic,socio-economic,s,ContingentEventNeutral,0
conditions,conditions,s,ContingentEventNeutral,1
in,in,s,OtherOrphanedOther,0
Suriname,suriname,s,SpecialTopicsPlaceNeutral,0
more,more,s,ExpoComparisonNeutral,0
challenging,challenging,c,CharTraitsNeutral,0
.,.,n,,0
-,-,s,,0
Chinese,chinese,s,CharTypesNeutral,0
laborers,laborers,s,CharTypesNeutral,0
were,were,s,NarrSequenceNeutral,0
initially,initially,s,NarrSequenceNeutral,1
not,not,s,NegActsResist,0
preferred,preferred,s,CharSubjectivityNeutral,0
by,by,s,OtherOrphanedOther,0
plantation,plantation,s,DescriptVisualNeutral,0
owners,owners,s,CharTypesNeutral,0
due,due,s,ReasoningOtherNeutral,0
to,to,s,ReasoningOtherNeutral,1
higher,higher,s,DescriptChangeNeg,0
costs,costs,s,DescriptChangeNeg,1
associated,associated,s,ExpoOtherNeutral,0
with,with,s,ExpoOtherNeutral,1
their,their,s,CharNamesNeutral,0
recruitment,recruitment,s,StratCoordinationNeutral,0
and,and,s,OtherSyntacticComplexityOther,0
maintenance,maintenance,c,SpecialTopicsMiscellanyNeutral,0
",",",",s,,0
leading,leading,s,ReasoningOtherNeutral,0
to,to,s,ReasoningOtherNeutral,1
relatively,relatively,s,ExpoComparisonNeutral,0
low,low,s,SpecialTopicsMiscellanyNeutral,0
numbers,numbers,s,ExpoOtherNeutral,0
in,in,s,ExpoOtherNeutral,1
Suriname,suriname,c,SpecialTopicsPlaceNeutral,0
.,.,n,,0
2,2,c,ExpoOtherNeutral,0
.,.,s,ExpoOtherNeutral,1
*,*,s,,0
*,*,s,,0
Indian,indian,s,CharTypesNeutral,0
Laborers,laborers,s,CharTypesNeutral,0
*,*,s,,0
*,*,c,,0
:,:,n,,0
-,-,s,,0
Indian,indian,s,CharTypesNeutral,0
laborers,laborers,s,CharTypesNeutral,0
faced,faced,s,DescriptVisualNeutral,0
better-organized,better-organized,s,,0
administration,administration,s,PubAdministrationNeutral,0
and,and,s,OtherSyntacticComplexityOther,0
legal,legal,s,PubLawNeutral,0
protection,protection,s,PubLawNeutral,1
due,due,s,ReasoningOtherNeutral,0
to,to,s,ReasoningOtherNeutral,1
the,the,s,ReasoningOtherNeutral,2
colonial,colonial,s,PosRelAgree,0
agreements,agreements,s,PosRelAgree,1
between,between,s,OtherOrphanedOther,0
the,the,s,OtherOrphanedOther,0
British,british,s,CharTypesNeutral,0
and,and,s,OtherSyntacticComplexityOther,0
Dutch,dutch,s,PubAdministrationNeutral,0
governments,governments,c,PubAdministrationNeutral,1
.,.,s,,0
This,this,s,OtherOrphanedOther,0
provided,provided,s,SpecialTopicsMiscellanyNeutral,0
a,a,s,SpecialTopicsMiscellanyNeutral,1
framework,framework,c,SpecialTopicsMiscellanyNeutral,2
",",",",s,,0
albeit,albeit,s,NegActsResist,0
imperfect,imperfect,c,NegValuesImperfect,0
",",",",s,ReasoningConcludeNeutral,0
for,for,s,ReasoningConcludeNeutral,1
labor,labor,s,PubLawNeutral,0
rights,rights,c,PubLawNeutral,1
.,.,n,,0
-,-,s,,0
Despite,despite,s,MetadiscourseContrastNeutral,0
legal,legal,s,PubLawNeutral,0
rights,rights,c,PubLawNeutral,1
",",",",s,,0
Indian,indian,s,CharTypesNeutral,0
laborers,laborers,s,CharTypesNeutral,0
faced,faced,s,DescriptVisualNeutral,0
harsh,harsh,s,NegActsFeat,0
working,working,s,NegActsFeat,1
conditions,conditions,c,ContingentEventNeutral,0
",",",",s,,0
with,with,s,OtherOrphanedOther,0
significant,significant,s,ExpoOtherNeutral,0
numbers,numbers,s,ExpoOtherNeutral,1
suffering,suffering,s,NegEmotionsSuffer,0
from,from,s,NegEmotionsSuffer,1
diseases,diseases,s,NegEmotionsSuffer,2
and,and,s,OtherSyntacticComplexityOther,0
high,high,s,DescriptVisualNeutral,0
mortality,mortality,s,PubAdministrationNeutral,0
due,due,s,ReasoningOtherNeutral,0
to,to,s,ReasoningOtherNeutral,1
poor,poor,s,NegValuesPoor,0
selection,selection,s,NegValuesPoor,1
processes,processes,s,SpecialTopicsMiscellanyNeutral,0
and,and,s,OtherSyntacticComplexityOther,0
health,health,s,PosValuesHealthy,0
supervision,supervision,c,ResponsibilitySuperviseNeutral,0
.,.,n,,0
-,-,s,,0
Social,social,s,SpecialTopicsMiscellanyNeutral,0
integration,integration,s,SpecialTopicsMiscellanyNeutral,1
challenges,challenges,s,CharTraitsNeutral,0
were,were,s,ExpoOtherNeutral,0
considerable,considerable,c,ExpoOtherNeutral,1
",",",",s,,0
with,with,s,OtherOrphanedOther,0
many,many,s,ExpoOtherNeutral,0
Indians,indians,s,CharTypesNeutral,0
being,being,s,CharMentalStatesNeutral,0
perceived,perceived,s,CharMentalStatesNeutral,1
as,as,s,OtherOrphanedOther,0
culturally,culturally,s,ExpoComparisonNeutral,0
different,different,s,ExpoComparisonNeutral,1
from,from,s,OtherOrphanedOther,0
dominant,dominant,s,StratCompetitionNeutral,0
Creole,creole,s,SpecialTopicsMiscellanyNeutral,0
and,and,s,OtherSyntacticComplexityOther,0
European,european,s,SpecialTopicsMiscellanyNeutral,0
cultures,cultures,c,SpecialTopicsMiscellanyNeutral,1
",",",",s,,0
necessitating,necessitating,s,ConfidenceHighNeutral,0
a,a,s,OtherOrphanedOther,0
reconstruction,reconstruction,s,DescriptChangePos,0
of,of,s,OtherSyntacticComplexityOther,0
their,their,s,OtherSyntacticComplexityOther,1
identity,identity,s,SpecialTopicsMiscellanyNeutral,0
in,in,s,OtherOrphanedOther,0
a,a,s,UpdatesOtherNeutral,0
new,new,s,UpdatesOtherNeutral,1
environment,environment,c,SpecialTopicsMiscellanyNeutral,0
.,.,n,,0
#,#,s,,0
#,#,s,,0
#,#,c,,0
,,c,,0
#,#,s,,0
#,#,s,,0
#,#,s,,0
Social,social,s,ContingentEventNeutral,0
Conditions,conditions,s,ContingentEventNeutral,1
and,and,s,OtherSyntacticComplexityOther,0
Perceptions,perceptions,n,CharMentalStatesNeutral,0
1,1,c,ExpoOtherNeutral,0
.,.,s,ExpoOtherNeutral,1
*,*,s,,0
*,*,s,,0
Chinese,chinese,s,CharTypesNeutral,0
Laborers,laborers,s,CharTypesNeutral,0
*,*,s,,0
*,*,c,,0
:,:,n,,0
-,-,s,,0
Chinese,chinese,s,CharTypesNeutral,0
were,were,s,PubAdministrationNeutral,0
seen,seen,s,PubAdministrationNeutral,1
as,as,s,PubAdministrationNeutral,2
less,less,s,ExpoComparisonNeutral,0
assimilated,assimilated,s,DescriptChangeNeutral,0
into,into,s,DescriptChangeNeutral,1
the,the,s,OtherOrphanedOther,0
broader,broader,s,ExpoComparisonNeutral,0
societal,societal,s,DescriptObjectsNeutral,0
fabric,fabric,s,DescriptObjectsNeutral,1
compared,compared,s,ExpoComparisonNeutral,0
to,to,s,ExpoComparisonNeutral,1
other,other,s,,0
ethnicities,ethnicities,c,SpecialTopicsMiscellanyNeutral,0
",",",",s,,0
although,although,s,MetadiscourseContrastNeutral,0
they,they,s,OtherOrphanedOther,0
eventually,eventually,s,NarrSequenceNeutral,0
carved,carved,s,DescriptMotionNeutral,0
out,out,s,OtherOrphanedOther,0
niche,niche,s,SpecialTopicsMiscellanyNeutral,0
economic,economic,s,SpecialTopicsMiscellanyNeutral,0
roles,roles,c,SpecialTopicsMiscellanyNeutral,1
",",",",s,,0
particularly,particularly,s,ExpoSpecificationNeutral,0
in,in,s,ExpoSpecificationNeutral,1
retail,retail,s,SpecialTopicsMiscellanyNeutral,0
and,and,s,NarrSequenceNeutral,0
later,later,s,NarrSequenceNeutral,1
in,in,s,OtherOrphanedOther,0
construction,construction,c,SpecialTopicsMiscellanyNeutral,0
.,.,n,,0
-,-,s,,0
Anti-Chinese,anti-chinese,s,NegActsResist,0
sentiments,sentiments,s,CharMentalStatesNeutral,0
existed,existed,c,NarrActsNeutral,0
",",",",s,,0
fuelled,fuelled,s,OtherOrphanedOther,0
by,by,s,OtherOrphanedOther,0
perceptions,perceptions,s,CharMentalStatesNeutral,0
of,of,s,CharMentalStatesNeutral,1
them,them,s,NarrActsNeutral,0
as,as,s,OtherOrphanedOther,0
moral,moral,s,PosValuesOther,0
and,and,s,OtherSyntacticComplexityOther,0
health,health,s,NegActsOther,0
hazards,hazards,c,NegActsOther,1
",",",",s,MetadiscourseContrastNeutral,0
but,but,s,MetadiscourseContrastNeutral,1
were,were,s,NarrOtherNeutral,0
less,less,s,ExpoComparisonNeutral,0
severe,severe,s,ExpoComparisonNeutral,1
than,than,s,ExpoComparisonNeutral,2
in,in,s,MetadiscourseOtherNeutral,0
other,other,s,MetadiscourseOtherNeutral,1
Caribbean,caribbean,s,SpecialTopicsPlaceNeutral,0
territories,territories,c,SpecialTopicsPlaceNeutral,0
.,.,n,,0
2,2,c,ExpoOtherNeutral,0
.,.,s,ExpoOtherNeutral,1
*,*,s,,0
*,*,s,,0
Indian,indian,s,CharTypesNeutral,0
Laborers,laborers,s,CharTypesNeutral,0
*,*,s,,0
*,*,c,,0
:,:,n,,0
-,-,s,,0
Indians,indians,s,CharTypesNeutral,0
were,were,s,NarrOtherNeutral,0
instrumental,instrumental,s,SpecialTopicsMiscellanyNeutral,0
in,in,s,OtherOrphanedOther,0
shaping,shaping,s,OtherOrphanedOther,0
Suriname's,suriname's,s,,0
demographic,demographic,s,SpecialTopicsMiscellanyNeutral,0
and,and,s,OtherSyntacticComplexityOther,0
cultural,cultural,s,SpecialTopicsMiscellanyNeutral,0
landscape,landscape,c,DescriptVisualNeutral,0
",",",",s,,0
becoming,becoming,s,DescriptChangeNeutral,0
a,a,s,DescriptChangeNeutral,1
significant,significant,s,ForcefulSignificantNeutral,0
ethnic,ethnic,s,SpecialTopicsMiscellanyNeutral,0
group,group,s,SpecialTopicsMiscellanyNeutral,0
in,in,s,SpecialTopicsPlaceNeutral,0
the,the,s,SpecialTopicsPlaceNeutral,1
country,country,c,SpecialTopicsPlaceNeutral,2
.,.,n,,0
-,-,s,,0
Although,although,s,MetadiscourseContrastNeutral,0
initially,initially,s,NarrSequenceNeutral,0
considered,considered,s,CharTraitsNeutral,0
unruly,unruly,s,NegActsUnrestrained,0
by,by,s,OtherOrphanedOther,0
the,the,s,OtherOrphanedOther,0
colonial,colonial,s,PubAdministrationNeutral,0
government,government,s,PubAdministrationNeutral,1
and,and,s,OtherSyntacticComplexityOther,0
facing,facing,s,DescriptVisualNeutral,0
high,high,s,DescriptVisualNeutral,0
mortality,mortality,s,PubAdministrationNeutral,0
rates,rates,s,PubAdministrationNeutral,1
and,and,s,OtherSyntacticComplexityOther,0
disillusionment,disillusionment,c,NegEmotionsDisillusion,0
",",",",s,,0
over,over,s,NarrOtherNeutral,0
time,time,c,NarrOtherNeutral,1
",",",",s,,0
Indian,indian,s,SpecialTopicsMiscellanyNeutral,0
communities,communities,s,SpecialTopicsMiscellanyNeutral,1
established,established,s,DescriptVisualNeutral,0
farms,farms,s,DescriptVisualNeutral,1
and,and,s,OtherSyntacticComplexityOther,0
businesses,businesses,c,SpecialTopicsMiscellanyNeutral,0
",",",",s,,0
contributing,contributing,s,DescriptChangePos,0
significantly,significantly,s,ForcefulIntenseNeutral,0
to,to,s,OtherOrphanedOther,0
rural,rural,s,SpecialTopicsMiscellanyNeutral,0
development,development,c,SpecialTopicsMiscellanyNeutral,1
.,.,n,,0
-,-,s,,0
They,they,s,ExpoOtherNeutral,0
created,created,s,ExpoOtherNeutral,1
a,a,s,OtherOrphanedOther,0
syncretic,syncretic,s,,0
language,language,c,SpecialTopicsMiscellanyNeutral,0
",",",",s,,0
Sarnami,sarnami,s,,0
Hindoestani,hindoestani,c,,0
",",",",s,,0
as,as,s,OtherOrphanedOther,0
a,a,s,OtherOrphanedOther,1
cultural,cultural,s,SpecialTopicsMiscellanyNeutral,0
bridge,bridge,s,DescriptObjectsNeutral,0
in,in,s,OtherSyntacticComplexityOther,0
response,response,s,OtherSyntacticComplexityOther,1
to,to,s,OtherSyntacticComplexityOther,2
their,their,s,CharNamesNeutral,0
new,new,s,NarrImmediacyNeutral,0
environment,environment,c,SpecialTopicsMiscellanyNeutral,0
.,.,n,,0
#,#,s,,0
#,#,s,,0
#,#,c,,0
,,c,,0
#,#,s,,0
#,#,s,,0
#,#,s,,0
Conclusion,conclusion,n,ReasoningConcludeNeutral,0
The,the,s,OtherOrphanedOther,0
treatment,treatment,s,SpecialTopicsMiscellanyNeutral,0
of,of,s,OtherOrphanedOther,0
Chinese,chinese,s,CharTypesNeutral,0
and,and,s,OtherSyntacticComplexityOther,0
Indian,indian,s,PubLawNeutral,0
indentured,indentured,s,PubLawNeutral,1
laborers,laborers,s,CharTypesNeutral,0
in,in,s,OtherOrphanedOther,0
Suriname,suriname,s,SpecialTopicsPlaceNeutral,0
was,was,s,NarrOtherNeutral,0
influenced,influenced,s,NarrBiographyNeutral,0
by,by,s,NarrBiographyNeutral,1
both,both,s,OtherSyntacticComplexityOther,0
practical,practical,s,PosValuesOther,0
and,and,s,OtherSyntacticComplexityOther,0
social,social,s,SpecialTopicsMiscellanyNeutral,0
perceptions,perceptions,c,SpecialTopicsMiscellanyNeutral,1
.,.,s,,0
Chinese,chinese,s,CharTypesNeutral,0
laborers,laborers,s,CharTypesNeutral,0
faced,faced,s,DescriptVisualNeutral,0
more,more,s,ExpoComparisonNeutral,0
systemic,systemic,s,CharTraitsNeutral,0
challenges,challenges,s,CharTraitsNeutral,1
due,due,s,ReasoningOtherNeutral,0
to,to,s,ReasoningOtherNeutral,1
recruitment,recruitment,s,MetadiscoursePurposeNonFirstPerson,0
issues,issues,s,MetadiscoursePurposeNonFirstPerson,1
and,and,s,OtherSyntacticComplexityOther,0
cultural,cultural,s,SpecialTopicsMiscellanyNeutral,0
isolation,isolation,c,NegRelOther,0
.,.,s,,0
In,in,s,MetadiscourseContrastNeutral,0
contrast,contrast,c,MetadiscourseContrastNeutral,1
",",",",s,MetadiscourseContrastNeutral,2
Indian,indian,s,CharTypesNeutral,0
laborers,laborers,c,CharTypesNeutral,0
",",",",s,,0
despite,despite,s,MetadiscourseContrastNeutral,0
facing,facing,s,DescriptVisualNeutral,0
significant,significant,s,NegActsResist,0
hardship,hardship,c,NegActsResist,1
",",",",s,,0
benefitted,benefitted,s,PosValuesOther,0
from,from,s,PosValuesOther,1
more,more,s,ExpoComparisonNeutral,0
robust,robust,s,PosValuesOther,0
colonial,colonial,s,SpecialTopicsMiscellanyNeutral,0
oversight,oversight,s,NegActsOther,0
and,and,s,OtherSyntacticComplexityOther,0
were,were,s,NarrOtherNeutral,0
better,better,s,ExpoComparisonNeutral,0
integrated,integrated,s,StratCoordinationNeutral,0
over,over,s,NarrOtherNeutral,0
time,time,s,NarrOtherNeutral,1
into,into,s,OtherOrphanedOther,0
Suriname's,suriname's,s,,0
socio-economic,socio-economic,s,DescriptObjectsNeutral,0
fabric,fabric,c,DescriptObjectsNeutral,1
",",",",s,,0
illustrating,illustrating,s,InterOtherNeutral,0
the,the,s,InterOtherNeutral,1
differential,differential,s,ExpoComparisonNeutral,0
impact,impact,s,ForcefulEmphaticNeutral,0
of,of,s,ForcefulEmphaticNeutral,1
colonial,colonial,s,SpecialTopicsMiscellanyNeutral,0
labor,labor,s,PubAdministrationNeutral,0
policies,policies,s,PubAdministrationNeutral,1
on,on,s,OtherOrphanedOther,0
distinct,distinct,s,ExpoComparisonNeutral,0
ethnic,ethnic,s,SpecialTopicsMiscellanyNeutral,0
groups,groups,c,SpecialTopicsMiscellanyNeutral,0
.,.,n,,0
Sources,sources,s,SpecialTopicsMiscellanyNeutral,0
used,used,c,NarrActsNeutral,0
:,:,n,,0
-,-,s,,0
Bates,bates,c,DescriptMotionNeutral,0
",",",",s,,0
C,c,c,OtherOrphanedOther,0
.,.,s,OtherOrphanedOther,1
(,(,c,OtherOrphanedOther,0
Ed,ed,c,SpecialTopicsMiscellanyNeutral,0
.,.,c,SpecialTopicsMiscellanyNeutral,1
),),c,OtherOrphanedOther,0
.,.,s,,0
(,(,c,OtherOrphanedOther,0
2024,2024,c,NarrDurationNeutral,0
),),c,OtherOrphanedOther,0
.,.,s,,0
Beyond,beyond,s,OtherOrphanedOther,0
Indenture,indenture,c,PubLawNeutral,0
.,.,s,,0
txt,txt,n,,0
-,-,s,,0
Benton,benton,c,CharNamesNeutral,0
",",",",s,,0
G,g,c,OtherOrphanedOther,0
.,.,s,OtherOrphanedOther,1
(,(,c,OtherOrphanedOther,0
2022,2022,c,CitationReferenceNeutral,0
),),c,CitationReferenceNeutral,1
.,.,s,,0
Chinese,chinese,s,CharTypesNeutral,0
Indentured,indentured,s,PubLawNeutral,0
Labour,labour,s,,0
in,in,s,OtherOrphanedOther,0
the,the,s,OtherOrphanedOther,0
Dutch,dutch,s,CharTypesNeutral,0
East,east,s,SpecialTopicsPlaceNeutral,0
Indies,indies,c,SpecialTopicsPlaceNeutral,1
.,.,s,,0
txt,txt,n,,0
-,-,s,,0
Buddingh,buddingh,c,,0
’,',c,,0
",",",",s,,0
H,h,c,OtherOrphanedOther,0
.,.,s,OtherOrphanedOther,1
(,(,c,CitationReferenceNeutral,0
1995,1995,c,CitationReferenceNeutral,1
),),c,CitationReferenceNeutral,2
.,.,s,,0
A,a,s,OtherOrphanedOther,0
history,history,s,NarrOtherNeutral,0
of,of,s,NarrOtherNeutral,1
Suriname,suriname,c,SpecialTopicsPlaceNeutral,0
.,.,s,,0
txt,txt,n,,0
-,-,s,,0
Fat,fat,c,CharTypesNeutral,0
",",",",s,,0
P,p,c,OtherOrphanedOther,0
.,.,s,OtherOrphanedOther,1
B,b,c,OtherOrphanedOther,0
.,.,s,OtherOrphanedOther,1
T,t,c,OtherOrphanedOther,0
.,.,s,OtherOrphanedOther,1
S,s,c,OtherOrphanedOther,0
.,.,s,OtherOrphanedOther,1
(,(,c,CitationReferenceNeutral,0
2009,2009,c,CitationReferenceNeutral,1
),),c,CitationReferenceNeutral,2
.,.,s,,0
Chinese,chinese,s,CharTypesNeutral,0
new,new,s,NarrImmediacyNeutral,0
migrants,migrants,s,NarrSceneShiftNeutral,0
in,in,s,OtherOrphanedOther,0
Suriname,suriname,c,SpecialTopicsPlaceNeutral,0
.,.,s,,0
txt,txt,n,,0
-,-,s,,0
Hassankhan,hassankhan,c,,0
",",",",s,,0
M,m,c,OtherOrphanedOther,0
.,.,s,OtherOrphanedOther,1
S,s,c,OtherOrphanedOther,0
.,.,c,OtherOrphanedOther,1
",",",",s,,0
Roopnarine,roopnarine,c,,0
",",",",s,,0
L,l,c,OtherOrphanedOther,0
.,.,c,OtherOrphanedOther,1
",",",",s,,0
&,&,s,,0
Mahase,mahase,c,,0
",",",",s,,0
R,r,c,OtherOrphanedOther,0
.,.,s,OtherOrphanedOther,1
(,(,c,OtherOrphanedOther,0
2016,2016,c,CitationReferenceNeutral,0
),),c,CitationReferenceNeutral,1
.,.,s,,0
Social,social,s,,0
and,and,s,OtherSyntacticComplexityOther,0
cultural,cultural,s,SpecialTopicsMiscellanyNeutral,0
dimensions,dimensions,s,SpecialTopicsMiscellanyNeutral,0
of,of,s,OtherOrphanedOther,0
Indian,indian,s,PubLawNeutral,0
indentured,indentured,s,PubLawNeutral,1
labour,labour,s,,0
and,and,s,OtherSyntacticComplexityOther,0
its,its,s,OtherOrphanedOther,0
diaspora,diaspora,c,SpecialTopicsMiscellanyNeutral,0
.,.,s,,0
txt,txt,n,,0
-,-,s,,0
Hassankhan,hassankhan,c,,0
",",",",s,,0
M,m,c,OtherOrphanedOther,0
.,.,s,OtherOrphanedOther,1
S,s,c,OtherOrphanedOther,0
.,.,c,OtherOrphanedOther,1
",",",",s,,0
Roopnarine,roopnarine,c,,0
",",",",s,,0
L,l,c,OtherOrphanedOther,0
.,.,c,OtherOrphanedOther,1
",",",",s,,0
White,white,c,DescriptVisualNeutral,0
",",",",s,,0
C,c,c,OtherOrphanedOther,0
.,.,c,OtherOrphanedOther,1
",",",",s,,0
&,&,s,,0
Mahase,mahase,c,,0
",",",",s,,0
R,r,c,OtherOrphanedOther,0
.,.,s,OtherOrphanedOther,1
(,(,c,OtherOrphanedOther,0
Eds,eds,c,SpecialTopicsMiscellanyNeutral,0
.,.,c,,0
),),c,OtherOrphanedOther,0
.,.,s,,0
(,(,c,OtherOrphanedOther,0
2016,2016,c,CitationReferenceNeutral,0
),),c,CitationReferenceNeutral,1
.,.,s,,0
Legacy,legacy,s,PubAdministrationNeutral,0
of,of,s,PubAdministrationNeutral,1
Slavery,slavery,s,NegRelServility,0
and,and,s,OtherSyntacticComplexityOther,0
Indentured,indentured,s,PubLawNeutral,0
Labour,labour,c,,0
.,.,s,,0
txt,txt,n,,0
-,-,s,,0
Hoefte,hoefte,c,,0
",",",",s,,0
R,r,c,OtherOrphanedOther,0
.,.,s,OtherOrphanedOther,1
(,(,c,CitationReferenceNeutral,0
2013,2013,c,CitationReferenceNeutral,1
),),c,CitationReferenceNeutral,2
.,.,s,,0
Suriname,suriname,s,SpecialTopicsPlaceNeutral,0
in,in,s,OtherOrphanedOther,0
the,the,s,OtherOrphanedOther,0
long,long,s,DescriptVisualNeutral,0
twentieth,twentieth,s,NarrDurationNeutral,0
century,century,c,NarrDurationNeutral,1
:,:,s,,0
domination,domination,c,StratCompetitionNeutral,0
",",",",s,,0
contestation,contestation,c,StratCompetitionNeutral,0
",",",",s,,0
globalization,globalization,c,SpecialTopicsMiscellanyNeutral,0
.,.,s,,0
txt,txt,n,,0
-,-,s,,0
Kumar,kumar,c,CharNamesNeutral,0
",",",",s,,0
A,a,c,OtherOrphanedOther,0
.,.,c,OtherOrphanedOther,1
",",",",s,,0
&,&,s,,0
Bates,bates,c,DescriptMotionNeutral,0
",",",",s,,0
C,c,c,OtherOrphanedOther,0
.,.,s,OtherOrphanedOther,1
(,(,c,OtherOrphanedOther,0
Eds,eds,c,SpecialTopicsMiscellanyNeutral,0
.,.,c,,0
),),c,OtherOrphanedOther,0
.,.,s,,0
(,(,c,OtherOrphanedOther,0
2024,2024,c,NarrDurationNeutral,0
),),c,OtherOrphanedOther,0
.,.,s,,0
Girmitiyas,girmitiyas,s,,0
and,and,s,OtherSyntacticComplexityOther,0
the,the,s,OtherSyntacticComplexityOther,1
Global,global,s,SpecialTopicsMiscellanyNeutral,0
Indian,indian,s,CharTypesNeutral,0
Diaspora,diaspora,c,SpecialTopicsMiscellanyNeutral,0
:,:,s,,0
Origins,origins,c,NarrSequenceNeutral,0
",",",",s,,0
Memories,memories,c,CharMentalStatesNeutral,0
",",",",s,,0
and,and,s,OtherSyntacticComplexityOther,0
Identity,identity,c,SpecialTopicsMiscellanyNeutral,0
.,.,s,,0
txt,txt,n,,0
-,-,s,,0
Lai,lai,c,CharNamesNeutral,0
",",",",s,,0
W,w,c,OtherOrphanedOther,0
.,.,s,OtherOrphanedOther,1
L,l,c,OtherOrphanedOther,0
.,.,s,OtherOrphanedOther,1
(,(,c,CitationReferenceNeutral,0
1998,1998,c,CitationReferenceNeutral,1
),),c,CitationReferenceNeutral,2
.,.,s,,0
The,the,s,OtherOrphanedOther,0
Chinese,chinese,s,CharTypesNeutral,0
in,in,s,DescriptVisualNeutral,0
the,the,s,DescriptVisualNeutral,1
West,west,s,DescriptVisualNeutral,2
Indies,indies,c,SpecialTopicsMiscellanyNeutral,0
.,.,s,,0
txt,txt,n,,0
-,-,s,,0
Lal,lal,c,CharNamesNeutral,0
",",",",s,,0
B,b,c,OtherOrphanedOther,0
.,.,s,OtherOrphanedOther,1
V,v,c,OtherOrphanedOther,0
.,.,c,OtherOrphanedOther,1
",",",",s,,0
Munro,munro,c,CharNamesNeutral,0
",",",",s,,0
D,d,c,OtherOrphanedOther,0
.,.,c,OtherOrphanedOther,1
",",",",s,,0
&,&,s,,0
Beechert,beechert,c,,0
",",",",s,,0
E,e,c,OtherOrphanedOther,0
.,.,s,OtherOrphanedOther,1
D,d,c,OtherOrphanedOther,0
.,.,s,OtherOrphanedOther,1
(,(,c,OtherOrphanedOther,0
Eds,eds,c,SpecialTopicsMiscellanyNeutral,0
.,.,c,,0
),),c,OtherOrphanedOther,0
.,.,s,,0
(,(,c,CitationReferenceNeutral,0
1993,1993,c,CitationReferenceNeutral,1
),),c,CitationReferenceNeutral,2
.,.,s,,0
Plantation,plantation,s,DescriptVisualNeutral,0
Workers,workers,c,CharTypesNeutral,0
:,:,s,,0
resistance,resistance,s,NegActsResist,0
and,and,s,OtherSyntacticComplexityOther,0
accommodation,accommodation,c,FacilitateAccommodatePos,0
.,.,s,,0
txt,txt,n,,0
-,-,s,,0
Snelders,snelders,c,,0
",",",",s,,0
S,s,c,OtherOrphanedOther,0
.,.,s,OtherOrphanedOther,1
(,(,c,OtherOrphanedOther,0
2017,2017,c,CitationReferenceNeutral,0
),),c,CitationReferenceNeutral,1
.,.,s,,0
Leprosy,leprosy,s,SpecialTopicsMiscellanyNeutral,0
and,and,s,OtherSyntacticComplexityOther,0
colonialism,colonialism,c,SpecialTopicsMiscellanyNeutral,0
:,:,s,,0
Suriname,suriname,s,SpecialTopicsPlaceNeutral,0
under,under,s,OtherOrphanedOther,0
Dutch,dutch,s,PubAdministrationNeutral,0
rule,rule,c,PubAdministrationNeutral,1
.,.,s,,0
txt,txt,n,,0
-,-,s,,0
van,van,s,DescriptObjectsNeutral,0
Lier,lier,c,,0
",",",",s,,0
R,r,c,OtherOrphanedOther,0
.,.,s,OtherOrphanedOther,1
A,a,c,OtherOrphanedOther,0
.,.,s,OtherOrphanedOther,1
J,j,c,OtherOrphanedOther,0
.,.,s,OtherOrphanedOther,1
(,(,c,OtherOrphanedOther,0
2024,2024,c,NarrDurationNeutral,0
),),c,OtherOrphanedOther,0
.,.,s,,0
Frontier,frontier,s,DescriptVisualNeutral,0
society,society,c,PubAdministrationNeutral,0
:,:,s,,0
a,a,s,OtherOrphanedOther,0
social,social,s,ReasoningAnalyzeNeutral,0
analysis,analysis,s,ReasoningAnalyzeNeutral,1
of,of,s,OtherSyntacticComplexityOther,0
the,the,s,OtherSyntacticComplexityOther,1
history,history,s,NarrOtherNeutral,0
of,of,s,NarrOtherNeutral,1
Surinam,surinam,c,,0
.,.,s,,0
txt,txt,n,,0
The,the,s,OtherOrphanedOther,0
treatment,treatment,s,SpecialTopicsMiscellanyNeutral,0
of,of,s,OtherOrphanedOther,0
Indian,indian,s,PubLawNeutral,0
indentured,indentured,s,PubLawNeutral,1
laborers,laborers,s,CharTypesNeutral,0
on,on,s,OtherOrphanedOther,0
plantations,plantations,s,DescriptVisualNeutral,0
was,was,s,NarrOtherNeutral,0
fraught,fraught,s,UncertaintyUnknownNeutral,0
with,with,s,UncertaintyUnknownNeutral,1
severe,severe,s,NegEmotionsSevere,0
abuses,abuses,c,NegActsAggressive,0
",",",",s,,0
and,and,s,OtherSyntacticComplexityOther,0
the,the,s,OtherSyntacticComplexityOther,1
judicial,judicial,s,PubLawNeutral,0
system,system,s,PubLawNeutral,1
offered,offered,s,FacilitateSponsorNeutral,0
them,them,s,FacilitateSponsorNeutral,1
little,little,s,NegEmotionsFear,0
protection,protection,c,NegEmotionsFear,1
.,.,s,NarrImmediacyNeutral,0
Here,here,s,NarrImmediacyNeutral,1
is,is,s,OtherOrphanedOther,0
a,a,s,PosValuesOther,0
detailed,detailed,s,PosValuesOther,1
breakdown,breakdown,s,SpecialTopicsMiscellanyNeutral,0
of,of,s,SpecialTopicsMiscellanyNeutral,1
the,the,s,OtherOrphanedOther,0
crimes,crimes,s,NegActsCrime,0
committed,committed,s,CharTraitsNeutral,0
by,by,s,OtherOrphanedOther,0
plantation,plantation,s,DescriptVisualNeutral,0
owners,owners,s,CharTypesNeutral,0
and,and,s,OtherSyntacticComplexityOther,0
the,the,s,OtherSyntacticComplexityOther,1
nature,nature,s,SpecialTopicsMiscellanyNeutral,0
of,of,s,OtherSyntacticComplexityOther,0
the,the,s,OtherSyntacticComplexityOther,1
judicial,judicial,s,PubLawNeutral,0
system,system,c,PubLawNeutral,1
:,:,n,,0
#,#,s,,0
#,#,s,,0
#,#,c,,0
,,c,,0
#,#,s,,0
#,#,s,,0
#,#,s,,0
Crimes,crimes,s,NegActsCrime,0
Committed,committed,s,CharTraitsNeutral,0
by,by,s,OtherOrphanedOther,0
Plantation,plantation,s,DescriptVisualNeutral,0
Owners,owners,c,CharTypesNeutral,0
:,:,n,,0
1,1,c,ExpoOtherNeutral,0
.,.,s,ExpoOtherNeutral,1
*,*,s,,0
*,*,s,,0
Physical,physical,s,SpecialTopicsMiscellanyNeutral,0
and,and,s,OtherSyntacticComplexityOther,0
Sexual,sexual,s,NegActsAggressive,0
Abuse,abuse,s,NegActsAggressive,1
*,*,s,,0
*,*,c,,0
:,:,n,,0
-,-,s,,0
Indian,indian,s,CharTypesNeutral,0
laborers,laborers,c,CharTypesNeutral,0
",",",",s,,0
especially,especially,s,ForcefulEmphaticNeutral,0
women,women,c,CharTypesNeutral,0
",",",",s,,0
were,were,s,NarrDurationNeutral,0
often,often,s,NarrDurationNeutral,1
subjected,subjected,s,ContingentPossibilityNeg,0
to,to,s,ContingentPossibilityNeg,1
physical,physical,s,NegActsAggressive,0
brutality,brutality,s,NegActsAggressive,1
and,and,s,OtherSyntacticComplexityOther,0
sexual,sexual,s,NegActsOther,0
harassment,harassment,s,NegActsOther,1
by,by,s,OtherOrphanedOther,0
overseers,overseers,c,CharTypesNeutral,0
.,.,s,ReasoningConcludeNeutral,0
Such,such,s,ReasoningConcludeNeutral,1
abuses,abuses,s,NegActsAggressive,0
included,included,s,NarrActsNeutral,0
flogging,flogging,s,NegActsAggressive,0
and,and,s,OtherSyntacticComplexityOther,0
other,other,s,,0
forms,forms,s,SpecialTopicsMiscellanyNeutral,0
of,of,s,SpecialTopicsMiscellanyNeutral,1
corporal,corporal,s,NegActsAggressive,0
punishment,punishment,c,NegActsAggressive,1
.,.,s,,0
Women,women,s,CharTypesNeutral,0
faced,faced,s,DescriptVisualNeutral,0
additional,additional,s,NegEmotionsFear,0
threats,threats,s,NegEmotionsFear,1
of,of,s,OtherOrphanedOther,0
or,or,s,OtherSyntacticComplexityOther,0
actual,actual,s,SpecialTopicsMiscellanyNeutral,0
sexual,sexual,s,SpecialTopicsMiscellanyNeutral,1
abuse,abuse,c,NegActsAggressive,0
",",",",s,,0
particularly,particularly,s,ExpoSpecificationNeutral,0
from,from,s,OtherOrphanedOther,0
young,young,c,DescriptVisualNeutral,0
",",",",s,,0
unmarried,unmarried,s,CharTypesNeutral,0
white,white,s,DescriptVisualNeutral,0
overseers,overseers,s,CharTypesNeutral,0
and,and,s,OtherSyntacticComplexityOther,0
Indian,indian,s,CharTypesNeutral,0
sirdars,sirdars,s,PubAdministrationNeutral,0
(,(,c,OtherOrphanedOther,0
foremen,foremen,c,CharTypesNeutral,0
),),c,OtherOrphanedOther,0
.,.,n,,0
2,2,c,ExpoOtherNeutral,0
.,.,s,ExpoOtherNeutral,1
*,*,s,,0
*,*,s,,0
Exploitation,exploitation,s,NegActsAggressive,0
and,and,s,OtherSyntacticComplexityOther,0
Deception,deception,s,NegRelTrickery,0
*,*,s,,0
*,*,c,,0
:,:,n,,0
-,-,s,,0
Planters,planters,s,DescriptObjectsNeutral,0
routinely,routinely,s,NarrDurationNeutral,0
misrepresented,misrepresented,s,NegActsMisrepresent,0
the,the,s,ContingentRelationshipNeutral,0
conditions,conditions,s,ContingentRelationshipNeutral,1
of,of,s,ContingentRelationshipNeutral,2
work,work,s,OtherOrphanedOther,0
and,and,s,OtherSyntacticComplexityOther,0
the,the,s,OtherSyntacticComplexityOther,1
wages,wages,s,SpecialTopicsMiscellanyNeutral,0
that,that,s,OtherOrphanedOther,0
indentured,indentured,s,PubLawNeutral,0
laborers,laborers,s,CharTypesNeutral,0
would,would,s,NarrOtherNeutral,0
receive,receive,c,NarrActsNeutral,0
.,.,s,,0
Wages,wages,s,SpecialTopicsMiscellanyNeutral,0
were,were,s,NarrDurationNeutral,0
frequently,frequently,s,NarrDurationNeutral,1
delayed,delayed,c,NegActsDelay,0
",",",",s,,0
reduced,reduced,c,DescriptChangeNeutral,0
",",",",s,,0
or,or,s,OtherSyntacticComplexityOther,0
deducted,deducted,s,NarrActsNeutral,0
arbitrarily,arbitrarily,s,NegEmotionsOther,0
for,for,s,OtherOrphanedOther,0
minor,minor,s,NegActsMistake,0
infractions,infractions,s,NegActsMistake,1
that,that,s,OtherOrphanedOther,0
were,were,s,NarrOtherNeutral,0
not,not,s,NegActsResist,0
legally,legally,s,PubLawNeutral,0
sanctioned,sanctioned,c,NegValuesOther,0
.,.,n,,0
3,3,c,ExpoOtherNeutral,0
.,.,s,ExpoOtherNeutral,1
*,*,s,,0
*,*,s,,0
Intimidation,intimidation,s,NegActsAggressive,0
and,and,s,OtherSyntacticComplexityOther,0
Coercion,coercion,s,NegActsCoercive,0
*,*,s,,0
*,*,c,,0
:,:,n,,0
-,-,s,,0
Plantation,plantation,s,DescriptVisualNeutral,0
officials,officials,s,CharTypesNeutral,0
intimidated,intimidated,s,NegActsAggressive,0
laborers,laborers,s,CharTypesNeutral,0
into,into,s,OtherOrphanedOther,0
re-indenture,re-indenture,s,,0
by,by,s,OtherOrphanedOther,0
threatening,threatening,s,NegRelThreaten,0
them,them,s,NegRelThreaten,1
with,with,s,NegRelThreaten,2
prison,prison,s,SpecialTopicsMiscellanyNeutral,0
for,for,s,OtherOrphanedOther,0
minor,minor,s,NegActsViolate,0
violations,violations,s,NegActsViolate,1
of,of,s,OtherOrphanedOther,0
contract,contract,s,NarrActsNeutral,0
or,or,s,OtherSyntacticComplexityOther,0
work,work,s,OtherOrphanedOther,0
discipline,discipline,c,PubAdministrationNeutral,0
.,.,s,,0
Resistance,resistance,s,NegActsResist,0
or,or,s,OtherSyntacticComplexityOther,0
protest,protest,s,NegActsPlaintive,0
was,was,s,NarrDurationNeutral,0
often,often,s,NarrDurationNeutral,1
met,met,s,DescriptVisualNeutral,0
with,with,s,DescriptVisualNeutral,1
overwhelming,overwhelming,s,ForcefulIntenseNeutral,0
coercion,coercion,c,NegActsCoercive,0
",",",",s,,0
including,including,s,NarrActsNeutral,0
violence,violence,s,NegActsViolence,0
and,and,s,OtherSyntacticComplexityOther,0
unjust,unjust,s,NegValuesInjustice,0
legal,legal,s,PubLawNeutral,0
action,action,c,PubLawNeutral,1
.,.,n,,0
4,4,c,ExpoOtherNeutral,0
.,.,s,ExpoOtherNeutral,1
*,*,s,,0
*,*,s,,0
Disregard,disregard,s,CharSubjectivityNeg,0
for,for,s,CharSubjectivityNeg,1
Workers,workers,c,CharTypesNeutral,0
’,',s,,0
Welfare,welfare,s,PosValuesOther,0
*,*,s,,0
*,*,c,,0
:,:,n,,0
-,-,s,,0
Laborers,laborers,s,CharTypesNeutral,0
were,were,s,NegActsAggressive,0
subject,subject,s,NegActsAggressive,1
to,to,s,NegActsAggressive,2
excessively,excessively,s,NegValuesExcess,0
demanding,demanding,s,NegEmotionsDifficult,0
tasks,tasks,c,NegEmotionsDifficult,1
",",",",s,,0
often,often,s,NarrDurationNeutral,0
set,set,s,DescriptVisualNeutral,0
at,at,s,DescriptVisualNeutral,1
the,the,s,DescriptMotionNeutral,0
pace,pace,s,DescriptMotionNeutral,1
of,of,s,DescriptMotionNeutral,2
the,the,s,ForcefulEmphaticNeutral,0
most,most,s,ForcefulEmphaticNeutral,1
productive,productive,s,PosValuesOther,0
workers,workers,c,PosValuesOther,1
",",",",s,OtherOrphanedOther,0
which,which,s,OtherOrphanedOther,1
many,many,s,OtherOrphanedOther,2
could,could,s,NegActsResist,0
not,not,s,NegActsResist,1
meet,meet,c,NegActsResist,2
",",",",s,,0
leading,leading,s,ReasoningOtherNeutral,0
to,to,s,ReasoningOtherNeutral,1
further,further,s,MetadiscourseOtherNeutral,0
legal,legal,s,PubLawNeutral,0
action,action,s,PubLawNeutral,1
against,against,s,NegActsResist,0
them,them,c,NegActsResist,1
.,.,s,,0
Basic,basic,s,PosValuesEthics,0
needs,needs,c,PosValuesEthics,1
",",",",s,ExpoExampleNeutral,0
such,such,s,ExpoExampleNeutral,1
as,as,s,ExpoExampleNeutral,2
adequate,adequate,s,PosValuesSufficient,0
rest,rest,c,PosValuesSufficient,1
",",",",s,,0
health,health,s,SpecialTopicsMiscellanyNeutral,0
care,care,c,SpecialTopicsMiscellanyNeutral,1
",",",",s,,0
and,and,s,OtherSyntacticComplexityOther,0
sanitation,sanitation,c,SpecialTopicsMiscellanyNeutral,0
",",",",s,,0
were,were,s,ResponsibilityHoldNeg,0
neglected,neglected,c,ResponsibilityHoldNeg,1
.,.,n,,0
5,5,c,ExpoOtherNeutral,0
.,.,s,ExpoOtherNeutral,1
*,*,s,,0
*,*,s,,0
Criminalization,criminalization,s,DescriptChangeNeg,0
of,of,s,OtherOrphanedOther,0
Minor,minor,s,SpecialTopicsMiscellanyNeutral,0
and,and,s,OtherSyntacticComplexityOther,0
Fabricated,fabricated,s,NarrActsNeutral,0
Offenses,offenses,s,,0
*,*,s,,0
*,*,c,,0
:,:,n,,0
-,-,s,,0
Laborers,laborers,s,CharTypesNeutral,0
were,were,s,NegActsCrime,0
charged,charged,s,NegActsCrime,1
with,with,s,NegActsCrime,2
a,a,s,ExpoOtherNeutral,0
range,range,s,ExpoOtherNeutral,1
of,of,s,ExpoOtherNeutral,2
minor,minor,s,PosRelReassure,0
offenses,offenses,s,PosRelReassure,1
such,such,s,ExpoExampleNeutral,0
as,as,s,ExpoExampleNeutral,1
',',s,,0
habitual,habitual,s,CharTraitsNeutral,0
idling,idling,s,CharTypesNeg,0
',',s,,0
or,or,s,OtherSyntacticComplexityOther,0
',',s,,0
absenteeism,absenteeism,s,NegEmotionsOther,0
',',c,,0
",",",",s,,0
and,and,s,OtherSyntacticComplexityOther,0
were,were,s,NarrDurationNeutral,0
frequently,frequently,s,NarrDurationNeutral,1
penalized,penalized,s,PubLawNeg,0
for,for,s,OtherSyntacticComplexityOther,0
these,these,c,OtherSyntacticComplexityOther,1
.,.,s,,0
The,the,s,OtherOrphanedOther,0
ordinance,ordinance,s,PubLawNeutral,0
allowed,allowed,s,FacilitateExpediteNeutral,0
conviction,conviction,s,,0
for,for,s,OtherOrphanedOther,0
ludicrous,ludicrous,s,NegValuesHarshJudgment,0
charges,charges,s,NegValuesHarshJudgment,1
such,such,s,ExpoExampleNeutral,0
as,as,s,ExpoExampleNeutral,1
defecating,defecating,s,DescriptMotionNeutral,0
within,within,s,OtherOrphanedOther,0
certain,certain,s,ExpoSpecificationNeutral,0
areas,areas,c,ExpoSpecificationNeutral,1
",",",",s,,0
leading,leading,s,ReasoningOtherNeutral,0
to,to,s,ReasoningOtherNeutral,1
significant,significant,s,ForcefulSignificantNeutral,0
fines,fines,s,NegRelOther,0
and,and,s,OtherSyntacticComplexityOther,0
jail,jail,s,DescriptVisualNeg,0
time,time,c,SpecialTopicsMiscellanyNeutral,0
.,.,n,,0
#,#,s,,0
#,#,s,,0
#,#,c,,0
,,c,,0
#,#,s,,0
#,#,s,,0
#,#,s,,0
Nature,nature,s,SpecialTopicsMiscellanyNeutral,0
of,of,s,OtherSyntacticComplexityOther,0
the,the,s,OtherSyntacticComplexityOther,1
Judicial,judicial,s,PubLawNeutral,0
System,system,c,PubLawNeutral,1
:,:,n,,0
1,1,c,ExpoOtherNeutral,0
.,.,s,ExpoOtherNeutral,1
*,*,s,,0
*,*,s,,0
Bias,bias,s,NegRelBias,0
and,and,s,OtherSyntacticComplexityOther,0
Partiality,partiality,s,NegValuesCronyism,0
*,*,s,,0
*,*,c,,0
:,:,n,,0
-,-,s,,0
The,the,s,OtherOrphanedOther,0
judiciary,judiciary,s,PubLawNeutral,0
was,was,s,NarrOtherNeutral,0
heavily,heavily,s,ForcefulEmphaticNeutral,0
biased,biased,s,NegRelBias,0
in,in,s,PosRelOther,0
favor,favor,s,PosRelOther,1
of,of,s,PosRelOther,2
plantation,plantation,s,DescriptVisualNeutral,0
owners,owners,c,CharTypesNeutral,0
.,.,s,,0
Magistrates,magistrates,s,CharTypesNeutral,0
and,and,s,OtherSyntacticComplexityOther,0
other,other,s,,0
judicial,judicial,s,PubLawNeutral,0
officers,officers,s,PubLawNeutral,1
were,were,s,NarrDurationNeutral,0
often,often,s,NarrDurationNeutral,1
either,either,s,MetadiscourseOtherNeutral,0
plantation,plantation,s,DescriptVisualNeutral,0
owners,owners,s,CharTypesNeutral,0
themselves,themselves,s,CharNamesNeutral,0
or,or,s,OtherSyntacticComplexityOther,0
closely,closely,s,ForcefulEmphaticNeutral,0
aligned,aligned,s,PosRelOther,0
with,with,s,PosRelOther,1
them,them,c,NarrActsNeutral,0
",",",",s,,0
leading,leading,s,ReasoningOtherNeutral,0
to,to,s,ReasoningOtherNeutral,1
partial,partial,s,NegRelBias,0
judgments,judgments,c,StratCognitionNeutral,0
.,.,n,,0
2,2,c,ExpoOtherNeutral,0
.,.,s,ExpoOtherNeutral,1
*,*,s,,0
*,*,s,,0
Prosecution,prosecution,s,PubLawNeutral,0
and,and,s,OtherSyntacticComplexityOther,0
Conviction,conviction,s,SpecialTopicsMiscellanyNeutral,0
Rates,rates,s,SpecialTopicsMiscellanyNeutral,1
*,*,s,,0
*,*,c,,0
:,:,n,,0
-,-,s,,0
Prosecution,prosecution,s,SpecialTopicsMiscellanyNeutral,0
rates,rates,s,SpecialTopicsMiscellanyNeutral,1
of,of,s,OtherOrphanedOther,0
indentured,indentured,s,PubLawNeutral,0
laborers,laborers,s,CharTypesNeutral,0
were,were,s,ForcefulIntenseNeutral,0
significantly,significantly,s,ForcefulIntenseNeutral,1
high,high,c,DescriptVisualNeutral,0
;,;,s,,0
about,about,s,OtherOrphanedOther,0
one-fifth,one-fifth,s,ExpoOtherNeutral,0
to,to,s,OtherOrphanedOther,0
one-third,one-third,s,ExpoOtherNeutral,0
of,of,s,OtherOrphanedOther,0
them,them,s,NarrActsNeutral,0
were,were,s,NarrOtherNeutral,0
prosecuted,prosecuted,s,PubLawNeutral,0
annually,annually,c,NarrDurationNeutral,0
.,.,s,,0
In,in,s,MetadiscourseContrastNeutral,0
contrast,contrast,c,MetadiscourseContrastNeutral,1
",",",",s,MetadiscourseContrastNeutral,2
successful,successful,s,PosActsAchieve,0
convictions,convictions,s,PosActsAchieve,1
against,against,s,NegActsResist,0
managers,managers,s,CharTypesNeutral,0
and,and,s,OtherSyntacticComplexityOther,0
overseers,overseers,s,CharTypesNeutral,0
were,were,s,ForcefulEmphaticNeutral,0
rare,rare,c,ForcefulEmphaticNeutral,1
.,.,n,,0
3,3,c,ExpoOtherNeutral,0
.,.,s,ExpoOtherNeutral,1
*,*,s,,0
*,*,s,,0
Lax,lax,s,NegActsLax,0
Enforcement,enforcement,s,NegActsLax,1
against,against,s,NegActsResist,0
Owners,owners,s,CharTypesNeutral,0
*,*,s,,0
*,*,c,,0
:,:,n,,0
-,-,s,,0
Despite,despite,s,MetadiscourseContrastNeutral,0
legal,legal,s,PubLawNeutral,0
provisions,provisions,c,SpecialTopicsMiscellanyNeutral,0
",",",",s,,0
enforcement,enforcement,s,StratOtherNeutral,0
against,against,s,NegActsResist,0
planters,planters,s,DescriptObjectsNeutral,0
for,for,s,OtherOrphanedOther,0
violations,violations,s,NegActsViolate,0
such,such,s,ExpoExampleNeutral,0
as,as,s,ExpoExampleNeutral,1
physical,physical,s,NegActsAggressive,0
brutality,brutality,s,NegActsAggressive,1
was,was,s,StratOtherNeg,0
ineffective,ineffective,c,StratOtherNeg,1
.,.,s,,0
Convictions,convictions,s,,0
were,were,s,ForcefulEmphaticNeutral,0
rare,rare,s,ForcefulEmphaticNeutral,1
and,and,s,OtherSyntacticComplexityOther,0
penalties,penalties,c,ResponsibilityHoldNeg,0
",",",",s,,0
if,if,s,ContingentRelationshipNeutral,0
given,given,c,ContingentRelationshipNeutral,1
",",",",s,,0
were,were,s,NarrDurationNeutral,0
often,often,s,NarrDurationNeutral,1
trivial,trivial,c,NegValuesInsignificant,0
",",",",s,,0
typically,typically,s,NarrDurationNeutral,0
fines,fines,s,NegRelOther,0
rather,rather,s,ExpoOtherNeutral,0
than,than,s,ExpoOtherNeutral,1
imprisonment,imprisonment,c,NegValuesOther,0
.,.,n,,0
4,4,c,ExpoOtherNeutral,0
.,.,s,ExpoOtherNeutral,1
*,*,s,,0
*,*,s,,0
Limited,limited,s,SpecialTopicsMiscellanyNeutral,0
Avenues,avenues,s,DescriptVisualNeutral,0
for,for,s,OtherOrphanedOther,0
Laborers,laborers,s,CharTypesNeutral,0
*,*,s,,0
*,*,c,,0
:,:,n,,0
-,-,s,,0
Laborers,laborers,s,CharTypesNeutral,0
faced,faced,s,DescriptVisualNeutral,0
significant,significant,s,NegActsResist,0
barriers,barriers,s,NegActsResist,1
in,in,s,OtherOrphanedOther,0
laying,laying,s,,0
complaints,complaints,s,NegActsPlaintive,0
due,due,s,ReasoningOtherNeutral,0
to,to,s,ReasoningOtherNeutral,1
their,their,s,NegValuesLack,0
lack,lack,s,NegValuesLack,1
of,of,s,PubAdministrationNeutral,0
knowledge,knowledge,s,PubAdministrationNeutral,1
of,of,s,PubAdministrationNeutral,0
the,the,s,PubAdministrationNeutral,1
law,law,c,PubAdministrationNeutral,2
",",",",s,,0
inexperience,inexperience,c,NegValuesOther,0
",",",",s,,0
and,and,s,OtherSyntacticComplexityOther,0
the,the,s,OtherSyntacticComplexityOther,1
risk,risk,s,NegEmotionsFear,0
of,of,s,NegEmotionsFear,1
retaliation,retaliation,c,NegActsAggressive,0
.,.,s,,0
Complaints,complaints,s,NegActsPlaintive,0
were,were,s,ContingentEventNeutral,0
seldom,seldom,s,ContingentEventNeutral,1
pursued,pursued,s,StratCognitionNeutral,0
by,by,s,OtherOrphanedOther,0
the,the,s,OtherOrphanedOther,0
Immigration,immigration,s,NarrSceneShiftNeutral,0
Department,department,s,PubAdministrationNeutral,0
or,or,s,OtherSyntacticComplexityOther,0
resulted,resulted,s,ReasoningOtherNeutral,0
in,in,s,ReasoningOtherNeutral,1
significant,significant,s,PosEmotionsRelief,0
relief,relief,c,PosEmotionsRelief,1
.,.,n,,0
5,5,c,ExpoOtherNeutral,0
.,.,s,ExpoOtherNeutral,1
*,*,s,,0
*,*,s,,0
Use,use,s,SpecialTopicsMiscellanyNeutral,0
of,of,s,SpecialTopicsMiscellanyNeutral,1
Penal,penal,s,PubAdministrationNeutral,0
Sanctions,sanctions,s,NegValuesOther,0
*,*,s,,0
*,*,c,,0
:,:,n,,0
-,-,s,,0
The,the,s,OtherOrphanedOther,0
judicial,judicial,s,PubLawNeutral,0
system,system,s,PubLawNeutral,1
supported,supported,s,PosRelOther,0
penal,penal,s,PubAdministrationNeutral,0
sanctions,sanctions,s,NegValuesOther,0
that,that,s,OtherOrphanedOther,0
allowed,allowed,s,FacilitateExpediteNeutral,0
extension,extension,s,DescriptChangeNeutral,0
of,of,s,OtherOrphanedOther,0
labor,labor,s,PubAdministrationNeutral,0
contracts,contracts,s,PubAdministrationNeutral,1
for,for,s,OtherOrphanedOther,0
absences,absences,s,SpecialTopicsMiscellanyNeutral,0
and,and,s,OtherSyntacticComplexityOther,0
minor,minor,s,NegActsMistake,0
infractions,infractions,c,NegActsMistake,1
",",",",s,,0
thus,thus,s,ReasoningConcludeNeutral,0
legally,legally,s,PubLawNeutral,0
trapping,trapping,s,SpecialTopicsMiscellanyNeutral,0
laborers,laborers,s,CharTypesNeutral,0
in,in,s,OtherOrphanedOther,0
a,a,s,OtherOrphanedOther,0
cycle,cycle,s,NarrDurationNeutral,0
of,of,s,NarrDurationNeutral,1
perpetual,perpetual,s,NarrDurationNeutral,0
servitude,servitude,c,NarrDurationNeutral,1
.,.,n,,0
6,6,c,ExpoOtherNeutral,0
.,.,s,ExpoOtherNeutral,1
*,*,s,,0
*,*,s,,0
Cultural,cultural,s,SpecialTopicsMiscellanyNeutral,0
and,and,s,OtherSyntacticComplexityOther,0
Racial,racial,s,NegRelDiscriminatory,0
Prejudice,prejudice,s,NegRelDiscriminatory,1
*,*,s,,0
*,*,c,,0
:,:,n,,0
-,-,s,,0
The,the,s,OtherOrphanedOther,0
judicial,judicial,s,PubLawNeutral,0
system,system,s,PubLawNeutral,1
was,was,s,NarrOtherNeutral,0
influenced,influenced,s,NarrBiographyNeutral,0
by,by,s,NarrBiographyNeutral,1
prevalent,prevalent,s,ExpoOtherNeutral,0
racist,racist,s,NegEmotionsAttitude,0
attitudes,attitudes,c,NegEmotionsAttitude,1
",",",",s,OtherOrphanedOther,0
which,which,s,OtherOrphanedOther,1
dehumanized,dehumanized,s,NegRelDehumanize,0
indentured,indentured,s,PubLawNeutral,0
laborers,laborers,s,CharTypesNeutral,0
and,and,s,OtherSyntacticComplexityOther,0
regarded,regarded,s,CharMentalStatesNeutral,0
their,their,s,CharNamesNeutral,0
complaints,complaints,s,NegActsPlaintive,0
with,with,s,NegActsResist,0
skepticism,skepticism,s,NegActsResist,1
or,or,s,OtherSyntacticComplexityOther,0
outright,outright,s,ConfidenceHighNeutral,0
dismissal,dismissal,c,NarrSceneShiftNeutral,0
.,.,s,,0
This,this,s,OtherOrphanedOther,0
systemic,systemic,s,NegValuesOther,0
bias,bias,s,NegValuesOther,1
hampered,hampered,s,NegActsResist,0
any,any,s,ContingentRelationshipNeutral,0
chance,chance,s,ContingentRelationshipNeutral,1
of,of,s,ContingentRelationshipNeutral,2
justice,justice,s,PosValuesJustice,0
for,for,s,OtherOrphanedOther,0
the,the,s,OtherOrphanedOther,0
laborers,laborers,c,CharTypesNeutral,0
.,.,n,,0
In,in,s,NarrSequenceNeutral,0
summary,summary,c,NarrSequenceNeutral,1
",",",",s,NarrSequenceNeutral,2
the,the,s,OtherOrphanedOther,0
plantation,plantation,s,SpecialTopicsMiscellanyNeutral,0
system,system,s,SpecialTopicsMiscellanyNeutral,1
effectively,effectively,s,PosValuesEffective,0
utilized,utilized,s,StratCoordinationNeutral,0
a,a,s,OtherOrphanedOther,0
combination,combination,s,SpecialTopicsMiscellanyNeutral,0
of,of,s,SpecialTopicsMiscellanyNeutral,1
physical,physical,c,SpecialTopicsMiscellanyNeutral,0
",",",",s,,0
economic,economic,c,SpecialTopicsMiscellanyNeutral,0
",",",",s,,0
and,and,s,OtherSyntacticComplexityOther,0
legal,legal,s,PubLawNeutral,0
measures,measures,s,SpecialTopicsMiscellanyNeutral,0
to,to,s,OtherOrphanedOther,0
maintain,maintain,s,StratCompetitionNeutral,0
control,control,s,StratCompetitionNeutral,1
over,over,s,StratCompetitionNeutral,2
indentured,indentured,s,PubLawNeutral,0
laborers,laborers,c,CharTypesNeutral,0
.,.,s,,0
The,the,s,OtherOrphanedOther,0
judicial,judicial,s,PubLawNeutral,0
system,system,s,PubLawNeutral,1
was,was,s,ExpoOtherNeutral,0
designed,designed,s,ExpoOtherNeutral,1
in,in,s,ExpoOtherNeutral,0
a,a,s,ExpoOtherNeutral,1
manner,manner,s,ExpoOtherNeutral,2
that,that,s,ExpoOtherNeutral,3
reinforced,reinforced,s,DescriptChangePos,0
this,this,s,OtherOrphanedOther,0
control,control,c,StratCoordinationNeutral,0
",",",",s,,0
providing,providing,s,FacilitateSponsorNeutral,0
planters,planters,s,DescriptObjectsNeutral,0
with,with,s,OtherOrphanedOther,0
tools,tools,s,DescriptObjectsNeutral,0
to,to,s,OtherOrphanedOther,0
exploit,exploit,s,StratActsPos,0
laborers,laborers,s,CharTypesNeutral,0
with,with,s,OtherOrphanedOther,0
little,little,s,DescriptVisualNeutral,0
fear,fear,s,NegEmotionsFear,0
of,of,s,NegEmotionsFear,1
retribution,retribution,c,NegActsAggressive,0
",",",",s,,0
while,while,s,NarrDurationNeutral,0
laborers,laborers,s,CharTypesNeutral,0
had,had,s,NarrOtherNeutral,0
minimal,minimal,s,SpecialTopicsMiscellanyNeutral,0
recourse,recourse,s,FacilitateHelpPos,0
to,to,s,OtherOrphanedOther,0
justice,justice,s,PosValuesJustice,0
and,and,s,OtherSyntacticComplexityOther,0
protection,protection,s,StratCoordinationNeutral,0
under,under,s,PubLawNeutral,0
the,the,s,PubLawNeutral,1
law,law,c,PubLawNeutral,2
.,.,n,,0
Sources,sources,s,SpecialTopicsMiscellanyNeutral,0
used,used,c,NarrActsNeutral,0
:,:,n,,0
-,-,s,,0
Bates,bates,c,DescriptMotionNeutral,0
",",",",s,,0
C,c,c,OtherOrphanedOther,0
.,.,s,OtherOrphanedOther,1
(,(,c,OtherOrphanedOther,0
Ed,ed,c,SpecialTopicsMiscellanyNeutral,0
.,.,c,SpecialTopicsMiscellanyNeutral,1
),),c,OtherOrphanedOther,0
.,.,s,,0
(,(,c,OtherOrphanedOther,0
2024,2024,c,NarrDurationNeutral,0
),),c,OtherOrphanedOther,0
.,.,s,,0
Beyond,beyond,s,OtherOrphanedOther,0
Indenture,indenture,c,PubLawNeutral,0
.,.,s,,0
txt,txt,n,,0
-,-,s,,0
Benton,benton,c,CharNamesNeutral,0
",",",",s,,0
G,g,c,OtherOrphanedOther,0
.,.,s,OtherOrphanedOther,1
(,(,c,OtherOrphanedOther,0
2022,2022,c,CitationReferenceNeutral,0
),),c,CitationReferenceNeutral,1
.,.,s,,0
Chinese,chinese,s,CharTypesNeutral,0
Indentured,indentured,s,PubLawNeutral,0
Labour,labour,s,,0
in,in,s,OtherOrphanedOther,0
the,the,s,OtherOrphanedOther,0
Dutch,dutch,s,CharTypesNeutral,0
East,east,s,SpecialTopicsPlaceNeutral,0
Indies,indies,c,SpecialTopicsPlaceNeutral,1
.,.,s,,0
txt,txt,n,,0
-,-,s,,0
Buddingh,buddingh,c,,0
’,',c,,0
",",",",s,,0
H,h,c,OtherOrphanedOther,0
.,.,s,OtherOrphanedOther,1
(,(,c,CitationReferenceNeutral,0
1995,1995,c,CitationReferenceNeutral,1
),),c,CitationReferenceNeutral,2
.,.,s,,0
A,a,s,OtherOrphanedOther,0
history,history,s,NarrOtherNeutral,0
of,of,s,NarrOtherNeutral,1
Suriname,suriname,c,SpecialTopicsPlaceNeutral,0
.,.,s,,0
txt,txt,n,,0
-,-,s,,0
Harvard,harvard,s,PubLawNeutral,0
Law,law,s,PubLawNeutral,1
Review,review,s,InquiryExplorationNeutral,0
Association,association,c,,0
.,.,s,,0
(,(,c,OtherOrphanedOther,0
2021,2021,c,NarrDurationNeutral,0
),),c,OtherOrphanedOther,0
.,.,s,,0
The,the,s,OtherOrphanedOther,0
agreement,agreement,s,PosRelAgree,0
and,and,s,OtherSyntacticComplexityOther,0
the,the,s,OtherSyntacticComplexityOther,1
girmitiya,girmitiya,c,,0
.,.,s,,0
txt,txt,n,,0
-,-,s,,0
Hassankhan,hassankhan,c,,0
",",",",s,,0
M,m,c,OtherOrphanedOther,0
.,.,s,OtherOrphanedOther,1
S,s,c,OtherOrphanedOther,0
.,.,c,OtherOrphanedOther,1
",",",",s,,0
Roopnarine,roopnarine,c,,0
",",",",s,,0
L,l,c,OtherOrphanedOther,0
.,.,c,OtherOrphanedOther,1
",",",",s,,0
&,&,s,,0
Mahase,mahase,c,,0
",",",",s,,0
R,r,c,OtherOrphanedOther,0
.,.,s,OtherOrphanedOther,1
(,(,c,OtherOrphanedOther,0
2016,2016,c,CitationReferenceNeutral,0
),),c,CitationReferenceNeutral,1
.,.,s,,0
Social,social,s,,0
and,and,s,OtherSyntacticComplexityOther,0
cultural,cultural,s,SpecialTopicsMiscellanyNeutral,0
dimensions,dimensions,s,SpecialTopicsMiscellanyNeutral,0
of,of,s,OtherOrphanedOther,0
Indian,indian,s,PubLawNeutral,0
indentured,indentured,s,PubLawNeutral,1
labour,labour,s,,0
and,and,s,OtherSyntacticComplexityOther,0
its,its,s,OtherOrphanedOther,0
diaspora,diaspora,c,SpecialTopicsMiscellanyNeutral,0
.,.,s,,0
txt,txt,n,,0
-,-,s,,0
Hay,hay,c,DescriptObjectsNeutral,0
",",",",s,,0
D,d,c,OtherOrphanedOther,0
.,.,c,OtherOrphanedOther,1
",",",",s,,0
&,&,s,,0
Craven,craven,c,NegActsCowardly,0
",",",",s,,0
P,p,c,OtherOrphanedOther,0
.,.,s,OtherOrphanedOther,1
(,(,c,OtherOrphanedOther,0
Eds,eds,c,SpecialTopicsMiscellanyNeutral,0
.,.,c,,0
),),c,OtherOrphanedOther,0
.,.,s,,0
(,(,c,CitationReferenceNeutral,0
2005,2005,c,CitationReferenceNeutral,1
),),c,CitationReferenceNeutral,2
.,.,s,,0
Masters,masters,c,PosValuesOther,0
",",",",s,,0
servants,servants,c,CharTypesNeutral,0
",",",",s,,0
and,and,s,OtherSyntacticComplexityOther,0
magistrates,magistrates,s,CharTypesNeutral,0
in,in,s,OtherOrphanedOther,0
Britain,britain,s,CharNamesNeutral,0
and,and,s,OtherSyntacticComplexityOther,0
the,the,s,OtherSyntacticComplexityOther,1
Empire,empire,c,PubAdministrationNeutral,0
.,.,s,,0
txt,txt,n,,0
-,-,s,,0
Hegde,hegde,c,,0
",",",",s,,0
R,r,c,OtherOrphanedOther,0
.,.,s,OtherOrphanedOther,1
S,s,c,OtherOrphanedOther,0
.,.,c,OtherOrphanedOther,1
",",",",s,,0
&,&,s,,0
Sahoo,sahoo,c,,0
",",",",s,,0
A,a,c,OtherOrphanedOther,0
.,.,s,OtherOrphanedOther,1
K,k,c,OtherOrphanedOther,0
.,.,s,OtherOrphanedOther,1
(,(,c,OtherOrphanedOther,0
Eds,eds,c,SpecialTopicsMiscellanyNeutral,0
.,.,c,,0
),),c,OtherOrphanedOther,0
.,.,s,,0
(,(,c,OtherOrphanedOther,0
2018,2018,c,CitationReferenceNeutral,0
),),c,CitationReferenceNeutral,1
.,.,s,,0
Routledge,routledge,s,CharNamesNeutral,0
handbook,handbook,s,PubAdministrationNeutral,0
of,of,s,PubAdministrationNeutral,1
the,the,s,CharTypesNeutral,0
Indian,indian,s,CharTypesNeutral,1
diaspora,diaspora,c,SpecialTopicsMiscellanyNeutral,0
.,.,s,,0
txt,txt,n,,0
-,-,s,,0
Kumar,kumar,c,CharNamesNeutral,0
",",",",s,,0
A,a,c,OtherOrphanedOther,0
.,.,c,OtherOrphanedOther,1
",",",",s,,0
&,&,s,,0
Bates,bates,c,DescriptMotionNeutral,0
",",",",s,,0
C,c,c,OtherOrphanedOther,0
.,.,s,OtherOrphanedOther,1
(,(,c,OtherOrphanedOther,0
Eds,eds,c,SpecialTopicsMiscellanyNeutral,0
.,.,c,,0
),),c,OtherOrphanedOther,0
.,.,s,,0
(,(,c,OtherOrphanedOther,0
2024,2024,c,NarrDurationNeutral,0
),),c,OtherOrphanedOther,0
.,.,s,,0
Girmitiyas,girmitiyas,s,,0
and,and,s,OtherSyntacticComplexityOther,0
the,the,s,OtherSyntacticComplexityOther,1
Global,global,s,SpecialTopicsMiscellanyNeutral,0
Indian,indian,s,CharTypesNeutral,0
Diaspora,diaspora,c,SpecialTopicsMiscellanyNeutral,0
:,:,s,,0
Origins,origins,c,NarrSequenceNeutral,0
",",",",s,,0
Memories,memories,c,CharMentalStatesNeutral,0
",",",",s,,0
and,and,s,OtherSyntacticComplexityOther,0
Identity,identity,c,SpecialTopicsMiscellanyNeutral,0
.,.,s,,0
txt,txt,n,,0
-,-,s,,0
Lai,lai,c,CharNamesNeutral,0
",",",",s,,0
W,w,c,OtherOrphanedOther,0
.,.,s,OtherOrphanedOther,1
L,l,c,OtherOrphanedOther,0
.,.,s,OtherOrphanedOther,1
(,(,c,CitationReferenceNeutral,0
1998,1998,c,CitationReferenceNeutral,1
),),c,CitationReferenceNeutral,2
.,.,s,,0
The,the,s,OtherOrphanedOther,0
Chinese,chinese,s,CharTypesNeutral,0
in,in,s,DescriptVisualNeutral,0
the,the,s,DescriptVisualNeutral,1
West,west,s,DescriptVisualNeutral,2
Indies,indies,c,SpecialTopicsMiscellanyNeutral,0
.,.,s,,0
txt,txt,n,,0
-,-,s,,0
Lal,lal,c,CharNamesNeutral,0
",",",",s,,0
B,b,c,OtherOrphanedOther,0
.,.,s,OtherOrphanedOther,1
V,v,c,OtherOrphanedOther,0
.,.,c,OtherOrphanedOther,1
",",",",s,,0
Munro,munro,c,CharNamesNeutral,0
",",",",s,,0
D,d,c,OtherOrphanedOther,0
.,.,c,OtherOrphanedOther,1
",",",",s,,0
&,&,s,,0
Beechert,beechert,c,,0
",",",",s,,0
E,e,c,OtherOrphanedOther,0
.,.,s,OtherOrphanedOther,1
D,d,c,OtherOrphanedOther,0
.,.,s,OtherOrphanedOther,1
(,(,c,OtherOrphanedOther,0
Eds,eds,c,SpecialTopicsMiscellanyNeutral,0
.,.,c,,0
),),c,OtherOrphanedOther,0
.,.,s,,0
(,(,c,CitationReferenceNeutral,0
1993,1993,c,CitationReferenceNeutral,1
),),c,CitationReferenceNeutral,2
.,.,s,,0
Plantation,plantation,s,DescriptVisualNeutral,0
Workers,workers,c,CharTypesNeutral,0
:,:,s,,0
resistance,resistance,s,NegActsResist,0
and,and,s,OtherSyntacticComplexityOther,0
accommodation,accommodation,c,FacilitateAccommodatePos,0
.,.,s,,0
txt,txt,n,,0
-,-,s,,0
Neus,neus,c,,0
",",",",s,,0
H,h,c,OtherOrphanedOther,0
.,.,s,OtherOrphanedOther,1
(,(,c,OtherOrphanedOther,0
2022,2022,c,CitationReferenceNeutral,0
),),c,CitationReferenceNeutral,1
.,.,s,,0
Collective,collective,s,PubCognitionNeutral,0
Memory,memory,c,PubCognitionNeutral,1
",",",",s,,0
Identity,identity,s,SpecialTopicsMiscellanyNeutral,0
and,and,s,OtherSyntacticComplexityOther,0
the,the,s,OtherSyntacticComplexityOther,1
Legacies,legacies,s,PubAdministrationNeutral,0
of,of,s,PubAdministrationNeutral,1
Slavery,slavery,s,NegRelServility,0
and,and,s,OtherSyntacticComplexityOther,0
Indenture,indenture,c,PubLawNeutral,0
.,.,s,,0
txt,txt,n,,0
-,-,s,,0
V,v,s,OtherOrphanedOther,0
Lal,lal,c,CharNamesNeutral,0
",",",",s,,0
B,b,c,OtherOrphanedOther,0
.,.,s,OtherOrphanedOther,1
(,(,c,CitationReferenceNeutral,0
2012,2012,c,CitationReferenceNeutral,1
),),c,CitationReferenceNeutral,2
.,.,s,,0
Chalo,chalo,s,,0
Jahaji,jahaji,c,,0
:,:,s,,0
On,on,s,NarrDurationNeutral,0
a,a,s,NarrDurationNeutral,1
journey,journey,s,NarrDurationNeutral,2
through,through,s,OtherOrphanedOther,0
indenture,indenture,s,PubLawNeutral,0
in,in,s,OtherOrphanedOther,0
Fiji,fiji,c,SpecialTopicsPlaceNeutral,0
.,.,s,,0
txt,txt,n,,0
-,-,s,,0
Valdez,valdez,c,,0
",",",",s,,0
I,i,c,OtherOrphanedOther,0
.,.,s,OtherOrphanedOther,1
(,(,c,OtherOrphanedOther,0
2021,2021,c,NarrDurationNeutral,0
),),c,OtherOrphanedOther,0
.,.,s,,0
Socialism,socialism,s,PubPoliticsNeutral,0
and,and,s,OtherSyntacticComplexityOther,0
empire,empire,c,PubAdministrationNeutral,0
:,:,s,InterCommandNeutral,0
labor,labor,s,InterCommandNeutral,1
mobility,mobility,c,PosValuesOther,0
",",",",s,,0
racial,racial,s,PubPoliticsNeutral,0
capitalism,capitalism,c,PubPoliticsNeutral,1
",",",",s,,0
and,and,s,OtherSyntacticComplexityOther,0
the,the,s,OtherSyntacticComplexityOther,1
political,political,s,SpecialTopicsMiscellanyNeutral,0
theory,theory,s,SpecialTopicsMiscellanyNeutral,1
of,of,s,OtherOrphanedOther,0
migration,migration,c,NarrSceneShiftNeutral,0
.,.,s,,0
txt,txt,n,,0
-,-,s,,0
Ward,ward,c,SpecialTopicsPlaceNeutral,0
",",",",s,,0
A,a,c,OtherOrphanedOther,0
.,.,s,OtherOrphanedOther,1
(,(,c,CitationReferenceNeutral,0
2013,2013,c,CitationReferenceNeutral,1
),),c,CitationReferenceNeutral,2
.,.,s,,0
Assuming,assuming,s,ResponsibilityAcceptNeutral,0
the,the,s,ResponsibilityAcceptNeutral,1
burden,burden,s,ResponsibilityAcceptNeutral,2
of,of,s,OtherOrphanedOther,0
memory,memory,c,CharMentalStatesNeutral,0
:,:,s,,0
The,the,s,OtherOrphanedOther,0
translation,translation,s,SpecialTopicsMiscellanyNeutral,0
of,of,s,OtherOrphanedOther,0
Indian,indian,s,PubLawNeutral,0
indenture,indenture,s,PubLawNeutral,1
in,in,s,OtherOrphanedOther,0
Peggy,peggy,s,CharNamesNeutral,0
Mohan’s,mohan’s,s,,0
Jahajin,jahajin,c,,0
.,.,s,,0
txt,txt,n,,0
-,-,s,,0
van,van,s,DescriptObjectsNeutral,0
Lier,lier,c,,0
",",",",s,,0
R,r,c,OtherOrphanedOther,0
.,.,s,OtherOrphanedOther,1
A,a,c,OtherOrphanedOther,0
.,.,s,OtherOrphanedOther,1
J,j,c,OtherOrphanedOther,0
.,.,s,OtherOrphanedOther,1
(,(,c,OtherOrphanedOther,0
2024,2024,c,NarrDurationNeutral,0
),),c,OtherOrphanedOther,0
.,.,s,,0
Frontier,frontier,s,DescriptVisualNeutral,0
society,society,c,PubAdministrationNeutral,0
:,:,s,,0
a,a,s,OtherOrphanedOther,0
social,social,s,ReasoningAnalyzeNeutral,0
analysis,analysis,s,ReasoningAnalyzeNeutral,1
of,of,s,OtherSyntacticComplexityOther,0
the,the,s,OtherSyntacticComplexityOther,1
history,history,s,NarrOtherNeutral,0
of,of,s,NarrOtherNeutral,1
Surinam,surinam,c,,0
.,.,s,,0
txt,txt,n,,0
Interracial,interracial,s,StratCoordinationPos,0
relationships,relationships,s,SpecialTopicsMiscellanyNeutral,0
on,on,s,OtherSyntacticComplexityOther,0
the,the,s,OtherSyntacticComplexityOther,1
plantations,plantations,s,DescriptVisualNeutral,0
in,in,s,OtherOrphanedOther,0
Suriname,suriname,s,SpecialTopicsPlaceNeutral,0
were,were,s,NarrOtherNeutral,0
a,a,s,NarrOtherNeutral,1
well-documented,well-documented,s,PosValuesWell,0
phenomenon,phenomenon,s,SpecialTopicsMiscellanyNeutral,0
and,and,s,OtherSyntacticComplexityOther,0
covered,covered,s,DescriptVisualNeutral,0
a,a,s,DescriptVisualNeutral,1
broad,broad,s,SpecialTopicsMiscellanyNeutral,0
array,array,s,ExpoOtherNeutral,0
of,of,s,ExpoOtherNeutral,1
dynamics,dynamics,s,ForcefulEnergizedNeutral,0
and,and,s,OtherSyntacticComplexityOther,0
societal,societal,s,PubAdministrationNeutral,0
receptions,receptions,c,OtherOrphanedGenericActivity,0
.,.,s,,0
These,these,s,OtherOrphanedOther,0
relationships,relationships,s,SpecialTopicsMiscellanyNeutral,0
occurred,occurred,s,ContingentEventNeutral,0
despite,despite,s,MetadiscourseContrastNeutral,0
a,a,s,OtherOrphanedOther,0
complex,complex,s,SpecialTopicsMiscellanyNeutral,0
background,background,s,ContingentEventNeutral,0
of,of,s,ContingentEventNeutral,1
racial,racial,s,SpecialTopicsMiscellanyNeutral,0
hierarchies,hierarchies,s,SpecialTopicsMiscellanyNeutral,1
and,and,s,OtherSyntacticComplexityOther,0
legal,legal,s,PubLawNeutral,0
restrictions,restrictions,c,PubLawNeutral,1
",",",",s,,0
and,and,s,OtherSyntacticComplexityOther,0
the,the,s,OtherSyntacticComplexityOther,1
ways,ways,s,DescriptObjectsNeutral,0
they,they,s,OtherOrphanedOther,0
were,were,s,NarrOtherNeutral,0
received,received,s,NarrActsNeutral,0
varied,varied,s,DescriptChangeNeutral,0
significantly,significantly,s,ForcefulIntenseNeutral,0
depending,depending,s,NarrActsNeutral,0
on,on,s,NarrActsNeutral,1
the,the,s,OtherOrphanedOther,0
context,context,s,ContingentEventNeutral,0
and,and,s,OtherSyntacticComplexityOther,0
the,the,s,OtherSyntacticComplexityOther,1
involved,involved,s,SpecialTopicsMiscellanyNeutral,0
communities,communities,c,SpecialTopicsMiscellanyNeutral,1
.,.,n,,0
#,#,s,,0
#,#,s,,0
#,#,c,,0
,,c,,0
#,#,s,,0
#,#,s,,0
#,#,s,,0
Prevalence,prevalence,s,ExpoOtherNeutral,0
and,and,s,OtherSyntacticComplexityOther,0
Legal,legal,s,PubLawNeutral,0
Context,context,n,ContingentEventNeutral,0
In,in,s,OtherOrphanedOther,0
Suriname,suriname,c,SpecialTopicsPlaceNeutral,0
",",",",s,,0
as,as,s,MetadiscourseOtherNeutral,0
in,in,s,MetadiscourseOtherNeutral,1
many,many,s,ExpoOtherNeutral,0
other,other,s,,0
parts,parts,s,SpecialTopicsMiscellanyNeutral,0
of,of,s,SpecialTopicsMiscellanyNeutral,1
the,the,s,SpecialTopicsMiscellanyNeutral,2
Americas,americas,c,DescriptObjectsNeutral,0
",",",",s,,0
interracial,interracial,s,StratCoordinationPos,0
relationships,relationships,s,SpecialTopicsMiscellanyNeutral,0
were,were,s,ExpoOtherNeutral,0
common,common,c,ExpoOtherNeutral,1
",",",",s,,0
particularly,particularly,s,ExpoSpecificationNeutral,0
between,between,s,OtherOrphanedOther,0
white,white,s,CharTypesNeutral,0
men,men,s,CharTypesNeutral,1
and,and,s,OtherSyntacticComplexityOther,0
Black,black,s,DescriptVisualNeutral,0
or,or,s,OtherSyntacticComplexityOther,0
colored,colored,s,CharTypesNeutral,0
women,women,c,CharTypesNeutral,1
.,.,s,,0
Historical,historical,s,SpecialTopicsMiscellanyNeutral,0
records,records,c,SpecialTopicsMiscellanyNeutral,1
",",",",s,ExpoExampleNeutral,0
such,such,s,ExpoExampleNeutral,1
as,as,s,ExpoExampleNeutral,2
John,john,s,CharNamesNeutral,0
Herlein's,herlein's,s,,0
reports,reports,c,NarrActsNeutral,0
",",",",s,,0
noted,noted,s,CitationOtherNeutral,0
that,that,s,CitationOtherNeutral,1
legal,legal,s,PubLawNeutral,0
measures,measures,s,SpecialTopicsMiscellanyNeutral,0
attempted,attempted,s,CharTraitsNeutral,0
to,to,s,CharTraitsNeutral,1
restrict,restrict,s,NegActsResist,0
such,such,s,OtherOrphanedOther,0
relationships,relationships,c,SpecialTopicsMiscellanyNeutral,0
.,.,s,,0
For,for,s,ExpoExampleNeutral,0
example,example,c,ExpoExampleNeutral,1
",",",",s,ExpoExampleNeutral,2
Van,van,s,DescriptObjectsNeutral,0
Sommelsdijck's,sommelsdijck's,s,,0
1686,1686,s,,0
planting,planting,s,DescriptObjectsNeutral,0
by-law,by-law,s,PubLawNeutral,0
expressly,expressly,s,NegActsResist,0
forbade,forbade,s,NegActsResist,1
carnal,carnal,s,PosRelIntimate,0
intimacy,intimacy,s,PosRelIntimate,0
between,between,s,OtherOrphanedOther,0
European,european,s,CharTypesNeutral,0
men,men,s,CharTypesNeutral,1
and,and,s,OtherSyntacticComplexityOther,0
Black,black,s,CharTypesNeutral,0
women,women,s,CharTypesNeutral,1
or,or,s,OtherSyntacticComplexityOther,0
free,free,s,FacilitateUnobstructNeutral,0
Indian,indian,s,CharTypesNeutral,0
women,women,c,CharTypesNeutral,1
",",",",s,,0
initially,initially,s,NarrSequenceNeutral,0
penalizing,penalizing,s,PubLawNeg,0
offenders,offenders,s,NegActsOther,0
with,with,s,OtherSyntacticComplexityOther,0
a,a,s,OtherSyntacticComplexityOther,1
fine,fine,s,PosEmotionsOther,0
of,of,s,OtherOrphanedOther,0
two,two,s,ExpoOtherNeutral,0
pounds,pounds,s,ExpoOtherNeutral,1
of,of,s,OtherOrphanedOther,0
sugar,sugar,s,DescriptObjectsNeutral,0
—,—,s,,0
a,a,s,OtherOrphanedOther,0
penalty,penalty,s,ResponsibilityHoldNeg,0
that,that,s,OtherOrphanedOther,0
was,was,s,NarrOtherNeutral,0
later,later,s,NarrTimeShiftNeutral,0
increased,increased,s,DescriptChangeNeutral,0
to,to,s,OtherOrphanedOther,0
200,200,s,ExpoOtherNeutral,0
florins,florins,s,DescriptObjectsNeutral,0
and,and,s,OtherSyntacticComplexityOther,0
eventually,eventually,s,NarrSequenceNeutral,0
made,made,s,StratActsNeutral,0
conditional,conditional,s,StratActsNeutral,1
on,on,s,OtherOrphanedOther,0
plantation,plantation,s,DescriptVisualNeutral,0
disturbances,disturbances,s,NegEmotionsDisturb,0
by,by,s,OtherOrphanedOther,0
1784,1784,c,,0
.,.,s,,0
By,by,s,OtherOrphanedOther,0
1817,1817,c,NarrOtherNeutral,0
",",",",s,,0
the,the,s,OtherOrphanedOther,0
specific,specific,s,ExpoSpecificationNeutral,0
article,article,s,ExpoSpecificationNeutral,1
was,was,s,ReasoningCriticizeNeg,0
rescinded,rescinded,c,ReasoningCriticizeNeg,1
",",",",s,,0
signifying,signifying,s,ExpoDefinitionNeutral,0
a,a,s,ExpoDefinitionNeutral,1
shift,shift,s,CharMentalStatesNeutral,0
in,in,s,CharMentalStatesNeutral,1
attitudes,attitudes,s,CharMentalStatesNeutral,2
or,or,s,OtherSyntacticComplexityOther,0
enforcement,enforcement,s,CharTraitsNeutral,0
challenges,challenges,c,CharTraitsNeutral,1
.,.,n,,0
#,#,s,,0
#,#,s,,0
#,#,c,,0
,,c,,0
#,#,s,,0
#,#,s,,0
#,#,s,,0
Social,social,s,SpecialTopicsMiscellanyNeutral,0
Dynamics,dynamics,n,SpecialTopicsMiscellanyNeutral,1
1,1,c,ExpoOtherNeutral,0
.,.,s,ExpoOtherNeutral,1
*,*,s,,0
*,*,s,,0
White,white,s,CharTypesNeutral,0
Men,men,s,CharTypesNeutral,1
and,and,s,OtherSyntacticComplexityOther,0
Black,black,s,CharTypesNeutral,0
Women,women,c,CharTypesNeutral,1
:,:,s,,0
*,*,s,,0
*,*,n,,0
Though,though,s,MetadiscourseContrastNeutral,0
officially,officially,s,PubAdministrationNeutral,0
interracial,interracial,s,StratCoordinationPos,0
marriages,marriages,s,SpecialTopicsMiscellanyNeutral,0
were,were,s,NegActsResist,0
prohibited,prohibited,c,NegActsResist,1
",",",",s,,0
interracial,interracial,s,StratCoordinationPos,0
cohabitation,cohabitation,s,DescriptVisualNeutral,0
was,was,s,ForcefulEmphaticNeutral,0
widespread,widespread,c,ForcefulEmphaticNeutral,1
",",",",s,,0
effectively,effectively,s,PosValuesEffective,0
circumventing,circumventing,s,StratActsNeg,0
the,the,s,OtherOrphanedOther,0
legal,legal,s,NegActsResist,0
bans,bans,s,NegActsResist,1
on,on,s,OtherOrphanedOther,0
interracial,interracial,s,StratCoordinationPos,0
marriages,marriages,c,SpecialTopicsMiscellanyNeutral,0
.,.,s,,0
Interracial,interracial,s,StratCoordinationPos,0
concubinage,concubinage,s,SpecialTopicsMiscellanyNeutral,0
provided,provided,s,FacilitateSponsorNeutral,0
Black,black,s,DescriptVisualNeutral,0
and,and,s,DescriptVisualNeutral,0
colored,colored,s,DescriptVisualNeutral,1
women,women,s,CharTypesNeutral,0
with,with,s,OtherSyntacticComplexityOther,0
a,a,s,OtherSyntacticComplexityOther,1
measure,measure,s,SpecialTopicsMiscellanyNeutral,0
of,of,s,SpecialTopicsMiscellanyNeutral,1
material,material,s,SpecialTopicsMiscellanyNeutral,0
security,security,s,,0
and,and,s,OtherSyntacticComplexityOther,0
social,social,s,SpecialTopicsMiscellanyNeutral,0
standing,standing,c,SpecialTopicsMiscellanyNeutral,1
",",",",s,,0
despite,despite,s,MetadiscourseContrastNeutral,0
never,never,s,NegActsResist,0
being,being,s,NegActsResist,1
fully,fully,s,ForcefulIntenseNeutral,0
equitable,equitable,s,PosValuesFairness,0
or,or,s,OtherSyntacticComplexityOther,0
stable,stable,c,,0
",",",",s,,0
as,as,s,NarrDurationNeutral,0
they,they,s,NarrDurationNeutral,1
were,were,s,NarrDurationNeutral,2
often,often,s,NarrDurationNeutral,0
left,left,s,NarrSceneShiftNeutral,0
behind,behind,s,NarrSceneShiftNeutral,1
when,when,s,OtherOrphanedOther,0
their,their,s,CharNamesNeutral,0
partners,partners,s,PosRelOther,0
returned,returned,s,NarrSceneShiftNeutral,0
to,to,s,NarrSceneShiftNeutral,1
Europe,europe,c,SpecialTopicsPlaceNeutral,0
.,.,s,,0
Many,many,s,ExpoOtherNeutral,0
white,white,s,CharTypesNeutral,0
men,men,s,CharTypesNeutral,1
manumitted,manumitted,s,DescriptChangePos,0
their,their,s,CharNamesNeutral,0
Black,black,s,DescriptVisualNeutral,0
partners,partners,c,PosRelOther,0
",",",",s,,0
tacitly,tacitly,s,SpecialTopicsMiscellanyNeutral,0
acknowledging,acknowledging,s,PosRelAcknowledgement,0
these,these,s,OtherOrphanedOther,0
relationships,relationships,s,SpecialTopicsMiscellanyNeutral,0
in,in,s,OtherOrphanedOther,0
a,a,s,OtherOrphanedOther,0
socially,socially,s,PubAdministrationNeutral,0
acceptable,acceptable,s,PosValuesOther,0
framework,framework,s,PosValuesOther,1
within,within,s,MetadiscourseOtherNeutral,0
the,the,s,MetadiscourseOtherNeutral,1
context,context,s,MetadiscourseOtherNeutral,2
of,of,s,MetadiscourseOtherNeutral,3
their,their,s,CharNamesNeutral,0
colonial,colonial,s,SpecialTopicsMiscellanyNeutral,0
power,power,s,SpecialTopicsMiscellanyNeutral,1
structures,structures,c,SpecialTopicsMiscellanyNeutral,0
.,.,n,,0
2,2,c,ExpoOtherNeutral,0
.,.,s,ExpoOtherNeutral,1
*,*,s,,0
*,*,s,,0
White,white,s,CharTypesNeutral,0
Women,women,s,CharTypesNeutral,1
and,and,s,OtherSyntacticComplexityOther,0
Black,black,s,CharTypesNeutral,0
Men,men,c,CharTypesNeutral,1
:,:,s,,0
*,*,s,,0
*,*,n,,0
Such,such,s,OtherOrphanedOther,0
relationships,relationships,s,SpecialTopicsMiscellanyNeutral,0
were,were,s,CharSubjectivityNeutral,0
viewed,viewed,s,CharSubjectivityNeutral,1
extremely,extremely,s,ConfidenceHighPos,0
negatively,negatively,s,NegEmotionsOther,0
and,and,s,OtherSyntacticComplexityOther,0
provoked,provoked,s,StratActsNeg,0
severe,severe,s,NegEmotionsSevere,0
social,social,s,,0
and,and,s,OtherSyntacticComplexityOther,0
legal,legal,s,ResponsibilityHoldNeg,0
penalties,penalties,c,ResponsibilityHoldNeg,1
.,.,s,,0
White,white,s,CharTypesNeutral,0
women,women,s,CharTypesNeutral,1
involved,involved,s,DescriptVisualNeutral,0
with,with,s,DescriptVisualNeutral,1
Black,black,s,CharTypesNeutral,0
men,men,s,CharTypesNeutral,1
could,could,s,ContingentRelationshipNeutral,0
face,face,s,DescriptVisualNeutral,0
corporal,corporal,s,NegActsAggressive,0
punishment,punishment,s,NegActsAggressive,1
and,and,s,OtherSyntacticComplexityOther,0
social,social,s,NegActsCriticize,0
ostracism,ostracism,c,NegActsCriticize,1
",",",",s,,0
and,and,s,OtherSyntacticComplexityOther,0
Black,black,s,CharTypesNeutral,0
men,men,s,CharTypesNeutral,1
involved,involved,s,NarrActsNeutral,0
faced,faced,s,NegRelFace,0
the,the,s,NegRelFace,1
death,death,s,NegRelFace,2
penalty,penalty,c,ResponsibilityHoldNeg,0
.,.,s,,0
The,the,s,OtherOrphanedOther,0
intense,intense,s,CharTraitsNeutral,0
societal,societal,s,PubAdministrationNeutral,0
repulsion,repulsion,s,NegRelRepulse,0
towards,towards,s,OtherSyntacticComplexityOther,0
these,these,s,OtherOrphanedOther,0
relationships,relationships,s,SpecialTopicsMiscellanyNeutral,0
underscores,underscores,s,ForcefulEmphaticNeutral,0
the,the,s,ForcefulEmphaticNeutral,1
racial,racial,s,SpecialTopicsMiscellanyNeutral,0
hierarchies,hierarchies,s,SpecialTopicsMiscellanyNeutral,1
upheld,upheld,s,PosValuesOther,0
by,by,s,OtherOrphanedOther,0
colonial,colonial,s,SpecialTopicsMiscellanyNeutral,0
authorities,authorities,c,PubAdministrationNeutral,0
.,.,n,,0
3,3,c,ExpoOtherNeutral,0
.,.,s,ExpoOtherNeutral,1
*,*,s,,0
*,*,s,,0
Coloured,coloured,s,DescriptVisualNeutral,0
and,and,s,OtherSyntacticComplexityOther,0
Free,free,s,FacilitateUnobstructNeutral,0
People,people,s,FacilitateUnobstructNeutral,1
of,of,s,OtherOrphanedOther,0
Colour,colour,c,DescriptVisualNeutral,0
:,:,s,,0
*,*,s,,0
*,*,n,,0
The,the,s,OtherOrphanedOther,0
interaction,interaction,s,SpecialTopicsMiscellanyNeutral,0
between,between,s,OtherOrphanedOther,0
free,free,s,FacilitateUnobstructNeutral,0
people,people,s,FacilitateUnobstructNeutral,1
of,of,s,OtherOrphanedOther,0
color,color,s,DescriptVisualNeutral,0
and,and,s,OtherSyntacticComplexityOther,0
slaves,slaves,s,CharTypesNeg,0
also,also,s,MetadiscourseAdditionNeutral,0
varied,varied,c,DescriptChangeNeutral,0
.,.,s,,0
Despite,despite,s,MetadiscourseContrastNeutral,0
being,being,s,MetadiscourseContrastNeutral,1
of,of,s,CharTypesNeutral,0
non-white,non-white,s,CharTypesNeutral,1
descent,descent,s,CharTypesNeutral,2
themselves,themselves,c,CharNamesNeutral,0
",",",",s,,0
free,free,s,DescriptVisualNeutral,0
colored,colored,s,DescriptVisualNeutral,1
individuals,individuals,s,CharTypesNeutral,0
often,often,s,NarrDurationNeutral,0
held,held,s,NarrOtherNeutral,0
a,a,s,NarrOtherNeutral,1
perceived,perceived,s,CharMentalStatesNeutral,0
social,social,s,SpecialTopicsMiscellanyNeutral,0
superiority,superiority,s,SpecialTopicsMiscellanyNeutral,1
over,over,s,OtherOrphanedOther,0
slaves,slaves,s,CharTypesNeg,0
and,and,s,OtherSyntacticComplexityOther,0
aligned,aligned,s,ExpoComparisonNeutral,0
themselves,themselves,s,CharNamesNeutral,0
closer,closer,s,ExpoComparisonNeutral,0
to,to,s,ExpoComparisonNeutral,1
the,the,s,OtherOrphanedOther,0
colonial,colonial,s,SpecialTopicsMiscellanyNeutral,0
framework,framework,c,SpecialTopicsMiscellanyNeutral,0
",",",",s,,0
even,even,s,OtherOrphanedOther,0
occupying,occupying,s,NarrActsNeutral,0
positions,positions,s,SpecialTopicsMiscellanyNeutral,0
like,like,s,CharTypesNeutral,0
managers,managers,s,CharTypesNeutral,1
and,and,s,OtherSyntacticComplexityOther,0
overseers,overseers,c,CharTypesNeutral,0
.,.,s,,0
This,this,s,OtherOrphanedOther,0
created,created,s,DescriptChangeNeutral,0
complex,complex,s,SpecialTopicsMiscellanyNeutral,0
social,social,s,SpecialTopicsMiscellanyNeutral,0
dynamics,dynamics,c,SpecialTopicsMiscellanyNeutral,1
",",",",s,,0
as,as,s,NarrDurationNeutral,0
they,they,s,NarrDurationNeutral,1
were,were,s,NarrDurationNeutral,2
both,both,s,OtherSyntacticComplexityOther,0
victims,victims,s,NegActsVictimized,0
and,and,s,OtherSyntacticComplexityOther,0
perpetuators,perpetuators,s,NarrDurationNeutral,0
of,of,s,OtherOrphanedOther,0
racial,racial,s,NegRelDiscriminatory,0
discrimination,discrimination,c,NegRelDiscriminatory,1
.,.,n,,0
#,#,s,,0
#,#,s,,0
#,#,c,,0
,,c,,0
#,#,s,,0
#,#,s,,0
#,#,s,,0
Community,community,s,SpecialTopicsMiscellanyNeutral,0
Reception,reception,n,SpecialTopicsMiscellanyNeutral,1
-,-,s,,0
*,*,s,,0
*,*,s,,0
White,white,s,SpecialTopicsMiscellanyNeutral,0
Community,community,c,SpecialTopicsMiscellanyNeutral,1
:,:,s,,0
*,*,s,,0
*,*,n,,0
The,the,s,OtherOrphanedOther,0
white,white,s,DescriptVisualNeutral,0
colonists,colonists,s,CharTypesNeutral,0
often,often,s,NarrDurationNeutral,0
tried,tried,s,NarrDurationNeutral,0
to,to,s,NarrDurationNeutral,1
maintain,maintain,s,NarrDurationNeutral,2
racial,racial,s,SpecialTopicsMiscellanyNeutral,0
hierarchies,hierarchies,c,SpecialTopicsMiscellanyNeutral,1
",",",",s,,0
seeing,seeing,s,DescriptVisualNeutral,0
interracial,interracial,s,StratCoordinationPos,0
contacts,contacts,c,OtherOrphanedOther,0
",",",",s,,0
particularly,particularly,s,ExpoSpecificationNeutral,0
those,those,s,ExpoSpecificationNeutral,1
infringing,infringing,s,NegActsInfraction,0
upon,upon,s,NegActsInfraction,1
class,class,s,SpecialTopicsMiscellanyNeutral,0
and,and,s,OtherSyntacticComplexityOther,0
racial,racial,s,SpecialTopicsMiscellanyNeutral,0
boundaries,boundaries,c,SpecialTopicsMiscellanyNeutral,0
",",",",s,,0
as,as,s,OtherOrphanedOther,0
disruptive,disruptive,s,NegRelDisrupt,0
to,to,s,OtherOrphanedOther,0
the,the,s,OtherOrphanedOther,0
colonial,colonial,s,SpecialTopicsMiscellanyNeutral,0
order,order,c,OtherOrphanedOther,0
.,.,s,,0
White,white,s,DescriptVisualNeutral,0
societal,societal,s,PubAdministrationNeutral,0
attitudes,attitudes,s,CharSubjectivityNeutral,0
ranged,ranged,s,ExpoOtherNeutral,0
from,from,s,ExpoOtherNeutral,1
tacit,tacit,s,PosActsAcceptance,0
acceptance,acceptance,s,PosActsAcceptance,1
of,of,s,OtherOrphanedOther,0
white,white,s,DescriptVisualNeutral,0
men's,men's,s,CharTypesNeutral,0
interracial,interracial,s,StratCoordinationPos,0
relationships,relationships,s,SpecialTopicsMiscellanyNeutral,0
—,—,s,,0
often,often,s,NarrDurationNeutral,0
due,due,s,ReasoningOtherNeutral,0
to,to,s,ReasoningOtherNeutral,1
economic,economic,s,SpecialTopicsMiscellanyNeutral,0
and,and,s,OtherSyntacticComplexityOther,0
social,social,s,SpecialTopicsMiscellanyNeutral,0
convenience,convenience,s,SpecialTopicsMiscellanyNeutral,1
—,—,s,,0
to,to,s,OtherOrphanedOther,0
outright,outright,s,NegRelHostility,0
hostility,hostility,s,NegRelHostility,1
towards,towards,s,OtherSyntacticComplexityOther,0
relationships,relationships,s,SpecialTopicsMiscellanyNeutral,0
where,where,s,OtherOrphanedOther,0
white,white,s,CharTypesNeutral,0
women,women,s,CharTypesNeutral,1
engaged,engaged,s,PosRelOther,0
with,with,s,PosRelOther,1
Black,black,s,DescriptVisualNeutral,0
or,or,s,OtherSyntacticComplexityOther,0
colored,colored,s,CharTypesNeutral,0
men,men,c,CharTypesNeutral,1
.,.,n,,0
-,-,s,,0
*,*,s,,0
*,*,s,,0
African,african,s,CharTypesNeutral,0
and,and,s,OtherSyntacticComplexityOther,0
Creole,creole,s,SpecialTopicsMiscellanyNeutral,0
Community,community,c,SpecialTopicsMiscellanyNeutral,1
:,:,s,,0
*,*,s,,0
*,*,n,,0
Within,within,s,OtherOrphanedOther,0
African,african,s,CharTypesNeutral,0
and,and,s,OtherSyntacticComplexityOther,0
Creole,creole,s,SpecialTopicsMiscellanyNeutral,0
communities,communities,c,SpecialTopicsMiscellanyNeutral,1
",",",",s,,0
interracial,interracial,s,StratCoordinationPos,0
relationships,relationships,s,SpecialTopicsMiscellanyNeutral,0
were,were,s,NarrOtherNeutral,0
also,also,s,MetadiscourseAdditionNeutral,0
complexly,complexly,s,SpecialTopicsMiscellanyNeutral,0
perceived,perceived,c,CharMentalStatesNeutral,0
.,.,s,,0
Some,some,s,ExpoOtherNeutral,0
aspects,aspects,s,SpecialTopicsMiscellanyNeutral,0
of,of,s,SpecialTopicsMiscellanyNeutral,1
these,these,s,OtherOrphanedOther,0
relationships,relationships,c,SpecialTopicsMiscellanyNeutral,0
",",",",s,,0
particularly,particularly,s,ExpoSpecificationNeutral,0
those,those,s,ExpoSpecificationNeutral,1
involving,involving,s,NarrActsNeutral,0
free,free,s,FacilitateUnobstructNeutral,0
people,people,s,FacilitateUnobstructNeutral,1
of,of,s,OtherOrphanedOther,0
color,color,c,DescriptVisualNeutral,0
",",",",s,,0
could,could,s,ContingentRelationshipNeutral,0
be,be,s,ContingentRelationshipNeutral,1
viewed,viewed,s,OtherOrphanedOther,0
with,with,s,OtherOrphanedOther,0
animosity,animosity,s,NegRelOther,0
due,due,s,ReasoningOtherNeutral,0
to,to,s,ReasoningOtherNeutral,1
perceived,perceived,s,CharMentalStatesNeutral,0
betrayals,betrayals,s,NegRelBetrayal,0
of,of,s,OtherOrphanedOther,0
solidarity,solidarity,s,PosRelSolidarity,0
or,or,s,OtherSyntacticComplexityOther,0
alignment,alignment,s,PosValuesOther,0
with,with,s,PosValuesOther,1
colonial,colonial,s,PubAdministrationNeutral,0
policies,policies,c,PubAdministrationNeutral,1
.,.,s,MetadiscourseContrastNeutral,0
However,however,c,MetadiscourseContrastNeutral,1
",",",",s,,0
the,the,s,OtherOrphanedOther,0
broad,broad,s,PosActsAcceptance,0
acceptance,acceptance,s,PosActsAcceptance,1
of,of,s,OtherOrphanedOther,0
concubinage,concubinage,s,SpecialTopicsMiscellanyNeutral,0
and,and,s,OtherSyntacticComplexityOther,0
Creole,creole,s,SpecialTopicsMiscellanyNeutral,0
language,language,s,SpecialTopicsMiscellanyNeutral,1
development,development,c,SpecialTopicsMiscellanyNeutral,0
",",",",s,ExpoExampleNeutral,0
such,such,s,ExpoExampleNeutral,1
as,as,s,ExpoExampleNeutral,2
Sranan,sranan,s,,0
Tongo,tongo,c,,0
",",",",s,,0
shows,shows,s,OtherOrphanedOther,0
a,a,s,OtherOrphanedOther,0
level,level,s,SpecialTopicsMiscellanyNeutral,0
of,of,s,SpecialTopicsMiscellanyNeutral,1
cultural,cultural,s,SpecialTopicsMiscellanyNeutral,0
adaptation,adaptation,s,DescriptChangeNeutral,0
and,and,s,OtherSyntacticComplexityOther,0
hybridization,hybridization,s,SpecialTopicsMiscellanyNeutral,0
that,that,s,OtherOrphanedOther,0
enabled,enabled,s,FacilitateEnablePos,0
these,these,s,OtherOrphanedOther,0
relationships,relationships,s,SpecialTopicsMiscellanyNeutral,0
to,to,s,OtherOrphanedOther,0
persist,persist,c,NarrDurationNeutral,0
.,.,n,,0
#,#,s,,0
#,#,s,,0
#,#,c,,0
,,c,,0
#,#,s,,0
#,#,s,,0
#,#,s,,0
Conclusion,conclusion,n,ReasoningConcludeNeutral,0
In,in,s,NarrSequenceNeutral,0
summary,summary,c,NarrSequenceNeutral,1
",",",",s,NarrSequenceNeutral,2
interracial,interracial,s,StratCoordinationPos,0
relationships,relationships,s,SpecialTopicsMiscellanyNeutral,0
on,on,s,OtherOrphanedOther,0
Suriname,suriname,s,SpecialTopicsPlaceNeutral,0
plantations,plantations,s,DescriptVisualNeutral,0
were,were,s,NarrOtherNeutral,0
a,a,s,NarrOtherNeutral,1
complicated,complicated,s,InquiryLearningNeg,0
aspect,aspect,s,SpecialTopicsMiscellanyNeutral,0
of,of,s,SpecialTopicsMiscellanyNeutral,1
colonial,colonial,s,SpecialTopicsMiscellanyNeutral,0
life,life,c,NarrBiographyNeutral,0
",",",",s,,0
shaped,shaped,s,OtherOrphanedOther,0
by,by,s,OtherOrphanedOther,0
legal,legal,s,PubLawNeutral,0
restrictions,restrictions,c,PubLawNeutral,1
",",",",s,,0
societal,societal,s,PubAdministrationNeutral,0
norms,norms,c,PubAdministrationNeutral,0
",",",",s,,0
and,and,s,OtherSyntacticComplexityOther,0
individual,individual,s,SpecialTopicsMiscellanyNeutral,0
strategies,strategies,s,SpecialTopicsMiscellanyNeutral,1
for,for,s,OtherOrphanedOther,0
survival,survival,s,NarrTurningPointNeutral,0
and,and,s,OtherSyntacticComplexityOther,0
social,social,s,SpecialTopicsMiscellanyNeutral,0
mobility,mobility,c,SpecialTopicsMiscellanyNeutral,1
.,.,s,,0
While,while,s,NarrDurationNeutral,0
laws,laws,s,PubLawNeutral,0
primarily,primarily,s,ForcefulEmphaticNeutral,0
sought,sought,s,StratActsNeutral,0
to,to,s,StratActsNeutral,1
maintain,maintain,s,NarrDurationNeutral,0
racial,racial,s,NegRelDisharmony,0
divisions,divisions,c,NegRelDisharmony,1
",",",",s,,0
the,the,s,OtherOrphanedOther,0
practical,practical,s,PosValuesOther,0
reality,reality,s,SpecialTopicsMiscellanyNeutral,0
on,on,s,OtherSyntacticComplexityOther,0
the,the,s,OtherSyntacticComplexityOther,1
plantations,plantations,s,DescriptVisualNeutral,0
was,was,s,NarrOtherNeutral,0
more,more,s,ReasoningAnalyzeNeutral,0
nuanced,nuanced,c,ReasoningAnalyzeNeutral,1
",",",",s,,0
reflective,reflective,s,SpecialTopicsMiscellanyNeutral,0
of,of,s,OtherOrphanedOther,0
broader,broader,s,SpecialTopicsMiscellanyNeutral,0
processes,processes,s,SpecialTopicsMiscellanyNeutral,1
of,of,s,OtherOrphanedOther,0
creolization,creolization,s,SpecialTopicsMiscellanyNeutral,0
and,and,s,OtherSyntacticComplexityOther,0
cultural,cultural,s,SpecialTopicsMiscellanyNeutral,0
interchange,interchange,s,SpecialTopicsMiscellanyNeutral,0
within,within,s,OtherOrphanedOther,0
a,a,s,OtherOrphanedOther,0
rigidly,rigidly,s,NegEmotionsOther,0
stratified,stratified,s,DescriptChangeNeutral,0
colonial,colonial,s,SpecialTopicsMiscellanyNeutral,0
society,society,c,PubAdministrationNeutral,0
.,.,n,,0
Sources,sources,s,SpecialTopicsMiscellanyNeutral,0
used,used,c,NarrActsNeutral,0
:,:,n,,0
-,-,s,,0
Buddingh,buddingh,c,,0
’,',c,,0
",",",",s,,0
H,h,c,OtherOrphanedOther,0
.,.,s,OtherOrphanedOther,1
(,(,c,CitationReferenceNeutral,0
1995,1995,c,CitationReferenceNeutral,1
),),c,CitationReferenceNeutral,2
.,.,s,,0
A,a,s,OtherOrphanedOther,0
history,history,s,NarrOtherNeutral,0
of,of,s,NarrOtherNeutral,1
Suriname,suriname,c,SpecialTopicsPlaceNeutral,0
.,.,s,,0
txt,txt,n,,0
-,-,s,,0
Hassankhan,hassankhan,c,,0
",",",",s,,0
M,m,c,OtherOrphanedOther,0
.,.,s,OtherOrphanedOther,1
S,s,c,OtherOrphanedOther,0
.,.,c,OtherOrphanedOther,1
",",",",s,,0
Roopnarine,roopnarine,c,,0
",",",",s,,0
L,l,c,OtherOrphanedOther,0
.,.,c,OtherOrphanedOther,1
",",",",s,,0
&,&,s,,0
Mahase,mahase,c,,0
",",",",s,,0
R,r,c,OtherOrphanedOther,0
.,.,s,OtherOrphanedOther,1
(,(,c,OtherOrphanedOther,0
2016,2016,c,CitationReferenceNeutral,0
),),c,CitationReferenceNeutral,1
.,.,s,,0
Social,social,s,,0
and,and,s,OtherSyntacticComplexityOther,0
cultural,cultural,s,SpecialTopicsMiscellanyNeutral,0
dimensions,dimensions,s,SpecialTopicsMiscellanyNeutral,0
of,of,s,OtherOrphanedOther,0
Indian,indian,s,PubLawNeutral,0
indentured,indentured,s,PubLawNeutral,1
labour,labour,s,,0
and,and,s,OtherSyntacticComplexityOther,0
its,its,s,OtherOrphanedOther,0
diaspora,diaspora,c,SpecialTopicsMiscellanyNeutral,0
.,.,s,,0
txt,txt,n,,0
-,-,s,,0
Hay,hay,c,DescriptObjectsNeutral,0
",",",",s,,0
D,d,c,OtherOrphanedOther,0
.,.,c,OtherOrphanedOther,1
",",",",s,,0
&,&,s,,0
Craven,craven,c,NegActsCowardly,0
",",",",s,,0
P,p,c,OtherOrphanedOther,0
.,.,s,OtherOrphanedOther,1
(,(,c,OtherOrphanedOther,0
Eds,eds,c,SpecialTopicsMiscellanyNeutral,0
.,.,c,,0
),),c,OtherOrphanedOther,0
.,.,s,,0
(,(,c,CitationReferenceNeutral,0
2005,2005,c,CitationReferenceNeutral,1
),),c,CitationReferenceNeutral,2
.,.,s,,0
Masters,masters,c,PosValuesOther,0
",",",",s,,0
servants,servants,c,CharTypesNeutral,0
",",",",s,,0
and,and,s,OtherSyntacticComplexityOther,0
magistrates,magistrates,s,CharTypesNeutral,0
in,in,s,OtherOrphanedOther,0
Britain,britain,s,CharNamesNeutral,0
and,and,s,OtherSyntacticComplexityOther,0
the,the,s,OtherSyntacticComplexityOther,1
Empire,empire,c,PubAdministrationNeutral,0
.,.,s,,0
txt,txt,n,,0
-,-,s,,0
Hoefte,hoefte,c,,0
",",",",s,,0
R,r,c,OtherOrphanedOther,0
.,.,s,OtherOrphanedOther,1
(,(,c,CitationReferenceNeutral,0
2013,2013,c,CitationReferenceNeutral,1
),),c,CitationReferenceNeutral,2
.,.,s,,0
Suriname,suriname,s,SpecialTopicsPlaceNeutral,0
in,in,s,OtherOrphanedOther,0
the,the,s,OtherOrphanedOther,0
long,long,s,DescriptVisualNeutral,0
twentieth,twentieth,s,NarrDurationNeutral,0
century,century,c,NarrDurationNeutral,1
:,:,s,,0
domination,domination,c,StratCompetitionNeutral,0
",",",",s,,0
contestation,contestation,c,StratCompetitionNeutral,0
",",",",s,,0
globalization,globalization,c,SpecialTopicsMiscellanyNeutral,0
.,.,s,,0
txt,txt,n,,0
-,-,s,,0
Hyles,hyles,c,,0
",",",",s,,0
J,j,c,OtherOrphanedOther,0
.,.,s,OtherOrphanedOther,1
R,r,c,OtherOrphanedOther,0
.,.,s,OtherOrphanedOther,1
(,(,c,CitationReferenceNeutral,0
2013,2013,c,CitationReferenceNeutral,1
),),c,CitationReferenceNeutral,2
.,.,s,,0
Guiana,guiana,s,SpecialTopicsPlaceNeutral,0
and,and,s,OtherSyntacticComplexityOther,0
the,the,s,OtherSyntacticComplexityOther,1
Shadows,shadows,s,DescriptVisualNeutral,0
of,of,s,OtherOrphanedOther,0
Empire,empire,c,PubAdministrationNeutral,0
.,.,s,,0
txt,txt,n,,0
-,-,s,,0
Klooster,klooster,c,,0
",",",",s,,0
W,w,c,OtherOrphanedOther,0
.,.,s,OtherOrphanedOther,1
(,(,c,CitationReferenceNeutral,0
2009,2009,c,CitationReferenceNeutral,1
),),c,CitationReferenceNeutral,2
.,.,s,,0
Migration,migration,c,NarrSceneShiftNeutral,0
",",",",s,,0
trade,trade,c,SpecialTopicsMiscellanyNeutral,0
",",",",s,,0
and,and,s,OtherSyntacticComplexityOther,0
slavery,slavery,s,NegRelServility,0
in,in,s,OtherOrphanedOther,0
an,an,s,OtherOrphanedOther,0
expanding,expanding,s,DescriptChangePos,0
world,world,c,DescriptChangePos,1
.,.,s,,0
txt,txt,n,,0
-,-,s,,0
Klooster,klooster,c,,0
",",",",s,,0
W,w,c,OtherOrphanedOther,0
.,.,s,OtherOrphanedOther,1
(,(,c,OtherOrphanedOther,0
2016,2016,c,CitationReferenceNeutral,0
),),c,CitationReferenceNeutral,1
.,.,s,,0
The,the,s,OtherOrphanedOther,0
Dutch,dutch,s,CharTypesNeutral,0
moment,moment,c,NarrDurationNeutral,0
:,:,s,InterCommandNeutral,0
war,war,c,InterCommandNeutral,1
",",",",s,,0
trade,trade,c,SpecialTopicsMiscellanyNeutral,0
",",",",s,,0
and,and,s,OtherSyntacticComplexityOther,0
settlement,settlement,s,PosRelAgree,0
in,in,s,NarrDurationNeutral,0
the,the,s,NarrDurationNeutral,1
Seventeenth-Century,seventeenth-century,s,NarrDurationNeutral,2
Atlantic,atlantic,s,SpecialTopicsPlaceNeutral,0
World,world,c,SpecialTopicsPlaceNeutral,0
.,.,s,,0
txt,txt,n,,0
-,-,s,,0
Klooster,klooster,c,,0
",",",",s,,0
W,w,c,OtherOrphanedOther,0
.,.,c,OtherOrphanedOther,1
",",",",s,,0
&,&,s,,0
Oostindie,oostindie,c,,0
",",",",s,,0
G,g,c,OtherOrphanedOther,0
.,.,s,OtherOrphanedOther,1
(,(,c,OtherOrphanedOther,0
2018,2018,c,CitationReferenceNeutral,0
),),c,CitationReferenceNeutral,1
.,.,s,,0
Realm,realm,s,SpecialTopicsMiscellanyNeutral,0
between,between,s,OtherOrphanedOther,0
empires,empires,c,PubAdministrationNeutral,0
:,:,s,,0
the,the,s,OtherOrphanedOther,0
second,second,s,,0
Dutch,dutch,s,CharTypesNeutral,0
Atlantic,atlantic,c,SpecialTopicsPlaceNeutral,0
.,.,s,,0
txt,txt,n,,0
-,-,s,,0
Kumar,kumar,c,CharNamesNeutral,0
",",",",s,,0
A,a,c,OtherOrphanedOther,0
.,.,c,OtherOrphanedOther,1
",",",",s,,0
&,&,s,,0
Bates,bates,c,DescriptMotionNeutral,0
",",",",s,,0
C,c,c,OtherOrphanedOther,0
.,.,s,OtherOrphanedOther,1
(,(,c,OtherOrphanedOther,0
Eds,eds,c,SpecialTopicsMiscellanyNeutral,0
.,.,c,,0
),),c,OtherOrphanedOther,0
.,.,s,,0
(,(,c,OtherOrphanedOther,0
2024,2024,c,NarrDurationNeutral,0
),),c,OtherOrphanedOther,0
.,.,s,,0
Girmitiyas,girmitiyas,s,,0
and,and,s,OtherSyntacticComplexityOther,0
the,the,s,OtherSyntacticComplexityOther,1
Global,global,s,SpecialTopicsMiscellanyNeutral,0
Indian,indian,s,CharTypesNeutral,0
Diaspora,diaspora,c,SpecialTopicsMiscellanyNeutral,0
:,:,s,,0
Origins,origins,c,NarrSequenceNeutral,0
",",",",s,,0
Memories,memories,c,CharMentalStatesNeutral,0
",",",",s,,0
and,and,s,OtherSyntacticComplexityOther,0
Identity,identity,c,SpecialTopicsMiscellanyNeutral,0
.,.,s,,0
txt,txt,n,,0
-,-,s,,0
Kumar,kumar,c,CharNamesNeutral,0
",",",",s,,0
V,v,c,OtherOrphanedOther,0
.,.,s,OtherOrphanedOther,1
(,(,c,CitationReferenceNeutral,0
1979,1979,c,CitationReferenceNeutral,1
),),c,CitationReferenceNeutral,2
.,.,s,,0
Girmit,girmit,s,,0
—,—,s,,0
The,the,s,OtherOrphanedOther,0
indenture,indenture,s,PubLawNeutral,0
experience,experience,s,StratOtherPos,0
in,in,s,StratOtherPos,1
Fiji,fiji,c,SpecialTopicsPlaceNeutral,0
.,.,s,,0
txt,txt,n,,0
-,-,s,,0
Lal,lal,c,CharNamesNeutral,0
",",",",s,,0
B,b,c,OtherOrphanedOther,0
.,.,s,OtherOrphanedOther,1
V,v,c,OtherOrphanedOther,0
.,.,c,OtherOrphanedOther,1
",",",",s,,0
Munro,munro,c,CharNamesNeutral,0
",",",",s,,0
D,d,c,OtherOrphanedOther,0
.,.,c,OtherOrphanedOther,1
",",",",s,,0
&,&,s,,0
Beechert,beechert,c,,0
",",",",s,,0
E,e,c,OtherOrphanedOther,0
.,.,s,OtherOrphanedOther,1
D,d,c,OtherOrphanedOther,0
.,.,s,OtherOrphanedOther,1
(,(,c,OtherOrphanedOther,0
Eds,eds,c,SpecialTopicsMiscellanyNeutral,0
.,.,c,,0
),),c,OtherOrphanedOther,0
.,.,s,,0
(,(,c,CitationReferenceNeutral,0
1993,1993,c,CitationReferenceNeutral,1
),),c,CitationReferenceNeutral,2
.,.,s,,0
Plantation,plantation,s,DescriptVisualNeutral,0
Workers,workers,c,CharTypesNeutral,0
:,:,s,,0
resistance,resistance,s,NegActsResist,0
and,and,s,OtherSyntacticComplexityOther,0
accommodation,accommodation,c,FacilitateAccommodatePos,0
.,.,s,,0
txt,txt,n,,0
-,-,s,,0
Price,price,c,SpecialTopicsMiscellanyNeutral,0
",",",",s,,0
R,r,c,OtherOrphanedOther,0
.,.,s,OtherOrphanedOther,1
(,(,c,OtherOrphanedOther,0
2021,2021,c,NarrDurationNeutral,0
),),c,OtherOrphanedOther,0
.,.,s,,0
Empire,empire,s,PubAdministrationNeutral,0
and,and,s,OtherSyntacticComplexityOther,0
Indigeneity,indigeneity,c,,0
:,:,s,,0
Histories,histories,s,NarrOtherNeutral,0
and,and,s,OtherSyntacticComplexityOther,0
legacies,legacies,c,NarrOtherNeutral,0
.,.,s,,0
txt,txt,n,,0
-,-,s,,0
van,van,s,DescriptObjectsNeutral,0
Lier,lier,c,,0
",",",",s,,0
R,r,c,OtherOrphanedOther,0
.,.,s,OtherOrphanedOther,1
A,a,c,OtherOrphanedOther,0
.,.,s,OtherOrphanedOther,1
J,j,c,OtherOrphanedOther,0
.,.,s,OtherOrphanedOther,1
(,(,c,OtherOrphanedOther,0
2024,2024,c,NarrDurationNeutral,0
),),c,OtherOrphanedOther,0
.,.,s,,0
Frontier,frontier,s,DescriptVisualNeutral,0
society,society,c,PubAdministrationNeutral,0
:,:,s,,0
a,a,s,OtherOrphanedOther,0
social,social,s,ReasoningAnalyzeNeutral,0
analysis,analysis,s,ReasoningAnalyzeNeutral,1
of,of,s,OtherSyntacticComplexityOther,0
the,the,s,OtherSyntacticComplexityOther,1
history,history,s,NarrOtherNeutral,0
of,of,s,NarrOtherNeutral,1
Surinam,surinam,c,,0
.,.,s,,0
txt,txt,n,,0
Bhojpuri,bhojpuri,c,,0
",",",",s,,0
a,a,s,OtherOrphanedOther,0
language,language,s,SpecialTopicsMiscellanyNeutral,0
primarily,primarily,s,ForcefulEmphaticNeutral,0
spoken,spoken,s,DescriptVisualNeutral,0
in,in,s,DescriptVisualNeutral,1
the,the,s,OtherOrphanedOther,0
regions,regions,s,DescriptVisualNeutral,0
of,of,s,DescriptVisualNeutral,1
Bihar,bihar,s,,0
and,and,s,OtherSyntacticComplexityOther,0
Uttar,uttar,s,,0
Pradesh,pradesh,s,,0
in,in,s,OtherOrphanedOther,0
India,india,c,SpecialTopicsPlaceNeutral,0
",",",",s,,0
found,found,s,OtherOrphanedOther,0
new,new,s,NarrImmediacyNeutral,0
cultural,cultural,s,SpecialTopicsMiscellanyNeutral,0
expressions,expressions,s,DescriptVisualNeutral,0
in,in,s,OtherOrphanedOther,0
Suriname,suriname,s,SpecialTopicsPlaceNeutral,0
through,through,s,OtherOrphanedOther,0
the,the,s,OtherOrphanedOther,0
experiences,experiences,s,NarrActsNeutral,0
and,and,s,OtherSyntacticComplexityOther,0
adaptations,adaptations,s,DescriptChangeNeutral,0
of,of,s,OtherSyntacticComplexityOther,0
the,the,s,OtherSyntacticComplexityOther,1
Bhojpuri-speaking,bhojpuri-speaking,s,,0
indentured,indentured,s,PubLawNeutral,0
laborers,laborers,c,CharTypesNeutral,0
.,.,s,,0
The,the,s,OtherOrphanedOther,0
transition,transition,s,DescriptChangeNeutral,0
of,of,s,OtherOrphanedOther,0
Bhojpuri,bhojpuri,s,,0
from,from,s,OtherSyntacticComplexityOther,0
its,its,s,OtherSyntacticComplexityOther,1
Indian,indian,s,CharTypesNeutral,0
roots,roots,s,CharTypesNeutral,1
to,to,s,OtherOrphanedOther,0
its,its,s,OtherOrphanedOther,0
role,role,s,SpecialTopicsMiscellanyNeutral,0
in,in,s,OtherOrphanedOther,0
Suriname,suriname,s,SpecialTopicsPlaceNeutral,0
represents,represents,s,OtherOrphanedOther,0
a,a,s,OtherOrphanedOther,1
broader,broader,s,NarrSequenceNeutral,0
story,story,s,NarrSequenceNeutral,1
of,of,s,OtherOrphanedOther,0
cultural,cultural,s,SpecialTopicsMiscellanyNeutral,0
adaptation,adaptation,s,DescriptChangeNeutral,0
and,and,s,OtherSyntacticComplexityOther,0
evolution,evolution,s,DescriptChangePos,0
under,under,s,DescriptVisualNeutral,0
the,the,s,DescriptVisualNeutral,1
pressures,pressures,s,SpecialTopicsMiscellanyNeutral,0
of,of,s,OtherOrphanedOther,0
colonialism,colonialism,c,SpecialTopicsMiscellanyNeutral,0
",",",",s,,0
migration,migration,c,NarrSceneShiftNeutral,0
",",",",s,,0
and,and,s,OtherSyntacticComplexityOther,0
multicultural,multicultural,s,SpecialTopicsMiscellanyNeutral,0
interaction,interaction,c,SpecialTopicsMiscellanyNeutral,0
.,.,s,,0
Here's,here's,s,UpdatesOtherNeutral,0
a,a,s,UpdatesOtherNeutral,1
detailed,detailed,s,SpecialTopicsMiscellanyNeutral,0
look,look,s,SpecialTopicsMiscellanyNeutral,1
at,at,s,OtherSyntacticComplexityOther,0
how,how,s,OtherSyntacticComplexityOther,1
Bhojpuri,bhojpuri,s,,0
evolved,evolved,s,DescriptChangePos,0
in,in,s,OtherOrphanedOther,0
Surinamese,surinamese,s,CharTypesNeutral,0
society,society,c,PubAdministrationNeutral,0
:,:,n,,0
#,#,s,,0
#,#,s,,0
#,#,c,,0
,,c,,0
#,#,s,,0
#,#,s,,0
#,#,s,,0
1,1,c,ExpoOtherNeutral,0
.,.,s,ExpoOtherNeutral,1
*,*,s,,0
*,*,s,,0
Cultural,cultural,s,SpecialTopicsMiscellanyNeutral,0
Transmission,transmission,s,SpecialTopicsMiscellanyNeutral,0
Through,through,s,OtherOrphanedOther,0
Folk,folk,s,DescriptSoundNeutral,0
Songs,songs,c,DescriptSoundNeutral,1
:,:,s,,0
*,*,s,,0
*,*,n,,0
The,the,s,OtherOrphanedOther,0
indentured,indentured,s,PubLawNeutral,0
laborers,laborers,s,CharTypesNeutral,0
brought,brought,s,NarrActsNeutral,0
with,with,s,OtherOrphanedOther,0
them,them,s,NarrActsNeutral,0
a,a,s,OtherOrphanedOther,0
rich,rich,s,NarrOtherNeutral,0
tradition,tradition,s,NarrOtherNeutral,1
of,of,s,OtherOrphanedOther,0
folk,folk,s,DescriptSoundNeutral,0
songs,songs,c,DescriptSoundNeutral,1
",",",",s,,0
especially,especially,s,ForcefulEmphaticNeutral,0
in,in,s,OtherOrphanedOther,0
the,the,s,OtherOrphanedOther,0
bidesia,bidesia,s,,0
style,style,c,SpecialTopicsMiscellanyNeutral,0
",",",",s,OtherOrphanedOther,0
which,which,s,OtherOrphanedOther,1
conveyed,conveyed,s,NarrActsNeutral,0
their,their,s,CharNamesNeutral,0
emotions,emotions,s,SpecialTopicsMiscellanyNeutral,0
of,of,s,NegEmotionsSadness,0
sorrow,sorrow,c,NegEmotionsSadness,1
",",",",s,,0
happiness,happiness,c,PosEmotionsHappy,0
",",",",s,,0
and,and,s,OtherSyntacticComplexityOther,0
nostalgia,nostalgia,c,CharMentalStatesPos,0
.,.,s,,0
These,these,s,OtherOrphanedOther,0
songs,songs,s,DescriptSoundNeutral,0
were,were,s,ForcefulEmphaticNeutral,0
a,a,s,ForcefulEmphaticNeutral,1
crucial,crucial,s,ForcefulEmphaticNeutral,2
way,way,s,DescriptObjectsNeutral,0
the,the,s,OtherOrphanedOther,0
migrants,migrants,s,NarrSceneShiftNeutral,0
maintained,maintained,s,NarrDurationNeutral,0
a,a,s,NarrDurationNeutral,1
connection,connection,s,SpecialTopicsMiscellanyNeutral,0
to,to,s,OtherOrphanedOther,0
their,their,s,CharNamesNeutral,0
homeland,homeland,s,,0
while,while,s,NarrDurationNeutral,0
adapting,adapting,s,PosValuesOther,0
to,to,s,PosValuesOther,1
their,their,s,CharNamesNeutral,0
new,new,s,NarrImmediacyNeutral,0
environment,environment,c,SpecialTopicsMiscellanyNeutral,0
.,.,s,,0
The,the,s,OtherOrphanedOther,0
Bhojpuri,bhojpuri,s,,0
folk,folk,s,DescriptSoundNeutral,0
songs,songs,s,DescriptSoundNeutral,1
embedded,embedded,s,SpecialTopicsMiscellanyNeutral,0
with,with,s,OtherOrphanedOther,0
themes,themes,s,SpecialTopicsMiscellanyNeutral,0
of,of,s,OtherOrphanedOther,0
separation,separation,s,SpecialTopicsMiscellanyNeutral,0
and,and,s,OtherSyntacticComplexityOther,0
longing,longing,s,,0
were,were,s,NarrOtherNeutral,0
transformed,transformed,s,DescriptChangeNeutral,0
to,to,s,OtherOrphanedOther,0
reflect,reflect,s,OtherOrphanedOther,0
the,the,s,OtherOrphanedOther,1
new,new,s,NarrImmediacyNeutral,0
realities,realities,s,SpecialTopicsMiscellanyNeutral,0
and,and,s,OtherSyntacticComplexityOther,0
challenges,challenges,s,NegRelChallenge,0
faced,faced,s,NegRelChallenge,1
in,in,s,OtherOrphanedOther,0
Suriname,suriname,c,SpecialTopicsPlaceNeutral,0
.,.,s,,0
These,these,s,OtherOrphanedOther,0
songs,songs,s,DescriptSoundNeutral,0
often,often,s,NarrDurationNeutral,0
served,served,s,OtherOrphanedOther,0
both,both,s,OtherSyntacticComplexityOther,0
as,as,s,OtherSyntacticComplexityOther,0
a,a,s,OtherSyntacticComplexityOther,1
means,means,s,OtherSyntacticComplexityOther,2
of,of,s,OtherSyntacticComplexityOther,3
emotional,emotional,s,DescriptObjectsNeutral,0
expression,expression,s,DescriptObjectsNeutral,1
and,and,s,OtherSyntacticComplexityOther,0
resistance,resistance,s,NegActsResist,0
to,to,s,OtherOrphanedOther,0
their,their,s,CharNamesNeutral,0
conditions,conditions,c,ContingentEventNeutral,0
",",",",s,,0
enabling,enabling,s,FacilitateEnablePos,0
them,them,s,NarrActsNeutral,0
to,to,s,OtherOrphanedOther,0
sustain,sustain,s,NarrDurationNeutral,0
their,their,s,CharNamesNeutral,0
cultural,cultural,s,SpecialTopicsMiscellanyNeutral,0
identity,identity,s,SpecialTopicsMiscellanyNeutral,1
amid,amid,s,DescriptVisualNeutral,0
adversity,adversity,c,NegRelAdverse,0
.,.,n,,0
#,#,s,,0
#,#,s,,0
#,#,c,,0
,,c,,0
#,#,s,,0
#,#,s,,0
#,#,s,,0
2,2,c,ExpoOtherNeutral,0
.,.,s,ExpoOtherNeutral,1
*,*,s,,0
*,*,s,,0
Development,development,s,SpecialTopicsMiscellanyNeutral,0
of,of,s,SpecialTopicsMiscellanyNeutral,1
Sarnami,sarnami,c,,0
:,:,s,,0
*,*,s,,0
*,*,n,,0
In,in,s,OtherOrphanedOther,0
Suriname,suriname,c,SpecialTopicsPlaceNeutral,0
",",",",s,,0
as,as,s,OtherSyntacticComplexityOther,0
part,part,s,OtherSyntacticComplexityOther,1
of,of,s,OtherSyntacticComplexityOther,2
the,the,s,OtherOrphanedOther,0
broader,broader,s,ExpoComparisonNeutral,0
phenomenon,phenomenon,s,SpecialTopicsMiscellanyNeutral,0
of,of,s,OtherOrphanedOther,0
diaspora,diaspora,s,SpecialTopicsMiscellanyNeutral,0
language,language,s,SpecialTopicsMiscellanyNeutral,0
evolution,evolution,c,DescriptChangePos,0
",",",",s,,0
Bhojpuri,bhojpuri,s,,0
combined,combined,s,StratCoordinationNeutral,0
with,with,s,StratCoordinationNeutral,1
other,other,s,,0
Indian,indian,s,CharTypesNeutral,0
languages,languages,s,SpecialTopicsMiscellanyNeutral,0
and,and,s,OtherSyntacticComplexityOther,0
dialects,dialects,s,SpecialTopicsMiscellanyNeutral,0
to,to,s,StratCognitionNeutral,0
develop,develop,s,StratCognitionNeutral,1
into,into,s,DescriptChangeNeutral,0
a,a,s,DescriptChangeNeutral,1
unique,unique,s,ForcefulEmphaticNeutral,0
linguistic,linguistic,s,SpecialTopicsMiscellanyNeutral,0
form,form,s,SpecialTopicsMiscellanyNeutral,1
known,known,s,NarrActsNeutral,0
as,as,s,NarrActsNeutral,1
Sarnami,sarnami,c,,0
.,.,s,,0
Sarnami,sarnami,s,,0
became,became,s,DescriptChangeNeutral,0
the,the,s,DescriptChangeNeutral,1
lingua,lingua,s,SpecialTopicsMiscellanyNeutral,0
franca,franca,s,SpecialTopicsMiscellanyNeutral,1
for,for,s,OtherOrphanedOther,0
communication,communication,s,SpecialTopicsMiscellanyNeutral,0
among,among,s,OtherSyntacticComplexityOther,0
the,the,s,OtherSyntacticComplexityOther,1
Indian,indian,s,SpecialTopicsMiscellanyNeutral,0
community,community,s,SpecialTopicsMiscellanyNeutral,1
in,in,s,OtherOrphanedOther,0
Suriname,suriname,c,SpecialTopicsPlaceNeutral,0
",",",",s,,0
incorporating,incorporating,s,OtherOrphanedOther,0
aspects,aspects,s,SpecialTopicsMiscellanyNeutral,0
of,of,s,SpecialTopicsMiscellanyNeutral,1
Bhojpuri,bhojpuri,c,,0
",",",",s,,0
Awadhi,awadhi,c,,0
",",",",s,,0
and,and,s,OtherSyntacticComplexityOther,0
other,other,s,,0
dialects,dialects,s,SpecialTopicsMiscellanyNeutral,0
from,from,s,OtherOrphanedOther,0
northern,northern,s,SpecialTopicsPlaceNeutral,0
India,india,c,SpecialTopicsPlaceNeutral,0
",",",",s,,0
as,as,s,OtherSyntacticComplexityOther,0
well,well,s,OtherSyntacticComplexityOther,1
as,as,s,OtherSyntacticComplexityOther,2
influences,influences,s,CharTraitsNeutral,0
from,from,s,CharTraitsNeutral,1
the,the,s,CharTraitsNeutral,2
local,local,s,SpecialTopicsPlaceNeutral,0
languages,languages,c,SpecialTopicsMiscellanyNeutral,0
",",",",s,,0
especially,especially,s,ForcefulEmphaticNeutral,0
African,african,s,CharTypesNeutral,0
languages,languages,c,SpecialTopicsMiscellanyNeutral,0
.,.,s,,0
This,this,s,OtherOrphanedOther,0
linguistic,linguistic,s,SpecialTopicsMiscellanyNeutral,0
amalgamation,amalgamation,s,SpecialTopicsMiscellanyNeutral,0
reflects,reflects,s,OtherOrphanedOther,0
how,how,s,OtherOrphanedOther,0
the,the,s,OtherOrphanedOther,0
Bhojpuri-speaking,bhojpuri-speaking,s,,0
community,community,s,SpecialTopicsMiscellanyNeutral,0
negotiated,negotiated,s,PubDiplomacyNeutral,0
identity,identity,s,PubDiplomacyNeutral,1
and,and,s,OtherSyntacticComplexityOther,0
unity,unity,s,StratCoordinationPos,0
in,in,s,OtherOrphanedOther,0
a,a,s,OtherOrphanedOther,0
multicultural,multicultural,s,SpecialTopicsMiscellanyNeutral,0
society,society,c,PubAdministrationNeutral,0
.,.,n,,0
#,#,s,,0
#,#,s,,0
#,#,c,,0
,,c,,0
#,#,s,,0
#,#,s,,0
#,#,s,,0
3,3,c,ExpoOtherNeutral,0
.,.,s,ExpoOtherNeutral,1
*,*,s,,0
*,*,s,,0
Identity,identity,s,SpecialTopicsMiscellanyNeutral,0
and,and,s,OtherSyntacticComplexityOther,0
Cultural,cultural,s,PosActsResilience,0
Resilience,resilience,c,PosActsResilience,1
:,:,s,,0
*,*,s,,0
*,*,n,,0
Given,given,s,OtherOrphanedOther,0
the,the,s,OtherOrphanedOther,0
multicultural,multicultural,s,SpecialTopicsMiscellanyNeutral,0
setting,setting,s,SpecialTopicsMiscellanyNeutral,0
of,of,s,SpecialTopicsMiscellanyNeutral,1
Suriname,suriname,c,SpecialTopicsPlaceNeutral,0
",",",",s,,0
where,where,s,OtherOrphanedOther,0
Indian,indian,c,CharTypesNeutral,0
",",",",s,,0
African,african,c,CharTypesNeutral,0
",",",",s,,0
Chinese,chinese,c,CharTypesNeutral,0
",",",",s,,0
and,and,s,OtherSyntacticComplexityOther,0
Javanese,javanese,s,SpecialTopicsPlaceNeutral,0
communities,communities,s,SpecialTopicsMiscellanyNeutral,0
intersected,intersected,c,OtherOrphanedOther,0
",",",",s,,0
Bhojpuri-speaking,bhojpuri-speaking,s,,0
indentured,indentured,s,PubLawNeutral,0
laborers,laborers,s,CharTypesNeutral,0
had,had,s,NegActsResist,0
to,to,s,NegActsResist,1
navigate,navigate,s,DescriptMotionNeutral,0
complex,complex,s,SpecialTopicsMiscellanyNeutral,0
social,social,s,SpecialTopicsMiscellanyNeutral,0
dynamics,dynamics,c,SpecialTopicsMiscellanyNeutral,1
.,.,s,,0
The,the,s,OtherOrphanedOther,0
retention,retention,s,SpecialTopicsMiscellanyNeutral,0
and,and,s,OtherSyntacticComplexityOther,0
transformation,transformation,s,DescriptChangeNeutral,0
of,of,s,DescriptChangeNeutral,1
Bhojpuri,bhojpuri,s,,0
through,through,s,OtherOrphanedOther,0
Sarnami,sarnami,s,,0
represented,represented,s,SpecialTopicsMiscellanyNeutral,0
a,a,s,DescriptObjectsNeutral,0
form,form,s,DescriptObjectsNeutral,1
of,of,s,OtherOrphanedOther,0
resilience,resilience,c,PosActsResilience,0
",",",",s,,0
as,as,s,ReasoningOtherNeutral,0
they,they,s,ReasoningOtherNeutral,1
adapted,adapted,s,DescriptChangeNeutral,0
elements,elements,s,,0
from,from,s,OtherSyntacticComplexityOther,0
other,other,s,OtherSyntacticComplexityOther,1
cultures,cultures,s,SpecialTopicsMiscellanyNeutral,0
into,into,s,ResponsibilityOtherNeutral,0
their,their,s,ResponsibilityOtherNeutral,1
own,own,s,ResponsibilityOtherNeutral,2
while,while,s,NarrDurationNeutral,0
maintaining,maintaining,s,NarrDurationNeutral,0
a,a,s,NarrDurationNeutral,1
distinctly,distinctly,s,ConfidenceHighNeutral,0
Indian,indian,s,CharTypesNeutral,0
cultural,cultural,s,SpecialTopicsMiscellanyNeutral,0
identity,identity,c,SpecialTopicsMiscellanyNeutral,1
.,.,n,,0
#,#,s,,0
#,#,s,,0
#,#,c,,0
,,c,,0
#,#,s,,0
#,#,s,,0
#,#,s,,0
4,4,c,ExpoOtherNeutral,0
.,.,s,ExpoOtherNeutral,1
*,*,s,,0
*,*,s,,0
Visual,visual,s,SpecialTopicsMiscellanyNeutral,0
and,and,s,OtherSyntacticComplexityOther,0
Aesthetic,aesthetic,s,SpecialTopicsMiscellanyNeutral,0
Influence,influence,c,StratCoordinationNeutral,0
:,:,s,,0
*,*,s,,0
*,*,n,,0
Archival,archival,s,NarrOtherNeutral,0
photographs,photographs,s,DescriptVisualNeutral,0
offer,offer,s,PosValuesInnovative,0
insights,insights,s,PosValuesInnovative,1
into,into,s,DescriptChangeNeutral,0
the,the,s,DescriptChangeNeutral,1
cultural,cultural,s,SpecialTopicsMiscellanyNeutral,0
expressions,expressions,s,DescriptVisualNeutral,0
of,of,s,DescriptVisualNeutral,1
Bhojpuri,bhojpuri,s,,0
women,women,s,CharTypesNeutral,0
who,who,s,OtherOrphanedOther,0
were,were,s,NarrOtherNeutral,0
agents,agents,s,ReasoningOtherNeutral,0
of,of,s,ReasoningOtherNeutral,1
cultural,cultural,s,SpecialTopicsMiscellanyNeutral,0
reinvention,reinvention,c,NarrDurationNeutral,0
.,.,s,,0
These,these,s,OtherOrphanedOther,0
images,images,s,DescriptVisualNeutral,0
capture,capture,s,OtherOrphanedOther,0
the,the,s,OtherOrphanedOther,1
blend,blend,s,SpecialTopicsMiscellanyNeutral,0
of,of,s,OtherOrphanedOther,0
Indian,indian,s,NarrOtherNeutral,0
traditions,traditions,s,NarrOtherNeutral,1
with,with,s,OtherOrphanedOther,0
new,new,s,NarrImmediacyNeutral,0
cultural,cultural,s,SpecialTopicsMiscellanyNeutral,0
influences,influences,s,StratCoordinationNeutral,0
from,from,s,OtherOrphanedOther,0
their,their,s,CharNamesNeutral,0
surroundings,surroundings,c,ContingentEventNeutral,0
.,.,s,,0
Bhojpuri,bhojpuri,s,,0
clothing,clothing,c,DescriptObjectsNeutral,0
",",",",s,,0
jewelry,jewelry,c,DescriptObjectsNeutral,0
",",",",s,,0
and,and,s,OtherSyntacticComplexityOther,0
practices,practices,s,OtherOrphanedGenericActivity,0
were,were,s,StratCognitionNeutral,0
documented,documented,c,StratCognitionNeutral,1
",",",",s,,0
illustrating,illustrating,s,OtherOrphanedOther,0
how,how,s,OtherOrphanedOther,0
cultural,cultural,s,SpecialTopicsMiscellanyNeutral,0
markers,markers,s,SpecialTopicsMiscellanyNeutral,0
were,were,s,NarrDurationNeutral,0
maintained,maintained,s,NarrDurationNeutral,1
or,or,s,OtherSyntacticComplexityOther,0
adapted,adapted,s,DescriptChangeNeutral,0
in,in,s,OtherOrphanedOther,0
Suriname,suriname,c,SpecialTopicsPlaceNeutral,0
.,.,n,,0
#,#,s,,0
#,#,s,,0
#,#,c,,0
,,c,,0
#,#,s,,0
#,#,s,,0
#,#,s,,0
5,5,c,ExpoOtherNeutral,0
.,.,s,ExpoOtherNeutral,1
*,*,s,,0
*,*,s,,0
Festivals,festivals,s,PosEmotionsFestive,0
and,and,s,OtherSyntacticComplexityOther,0
Practices,practices,c,OtherOrphanedGenericActivity,0
:,:,s,,0
*,*,s,,0
*,*,n,,0
Cultural,cultural,s,SpecialTopicsMiscellanyNeutral,0
practices,practices,c,OtherOrphanedGenericActivity,0
",",",",s,ExpoExampleNeutral,0
such,such,s,ExpoExampleNeutral,1
as,as,s,ExpoExampleNeutral,2
festivals,festivals,c,PosEmotionsFestive,0
",",",",s,,0
music,music,c,DescriptSoundNeutral,0
",",",",s,,0
and,and,s,OtherSyntacticComplexityOther,0
religious,religious,s,NarrActsNeutral,0
events,events,c,NarrActsNeutral,1
",",",",s,,0
were,were,s,ForcefulEmphaticNeutral,0
vital,vital,s,ForcefulEmphaticNeutral,1
platforms,platforms,s,OtherOrphanedOther,0
for,for,s,OtherOrphanedOther,1
expressing,expressing,s,InterOtherNeutral,0
Bhojpuri,bhojpuri,s,,0
identity,identity,c,SpecialTopicsMiscellanyNeutral,0
.,.,s,,0
These,these,s,OtherOrphanedOther,0
events,events,s,NarrActsNeutral,0
allowed,allowed,s,FacilitateExpediteNeutral,0
the,the,s,FacilitateExpediteNeutral,1
laborers,laborers,s,CharTypesNeutral,0
to,to,s,OtherOrphanedOther,0
come,come,s,DescriptVisualNeutral,0
together,together,s,DescriptVisualNeutral,1
in,in,s,DescriptVisualNeutral,2
community,community,s,SpecialTopicsMiscellanyNeutral,0
celebrations,celebrations,c,SpecialTopicsMiscellanyNeutral,1
",",",",s,OtherOrphanedOther,0
which,which,s,OtherOrphanedOther,1
preserved,preserved,s,NarrOtherNeutral,0
their,their,s,NarrOtherNeutral,1
customs,customs,s,PubAdministrationNeutral,0
and,and,s,OtherSyntacticComplexityOther,0
traditions,traditions,s,NarrOtherNeutral,0
while,while,s,NarrDurationNeutral,0
allowing,allowing,s,FacilitateExpediteNeutral,0
for,for,s,FacilitateExpediteNeutral,1
syncretic,syncretic,s,,0
adaptations,adaptations,s,DescriptChangeNeutral,0
over,over,s,NarrOtherNeutral,0
time,time,c,NarrOtherNeutral,1
.,.,n,,0
#,#,s,,0
#,#,s,,0
#,#,c,,0
,,c,,0
#,#,s,,0
#,#,s,,0
#,#,s,,0
6,6,c,ExpoOtherNeutral,0
.,.,s,ExpoOtherNeutral,1
*,*,s,,0
*,*,s,,0
Challenges,challenges,s,CharTraitsNeutral,0
and,and,s,OtherSyntacticComplexityOther,0
Adaptations,adaptations,c,DescriptChangeNeutral,0
:,:,s,,0
*,*,s,,0
*,*,n,,0
Language,language,s,SpecialTopicsMiscellanyNeutral,0
was,was,s,NarrOtherNeutral,0
also,also,s,MetadiscourseAdditionNeutral,0
a,a,s,OtherOrphanedOther,0
tool,tool,s,DescriptObjectsNeutral,0
for,for,s,OtherOrphanedOther,0
social,social,s,SpecialTopicsMiscellanyNeutral,0
navigation,navigation,c,SpecialTopicsMiscellanyNeutral,1
.,.,s,,0
The,the,s,OtherOrphanedOther,0
Bhojpuri-speaking,bhojpuri-speaking,s,,0
laborers,laborers,s,CharTypesNeutral,0
needed,needed,s,StratDirectAppealNeutral,0
to,to,s,StratDirectAppealNeutral,1
learn,learn,s,StratDirectAppealNeutral,2
local,local,s,SpecialTopicsPlaceNeutral,0
languages,languages,s,SpecialTopicsMiscellanyNeutral,0
like,like,s,OtherOrphanedOther,0
Sranan,sranan,s,,0
Tongo,tongo,s,,0
to,to,s,OtherOrphanedOther,0
interact,interact,s,OtherOrphanedOther,0
beyond,beyond,s,OtherOrphanedOther,0
their,their,s,CharNamesNeutral,0
ethnic,ethnic,s,SpecialTopicsMiscellanyNeutral,0
group,group,c,SpecialTopicsMiscellanyNeutral,0
",",",",s,NegActsResist,0
yet,yet,s,NegActsResist,1
the,the,s,DescriptChangePos,0
evolution,evolution,s,DescriptChangePos,1
of,of,s,DescriptChangePos,2
Sarnami,sarnami,s,,0
helped,helped,s,FacilitateHelpPos,0
maintain,maintain,s,FacilitateHelpPos,1
a,a,s,OtherOrphanedOther,0
sense,sense,s,SpecialTopicsMiscellanyNeutral,0
of,of,s,SpecialTopicsMiscellanyNeutral,1
ethnic,ethnic,s,PosRelSolidarity,0
solidarity,solidarity,c,PosRelSolidarity,1
.,.,s,,0
This,this,s,OtherOrphanedOther,0
blending,blending,s,SpecialTopicsMiscellanyNeutral,0
and,and,s,OtherSyntacticComplexityOther,0
adaptation,adaptation,s,DescriptChangeNeutral,0
of,of,s,SpecialTopicsMiscellanyNeutral,0
languages,languages,s,SpecialTopicsMiscellanyNeutral,1
and,and,s,OtherSyntacticComplexityOther,0
practices,practices,s,OtherOrphanedGenericActivity,0
were,were,s,NarrOtherNeutral,0
necessary,necessary,s,ReasoningConcludeNeutral,0
for,for,s,ReasoningConcludeNeutral,1
cultural,cultural,s,SpecialTopicsMiscellanyNeutral,0
survival,survival,s,NarrTurningPointNeutral,0
and,and,s,OtherSyntacticComplexityOther,0
identity,identity,s,SpecialTopicsMiscellanyNeutral,0
reinforcement,reinforcement,s,SpecialTopicsMiscellanyNeutral,0
in,in,s,OtherOrphanedOther,0
a,a,s,OtherOrphanedOther,0
colonial,colonial,s,SpecialTopicsMiscellanyNeutral,0
and,and,s,OtherSyntacticComplexityOther,0
post-colonial,post-colonial,s,SpecialTopicsMiscellanyNeutral,0
setting,setting,c,,0
.,.,n,,0
#,#,s,,0
#,#,s,,0
#,#,c,,0
,,c,,0
#,#,s,,0
#,#,s,,0
#,#,s,,0
Conclusion,conclusion,c,ReasoningConcludeNeutral,0
:,:,n,,0
Bhojpuri's,bhojpuri's,s,,0
transformation,transformation,s,DescriptChangeNeutral,0
into,into,s,OtherOrphanedOther,0
Sarnami,sarnami,s,,0
and,and,s,OtherSyntacticComplexityOther,0
its,its,s,OtherOrphanedOther,0
integration,integration,s,SpecialTopicsMiscellanyNeutral,0
into,into,s,OtherOrphanedOther,0
Surinamese,surinamese,s,CharTypesNeutral,0
culture,culture,s,SpecialTopicsMiscellanyNeutral,0
illustrate,illustrate,s,InterOtherNeutral,0
the,the,s,InterOtherNeutral,1
dynamics,dynamics,s,ForcefulEnergizedNeutral,0
of,of,s,OtherOrphanedOther,0
cultural,cultural,s,PubDiplomacyNeutral,0
negotiation,negotiation,s,PubDiplomacyNeutral,1
among,among,s,OtherOrphanedOther,0
indentured,indentured,s,PubLawNeutral,0
communities,communities,c,SpecialTopicsMiscellanyNeutral,0
.,.,s,,0
The,the,s,OtherOrphanedOther,0
language,language,s,SpecialTopicsMiscellanyNeutral,0
not,not,s,ForcefulEmphaticNeutral,0
only,only,s,ForcefulEmphaticNeutral,1
served,served,s,NarrActsNeutral,0
as,as,s,NarrActsNeutral,1
a,a,s,NarrActsNeutral,2
means,means,s,SpecialTopicsMiscellanyNeutral,0
of,of,s,SpecialTopicsMiscellanyNeutral,1
communication,communication,s,SpecialTopicsMiscellanyNeutral,0
but,but,s,MetadiscourseContrastNeutral,0
also,also,s,MetadiscourseAdditionNeutral,0
as,as,s,OtherOrphanedOther,0
a,a,s,OtherOrphanedOther,1
carrier,carrier,s,SpecialTopicsMiscellanyNeutral,0
of,of,s,SpecialTopicsMiscellanyNeutral,1
cultural,cultural,s,SpecialTopicsMiscellanyNeutral,0
and,and,s,OtherSyntacticComplexityOther,0
emotional,emotional,s,DescriptObjectsNeutral,0
expression,expression,c,DescriptObjectsNeutral,1
.,.,s,,0
It,it,s,ConfidenceHighNeutral,0
is,is,s,ConfidenceHighNeutral,1
a,a,s,ConfidenceHighNeutral,2
testament,testament,s,SpecialTopicsMiscellanyNeutral,0
to,to,s,OtherOrphanedOther,0
the,the,s,OtherOrphanedOther,0
enduring,enduring,s,NarrDurationNeutral,0
impact,impact,s,ForcefulEmphaticNeutral,0
of,of,s,ForcefulEmphaticNeutral,1
the,the,s,OtherOrphanedOther,0
Bhojpuri-speaking,bhojpuri-speaking,s,,0
community,community,s,SpecialTopicsMiscellanyNeutral,0
on,on,s,OtherSyntacticComplexityOther,0
the,the,s,OtherSyntacticComplexityOther,1
cultural,cultural,s,SpecialTopicsMiscellanyNeutral,0
landscape,landscape,s,DescriptVisualNeutral,0
of,of,s,DescriptVisualNeutral,1
Suriname,suriname,c,SpecialTopicsPlaceNeutral,0
",",",",s,,0
contributing,contributing,s,DescriptChangePos,0
to,to,s,DescriptChangePos,1
the,the,s,OtherOrphanedOther,0
diverse,diverse,s,,0
multicultural,multicultural,s,DescriptObjectsNeutral,0
fabric,fabric,s,DescriptObjectsNeutral,1
of,of,s,OtherSyntacticComplexityOther,0
the,the,s,OtherSyntacticComplexityOther,1
region,region,c,SpecialTopicsPlaceNeutral,0
.,.,s,,0
The,the,s,DescriptChangePos,0
evolution,evolution,s,DescriptChangePos,1
of,of,s,DescriptChangePos,2
Bhojpuri,bhojpuri,s,,0
in,in,s,OtherOrphanedOther,0
Suriname,suriname,s,SpecialTopicsPlaceNeutral,0
reflects,reflects,s,OtherOrphanedOther,0
broader,broader,s,ExpoComparisonNeutral,0
themes,themes,s,SpecialTopicsMiscellanyNeutral,0
within,within,s,OtherOrphanedOther,0
the,the,s,CharTypesNeutral,0
Indian,indian,s,CharTypesNeutral,1
diaspora,diaspora,s,SpecialTopicsMiscellanyNeutral,0
of,of,s,OtherOrphanedOther,0
adaptation,adaptation,c,DescriptChangeNeutral,0
",",",",s,,0
resilience,resilience,c,PosActsResilience,0
",",",",s,,0
and,and,s,OtherSyntacticComplexityOther,0
the,the,s,OtherSyntacticComplexityOther,1
creation,creation,s,DescriptChangeNeutral,0
of,of,s,DescriptChangeNeutral,1
new,new,s,NarrImmediacyNeutral,0
cultural,cultural,s,SpecialTopicsMiscellanyNeutral,0
identities,identities,c,SpecialTopicsMiscellanyNeutral,1
.,.,n,,0
Sources,sources,s,SpecialTopicsMiscellanyNeutral,0
used,used,c,NarrActsNeutral,0
:,:,n,,0
-,-,s,,0
Bates,bates,c,DescriptMotionNeutral,0
",",",",s,,0
C,c,c,OtherOrphanedOther,0
.,.,s,OtherOrphanedOther,1
(,(,c,OtherOrphanedOther,0
Ed,ed,c,SpecialTopicsMiscellanyNeutral,0
.,.,c,SpecialTopicsMiscellanyNeutral,1
),),c,OtherOrphanedOther,0
.,.,s,,0
(,(,c,OtherOrphanedOther,0
2024,2024,c,NarrDurationNeutral,0
),),c,OtherOrphanedOther,0
.,.,s,,0
Beyond,beyond,s,OtherOrphanedOther,0
Indenture,indenture,c,PubLawNeutral,0
.,.,s,,0
txt,txt,n,,0
-,-,s,,0
Benton,benton,c,CharNamesNeutral,0
",",",",s,,0
G,g,c,OtherOrphanedOther,0
.,.,s,OtherOrphanedOther,1
(,(,c,OtherOrphanedOther,0
2022,2022,c,CitationReferenceNeutral,0
),),c,CitationReferenceNeutral,1
.,.,s,,0
Chinese,chinese,s,CharTypesNeutral,0
Indentured,indentured,s,PubLawNeutral,0
Labour,labour,s,,0
in,in,s,OtherOrphanedOther,0
the,the,s,OtherOrphanedOther,0
Dutch,dutch,s,CharTypesNeutral,0
East,east,s,SpecialTopicsPlaceNeutral,0
Indies,indies,c,SpecialTopicsPlaceNeutral,1
.,.,s,,0
txt,txt,n,,0
-,-,s,,0
Buddingh,buddingh,c,,0
’,',c,,0
",",",",s,,0
H,h,c,OtherOrphanedOther,0
.,.,s,OtherOrphanedOther,1
(,(,c,CitationReferenceNeutral,0
1995,1995,c,CitationReferenceNeutral,1
),),c,CitationReferenceNeutral,2
.,.,s,,0
A,a,s,OtherOrphanedOther,0
history,history,s,NarrOtherNeutral,0
of,of,s,NarrOtherNeutral,1
Suriname,suriname,c,SpecialTopicsPlaceNeutral,0
.,.,s,,0
txt,txt,n,,0
-,-,s,,0
Fat,fat,c,CharTypesNeutral,0
",",",",s,,0
P,p,c,OtherOrphanedOther,0
.,.,s,OtherOrphanedOther,1
B,b,c,OtherOrphanedOther,0
.,.,s,OtherOrphanedOther,1
T,t,c,OtherOrphanedOther,0
.,.,s,OtherOrphanedOther,1
S,s,c,OtherOrphanedOther,0
.,.,s,OtherOrphanedOther,1
(,(,c,CitationReferenceNeutral,0
2009,2009,c,CitationReferenceNeutral,1
),),c,CitationReferenceNeutral,2
.,.,s,,0
Chinese,chinese,s,CharTypesNeutral,0
new,new,s,NarrImmediacyNeutral,0
migrants,migrants,s,NarrSceneShiftNeutral,0
in,in,s,OtherOrphanedOther,0
Suriname,suriname,c,SpecialTopicsPlaceNeutral,0
.,.,s,,0
txt,txt,n,,0
-,-,s,,0
Goslinga,goslinga,c,,0
",",",",s,,0
C,c,c,OtherOrphanedOther,0
.,.,s,OtherOrphanedOther,1
C,c,c,OtherOrphanedOther,0
.,.,s,OtherOrphanedOther,1
(,(,c,CitationReferenceNeutral,0
2012,2012,c,CitationReferenceNeutral,1
),),c,CitationReferenceNeutral,2
.,.,s,,0
A,a,s,OtherOrphanedOther,0
short,short,s,NarrOtherNeutral,0
history,history,s,NarrOtherNeutral,1
of,of,s,OtherSyntacticComplexityOther,0
the,the,s,OtherSyntacticComplexityOther,1
Netherlands,netherlands,s,SpecialTopicsPlaceNeutral,0
Antilles,antilles,s,,0
and,and,s,OtherSyntacticComplexityOther,0
Surinam,surinam,c,,0
.,.,s,,0
txt,txt,n,,0
-,-,s,,0
Hassankhan,hassankhan,c,,0
",",",",s,,0
M,m,c,OtherOrphanedOther,0
.,.,s,OtherOrphanedOther,1
S,s,c,OtherOrphanedOther,0
.,.,c,OtherOrphanedOther,1
",",",",s,,0
Roopnarine,roopnarine,c,,0
",",",",s,,0
L,l,c,OtherOrphanedOther,0
.,.,c,OtherOrphanedOther,1
",",",",s,,0
&,&,s,,0
Mahase,mahase,c,,0
",",",",s,,0
R,r,c,OtherOrphanedOther,0
.,.,s,OtherOrphanedOther,1
(,(,c,OtherOrphanedOther,0
2016,2016,c,CitationReferenceNeutral,0
),),c,CitationReferenceNeutral,1
.,.,s,,0
Social,social,s,,0
and,and,s,OtherSyntacticComplexityOther,0
cultural,cultural,s,SpecialTopicsMiscellanyNeutral,0
dimensions,dimensions,s,SpecialTopicsMiscellanyNeutral,0
of,of,s,OtherOrphanedOther,0
Indian,indian,s,PubLawNeutral,0
indentured,indentured,s,PubLawNeutral,1
labour,labour,s,,0
and,and,s,OtherSyntacticComplexityOther,0
its,its,s,OtherOrphanedOther,0
diaspora,diaspora,c,SpecialTopicsMiscellanyNeutral,0
.,.,s,,0
txt,txt,n,,0
-,-,s,,0
Hassankhan,hassankhan,c,,0
",",",",s,,0
M,m,c,OtherOrphanedOther,0
.,.,s,OtherOrphanedOther,1
S,s,c,OtherOrphanedOther,0
.,.,c,OtherOrphanedOther,1
",",",",s,,0
Roopnarine,roopnarine,c,,0
",",",",s,,0
L,l,c,OtherOrphanedOther,0
.,.,c,OtherOrphanedOther,1
",",",",s,,0
White,white,c,DescriptVisualNeutral,0
",",",",s,,0
C,c,c,OtherOrphanedOther,0
.,.,c,OtherOrphanedOther,1
",",",",s,,0
&,&,s,,0
Mahase,mahase,c,,0
",",",",s,,0
R,r,c,OtherOrphanedOther,0
.,.,s,OtherOrphanedOther,1
(,(,c,OtherOrphanedOther,0
Eds,eds,c,SpecialTopicsMiscellanyNeutral,0
.,.,c,,0
),),c,OtherOrphanedOther,0
.,.,s,,0
(,(,c,OtherOrphanedOther,0
2016,2016,c,CitationReferenceNeutral,0
),),c,CitationReferenceNeutral,1
.,.,s,,0
Legacy,legacy,s,PubAdministrationNeutral,0
of,of,s,PubAdministrationNeutral,1
Slavery,slavery,s,NegRelServility,0
and,and,s,OtherSyntacticComplexityOther,0
Indentured,indentured,s,PubLawNeutral,0
Labour,labour,c,,0
.,.,s,,0
txt,txt,n,,0
-,-,s,,0
Hegde,hegde,c,,0
",",",",s,,0
R,r,c,OtherOrphanedOther,0
.,.,s,OtherOrphanedOther,1
S,s,c,OtherOrphanedOther,0
.,.,c,OtherOrphanedOther,1
",",",",s,,0
&,&,s,,0
Sahoo,sahoo,c,,0
",",",",s,,0
A,a,c,OtherOrphanedOther,0
.,.,s,OtherOrphanedOther,1
K,k,c,OtherOrphanedOther,0
.,.,s,OtherOrphanedOther,1
(,(,c,OtherOrphanedOther,0
Eds,eds,c,SpecialTopicsMiscellanyNeutral,0
.,.,c,,0
),),c,OtherOrphanedOther,0
.,.,s,,0
(,(,c,OtherOrphanedOther,0
2018,2018,c,CitationReferenceNeutral,0
),),c,CitationReferenceNeutral,1
.,.,s,,0
Routledge,routledge,s,CharNamesNeutral,0
handbook,handbook,s,PubAdministrationNeutral,0
of,of,s,PubAdministrationNeutral,1
the,the,s,CharTypesNeutral,0
Indian,indian,s,CharTypesNeutral,1
diaspora,diaspora,c,SpecialTopicsMiscellanyNeutral,0
.,.,s,,0
txt,txt,n,,0
-,-,s,,0
Hoefte,hoefte,c,,0
",",",",s,,0
R,r,c,OtherOrphanedOther,0
.,.,s,OtherOrphanedOther,1
(,(,c,CitationReferenceNeutral,0
2013,2013,c,CitationReferenceNeutral,1
),),c,CitationReferenceNeutral,2
.,.,s,,0
Suriname,suriname,s,SpecialTopicsPlaceNeutral,0
in,in,s,OtherOrphanedOther,0
the,the,s,OtherOrphanedOther,0
long,long,s,DescriptVisualNeutral,0
twentieth,twentieth,s,NarrDurationNeutral,0
century,century,c,NarrDurationNeutral,1
:,:,s,,0
domination,domination,c,StratCompetitionNeutral,0
",",",",s,,0
contestation,contestation,c,StratCompetitionNeutral,0
",",",",s,,0
globalization,globalization,c,SpecialTopicsMiscellanyNeutral,0
.,.,s,,0
txt,txt,n,,0
-,-,s,,0
Kumar,kumar,c,CharNamesNeutral,0
",",",",s,,0
A,a,c,OtherOrphanedOther,0
.,.,c,OtherOrphanedOther,1
",",",",s,,0
&,&,s,,0
Bates,bates,c,DescriptMotionNeutral,0
",",",",s,,0
C,c,c,OtherOrphanedOther,0
.,.,s,OtherOrphanedOther,1
(,(,c,OtherOrphanedOther,0
Eds,eds,c,SpecialTopicsMiscellanyNeutral,0
.,.,c,,0
),),c,OtherOrphanedOther,0
.,.,s,,0
(,(,c,OtherOrphanedOther,0
2024,2024,c,NarrDurationNeutral,0
),),c,OtherOrphanedOther,0
.,.,s,,0
Girmitiyas,girmitiyas,s,,0
and,and,s,OtherSyntacticComplexityOther,0
the,the,s,OtherSyntacticComplexityOther,1
Global,global,s,SpecialTopicsMiscellanyNeutral,0
Indian,indian,s,CharTypesNeutral,0
Diaspora,diaspora,c,SpecialTopicsMiscellanyNeutral,0
:,:,s,,0
Origins,origins,c,NarrSequenceNeutral,0
",",",",s,,0
Memories,memories,c,CharMentalStatesNeutral,0
",",",",s,,0
and,and,s,OtherSyntacticComplexityOther,0
Identity,identity,c,SpecialTopicsMiscellanyNeutral,0
.,.,s,,0
txt,txt,n,,0
-,-,s,,0
Snelders,snelders,c,,0
",",",",s,,0
S,s,c,OtherOrphanedOther,0
.,.,s,OtherOrphanedOther,1
(,(,c,OtherOrphanedOther,0
2017,2017,c,CitationReferenceNeutral,0
),),c,CitationReferenceNeutral,1
.,.,s,,0
Leprosy,leprosy,s,SpecialTopicsMiscellanyNeutral,0
and,and,s,OtherSyntacticComplexityOther,0
colonialism,colonialism,c,SpecialTopicsMiscellanyNeutral,0
:,:,s,,0
Suriname,suriname,s,SpecialTopicsPlaceNeutral,0
under,under,s,OtherOrphanedOther,0
Dutch,dutch,s,PubAdministrationNeutral,0
rule,rule,c,PubAdministrationNeutral,1
.,.,s,,0
txt,txt,n,,0
Indentured,indentured,s,PubLawNeutral,0
laborers,laborers,s,CharTypesNeutral,0
on,on,s,OtherOrphanedOther,0
plantations,plantations,s,DescriptVisualNeutral,0
engaged,engaged,s,NarrActsNeutral,0
in,in,s,NarrActsNeutral,1
various,various,s,SpecialTopicsMiscellanyNeutral,0
forms,forms,s,SpecialTopicsMiscellanyNeutral,0
of,of,s,SpecialTopicsMiscellanyNeutral,1
protest,protest,c,NegActsPlaintive,0
",",",",s,,0
responding,responding,s,InterResponseNeutral,0
to,to,s,InterResponseNeutral,1
the,the,s,OtherOrphanedOther,0
harsh,harsh,s,ContingentPossibilityNeg,0
conditions,conditions,s,ContingentPossibilityNeg,1
and,and,s,OtherSyntacticComplexityOther,0
oppressive,oppressive,s,NegActsAggressive,0
systems,systems,s,SpecialTopicsMiscellanyNeutral,0
they,they,s,NegValuesOther,0
faced,faced,c,NegValuesOther,1
.,.,s,,0
The,the,s,OtherOrphanedOther,0
protests,protests,c,NegActsPlaintive,0
",",",",s,,0
while,while,s,NarrDurationNeutral,0
varied,varied,c,DescriptChangeNeutral,0
",",",",s,,0
often,often,s,NarrDurationNeutral,0
did,did,s,NegActsResist,0
not,not,s,NegActsResist,1
challenge,challenge,s,CharTraitsNeutral,0
state,state,s,PubAdministrationNeutral,0
power,power,s,PubAdministrationNeutral,1
outright,outright,s,ConfidenceHighNeutral,0
or,or,s,OtherSyntacticComplexityOther,0
aim,aim,s,,0
to,to,s,OtherOrphanedOther,0
overthrow,overthrow,s,NegRelOther,0
authority,authority,s,PubAdministrationNeutral,0
but,but,s,MetadiscourseContrastNeutral,0
rather,rather,s,MetadiscourseContrastNeutral,1
sought,sought,s,StratActsNeutral,0
to,to,s,StratActsNeutral,1
diminish,diminish,s,NegActsAggressive,0
the,the,s,NegActsAggressive,1
worst,worst,s,NegValuesWorst,0
effects,effects,s,NegValuesWorst,1
of,of,s,OtherSyntacticComplexityOther,0
the,the,s,OtherSyntacticComplexityOther,1
indenture,indenture,s,SpecialTopicsMiscellanyNeutral,0
system,system,s,SpecialTopicsMiscellanyNeutral,1
and,and,s,OtherSyntacticComplexityOther,0
express,express,s,CitationOtherNeg,0
dissent,dissent,s,CitationOtherNeg,1
within,within,s,OtherOrphanedOther,0
the,the,s,NegValuesOther,0
limited,limited,s,NegValuesOther,1
power,power,s,ForcefulEmphaticNeutral,0
the,the,s,ForcefulEmphaticNeutral,1
laborers,laborers,s,CharTypesNeutral,0
held,held,c,OtherOrphanedOther,0
.,.,s,NarrImmediacyNeutral,0
Here,here,s,NarrImmediacyNeutral,1
are,are,s,ForcefulEmphaticNeutral,0
the,the,s,ForcefulEmphaticNeutral,1
key,key,s,ForcefulEmphaticNeutral,2
forms,forms,s,SpecialTopicsMiscellanyNeutral,0
of,of,s,SpecialTopicsMiscellanyNeutral,1
protest,protest,s,NegActsPlaintive,0
observed,observed,c,NarrActsNeutral,0
:,:,n,,0
1,1,c,ExpoOtherNeutral,0
.,.,s,ExpoOtherNeutral,1
*,*,s,,0
*,*,s,,0
Everyday,everyday,s,NarrDurationNeutral,0
Resistance,resistance,s,NegActsResist,0
*,*,s,,0
*,*,c,,0
:,:,s,,0
This,this,s,MetadiscourseOtherNeutral,0
included,included,s,MetadiscourseOtherNeutral,1
subtle,subtle,c,ReasoningAnalyzeNeutral,0
",",",",s,,0
non-confrontational,non-confrontational,s,CharTypesNeutral,0
acts,acts,s,NarrActsNeutral,0
like,like,s,NarrActsNeutral,1
malingering,malingering,c,ResponsibilityHoldNeg,0
",",",",s,,0
feigning,feigning,s,CharTraitsNeutral,0
illness,illness,c,SpecialTopicsMiscellanyNeutral,0
",",",",s,,0
slowing,slowing,s,OtherOrphanedOther,0
work,work,s,OtherOrphanedOther,0
pace,pace,c,DescriptMotionNeutral,0
",",",",s,,0
and,and,s,OtherSyntacticComplexityOther,0
sabotage,sabotage,s,NegActsResist,0
such,such,s,ExpoExampleNeutral,0
as,as,s,ExpoExampleNeutral,1
breaking,breaking,s,NegEmotionsBroken,0
tools,tools,s,NegEmotionsBroken,1
and,and,s,OtherSyntacticComplexityOther,0
damaging,damaging,s,NegActsDamage,0
crops,crops,c,NegActsDamage,1
.,.,s,ReasoningConcludeNeutral,0
Such,such,s,ReasoningConcludeNeutral,1
actions,actions,s,NarrActsNeutral,0
were,were,s,CharTraitsNeutral,0
intended,intended,s,CharTraitsNeutral,1
to,to,s,CharTraitsNeutral,2
undermine,undermine,s,NegActsResist,0
plantation,plantation,s,DescriptVisualNeutral,0
productivity,productivity,s,PosValuesOther,0
without,without,s,ForcefulEmphaticNeutral,0
sparking,sparking,s,ForcefulEnergizedNeutral,0
direct,direct,s,NegRelConflict,0
conflict,conflict,s,NegRelConflict,1
with,with,s,PubAdministrationNeutral,0
authority,authority,s,PubAdministrationNeutral,1
figures,figures,c,OtherOrphanedOther,0
.,.,n,,0
2,2,c,ExpoOtherNeutral,0
.,.,s,ExpoOtherNeutral,1
*,*,s,,0
*,*,s,,0
Absenteeism,absenteeism,s,NegEmotionsOther,0
and,and,s,OtherSyntacticComplexityOther,0
Desertion,desertion,s,NegRelForsake,0
*,*,s,,0
*,*,c,,0
:,:,s,,0
Indentured,indentured,s,PubLawNeutral,0
laborers,laborers,s,CharTypesNeutral,0
often,often,s,NarrDurationNeutral,0
absented,absented,s,NarrSceneShiftNeutral,0
themselves,themselves,s,NarrSceneShiftNeutral,1
from,from,s,OtherOrphanedOther,0
work,work,s,OtherOrphanedOther,0
or,or,s,OtherSyntacticComplexityOther,0
deserted,deserted,s,NegRelForsake,0
the,the,s,NegRelForsake,1
plantations,plantations,s,DescriptVisualNeutral,0
entirely,entirely,c,ForcefulEmphaticNeutral,0
.,.,s,,0
This,this,s,OtherOrphanedOther,0
form,form,s,SpecialTopicsMiscellanyNeutral,0
of,of,s,SpecialTopicsMiscellanyNeutral,1
protest,protest,s,NegActsPlaintive,0
was,was,s,PubAdministrationNeutral,0
seen,seen,s,PubAdministrationNeutral,1
as,as,s,PubAdministrationNeutral,2
a,a,s,OtherOrphanedOther,0
defiance,defiance,s,NegActsResist,0
of,of,s,NegActsResist,1
the,the,s,OtherOrphanedOther,0
labor,labor,s,SpecialTopicsMiscellanyNeutral,0
systems,systems,s,SpecialTopicsMiscellanyNeutral,1
and,and,s,OtherSyntacticComplexityOther,0
an,an,s,OtherSyntacticComplexityOther,1
attempt,attempt,s,CharTraitsNeutral,0
to,to,s,CharTraitsNeutral,1
escape,escape,s,StratActsPos,0
the,the,s,OtherOrphanedOther,0
oppressive,oppressive,s,ContingentPossibilityNeg,0
conditions,conditions,c,ContingentPossibilityNeg,1
",",",",s,,0
sometimes,sometimes,s,ContingentRelationshipNeutral,0
integrating,integrating,s,DescriptChangeNeutral,0
into,into,s,DescriptChangeNeutral,1
emerging,emerging,s,ContingentEventNeutral,0
free,free,s,SpecialTopicsMiscellanyNeutral,0
communities,communities,s,SpecialTopicsMiscellanyNeutral,1
or,or,s,OtherSyntacticComplexityOther,0
smaller,smaller,c,ExpoComparisonNeutral,0
",",",",s,,0
less,less,s,ExpoComparisonNeutral,0
regulated,regulated,s,PubAdministrationNeutral,0
settings,settings,s,ContingentEventNeutral,0
on,on,s,OtherOrphanedOther,0
plantation,plantation,s,DescriptVisualNeutral,0
fringes,fringes,c,DescriptVisualNeutral,0
.,.,n,,0
3,3,c,ExpoOtherNeutral,0
.,.,s,ExpoOtherNeutral,1
*,*,s,,0
*,*,s,,0
Strikes,strikes,s,NegEmotionsOther,0
*,*,s,,0
*,*,c,,0
:,:,s,,0
While,while,s,NarrDurationNeutral,0
collective,collective,s,StratCoordinationNeutral,0
action,action,s,StratCoordinationNeutral,1
was,was,s,NegEmotionsDifficult,0
difficult,difficult,s,NegEmotionsDifficult,1
due,due,s,ReasoningOtherNeutral,0
to,to,s,ReasoningOtherNeutral,1
systemic,systemic,s,NegActsResist,0
constraints,constraints,c,NegActsResist,1
",",",",s,,0
strikes,strikes,s,NegEmotionsOther,0
did,did,s,ForcefulIntenseNeutral,0
occur,occur,c,ContingentEventNeutral,0
.,.,s,,0
These,these,s,MetadiscourseOtherNeutral,0
were,were,s,MetadiscourseOtherNeutral,1
typically,typically,s,NarrDurationNeutral,0
short-lived,short-lived,s,NarrDurationNeutral,0
and,and,s,OtherSyntacticComplexityOther,0
concerned,concerned,s,OtherOrphanedOther,0
specific,specific,s,ExpoSpecificationNeutral,0
grievances,grievances,s,ExpoSpecificationNeutral,1
like,like,s,NegValuesExcess,0
excessive,excessive,s,NegValuesExcess,1
workloads,workloads,s,SpecialTopicsMiscellanyNeutral,0
or,or,s,OtherSyntacticComplexityOther,0
unfair,unfair,s,NegValuesUnfair,0
wage,wage,s,NegValuesUnfair,1
practices,practices,c,OtherOrphanedGenericActivity,0
.,.,s,,0
For,for,s,ExpoExampleNeutral,0
instance,instance,c,ExpoExampleNeutral,1
",",",",s,ExpoExampleNeutral,2
the,the,s,OtherOrphanedOther,0
strikes,strikes,s,ForcefulEmphaticNeutral,0
in,in,s,ForcefulEmphaticNeutral,1
the,the,s,OtherOrphanedOther,0
Rewa,rewa,s,SpecialTopicsPlaceNeutral,0
region,region,s,SpecialTopicsPlaceNeutral,0
in,in,s,NarrDurationNeutral,0
the,the,s,NarrDurationNeutral,1
1880s,1880s,s,NarrDurationNeutral,2
addressed,addressed,s,InterOtherNeutral,0
increases,increases,s,DescriptChangePos,0
in,in,s,DescriptChangePos,1
task,task,s,SpecialTopicsMiscellanyNeutral,0
burdens,burdens,c,NegEmotionsBurden,0
.,.,n,,0
4,4,c,ExpoOtherNeutral,0
.,.,s,ExpoOtherNeutral,1
*,*,s,,0
*,*,s,,0
Direct,direct,s,NegRelConfront,0
Confrontation,confrontation,s,NegRelConfront,1
*,*,s,,0
*,*,c,,0
:,:,s,,0
Some,some,s,ExpoOtherNeutral,0
laborers,laborers,s,CharTypesNeutral,0
resorted,resorted,s,NegEmotionsDesperate,0
to,to,s,NegEmotionsDesperate,1
more,more,s,CharTraitsNeutral,0
direct,direct,s,CharTraitsNeutral,1
forms,forms,s,SpecialTopicsMiscellanyNeutral,0
of,of,s,SpecialTopicsMiscellanyNeutral,1
protest,protest,c,NegActsPlaintive,0
",",",",s,ExpoExampleNeutral,0
such,such,s,ExpoExampleNeutral,1
as,as,s,ExpoExampleNeutral,2
attacking,attacking,s,NegActsAggressive,0
overseers,overseers,c,CharTypesNeutral,0
",",",",s,,0
drivers,drivers,c,CharTypesNeutral,0
",",",",s,,0
or,or,s,MetadiscourseOtherNeutral,0
even,even,s,MetadiscourseOtherNeutral,1
significant,significant,s,ForcefulSignificantNeutral,0
figures,figures,s,ForcefulSignificantNeutral,1
within,within,s,OtherOrphanedOther,0
the,the,s,OtherOrphanedOther,0
plantation,plantation,s,DescriptVisualNeutral,0
structure,structure,c,SpecialTopicsMiscellanyNeutral,0
.,.,s,,0
These,these,s,OtherOrphanedOther,0
confrontations,confrontations,s,NegRelConfront,0
could,could,s,ContingentRelationshipNeutral,0
involve,involve,s,NarrActsNeutral,0
physical,physical,s,NegActsViolence,0
violence,violence,s,NegActsViolence,1
and,and,s,OtherSyntacticComplexityOther,0
were,were,s,NarrDurationNeutral,0
often,often,s,NarrDurationNeutral,1
spontaneous,spontaneous,s,SpecialTopicsMiscellanyNeutral,0
reactions,reactions,s,SpecialTopicsMiscellanyNeutral,1
to,to,s,OtherOrphanedOther,0
immediate,immediate,s,NarrImmediacyNeutral,0
abuses,abuses,s,NegActsAggressive,0
or,or,s,OtherSyntacticComplexityOther,0
provocations,provocations,c,NegActsProvocation,0
.,.,n,,0
5,5,c,ExpoOtherNeutral,0
.,.,s,ExpoOtherNeutral,1
*,*,s,,0
*,*,s,,0
Petitions,petitions,s,PubCommunicationNeutral,0
and,and,s,OtherSyntacticComplexityOther,0
Appeals,appeals,s,PosEmotionsAppealing,0
*,*,s,,0
*,*,c,,0
:,:,s,,0
Some,some,s,ExpoOtherNeutral,0
indentured,indentured,s,PubLawNeutral,0
laborers,laborers,s,CharTypesNeutral,0
sought,sought,s,StratCognitionNeutral,0
redress,redress,s,DescriptChangePos,0
through,through,s,OtherOrphanedOther,0
formal,formal,s,PubAdministrationNeutral,0
channels,channels,c,PubAdministrationNeutral,1
",",",",s,DescriptVisualNeutral,0
like,like,s,DescriptVisualNeutral,1
petitions,petitions,s,PubCommunicationNeutral,0
to,to,s,OtherOrphanedOther,0
colonial,colonial,s,PubAdministrationNeutral,0
governments,governments,c,PubAdministrationNeutral,1
",",",",s,,0
although,although,s,MetadiscourseContrastNeutral,0
these,these,s,MetadiscourseOtherNeutral,0
were,were,s,MetadiscourseOtherNeutral,1
frequently,frequently,s,NarrDurationNeutral,0
dismissed,dismissed,s,OtherOrphanedOther,0
or,or,s,OtherSyntacticComplexityOther,0
ignored,ignored,s,NegRelIgnore,0
due,due,s,ReasoningOtherNeutral,0
to,to,s,ReasoningOtherNeutral,1
racial,racial,s,SpecialTopicsMiscellanyNeutral,0
and,and,s,OtherSyntacticComplexityOther,0
administrative,administrative,s,PubAdministrationNeutral,0
biases,biases,c,NegRelBias,0
.,.,s,,0
An,an,s,ExpoExampleNeutral,0
example,example,s,ExpoExampleNeutral,1
is,is,s,OtherOrphanedOther,0
Karim,karim,s,CharNamesNeutral,0
Bux's,bux's,s,,0
direct,direct,s,StratDirectAppealNeutral,0
appeal,appeal,s,StratDirectAppealNeutral,1
to,to,s,OtherOrphanedOther,0
the,the,s,PubAdministrationNeutral,0
governor,governor,s,PubAdministrationNeutral,1
in,in,s,NarrTimeShiftNeutral,0
1912,1912,c,NarrTimeShiftNeutral,1
",",",",s,OtherOrphanedOther,0
which,which,s,OtherOrphanedOther,1
was,was,s,NarrOtherNeutral,0
ultimately,ultimately,s,ConfidenceHighNeutral,0
unaddressed,unaddressed,s,NegEmotionsIdentifyGaps,0
despite,despite,s,MetadiscourseContrastNeutral,0
its,its,s,OtherOrphanedOther,0
humble,humble,s,CharTraitsNeutral,0
tone,tone,c,CharTraitsNeutral,1
.,.,n,,0
6,6,c,ExpoOtherNeutral,0
.,.,s,ExpoOtherNeutral,1
*,*,s,,0
*,*,s,,0
Cultural,cultural,s,SpecialTopicsMiscellanyNeutral,0
and,and,s,OtherSyntacticComplexityOther,0
Symbolic,symbolic,s,SpecialTopicsMiscellanyNeutral,0
Acts,acts,s,NarrActsNeutral,0
*,*,s,,0
*,*,c,,0
:,:,s,,0
Resistance,resistance,s,NegActsResist,0
was,was,s,NarrOtherNeutral,0
also,also,s,MetadiscourseAdditionNeutral,0
expressed,expressed,s,InterOtherNeutral,0
through,through,s,OtherOrphanedOther,0
cultural,cultural,s,NegActsResist,0
defiance,defiance,c,NegActsResist,1
",",",",s,ExpoExampleNeutral,0
such,such,s,ExpoExampleNeutral,1
as,as,s,ExpoExampleNeutral,2
the,the,s,OtherOrphanedOther,0
recitation,recitation,s,PubCommunicationNeutral,0
of,of,s,OtherOrphanedOther,0
religious,religious,s,SpecialTopicsMiscellanyNeutral,0
texts,texts,s,SpecialTopicsMiscellanyNeutral,1
or,or,s,OtherSyntacticComplexityOther,0
the,the,s,OtherOrphanedOther,0
destruction,destruction,s,NegActsAggressive,0
of,of,s,NegActsAggressive,1
symbolic,symbolic,s,SpecialTopicsMiscellanyNeutral,0
objects,objects,s,SpecialTopicsMiscellanyNeutral,0
like,like,s,NegActsInjure,0
burning,burning,s,NegActsInjure,1
effigies,effigies,c,DescriptVisualNeutral,0
",",",",s,OtherOrphanedOther,0
which,which,s,OtherOrphanedOther,1
represented,represented,s,SpecialTopicsMiscellanyNeutral,0
the,the,s,OtherOrphanedOther,0
indenture,indenture,s,SpecialTopicsMiscellanyNeutral,0
system,system,s,SpecialTopicsMiscellanyNeutral,1
itself,itself,c,ForcefulEmphaticNeutral,0
.,.,s,,0
This,this,s,OtherOrphanedOther,0
allowed,allowed,s,FacilitateExpediteNeutral,0
laborers,laborers,s,CharTypesNeutral,0
to,to,s,OtherOrphanedOther,0
maintain,maintain,s,NarrDurationNeutral,0
a,a,s,NarrDurationNeutral,1
sense,sense,s,SpecialTopicsMiscellanyNeutral,0
of,of,s,SpecialTopicsMiscellanyNeutral,1
identity,identity,s,SpecialTopicsMiscellanyNeutral,2
and,and,s,OtherSyntacticComplexityOther,0
morality,morality,s,PosValuesOther,0
despite,despite,s,MetadiscourseContrastNeutral,0
the,the,s,OtherOrphanedOther,0
oppressive,oppressive,s,ContingentPossibilityNeg,0
conditions,conditions,c,ContingentPossibilityNeg,1
.,.,n,,0
7,7,c,ExpoOtherNeutral,0
.,.,s,ExpoOtherNeutral,1
*,*,s,,0
*,*,s,,0
Exodus,exodus,s,NarrSceneShiftNeg,0
*,*,s,,0
*,*,c,,0
:,:,s,,0
In,in,s,OtherOrphanedOther,0
some,some,s,ExpoOtherNeutral,0
regions,regions,c,SpecialTopicsPlaceNeutral,0
",",",",s,,0
mass,mass,s,NarrSceneShiftNeutral,0
departures,departures,s,NarrSceneShiftNeutral,1
from,from,s,OtherOrphanedOther,0
plantations,plantations,c,DescriptVisualNeutral,0
",",",",s,,0
known,known,s,NarrActsNeutral,0
as,as,s,NarrActsNeutral,1
exodus,exodus,c,NarrSceneShiftNeg,0
",",",",s,,0
acted,acted,s,ExpoComparisonNeutral,0
as,as,s,ExpoComparisonNeutral,1
a,a,s,ExpoComparisonNeutral,2
potent,potent,s,PosValuesOther,0
form,form,s,SpecialTopicsMiscellanyNeutral,0
of,of,s,SpecialTopicsMiscellanyNeutral,1
protest,protest,c,NegActsPlaintive,0
.,.,s,,0
Workers,workers,s,CharTypesNeutral,0
would,would,s,NarrOtherNeutral,0
collectively,collectively,s,PubAdministrationNeutral,0
abandon,abandon,s,NarrSceneShiftNeg,0
their,their,s,NarrSceneShiftNeg,1
posts,posts,c,DescriptObjectsNeutral,0
",",",",s,,0
symbolizing,symbolizing,s,PubCommunicationNeutral,0
a,a,s,PubCommunicationNeutral,1
mass,mass,s,DescriptObjectsNeutral,0
rejection,rejection,s,NegActsResist,0
of,of,s,OtherSyntacticComplexityOther,0
the,the,s,OtherSyntacticComplexityOther,1
imposed,imposed,s,NegRelImpose,0
living,living,s,NarrBiographyNeutral,0
and,and,s,OtherSyntacticComplexityOther,0
working,working,s,ContingentEventNeutral,0
conditions,conditions,c,ContingentEventNeutral,1
.,.,n,,0
8,8,c,ExpoOtherNeutral,0
.,.,s,ExpoOtherNeutral,1
*,*,s,,0
*,*,s,,0
Suicidal,suicidal,s,NegActsAggressive,0
Acts,acts,s,NegActsAggressive,1
*,*,s,,0
*,*,c,,0
:,:,s,,0
Unfortunately,unfortunately,c,ContingentEventNeg,0
",",",",s,ContingentEventNeg,1
in,in,s,OtherOrphanedOther,0
some,some,s,ExpoOtherNeutral,0
extreme,extreme,s,ExpoOtherNeutral,0
cases,cases,c,ExpoOtherNeutral,1
",",",",s,,0
suicide,suicide,s,NegActsSuicide,0
was,was,s,NarrOtherNeutral,0
a,a,s,NarrOtherNeutral,1
form,form,s,SpecialTopicsMiscellanyNeutral,0
of,of,s,SpecialTopicsMiscellanyNeutral,1
protest,protest,s,NegActsPlaintive,0
against,against,s,NegActsPlaintive,1
the,the,s,OtherOrphanedOther,0
helplessness,helplessness,s,NegEmotionsHelpless,0
felt,felt,s,CharSubjectivityNeutral,0
under,under,s,DescriptVisualNeutral,0
the,the,s,DescriptVisualNeutral,1
system,system,c,SpecialTopicsMiscellanyNeutral,0
",",",",s,MetadiscourseContrastNeutral,0
though,though,s,MetadiscourseContrastNeutral,1
reports,reports,s,NarrActsNeutral,0
of,of,s,NarrActsNeutral,1
this,this,s,MetadiscourseOtherNeutral,0
were,were,s,MetadiscourseOtherNeutral,1
often,often,s,NarrDurationNeutral,0
sidelined,sidelined,s,NegEmotionsOther,0
or,or,s,OtherSyntacticComplexityOther,0
misunderstood,misunderstood,s,NegActsMisunderstand,0
by,by,s,OtherOrphanedOther,0
colonial,colonial,s,SpecialTopicsMiscellanyNeutral,0
authorities,authorities,c,PubAdministrationNeutral,0
.,.,n,,0
These,these,s,OtherOrphanedOther,0
forms,forms,s,SpecialTopicsMiscellanyNeutral,0
of,of,s,SpecialTopicsMiscellanyNeutral,1
protest,protest,s,NegActsPlaintive,0
demonstrate,demonstrate,s,ConfidenceHighNeutral,0
not,not,s,ForcefulEmphaticNeutral,0
only,only,s,ForcefulEmphaticNeutral,1
the,the,s,PosValuesInnovative,0
ingenuity,ingenuity,s,PosValuesInnovative,1
and,and,s,OtherSyntacticComplexityOther,0
resilience,resilience,s,PosActsResilience,0
of,of,s,OtherSyntacticComplexityOther,0
the,the,s,OtherSyntacticComplexityOther,1
indentured,indentured,s,PubLawNeutral,0
laborers,laborers,s,CharTypesNeutral,0
but,but,s,MetadiscourseContrastNeutral,0
also,also,s,MetadiscourseAdditionNeutral,0
the,the,s,OtherOrphanedOther,0
oppressive,oppressive,s,NegActsAggressive,0
circumstances,circumstances,s,ContingentEventNeutral,0
that,that,s,OtherOrphanedOther,0
necessitated,necessitated,s,ConfidenceHighNeutral,0
such,such,s,OtherOrphanedOther,0
acts,acts,c,NarrActsNeutral,0
.,.,s,,0
The,the,s,OtherOrphanedOther,0
systemic,systemic,s,NegActsResist,0
barriers,barriers,s,NegActsResist,1
to,to,s,OtherOrphanedOther,0
organized,organized,s,OtherOrphanedOther,0
resistance,resistance,s,NegActsResist,0
—,—,s,,0
such,such,s,ExpoExampleNeutral,0
as,as,s,ExpoExampleNeutral,1
geographical,geographical,s,SpecialTopicsMiscellanyNeutral,0
dispersion,dispersion,c,NarrSceneShiftNeutral,0
",",",",s,,0
ethnic,ethnic,s,SpecialTopicsMiscellanyNeutral,0
and,and,s,OtherSyntacticComplexityOther,0
caste,caste,s,SpecialTopicsMiscellanyNeutral,0
differences,differences,c,ExpoComparisonNeutral,0
",",",",s,,0
and,and,s,OtherSyntacticComplexityOther,0
the,the,s,OtherSyntacticComplexityOther,1
overwhelming,overwhelming,s,ForcefulIntenseNeutral,0
power,power,s,StratCoordinationNeutral,0
of,of,s,StratCoordinationNeutral,1
colonial,colonial,s,SpecialTopicsMiscellanyNeutral,0
legal,legal,s,PubLawNeutral,0
and,and,s,OtherSyntacticComplexityOther,0
social,social,s,SpecialTopicsMiscellanyNeutral,0
structures,structures,s,SpecialTopicsMiscellanyNeutral,1
—,—,s,,0
made,made,s,NarrActsNeutral,0
these,these,s,OtherOrphanedOther,0
acts,acts,s,OtherOrphanedGenericActivity,0
of,of,s,OtherOrphanedGenericActivity,1
dissent,dissent,s,NegActsResist,0
particularly,particularly,s,ExpoSpecificationNeutral,0
significant,significant,c,ForcefulSignificantNeutral,0
.,.,s,,0
Despite,despite,s,MetadiscourseContrastNeutral,0
not,not,s,NegActsResist,0
always,always,s,NegActsResist,1
achieving,achieving,s,PosActsAchieve,0
immediate,immediate,s,PosActsAchieve,0
success,success,c,PosActsAchieve,1
",",",",s,,0
they,they,s,OtherOrphanedOther,0
nonetheless,nonetheless,s,MetadiscourseContrastNeutral,0
highlighted,highlighted,s,NarrOtherNeutral,0
the,the,s,NarrOtherNeutral,1
injustices,injustices,s,NegValuesInjustice,0
inherent,inherent,s,SpecialTopicsMiscellanyNeutral,0
in,in,s,SpecialTopicsMiscellanyNeutral,1
the,the,s,OtherOrphanedOther,0
labor,labor,s,SpecialTopicsMiscellanyNeutral,0
system,system,s,SpecialTopicsMiscellanyNeutral,1
and,and,s,OtherSyntacticComplexityOther,0
contributed,contributed,s,DescriptChangePos,0
to,to,s,DescriptChangePos,1
the,the,s,OtherOrphanedOther,0
gradual,gradual,s,FutureOtherNeutral,0
push,push,s,DescriptMotionNeutral,0
toward,toward,s,OtherOrphanedOther,0
reform,reform,s,DescriptChangePos,0
and,and,s,OtherSyntacticComplexityOther,0
eventual,eventual,s,NarrSequenceNeutral,0
abolition,abolition,s,NegActsResist,0
of,of,s,OtherOrphanedOther,0
indenture,indenture,c,PubLawNeutral,0
.,.,n,,0
Sources,sources,s,SpecialTopicsMiscellanyNeutral,0
used,used,c,NarrActsNeutral,0
:,:,n,,0
-,-,s,,0
Bates,bates,c,DescriptMotionNeutral,0
",",",",s,,0
C,c,c,OtherOrphanedOther,0
.,.,s,OtherOrphanedOther,1
(,(,c,OtherOrphanedOther,0
Ed,ed,c,SpecialTopicsMiscellanyNeutral,0
.,.,c,SpecialTopicsMiscellanyNeutral,1
),),c,OtherOrphanedOther,0
.,.,s,,0
(,(,c,OtherOrphanedOther,0
2024,2024,c,NarrDurationNeutral,0
),),c,OtherOrphanedOther,0
.,.,s,,0
Beyond,beyond,s,OtherOrphanedOther,0
Indenture,indenture,c,PubLawNeutral,0
.,.,s,,0
txt,txt,n,,0
-,-,s,,0
Benton,benton,c,CharNamesNeutral,0
",",",",s,,0
G,g,c,OtherOrphanedOther,0
.,.,s,OtherOrphanedOther,1
(,(,c,OtherOrphanedOther,0
2022,2022,c,CitationReferenceNeutral,0
),),c,CitationReferenceNeutral,1
.,.,s,,0
Chinese,chinese,s,CharTypesNeutral,0
Indentured,indentured,s,PubLawNeutral,0
Labour,labour,s,,0
in,in,s,OtherOrphanedOther,0
the,the,s,OtherOrphanedOther,0
Dutch,dutch,s,CharTypesNeutral,0
East,east,s,SpecialTopicsPlaceNeutral,0
Indies,indies,c,SpecialTopicsPlaceNeutral,1
.,.,s,,0
txt,txt,n,,0
-,-,s,,0
Harvard,harvard,s,PubLawNeutral,0
Law,law,s,PubLawNeutral,1
Review,review,s,InquiryExplorationNeutral,0
Association,association,c,,0
.,.,s,,0
(,(,c,OtherOrphanedOther,0
2021,2021,c,NarrDurationNeutral,0
),),c,OtherOrphanedOther,0
.,.,s,,0
The,the,s,OtherOrphanedOther,0
agreement,agreement,s,PosRelAgree,0
and,and,s,OtherSyntacticComplexityOther,0
the,the,s,OtherSyntacticComplexityOther,1
girmitiya,girmitiya,c,,0
.,.,s,,0
txt,txt,n,,0
-,-,s,,0
Hay,hay,c,DescriptObjectsNeutral,0
",",",",s,,0
D,d,c,OtherOrphanedOther,0
.,.,c,OtherOrphanedOther,1
",",",",s,,0
&,&,s,,0
Craven,craven,c,NegActsCowardly,0
",",",",s,,0
P,p,c,OtherOrphanedOther,0
.,.,s,OtherOrphanedOther,1
(,(,c,OtherOrphanedOther,0
Eds,eds,c,SpecialTopicsMiscellanyNeutral,0
.,.,c,,0
),),c,OtherOrphanedOther,0
.,.,s,,0
(,(,c,CitationReferenceNeutral,0
2005,2005,c,CitationReferenceNeutral,1
),),c,CitationReferenceNeutral,2
.,.,s,,0
Masters,masters,c,PosValuesOther,0
",",",",s,,0
servants,servants,c,CharTypesNeutral,0
",",",",s,,0
and,and,s,OtherSyntacticComplexityOther,0
magistrates,magistrates,s,CharTypesNeutral,0
in,in,s,OtherOrphanedOther,0
Britain,britain,s,CharNamesNeutral,0
and,and,s,OtherSyntacticComplexityOther,0
the,the,s,OtherSyntacticComplexityOther,1
Empire,empire,c,PubAdministrationNeutral,0
.,.,s,,0
txt,txt,n,,0
-,-,s,,0
Hegde,hegde,c,,0
",",",",s,,0
R,r,c,OtherOrphanedOther,0
.,.,s,OtherOrphanedOther,1
S,s,c,OtherOrphanedOther,0
.,.,c,OtherOrphanedOther,1
",",",",s,,0
&,&,s,,0
Sahoo,sahoo,c,,0
",",",",s,,0
A,a,c,OtherOrphanedOther,0
.,.,s,OtherOrphanedOther,1
K,k,c,OtherOrphanedOther,0
.,.,s,OtherOrphanedOther,1
(,(,c,OtherOrphanedOther,0
Eds,eds,c,SpecialTopicsMiscellanyNeutral,0
.,.,c,,0
),),c,OtherOrphanedOther,0
.,.,s,,0
(,(,c,OtherOrphanedOther,0
2018,2018,c,CitationReferenceNeutral,0
),),c,CitationReferenceNeutral,1
.,.,s,,0
Routledge,routledge,s,CharNamesNeutral,0
handbook,handbook,s,PubAdministrationNeutral,0
of,of,s,PubAdministrationNeutral,1
the,the,s,CharTypesNeutral,0
Indian,indian,s,CharTypesNeutral,1
diaspora,diaspora,c,SpecialTopicsMiscellanyNeutral,0
.,.,s,,0
txt,txt,n,,0
-,-,s,,0
Hoefte,hoefte,c,,0
",",",",s,,0
R,r,c,OtherOrphanedOther,0
.,.,s,OtherOrphanedOther,1
(,(,c,CitationReferenceNeutral,0
2013,2013,c,CitationReferenceNeutral,1
),),c,CitationReferenceNeutral,2
.,.,s,,0
Suriname,suriname,s,SpecialTopicsPlaceNeutral,0
in,in,s,OtherOrphanedOther,0
the,the,s,OtherOrphanedOther,0
long,long,s,DescriptVisualNeutral,0
twentieth,twentieth,s,NarrDurationNeutral,0
century,century,c,NarrDurationNeutral,1
:,:,s,,0
domination,domination,c,StratCompetitionNeutral,0
",",",",s,,0
contestation,contestation,c,StratCompetitionNeutral,0
",",",",s,,0
globalization,globalization,c,SpecialTopicsMiscellanyNeutral,0
.,.,s,,0
txt,txt,n,,0
-,-,s,,0
Khan,khan,c,CharTypesNeutral,0
",",",",s,,0
A,a,c,OtherOrphanedOther,0
.,.,s,OtherOrphanedOther,1
(,(,c,OtherOrphanedOther,0
2021,2021,c,NarrDurationNeutral,0
),),c,OtherOrphanedOther,0
.,.,s,,0
The,the,s,OtherOrphanedOther,0
Deepest,deepest,s,DescriptObjectsNeutral,0
Dye,dye,c,DescriptObjectsNeutral,1
:,:,s,,0
Obeah,obeah,c,SpecialTopicsMiscellanyNeutral,0
",",",",s,,0
Hosay,hosay,c,,0
",",",",s,,0
and,and,s,OtherSyntacticComplexityOther,0
Race,race,s,DescriptMotionNeutral,0
in,in,s,DescriptVisualNeutral,0
the,the,s,DescriptVisualNeutral,1
Atlantic,atlantic,s,DescriptVisualNeutral,2
World,world,c,SpecialTopicsPlaceNeutral,0
.,.,s,,0
txt,txt,n,,0
-,-,s,,0
Kumar,kumar,c,CharNamesNeutral,0
",",",",s,,0
A,a,c,OtherOrphanedOther,0
.,.,c,OtherOrphanedOther,1
",",",",s,,0
&,&,s,,0
Bates,bates,c,DescriptMotionNeutral,0
",",",",s,,0
C,c,c,OtherOrphanedOther,0
.,.,s,OtherOrphanedOther,1
(,(,c,OtherOrphanedOther,0
Eds,eds,c,SpecialTopicsMiscellanyNeutral,0
.,.,c,,0
),),c,OtherOrphanedOther,0
.,.,s,,0
(,(,c,OtherOrphanedOther,0
2024,2024,c,NarrDurationNeutral,0
),),c,OtherOrphanedOther,0
.,.,s,,0
Girmitiyas,girmitiyas,s,,0
and,and,s,OtherSyntacticComplexityOther,0
the,the,s,OtherSyntacticComplexityOther,1
Global,global,s,SpecialTopicsMiscellanyNeutral,0
Indian,indian,s,CharTypesNeutral,0
Diaspora,diaspora,c,SpecialTopicsMiscellanyNeutral,0
:,:,s,,0
Origins,origins,c,NarrSequenceNeutral,0
",",",",s,,0
Memories,memories,c,CharMentalStatesNeutral,0
",",",",s,,0
and,and,s,OtherSyntacticComplexityOther,0
Identity,identity,c,SpecialTopicsMiscellanyNeutral,0
.,.,s,,0
txt,txt,n,,0
-,-,s,,0
Lai,lai,c,CharNamesNeutral,0
",",",",s,,0
W,w,c,OtherOrphanedOther,0
.,.,s,OtherOrphanedOther,1
L,l,c,OtherOrphanedOther,0
.,.,s,OtherOrphanedOther,1
(,(,c,CitationReferenceNeutral,0
1998,1998,c,CitationReferenceNeutral,1
),),c,CitationReferenceNeutral,2
.,.,s,,0
The,the,s,OtherOrphanedOther,0
Chinese,chinese,s,CharTypesNeutral,0
in,in,s,DescriptVisualNeutral,0
the,the,s,DescriptVisualNeutral,1
West,west,s,DescriptVisualNeutral,2
Indies,indies,c,SpecialTopicsMiscellanyNeutral,0
.,.,s,,0
txt,txt,n,,0
-,-,s,,0
Lal,lal,c,CharNamesNeutral,0
",",",",s,,0
B,b,c,OtherOrphanedOther,0
.,.,s,OtherOrphanedOther,1
V,v,c,OtherOrphanedOther,0
.,.,c,OtherOrphanedOther,1
",",",",s,,0
Munro,munro,c,CharNamesNeutral,0
",",",",s,,0
D,d,c,OtherOrphanedOther,0
.,.,c,OtherOrphanedOther,1
",",",",s,,0
&,&,s,,0
Beechert,beechert,c,,0
",",",",s,,0
E,e,c,OtherOrphanedOther,0
.,.,s,OtherOrphanedOther,1
D,d,c,OtherOrphanedOther,0
.,.,s,OtherOrphanedOther,1
(,(,c,OtherOrphanedOther,0
Eds,eds,c,SpecialTopicsMiscellanyNeutral,0
.,.,c,,0
),),c,OtherOrphanedOther,0
.,.,s,,0
(,(,c,CitationReferenceNeutral,0
1993,1993,c,CitationReferenceNeutral,1
),),c,CitationReferenceNeutral,2
.,.,s,,0
Plantation,plantation,s,DescriptVisualNeutral,0
Workers,workers,c,CharTypesNeutral,0
:,:,s,,0
resistance,resistance,s,NegActsResist,0
and,and,s,OtherSyntacticComplexityOther,0
accommodation,accommodation,c,FacilitateAccommodatePos,0
.,.,s,,0
txt,txt,n,,0
-,-,s,,0
V,v,s,OtherOrphanedOther,0
Lal,lal,c,CharNamesNeutral,0
",",",",s,,0
B,b,c,OtherOrphanedOther,0
.,.,s,OtherOrphanedOther,1
(,(,c,CitationReferenceNeutral,0
2012,2012,c,CitationReferenceNeutral,1
),),c,CitationReferenceNeutral,2
.,.,s,,0
Chalo,chalo,s,,0
Jahaji,jahaji,c,,0
:,:,s,,0
On,on,s,NarrDurationNeutral,0
a,a,s,NarrDurationNeutral,1
journey,journey,s,NarrDurationNeutral,2
through,through,s,OtherOrphanedOther,0
indenture,indenture,s,PubLawNeutral,0
in,in,s,OtherOrphanedOther,0
Fiji,fiji,c,SpecialTopicsPlaceNeutral,0
.,.,s,,0
txt,txt,n,,0
-,-,s,,0
Valdez,valdez,c,,0
",",",",s,,0
I,i,c,OtherOrphanedOther,0
.,.,s,OtherOrphanedOther,1
(,(,c,OtherOrphanedOther,0
2021,2021,c,NarrDurationNeutral,0
),),c,OtherOrphanedOther,0
.,.,s,,0
Socialism,socialism,s,PubPoliticsNeutral,0
and,and,s,OtherSyntacticComplexityOther,0
empire,empire,c,PubAdministrationNeutral,0
:,:,s,InterCommandNeutral,0
labor,labor,s,InterCommandNeutral,1
mobility,mobility,c,PosValuesOther,0
",",",",s,,0
racial,racial,s,PubPoliticsNeutral,0
capitalism,capitalism,c,PubPoliticsNeutral,1
",",",",s,,0
and,and,s,OtherSyntacticComplexityOther,0
the,the,s,OtherSyntacticComplexityOther,1
political,political,s,SpecialTopicsMiscellanyNeutral,0
theory,theory,s,SpecialTopicsMiscellanyNeutral,1
of,of,s,OtherOrphanedOther,0
migration,migration,c,NarrSceneShiftNeutral,0
.,.,s,,0
txt,txt,n,,0
The,the,s,OtherOrphanedOther,0
caste,caste,s,SpecialTopicsMiscellanyNeutral,0
system,system,s,SpecialTopicsMiscellanyNeutral,1
as,as,s,OtherOrphanedOther,0
practiced,practiced,s,OtherOrphanedGenericActivity,0
in,in,s,OtherOrphanedOther,0
India,india,s,SpecialTopicsPlaceNeutral,0
did,did,s,NegActsResist,0
not,not,s,NegActsResist,1
fully,fully,s,ForcefulIntenseNeutral,0
reinvent,reinvent,s,NarrDurationNeutral,0
itself,itself,s,ForcefulEmphaticNeutral,0
in,in,s,OtherOrphanedOther,0
Suriname,suriname,c,SpecialTopicsPlaceNeutral,0
.,.,s,ForcefulEmphaticNeutral,0
There,there,s,ForcefulEmphaticNeutral,1
were,were,s,ForcefulEmphaticNeutral,2
several,several,s,ExpoOtherNeutral,0
reasons,reasons,s,ReasoningOtherNeutral,0
for,for,s,ReasoningOtherNeutral,1
this,this,c,NarrImmediacyNeutral,0
",",",",s,NarrImmediacyNeutral,1
rooted,rooted,s,DescriptVisualNeutral,0
in,in,s,DescriptVisualNeutral,1
the,the,s,DescriptVisualNeutral,2
social,social,c,,0
",",",",s,,0
economic,economic,c,SpecialTopicsMiscellanyNeutral,0
",",",",s,,0
and,and,s,OtherSyntacticComplexityOther,0
cultural,cultural,s,NarrTurningPointNeutral,0
changes,changes,s,NarrTurningPointNeutral,1
that,that,s,OtherOrphanedOther,0
the,the,s,CharTypesNeutral,0
Indian,indian,s,CharTypesNeutral,1
indentured,indentured,s,PubLawNeutral,0
laborers,laborers,s,CharTypesNeutral,0
experienced,experienced,s,NarrActsNeutral,0
upon,upon,s,NarrBiographyNeutral,0
their,their,s,NarrBiographyNeutral,1
migration,migration,s,NarrSceneShiftNeutral,0
to,to,s,OtherOrphanedOther,0
Suriname,suriname,c,SpecialTopicsPlaceNeutral,0
.,.,n,,0
1,1,c,ExpoOtherNeutral,0
.,.,s,ExpoOtherNeutral,1
*,*,s,,0
*,*,s,,0
Shared,shared,s,OtherOrphanedOther,0
Labor,labor,s,SpecialTopicsMiscellanyNeutral,0
and,and,s,OtherSyntacticComplexityOther,0
Conditions,conditions,s,ContingentEventNeutral,0
*,*,s,,0
*,*,c,,0
:,:,s,,0
In,in,s,OtherOrphanedOther,0
Suriname,suriname,c,SpecialTopicsPlaceNeutral,0
",",",",s,,0
the,the,s,OtherOrphanedOther,0
caste,caste,s,SpecialTopicsMiscellanyNeutral,0
system’s,system’s,s,SpecialTopicsMiscellanyNeutral,0
influence,influence,s,StratCoordinationNeutral,0
waned,waned,s,DescriptChangeNeg,0
primarily,primarily,s,ForcefulEmphaticNeutral,0
due,due,s,ReasoningOtherNeutral,0
to,to,s,ReasoningOtherNeutral,1
the,the,s,ReasoningOtherNeutral,2
shared,shared,s,OtherOrphanedOther,0
labor,labor,s,ContingentEventNeutral,0
conditions,conditions,s,ContingentEventNeutral,1
on,on,s,OtherSyntacticComplexityOther,0
the,the,s,OtherSyntacticComplexityOther,1
plantations,plantations,c,DescriptVisualNeutral,0
.,.,s,MetadiscourseContrastNeutral,0
Regardless,regardless,s,MetadiscourseContrastNeutral,1
of,of,s,MetadiscourseContrastNeutral,2
their,their,s,CharNamesNeutral,0
caste,caste,s,SpecialTopicsMiscellanyNeutral,0
backgrounds,backgrounds,c,ContingentEventNeutral,0
",",",",s,ReasoningOtherNeutral,0
all,all,s,ReasoningOtherNeutral,1
indentured,indentured,s,PubLawNeutral,0
laborers,laborers,s,CharTypesNeutral,0
were,were,s,NegActsAggressive,0
subjected,subjected,s,NegActsAggressive,1
to,to,s,NegActsAggressive,2
the,the,s,ExpoComparisonNeutral,0
same,same,s,ExpoComparisonNeutral,1
work,work,s,OtherOrphanedOther,0
and,and,s,OtherSyntacticComplexityOther,0
living,living,s,NarrImmediacyNeutral,0
conditions,conditions,c,NarrImmediacyNeutral,1
.,.,s,,0
This,this,s,OtherOrphanedOther,0
encouraged,encouraged,s,FacilitateEncouragePos,0
a,a,s,OtherOrphanedOther,0
degree,degree,s,SpecialTopicsMiscellanyNeutral,0
of,of,s,SpecialTopicsMiscellanyNeutral,1
equality,equality,s,PosValuesEquality,0
and,and,s,OtherSyntacticComplexityOther,0
solidarity,solidarity,s,PosRelSolidarity,0
among,among,s,OtherSyntacticComplexityOther,0
the,the,s,OtherSyntacticComplexityOther,1
laborers,laborers,c,CharTypesNeutral,0
",",",",s,,0
significantly,significantly,s,ForcefulIntenseNeutral,0
weakening,weakening,s,DescriptChangeNeg,0
the,the,s,OtherOrphanedOther,0
traditional,traditional,s,SpecialTopicsMiscellanyNeutral,0
caste,caste,s,SpecialTopicsMiscellanyNeutral,1
hierarchies,hierarchies,s,SpecialTopicsMiscellanyNeutral,2
that,that,s,OtherOrphanedOther,0
they,they,s,OtherOrphanedOther,0
might,might,s,ConfidenceHedgedNeutral,0
have,have,s,ConfidenceHedgedNeutral,1
adhered,adhered,s,OtherOrphanedOther,0
to,to,s,OtherOrphanedOther,1
in,in,s,OtherOrphanedOther,0
India,india,c,SpecialTopicsPlaceNeutral,0
.,.,n,,0
2,2,c,ExpoOtherNeutral,0
.,.,s,ExpoOtherNeutral,1
*,*,s,,0
*,*,s,,0
Shortage,shortage,s,NegValuesOther,0
of,of,s,OtherOrphanedOther,0
Women,women,s,CharTypesNeutral,0
and,and,s,OtherSyntacticComplexityOther,0
Mixed,mixed,s,NarrBiographyNeutral,0
Marriages,marriages,s,NarrBiographyNeutral,1
*,*,s,,0
*,*,c,,0
:,:,s,,0
The,the,s,OtherOrphanedOther,0
shortage,shortage,s,NegValuesOther,0
of,of,s,OtherOrphanedOther,0
women,women,s,CharTypesNeutral,0
among,among,s,OtherSyntacticComplexityOther,0
the,the,s,OtherSyntacticComplexityOther,1
early,early,s,NarrSequenceNeutral,0
Indian,indian,s,CharTypesNeutral,0
migrants,migrants,s,NarrSceneShiftNeutral,0
and,and,s,OtherSyntacticComplexityOther,0
the,the,s,OtherSyntacticComplexityOther,1
prolonged,prolonged,s,NarrDurationNeutral,0
periods,periods,s,NarrDurationNeutral,1
living,living,s,NarrBiographyNeutral,0
together,together,s,NarrBiographyNeutral,1
during,during,s,NarrDurationNeutral,0
transit,transit,s,NarrSceneShiftNeutral,0
and,and,s,OtherSyntacticComplexityOther,0
in,in,s,OtherSyntacticComplexityOther,1
labor,labor,s,SpecialTopicsMiscellanyNeutral,0
depots,depots,s,DescriptObjectsNeutral,0
encouraged,encouraged,s,FacilitateEncouragePos,0
the,the,s,ExpoOtherNeutral,0
formation,formation,s,ExpoOtherNeutral,1
of,of,s,ExpoOtherNeutral,2
mixed,mixed,s,NarrBiographyNeutral,0
marriages,marriages,c,NarrBiographyNeutral,1
.,.,s,,0
This,this,s,OtherOrphanedOther,0
further,further,s,MetadiscourseOtherNeutral,0
diluted,diluted,s,DescriptChangeNeutral,0
strict,strict,s,PubAdministrationNeutral,0
adherence,adherence,s,PosRelAccept,0
to,to,s,PosRelAccept,1
caste,caste,s,SpecialTopicsMiscellanyNeutral,0
norms,norms,c,PubAdministrationNeutral,0
",",",",s,,0
especially,especially,s,ExpoOtherNeutral,0
the,the,s,ExpoOtherNeutral,1
tradition,tradition,s,NarrOtherNeutral,0
of,of,s,OtherOrphanedOther,0
marrying,marrying,s,NarrBiographyNeutral,0
within,within,s,OtherOrphanedOther,0
one’s,one’s,s,ForcefulEmphaticNeutral,0
own,own,s,ForcefulEmphaticNeutral,1
caste,caste,c,SpecialTopicsMiscellanyNeutral,0
.,.,s,,0
These,these,s,OtherOrphanedOther,0
circumstances,circumstances,s,ContingentEventNeutral,0
promoted,promoted,s,FacilitateSponsorNeutral,0
greater,greater,s,ExpoComparisonNeutral,0
inter-caste,inter-caste,s,,0
interaction,interaction,s,SpecialTopicsMiscellanyNeutral,0
and,and,s,OtherSyntacticComplexityOther,0
integration,integration,c,SpecialTopicsMiscellanyNeutral,0
.,.,n,,0
3,3,c,ExpoOtherNeutral,0
.,.,s,ExpoOtherNeutral,1
*,*,s,,0
*,*,s,,0
The,the,s,ReasoningOtherNeutral,0
Influence,influence,s,ReasoningOtherNeutral,1
of,of,s,ReasoningOtherNeutral,2
Arya,arya,s,CharNamesNeutral,0
Samaj,samaj,s,,0
*,*,s,,0
*,*,c,,0
:,:,s,,0
The,the,s,OtherOrphanedOther,0
arrival,arrival,s,NarrSceneShiftNeutral,0
of,of,s,NarrSceneShiftNeutral,1
the,the,s,OtherOrphanedOther,0
Arya,arya,s,CharNamesNeutral,0
Samaj,samaj,s,,0
movement,movement,s,SpecialTopicsMiscellanyNeutral,0
in,in,s,OtherOrphanedOther,0
Suriname,suriname,s,SpecialTopicsPlaceNeutral,0
during,during,s,NarrDurationNeutral,0
the,the,s,NarrDurationNeutral,1
1920s,1920s,s,NarrOtherNeutral,0
also,also,s,MetadiscourseAdditionNeutral,0
played,played,s,StratCoordinationNeutral,0
a,a,s,StratCoordinationNeutral,1
role,role,s,StratCoordinationNeutral,2
in,in,s,StratCoordinationNeutral,3
transforming,transforming,s,DescriptChangeNeutral,0
traditional,traditional,s,NarrOtherNeutral,0
caste,caste,s,SpecialTopicsMiscellanyNeutral,0
practices,practices,c,OtherOrphanedGenericActivity,0
.,.,s,,0
The,the,s,OtherOrphanedOther,0
Arya,arya,s,CharNamesNeutral,0
Samaj,samaj,c,,0
",",",",s,,0
with,with,s,DescriptVisualNeutral,0
its,its,s,DescriptVisualNeutral,1
emphasis,emphasis,s,ForcefulEmphaticNeutral,0
on,on,s,ForcefulEmphaticNeutral,1
returning,returning,s,NarrSceneShiftNeutral,0
to,to,s,NarrSceneShiftNeutral,1
the,the,s,CitationOtherNeutral,0
teachings,teachings,s,CitationOtherNeutral,1
of,of,s,CitationOtherNeutral,2
the,the,s,OtherOrphanedOther,0
Vedas,vedas,s,SpecialTopicsMiscellanyNeutral,0
and,and,s,OtherSyntacticComplexityOther,0
its,its,s,OtherOrphanedOther,0
rejection,rejection,s,NegActsResist,0
of,of,s,OtherOrphanedOther,0
certain,certain,s,OtherOrphanedOther,0
entrenched,entrenched,s,SpecialTopicsMiscellanyNeutral,0
Hindu,hindu,s,SpecialTopicsMiscellanyNeutral,0
practices,practices,s,OtherOrphanedGenericActivity,0
such,such,s,ExpoExampleNeutral,0
as,as,s,ExpoExampleNeutral,1
polytheism,polytheism,s,SpecialTopicsMiscellanyNeutral,0
and,and,s,OtherSyntacticComplexityOther,0
caste-based,caste-based,s,SpecialTopicsMiscellanyNeutral,0
discrimination,discrimination,c,SpecialTopicsMiscellanyNeutral,0
",",",",s,,0
challenged,challenged,s,CharTraitsNeutral,0
traditional,traditional,s,NarrOtherNeutral,0
caste,caste,s,SpecialTopicsMiscellanyNeutral,0
identities,identities,s,,0
and,and,s,OtherSyntacticComplexityOther,0
customs,customs,c,PubAdministrationNeutral,0
.,.,s,,0
This,this,s,OtherOrphanedOther,0
movement,movement,s,SpecialTopicsMiscellanyNeutral,0
encouraged,encouraged,s,FacilitateEncouragePos,0
Hindus,hindus,s,CharTypesNeutral,0
in,in,s,OtherOrphanedOther,0
Suriname,suriname,s,SpecialTopicsPlaceNeutral,0
to,to,s,OtherOrphanedOther,0
refer,refer,s,NarrActsNeutral,0
to,to,s,NarrActsNeutral,1
their,their,s,NarrActsNeutral,2
practice,practice,s,OtherOrphanedGenericActivity,0
as,as,s,OtherOrphanedOther,0
Sanatan,sanatan,s,,0
Dharma,dharma,c,SpecialTopicsMiscellanyNeutral,0
",",",",s,,0
stressing,stressing,s,ForcefulEmphaticNeutral,0
the,the,s,ForcefulEmphaticNeutral,1
eternal,eternal,s,ForcefulEmphaticNeutral,0
nature,nature,s,SpecialTopicsMiscellanyNeutral,0
of,of,s,OtherSyntacticComplexityOther,0
their,their,s,OtherSyntacticComplexityOther,1
faith,faith,s,ConfidenceHighPos,0
rather,rather,s,ExpoOtherNeutral,0
than,than,s,ExpoOtherNeutral,1
rigid,rigid,s,NegEmotionsOther,0
caste,caste,s,SpecialTopicsMiscellanyNeutral,0
structures,structures,c,SpecialTopicsMiscellanyNeutral,0
.,.,n,,0
4,4,c,ExpoOtherNeutral,0
.,.,s,ExpoOtherNeutral,1
*,*,s,,0
*,*,s,,0
Socio-Economic,socio-economic,s,PubAdministrationNeutral,0
Mobility,mobility,s,PosValuesOther,0
*,*,s,,0
*,*,c,,0
:,:,s,,0
Over,over,s,NarrOtherNeutral,0
time,time,c,NarrOtherNeutral,1
",",",",s,,0
the,the,s,PosValuesOther,0
opportunity,opportunity,s,PosValuesOther,1
for,for,s,OtherOrphanedOther,0
economic,economic,s,SpecialTopicsMiscellanyNeutral,0
and,and,s,OtherSyntacticComplexityOther,0
social,social,s,SpecialTopicsMiscellanyNeutral,0
mobility,mobility,s,SpecialTopicsMiscellanyNeutral,1
within,within,s,OtherOrphanedOther,0
Suriname,suriname,s,SpecialTopicsPlaceNeutral,0
also,also,s,MetadiscourseAdditionNeutral,0
reduced,reduced,s,DescriptChangeNeutral,0
the,the,s,DescriptChangeNeutral,1
importance,importance,s,ForcefulSignificantNeutral,0
of,of,s,OtherOrphanedOther,0
caste,caste,c,SpecialTopicsMiscellanyNeutral,0
.,.,s,NarrDurationNeutral,0
As,as,s,NarrDurationNeutral,1
the,the,s,NarrDurationNeutral,2
descendants,descendants,s,UncertaintyIndefiniteNeutral,0
of,of,s,OtherOrphanedOther,0
these,these,s,OtherOrphanedOther,0
early,early,s,NarrSequenceNeutral,0
Indian,indian,s,CharTypesNeutral,0
migrants,migrants,s,NarrSceneShiftNeutral,0
integrated,integrated,s,StratCoordinationNeutral,0
more,more,s,ExpoComparisonNeutral,0
with,with,s,OtherOrphanedOther,0
other,other,s,,0
ethnic,ethnic,s,SpecialTopicsMiscellanyNeutral,0
groups,groups,s,SpecialTopicsMiscellanyNeutral,0
and,and,s,OtherSyntacticComplexityOther,0
engaged,engaged,s,NarrActsNeutral,0
in,in,s,NarrActsNeutral,1
different,different,s,ExpoComparisonNeutral,0
occupations,occupations,c,SpecialTopicsMiscellanyNeutral,0
",",",",s,,0
the,the,s,OtherOrphanedOther,0
rigid,rigid,s,NegEmotionsOther,0
social,social,s,SpecialTopicsMiscellanyNeutral,0
structure,structure,s,SpecialTopicsMiscellanyNeutral,1
dictated,dictated,s,NarrActsNeutral,0
by,by,s,OtherOrphanedOther,0
caste,caste,s,SpecialTopicsMiscellanyNeutral,0
became,became,s,DescriptChangeNeutral,0
less,less,s,ExpoComparisonNeutral,0
relevant,relevant,c,ReasoningDefendPos,0
.,.,n,,0
5,5,c,ExpoOtherNeutral,0
.,.,s,ExpoOtherNeutral,1
*,*,s,,0
*,*,s,,0
Continued,continued,s,NarrDurationNeutral,0
Influence,influence,s,StratCoordinationNeutral,0
in,in,s,OtherOrphanedOther,0
Social,social,s,SpecialTopicsMiscellanyNeutral,0
Status,status,s,SpecialTopicsMiscellanyNeutral,1
*,*,s,,0
*,*,c,,0
:,:,s,,0
Although,although,s,MetadiscourseContrastNeutral,0
the,the,s,OtherOrphanedOther,0
traditional,traditional,s,NarrOtherNeutral,0
caste,caste,s,SpecialTopicsMiscellanyNeutral,0
system,system,s,SpecialTopicsMiscellanyNeutral,1
did,did,s,NegActsResist,0
not,not,s,NegActsResist,1
maintain,maintain,s,NarrDurationNeutral,0
its,its,s,NarrDurationNeutral,1
formal,formal,s,SpecialTopicsMiscellanyNeutral,0
structure,structure,c,SpecialTopicsMiscellanyNeutral,0
",",",",s,,0
remnants,remnants,s,NarrOtherNeutral,0
of,of,s,NarrOtherNeutral,1
its,its,s,OtherOrphanedOther,0
influence,influence,s,StratCoordinationNeutral,0
persisted,persisted,s,CharTraitsNeutral,0
in,in,s,CharTraitsNeutral,1
subtle,subtle,s,ReasoningAnalyzeNeutral,0
social,social,s,SpecialTopicsMiscellanyNeutral,0
statuses,statuses,s,SpecialTopicsMiscellanyNeutral,1
and,and,s,OtherSyntacticComplexityOther,0
distinctions,distinctions,c,MetadiscourseContrastNeutral,0
",",",",s,,0
particularly,particularly,s,ExpoSpecificationNeutral,0
among,among,s,OtherSyntacticComplexityOther,0
the,the,s,OtherSyntacticComplexityOther,1
Brahmins,brahmins,s,,0
who,who,s,OtherOrphanedOther,0
managed,managed,s,CharTraitsNeutral,0
to,to,s,CharTraitsNeutral,1
retain,retain,s,CharTraitsNeutral,2
a,a,s,OtherOrphanedOther,0
degree,degree,s,SpecialTopicsMiscellanyNeutral,0
of,of,s,SpecialTopicsMiscellanyNeutral,1
prestige,prestige,s,PosValuesOther,0
due,due,s,ReasoningOtherNeutral,0
to,to,s,ReasoningOtherNeutral,1
their,their,s,CharNamesNeutral,0
roles,roles,s,SpecialTopicsMiscellanyNeutral,0
in,in,s,OtherOrphanedOther,0
religious,religious,s,NarrDurationNeutral,0
rituals,rituals,s,NarrDurationNeutral,1
and,and,s,OtherSyntacticComplexityOther,0
societal,societal,s,PubAdministrationNeutral,0
functions,functions,c,SpecialTopicsMiscellanyNeutral,0
.,.,n,,0
6,6,c,ExpoOtherNeutral,0
.,.,s,ExpoOtherNeutral,1
*,*,s,,0
*,*,s,,0
Transformation,transformation,s,DescriptChangeNeutral,0
in,in,s,OtherOrphanedOther,0
Family,family,s,SpecialTopicsMiscellanyNeutral,0
Structures,structures,s,SpecialTopicsMiscellanyNeutral,0
*,*,s,,0
*,*,c,,0
:,:,s,,0
Initially,initially,c,NarrSequenceNeutral,0
",",",",s,,0
Hindustani,hindustani,s,,0
families,families,s,SpecialTopicsMiscellanyNeutral,0
tried,tried,s,NarrDurationNeutral,0
to,to,s,NarrDurationNeutral,1
maintain,maintain,s,NarrDurationNeutral,2
some,some,s,ExpoOtherNeutral,0
traditional,traditional,s,SpecialTopicsMiscellanyNeutral,0
family,family,s,SpecialTopicsMiscellanyNeutral,1
structures,structures,s,SpecialTopicsMiscellanyNeutral,0
like,like,s,OtherOrphanedOther,0
joint,joint,s,StratCoordinationNeutral,0
families,families,s,StratCoordinationNeutral,1
and,and,s,OtherSyntacticComplexityOther,0
arranged,arranged,s,NarrActsNeutral,0
marriages,marriages,c,NarrActsNeutral,1
",",",",s,MetadiscourseContrastNeutral,0
but,but,s,MetadiscourseContrastNeutral,1
these,these,s,OtherOrphanedOther,0
structures,structures,s,SpecialTopicsMiscellanyNeutral,0
gradually,gradually,s,FutureOtherNeutral,0
lost,lost,s,NegEmotionsOther,0
their,their,s,NegEmotionsOther,1
appeal,appeal,s,PosEmotionsAppealing,0
due,due,s,ReasoningOtherNeutral,0
to,to,s,ReasoningOtherNeutral,1
urbanization,urbanization,c,DescriptChangeNeutral,0
",",",",s,,0
exposure,exposure,s,NegRelExpose,0
to,to,s,NegRelExpose,1
other,other,s,,0
cultural,cultural,s,SpecialTopicsMiscellanyNeutral,0
influences,influences,c,StratCoordinationNeutral,0
",",",",s,,0
and,and,s,OtherSyntacticComplexityOther,0
evolving,evolving,s,DescriptChangePos,0
economic,economic,s,ContingentEventNeutral,0
conditions,conditions,c,ContingentEventNeutral,1
",",",",s,,0
causing,causing,s,ReasoningOtherNeutral,0
a,a,s,ReasoningOtherNeutral,1
shift,shift,s,DescriptChangeNeutral,0
towards,towards,s,OtherSyntacticComplexityOther,0
more,more,s,ExpoComparisonNeutral,0
nuclear,nuclear,s,SpecialTopicsMiscellanyNeutral,0
family,family,s,SpecialTopicsMiscellanyNeutral,1
setups,setups,s,NarrSequenceNeutral,0
and,and,s,OtherSyntacticComplexityOther,0
individual,individual,s,CharTraitsNeutral,0
choice,choice,s,CharTraitsNeutral,1
in,in,s,NarrBiographyNeutral,0
marriage,marriage,c,NarrBiographyNeutral,1
.,.,n,,0
In,in,s,MetadiscourseCuesNeutral,0
conclusion,conclusion,c,MetadiscourseCuesNeutral,1
",",",",s,MetadiscourseCuesNeutral,2
while,while,s,NarrDurationNeutral,0
the,the,s,NarrDurationNeutral,1
caste,caste,s,SpecialTopicsMiscellanyNeutral,0
system,system,s,SpecialTopicsMiscellanyNeutral,1
in,in,s,OtherSyntacticComplexityOther,0
its,its,s,OtherSyntacticComplexityOther,1
traditional,traditional,s,NarrOtherNeutral,0
form,form,s,OtherOrphanedOther,0
did,did,s,NegActsResist,0
not,not,s,NegActsResist,1
reinvent,reinvent,s,NarrDurationNeutral,0
itself,itself,s,ForcefulEmphaticNeutral,0
in,in,s,OtherOrphanedOther,0
Suriname,suriname,c,SpecialTopicsPlaceNeutral,0
",",",",s,SpecialTopicsMiscellanyNeutral,0
its,its,s,SpecialTopicsMiscellanyNeutral,1
influence,influence,s,StratCoordinationNeutral,0
largely,largely,s,DescriptChangeNeg,0
diminished,diminished,s,DescriptChangeNeg,1
due,due,s,ReasoningOtherNeutral,0
to,to,s,ReasoningOtherNeutral,1
the,the,s,ReasoningOtherNeutral,2
new,new,s,NarrImmediacyNeutral,0
social,social,s,SpecialTopicsMiscellanyNeutral,0
dynamics,dynamics,s,SpecialTopicsMiscellanyNeutral,1
and,and,s,OtherSyntacticComplexityOther,0
cultural,cultural,s,SpecialTopicsMiscellanyNeutral,0
exchanges,exchanges,s,NarrActsNeutral,0
in,in,s,OtherOrphanedOther,0
the,the,s,SpecialTopicsMiscellanyNeutral,0
colony,colony,c,SpecialTopicsMiscellanyNeutral,1
.,.,s,,0
Any,any,s,ExpoOtherNeutral,0
residual,residual,s,SpecialTopicsMiscellanyNeutral,0
elements,elements,s,SpecialTopicsMiscellanyNeutral,0
of,of,s,SpecialTopicsMiscellanyNeutral,1
caste,caste,s,SpecialTopicsMiscellanyNeutral,0
appeared,appeared,s,DescriptVisualNeutral,0
in,in,s,DescriptVisualNeutral,1
transformed,transformed,s,DescriptChangeNeutral,0
ways,ways,s,DescriptObjectsNeutral,0
within,within,s,OtherOrphanedOther,0
a,a,s,OtherOrphanedOther,0
society,society,s,PubAdministrationNeutral,0
that,that,s,OtherOrphanedOther,0
prioritized,prioritized,s,StratCoordinationNeutral,0
new,new,s,NarrImmediacyNeutral,0
forms,forms,s,SpecialTopicsMiscellanyNeutral,0
of,of,s,SpecialTopicsMiscellanyNeutral,1
community,community,s,SpecialTopicsMiscellanyNeutral,0
organization,organization,s,SpecialTopicsMiscellanyNeutral,1
and,and,s,OtherSyntacticComplexityOther,0
identity,identity,c,SpecialTopicsMiscellanyNeutral,0
",",",",s,,0
primarily,primarily,s,CharTraitsNeutral,0
driven,driven,s,CharTraitsNeutral,1
by,by,s,CharTraitsNeutral,2
the,the,s,OtherOrphanedOther,0
integration,integration,s,SpecialTopicsMiscellanyNeutral,0
into,into,s,DescriptChangeNeutral,0
a,a,s,DescriptChangeNeutral,1
multicultural,multicultural,s,SpecialTopicsMiscellanyNeutral,0
society,society,c,PubAdministrationNeutral,0
.,.,n,,0
Sources,sources,s,SpecialTopicsMiscellanyNeutral,0
used,used,c,NarrActsNeutral,0
:,:,n,,0
-,-,s,,0
Bates,bates,c,DescriptMotionNeutral,0
",",",",s,,0
C,c,c,OtherOrphanedOther,0
.,.,s,OtherOrphanedOther,1
(,(,c,OtherOrphanedOther,0
Ed,ed,c,SpecialTopicsMiscellanyNeutral,0
.,.,c,SpecialTopicsMiscellanyNeutral,1
),),c,OtherOrphanedOther,0
.,.,s,,0
(,(,c,OtherOrphanedOther,0
2024,2024,c,NarrDurationNeutral,0
),),c,OtherOrphanedOther,0
.,.,s,,0
Beyond,beyond,s,OtherOrphanedOther,0
Indenture,indenture,c,PubLawNeutral,0
.,.,s,,0
txt,txt,n,,0
-,-,s,,0
Buddingh,buddingh,c,,0
’,',c,,0
",",",",s,,0
H,h,c,OtherOrphanedOther,0
.,.,s,OtherOrphanedOther,1
(,(,c,CitationReferenceNeutral,0
1995,1995,c,CitationReferenceNeutral,1
),),c,CitationReferenceNeutral,2
.,.,s,,0
A,a,s,OtherOrphanedOther,0
history,history,s,NarrOtherNeutral,0
of,of,s,NarrOtherNeutral,1
Suriname,suriname,c,SpecialTopicsPlaceNeutral,0
.,.,s,,0
txt,txt,n,,0
-,-,s,,0
Fat,fat,c,CharTypesNeutral,0
",",",",s,,0
P,p,c,OtherOrphanedOther,0
.,.,s,OtherOrphanedOther,1
B,b,c,OtherOrphanedOther,0
.,.,s,OtherOrphanedOther,1
T,t,c,OtherOrphanedOther,0
.,.,s,OtherOrphanedOther,1
S,s,c,OtherOrphanedOther,0
.,.,s,OtherOrphanedOther,1
(,(,c,CitationReferenceNeutral,0
2009,2009,c,CitationReferenceNeutral,1
),),c,CitationReferenceNeutral,2
.,.,s,,0
Chinese,chinese,s,CharTypesNeutral,0
new,new,s,NarrImmediacyNeutral,0
migrants,migrants,s,NarrSceneShiftNeutral,0
in,in,s,OtherOrphanedOther,0
Suriname,suriname,c,SpecialTopicsPlaceNeutral,0
.,.,s,,0
txt,txt,n,,0
-,-,s,,0
Goslinga,goslinga,c,,0
",",",",s,,0
C,c,c,OtherOrphanedOther,0
.,.,s,OtherOrphanedOther,1
C,c,c,OtherOrphanedOther,0
.,.,s,OtherOrphanedOther,1
(,(,c,CitationReferenceNeutral,0
2012,2012,c,CitationReferenceNeutral,1
),),c,CitationReferenceNeutral,2
.,.,s,,0
A,a,s,OtherOrphanedOther,0
short,short,s,NarrOtherNeutral,0
history,history,s,NarrOtherNeutral,1
of,of,s,OtherSyntacticComplexityOther,0
the,the,s,OtherSyntacticComplexityOther,1
Netherlands,netherlands,s,SpecialTopicsPlaceNeutral,0
Antilles,antilles,s,,0
and,and,s,OtherSyntacticComplexityOther,0
Surinam,surinam,c,,0
.,.,s,,0
txt,txt,n,,0
-,-,s,,0
Hassankhan,hassankhan,c,,0
",",",",s,,0
M,m,c,OtherOrphanedOther,0
.,.,s,OtherOrphanedOther,1
S,s,c,OtherOrphanedOther,0
.,.,c,OtherOrphanedOther,1
",",",",s,,0
Roopnarine,roopnarine,c,,0
",",",",s,,0
L,l,c,OtherOrphanedOther,0
.,.,c,OtherOrphanedOther,1
",",",",s,,0
&,&,s,,0
Mahase,mahase,c,,0
",",",",s,,0
R,r,c,OtherOrphanedOther,0
.,.,s,OtherOrphanedOther,1
(,(,c,OtherOrphanedOther,0
2016,2016,c,CitationReferenceNeutral,0
),),c,CitationReferenceNeutral,1
.,.,s,,0
Social,social,s,,0
and,and,s,OtherSyntacticComplexityOther,0
cultural,cultural,s,SpecialTopicsMiscellanyNeutral,0
dimensions,dimensions,s,SpecialTopicsMiscellanyNeutral,0
of,of,s,OtherOrphanedOther,0
Indian,indian,s,PubLawNeutral,0
indentured,indentured,s,PubLawNeutral,1
labour,labour,s,,0
and,and,s,OtherSyntacticComplexityOther,0
its,its,s,OtherOrphanedOther,0
diaspora,diaspora,c,SpecialTopicsMiscellanyNeutral,0
.,.,s,,0
txt,txt,n,,0
-,-,s,,0
Hoefte,hoefte,c,,0
",",",",s,,0
R,r,c,OtherOrphanedOther,0
.,.,s,OtherOrphanedOther,1
(,(,c,CitationReferenceNeutral,0
2013,2013,c,CitationReferenceNeutral,1
),),c,CitationReferenceNeutral,2
.,.,s,,0
Suriname,suriname,s,SpecialTopicsPlaceNeutral,0
in,in,s,OtherOrphanedOther,0
the,the,s,OtherOrphanedOther,0
long,long,s,DescriptVisualNeutral,0
twentieth,twentieth,s,NarrDurationNeutral,0
century,century,c,NarrDurationNeutral,1
:,:,s,,0
domination,domination,c,StratCompetitionNeutral,0
",",",",s,,0
contestation,contestation,c,StratCompetitionNeutral,0
",",",",s,,0
globalization,globalization,c,SpecialTopicsMiscellanyNeutral,0
.,.,s,,0
txt,txt,n,,0
-,-,s,,0
Hyles,hyles,c,,0
",",",",s,,0
J,j,c,OtherOrphanedOther,0
.,.,s,OtherOrphanedOther,1
R,r,c,OtherOrphanedOther,0
.,.,s,OtherOrphanedOther,1
(,(,c,CitationReferenceNeutral,0
2013,2013,c,CitationReferenceNeutral,1
),),c,CitationReferenceNeutral,2
.,.,s,,0
Guiana,guiana,s,SpecialTopicsPlaceNeutral,0
and,and,s,OtherSyntacticComplexityOther,0
the,the,s,OtherSyntacticComplexityOther,1
Shadows,shadows,s,DescriptVisualNeutral,0
of,of,s,OtherOrphanedOther,0
Empire,empire,c,PubAdministrationNeutral,0
.,.,s,,0
txt,txt,n,,0
-,-,s,,0
Klooster,klooster,c,,0
",",",",s,,0
W,w,c,OtherOrphanedOther,0
.,.,s,OtherOrphanedOther,1
(,(,c,CitationReferenceNeutral,0
2009,2009,c,CitationReferenceNeutral,1
),),c,CitationReferenceNeutral,2
.,.,s,,0
Migration,migration,c,NarrSceneShiftNeutral,0
",",",",s,,0
trade,trade,c,SpecialTopicsMiscellanyNeutral,0
",",",",s,,0
and,and,s,OtherSyntacticComplexityOther,0
slavery,slavery,s,NegRelServility,0
in,in,s,OtherOrphanedOther,0
an,an,s,OtherOrphanedOther,0
expanding,expanding,s,DescriptChangePos,0
world,world,c,DescriptChangePos,1
.,.,s,,0
txt,txt,n,,0
-,-,s,,0
Kumar,kumar,c,CharNamesNeutral,0
",",",",s,,0
A,a,c,OtherOrphanedOther,0
.,.,c,OtherOrphanedOther,1
",",",",s,,0
&,&,s,,0
Bates,bates,c,DescriptMotionNeutral,0
",",",",s,,0
C,c,c,OtherOrphanedOther,0
.,.,s,OtherOrphanedOther,1
(,(,c,OtherOrphanedOther,0
Eds,eds,c,SpecialTopicsMiscellanyNeutral,0
.,.,c,,0
),),c,OtherOrphanedOther,0
.,.,s,,0
(,(,c,OtherOrphanedOther,0
2024,2024,c,NarrDurationNeutral,0
),),c,OtherOrphanedOther,0
.,.,s,,0
Girmitiyas,girmitiyas,s,,0
and,and,s,OtherSyntacticComplexityOther,0
the,the,s,OtherSyntacticComplexityOther,1
Global,global,s,SpecialTopicsMiscellanyNeutral,0
Indian,indian,s,CharTypesNeutral,0
Diaspora,diaspora,c,SpecialTopicsMiscellanyNeutral,0
:,:,s,,0
Origins,origins,c,NarrSequenceNeutral,0
",",",",s,,0
Memories,memories,c,CharMentalStatesNeutral,0
",",",",s,,0
and,and,s,OtherSyntacticComplexityOther,0
Identity,identity,c,SpecialTopicsMiscellanyNeutral,0
.,.,s,,0
txt,txt,n,,0
-,-,s,,0
Oostindie,oostindie,c,,0
",",",",s,,0
G,g,c,OtherOrphanedOther,0
.,.,c,OtherOrphanedOther,1
",",",",s,,0
&,&,s,,0
Klinkers,klinkers,c,,0
",",",",s,,0
I,i,c,OtherOrphanedOther,0
.,.,s,OtherOrphanedOther,1
(,(,c,CitationReferenceNeutral,0
2003,2003,c,CitationReferenceNeutral,1
),),c,CitationReferenceNeutral,2
.,.,s,,0
Decolonising,decolonising,s,,0
the,the,s,OtherOrphanedOther,0
Caribbean,caribbean,c,SpecialTopicsPlaceNeutral,0
.,.,s,,0
txt,txt,n,,0
-,-,s,,0
Snelders,snelders,c,,0
",",",",s,,0
S,s,c,OtherOrphanedOther,0
.,.,s,OtherOrphanedOther,1
(,(,c,OtherOrphanedOther,0
2017,2017,c,CitationReferenceNeutral,0
),),c,CitationReferenceNeutral,1
.,.,s,,0
Leprosy,leprosy,s,SpecialTopicsMiscellanyNeutral,0
and,and,s,OtherSyntacticComplexityOther,0
colonialism,colonialism,c,SpecialTopicsMiscellanyNeutral,0
:,:,s,,0
Suriname,suriname,s,SpecialTopicsPlaceNeutral,0
under,under,s,OtherOrphanedOther,0
Dutch,dutch,s,PubAdministrationNeutral,0
rule,rule,c,PubAdministrationNeutral,1
.,.,s,,0
txt,txt,n,,0
-,-,s,,0
van,van,s,DescriptObjectsNeutral,0
Lier,lier,c,,0
",",",",s,,0
R,r,c,OtherOrphanedOther,0
.,.,s,OtherOrphanedOther,1
A,a,c,OtherOrphanedOther,0
.,.,s,OtherOrphanedOther,1
J,j,c,OtherOrphanedOther,0
.,.,s,OtherOrphanedOther,1
(,(,c,OtherOrphanedOther,0
2024,2024,c,NarrDurationNeutral,0
),),c,OtherOrphanedOther,0
.,.,s,,0
Frontier,frontier,s,DescriptVisualNeutral,0
society,society,c,PubAdministrationNeutral,0
:,:,s,,0
a,a,s,OtherOrphanedOther,0
social,social,s,ReasoningAnalyzeNeutral,0
analysis,analysis,s,ReasoningAnalyzeNeutral,1
of,of,s,OtherSyntacticComplexityOther,0
the,the,s,OtherSyntacticComplexityOther,1
history,history,s,NarrOtherNeutral,0
of,of,s,NarrOtherNeutral,1
Surinam,surinam,c,,0
.,.,s,,0
txt,txt,n,,0
The,the,s,OtherOrphanedOther,0
legacy,legacy,s,PubAdministrationNeutral,0
of,of,s,PubAdministrationNeutral,1
the,the,s,OtherOrphanedOther,0
indenture,indenture,s,SpecialTopicsMiscellanyNeutral,0
system,system,s,SpecialTopicsMiscellanyNeutral,1
for,for,s,OtherOrphanedOther,0
the,the,s,CharTypesNeutral,0
Indian,indian,s,CharTypesNeutral,1
community,community,s,SpecialTopicsMiscellanyNeutral,0
in,in,s,OtherOrphanedOther,0
Suriname,suriname,s,SpecialTopicsPlaceNeutral,0
is,is,s,OtherOrphanedOther,0
multifaceted,multifaceted,c,SpecialTopicsMiscellanyNeutral,0
",",",",s,,0
involving,involving,s,NarrActsNeutral,0
cultural,cultural,c,SpecialTopicsMiscellanyNeutral,0
",",",",s,,0
social,social,c,,0
",",",",s,,0
economic,economic,c,SpecialTopicsMiscellanyNeutral,0
",",",",s,,0
and,and,s,OtherSyntacticComplexityOther,0
political,political,s,PubPoliticsNeutral,0
dimensions,dimensions,s,PubPoliticsNeutral,1
that,that,s,OtherSyntacticComplexityOther,0
have,have,s,OtherSyntacticComplexityOther,1
evolved,evolved,s,DescriptChangePos,0
over,over,s,NarrOtherNeutral,0
time,time,c,NarrOtherNeutral,1
.,.,s,,0
The,the,s,OtherOrphanedOther,0
system,system,c,SpecialTopicsMiscellanyNeutral,0
",",",",s,OtherOrphanedOther,0
which,which,s,OtherOrphanedOther,1
began,began,s,NarrSequenceNeutral,0
in,in,s,NarrSequenceNeutral,1
1873,1873,s,NarrOtherNeutral,0
with,with,s,NarrSceneShiftNeutral,0
the,the,s,NarrSceneShiftNeutral,1
arrival,arrival,s,NarrSceneShiftNeutral,2
of,of,s,NarrSceneShiftNeutral,3
the,the,s,OtherOrphanedOther,0
first,first,s,,0
ship,ship,s,DescriptObjectsNeutral,0
carrying,carrying,s,OtherOrphanedOther,0
Indian,indian,s,PubLawNeutral,0
indentured,indentured,s,PubLawNeutral,1
labourers,labourers,c,CharTypesNeutral,0
",",",",s,,0
Lalla,lalla,s,CharNamesNeutral,0
Rookh,rookh,c,,0
",",",",s,,0
introduced,introduced,s,MetadiscourseOtherNeutral,0
significant,significant,s,NarrTurningPointNeutral,0
changes,changes,s,NarrTurningPointNeutral,1
to,to,s,OtherOrphanedOther,0
the,the,s,OtherOrphanedOther,0
demographic,demographic,s,SpecialTopicsMiscellanyNeutral,0
and,and,s,OtherSyntacticComplexityOther,0
cultural,cultural,s,SpecialTopicsMiscellanyNeutral,0
landscape,landscape,s,DescriptVisualNeutral,0
of,of,s,DescriptVisualNeutral,1
Suriname,suriname,c,SpecialTopicsPlaceNeutral,0
.,.,s,MetadiscourseOtherNeutral,0
Here's,here's,s,MetadiscourseOtherNeutral,1
how,how,s,MetadiscourseOtherNeutral,2
the,the,s,CharTypesNeutral,0
Indian,indian,s,CharTypesNeutral,1
community,community,s,SpecialTopicsMiscellanyNeutral,0
in,in,s,OtherOrphanedOther,0
Suriname,suriname,s,SpecialTopicsPlaceNeutral,0
looks,looks,s,NarrOtherNeutral,0
back,back,s,NarrOtherNeutral,1
upon,upon,s,NarrOtherNeutral,2
the,the,s,OtherOrphanedOther,0
indenture,indenture,s,SpecialTopicsMiscellanyNeutral,0
system,system,s,SpecialTopicsMiscellanyNeutral,1
and,and,s,OtherSyntacticComplexityOther,0
its,its,s,OtherOrphanedOther,0
lasting,lasting,s,NarrOtherPos,0
legacy,legacy,c,NarrOtherPos,1
:,:,n,,0
#,#,s,,0
#,#,s,,0
#,#,c,,0
,,c,,0
#,#,s,,0
#,#,s,,0
#,#,s,,0
Cultural,cultural,s,NarrOtherNeutral,0
Legacy,legacy,n,NarrOtherNeutral,1
1,1,c,ExpoOtherNeutral,0
.,.,s,ExpoOtherNeutral,1
*,*,s,,0
*,*,s,,0
Cultural,cultural,s,SpecialTopicsMiscellanyNeutral,0
Syncretism,syncretism,s,PubPoliticsNeutral,0
*,*,s,,0
*,*,c,,0
:,:,s,,0
The,the,s,CharTypesNeutral,0
Indian,indian,s,CharTypesNeutral,1
community,community,s,SpecialTopicsMiscellanyNeutral,0
in,in,s,OtherOrphanedOther,0
Suriname,suriname,s,SpecialTopicsPlaceNeutral,0
has,has,s,PosValuesInnovative,0
developed,developed,s,PosValuesInnovative,1
a,a,s,PosValuesInnovative,2
distinct,distinct,s,ExpoComparisonNeutral,0
cultural,cultural,s,SpecialTopicsMiscellanyNeutral,0
identity,identity,s,SpecialTopicsMiscellanyNeutral,1
blending,blending,s,SpecialTopicsMiscellanyNeutral,0
Indian,indian,s,NarrOtherNeutral,0
traditions,traditions,s,NarrOtherNeutral,1
with,with,s,OtherOrphanedOther,0
elements,elements,s,,0
from,from,s,OtherSyntacticComplexityOther,0
other,other,s,OtherSyntacticComplexityOther,1
ethnic,ethnic,s,SpecialTopicsMiscellanyNeutral,0
groups,groups,s,SpecialTopicsMiscellanyNeutral,0
in,in,s,OtherOrphanedOther,0
Suriname,suriname,c,SpecialTopicsPlaceNeutral,0
.,.,s,,0
Festivals,festivals,s,PosEmotionsFestive,0
such,such,s,ExpoExampleNeutral,0
as,as,s,ExpoExampleNeutral,1
Diwali,diwali,c,,0
",",",",s,,0
Holi,holi,c,,0
",",",",s,,0
and,and,s,OtherSyntacticComplexityOther,0
Eid,eid,s,,0
are,are,s,OtherOrphanedOther,0
celebrated,celebrated,c,PosEmotionsCelebrate,0
",",",",s,,0
and,and,s,OtherSyntacticComplexityOther,0
music,music,s,DescriptSoundNeutral,0
and,and,s,OtherSyntacticComplexityOther,0
dance,dance,s,DescriptMotionNeutral,0
have,have,s,DescriptChangeNeutral,0
become,become,s,DescriptChangeNeutral,1
vital,vital,s,ForcefulEmphaticNeutral,0
expressions,expressions,s,ForcefulEmphaticNeutral,1
of,of,s,OtherOrphanedOther,0
Indo-Surinamese,indo-surinamese,s,,0
identity,identity,c,SpecialTopicsMiscellanyNeutral,0
",",",",s,,0
helping,helping,s,FacilitateHelpPos,0
to,to,s,FacilitateHelpPos,1
forge,forge,s,OtherOrphanedOther,0
a,a,s,OtherOrphanedOther,1
sense,sense,s,SpecialTopicsMiscellanyNeutral,0
of,of,s,SpecialTopicsMiscellanyNeutral,1
community,community,s,SpecialTopicsMiscellanyNeutral,0
among,among,s,OtherSyntacticComplexityOther,0
the,the,s,OtherSyntacticComplexityOther,1
descendants,descendants,s,UncertaintyIndefiniteNeutral,0
of,of,s,OtherOrphanedOther,0
indentured,indentured,s,PubLawNeutral,0
labourers,labourers,c,CharTypesNeutral,0
.,.,n,,0
2,2,c,ExpoOtherNeutral,0
.,.,s,ExpoOtherNeutral,1
*,*,s,,0
*,*,s,,0
Language,language,s,SpecialTopicsMiscellanyNeutral,0
and,and,s,OtherSyntacticComplexityOther,0
Religion,religion,s,SpecialTopicsMiscellanyNeutral,0
*,*,s,,0
*,*,c,,0
:,:,s,,0
The,the,s,OtherOrphanedOther,0
indentured,indentured,s,PubLawNeutral,0
Indians,indians,s,CharTypesNeutral,0
brought,brought,s,NarrActsNeutral,0
with,with,s,OtherOrphanedOther,0
them,them,s,NarrActsNeutral,0
languages,languages,s,SpecialTopicsMiscellanyNeutral,0
like,like,s,OtherOrphanedOther,0
Hindi,hindi,s,SpecialTopicsMiscellanyNeutral,0
and,and,s,OtherSyntacticComplexityOther,0
Urdu,urdu,c,SpecialTopicsMiscellanyNeutral,0
",",",",s,,0
and,and,s,OtherSyntacticComplexityOther,0
religions,religions,s,SpecialTopicsMiscellanyNeutral,0
such,such,s,ExpoExampleNeutral,0
as,as,s,ExpoExampleNeutral,1
Hinduism,hinduism,s,SpecialTopicsMiscellanyNeutral,0
and,and,s,OtherSyntacticComplexityOther,0
Islam,islam,c,SpecialTopicsMiscellanyNeutral,0
.,.,s,,0
Sarnami,sarnami,c,,0
",",",",s,,0
a,a,s,OtherOrphanedOther,0
variant,variant,s,SpecialTopicsMiscellanyNeutral,0
of,of,s,OtherOrphanedOther,0
Hindi,hindi,s,SpecialTopicsMiscellanyNeutral,0
with,with,s,OtherOrphanedOther,0
Bhojpuri,bhojpuri,s,,0
influences,influences,c,StratCoordinationNeutral,0
",",",",s,,0
and,and,s,OtherSyntacticComplexityOther,0
Sranan,sranan,s,,0
Tongo,tongo,c,,0
",",",",s,,0
a,a,s,OtherOrphanedOther,0
Creole,creole,s,SpecialTopicsMiscellanyNeutral,0
language,language,c,SpecialTopicsMiscellanyNeutral,1
",",",",s,,0
have,have,s,DescriptChangeNeutral,0
become,become,s,DescriptChangeNeutral,1
linguistic,linguistic,s,NarrOtherNeutral,0
legacies,legacies,c,NarrOtherNeutral,1
",",",",s,,0
facilitating,facilitating,s,FacilitateOtherNeutral,0
communication,communication,s,SpecialTopicsMiscellanyNeutral,0
amidst,amidst,s,DescriptVisualNeutral,0
Suriname's,suriname's,s,,0
ethnic,ethnic,s,SpecialTopicsMiscellanyNeutral,0
diversity,diversity,c,SpecialTopicsMiscellanyNeutral,1
.,.,s,,0
Hindu,hindu,s,SpecialTopicsMiscellanyNeutral,0
and,and,s,OtherSyntacticComplexityOther,0
Islamic,islamic,s,CharTypesNeutral,0
practices,practices,s,OtherOrphanedGenericActivity,0
have,have,s,NarrActsNeutral,0
persisted,persisted,c,NarrDurationNeutral,0
",",",",s,,0
with,with,s,OtherOrphanedOther,0
organizations,organizations,s,ExpoComparisonNeutral,0
like,like,s,ExpoComparisonNeutral,1
the,the,s,OtherOrphanedOther,0
Arya,arya,s,CharNamesNeutral,0
Samaj,samaj,s,,0
playing,playing,s,ForcefulSignificantNeutral,0
a,a,s,ForcefulSignificantNeutral,1
significant,significant,s,ForcefulSignificantNeutral,2
role,role,s,ForcefulSignificantNeutral,3
in,in,s,ForcefulSignificantNeutral,4
religious,religious,s,CharTraitsNeutral,0
life,life,c,NarrBiographyNeutral,0
.,.,n,,0
3,3,c,ExpoOtherNeutral,0
.,.,s,ExpoOtherNeutral,1
*,*,s,,0
*,*,s,,0
Role,role,s,SpecialTopicsMiscellanyNeutral,0
of,of,s,OtherOrphanedOther,0
Women,women,s,CharTypesNeutral,0
*,*,s,,0
*,*,c,,0
:,:,s,,0
The,the,s,OtherOrphanedOther,0
experiences,experiences,s,NarrActsNeutral,0
of,of,s,OtherOrphanedOther,0
indentured,indentured,s,PubLawNeutral,0
women,women,c,CharTypesNeutral,0
",",",",s,CharNamesNeutral,0
who,who,s,CharNamesNeutral,1
faced,faced,s,NegRelFace,0
unique,unique,s,NegRelFace,1
challenges,challenges,s,NegRelFace,2
due,due,s,ReasoningOtherNeutral,0
to,to,s,ReasoningOtherNeutral,1
gender,gender,s,SpecialTopicsMiscellanyNeutral,0
roles,roles,s,SpecialTopicsMiscellanyNeutral,0
in,in,s,OtherOrphanedOther,0
both,both,s,OtherSyntacticComplexityOther,0
Indian,indian,s,CharTypesNeutral,0
and,and,s,OtherSyntacticComplexityOther,0
colonial,colonial,s,SpecialTopicsMiscellanyNeutral,0
societies,societies,c,PubAdministrationNeutral,0
",",",",s,,0
have,have,s,NarrActsNeutral,0
left,left,s,NarrActsNeutral,0
a,a,s,NarrActsNeutral,1
lasting,lasting,s,NarrOtherPos,0
legacy,legacy,s,NarrOtherPos,1
of,of,s,OtherOrphanedOther,0
resilience,resilience,s,PosActsResilience,0
and,and,s,OtherSyntacticComplexityOther,0
adaptability,adaptability,c,PosValuesAdaptable,0
.,.,s,,0
Their,their,s,PosValuesInnovative,0
contribution,contribution,s,PosValuesInnovative,1
to,to,s,PosValuesInnovative,2
cultural,cultural,s,SpecialTopicsMiscellanyNeutral,0
practices,practices,s,OtherOrphanedGenericActivity,0
and,and,s,OtherSyntacticComplexityOther,0
community,community,s,SpecialTopicsMiscellanyNeutral,0
building,building,s,SpecialTopicsMiscellanyNeutral,1
is,is,s,CharMentalStatesNeutral,0
remembered,remembered,s,CharMentalStatesNeutral,1
and,and,s,OtherSyntacticComplexityOther,0
celebrated,celebrated,c,PosEmotionsCelebrate,0
",",",",s,,0
adding,adding,s,MetadiscourseAdditionNeutral,0
to,to,s,MetadiscourseAdditionNeutral,1
the,the,s,MetadiscourseAdditionNeutral,2
rich,rich,s,PosEmotionsOther,0
tapestry,tapestry,s,DescriptObjectsNeutral,0
of,of,s,OtherOrphanedOther,0
Surinamese,surinamese,s,CharTypesNeutral,0
society,society,c,PubAdministrationNeutral,0
.,.,n,,0
#,#,s,,0
#,#,s,,0
#,#,c,,0
,,c,,0
#,#,s,,0
#,#,s,,0
#,#,s,,0
Social,social,s,,0
and,and,s,OtherSyntacticComplexityOther,0
Economic,economic,s,NarrOtherNeutral,0
Legacy,legacy,n,NarrOtherNeutral,1
1,1,c,ExpoOtherNeutral,0
.,.,s,ExpoOtherNeutral,1
*,*,s,,0
*,*,s,,0
Integration,integration,s,SpecialTopicsMiscellanyNeutral,0
and,and,s,OtherSyntacticComplexityOther,0
Identity,identity,s,SpecialTopicsMiscellanyNeutral,0
Formation,formation,s,SpecialTopicsMiscellanyNeutral,0
*,*,s,,0
*,*,c,,0
:,:,s,,0
Initially,initially,c,NarrSequenceNeutral,0
",",",",s,,0
the,the,s,CharTypesNeutral,0
Indian,indian,s,CharTypesNeutral,1
community,community,s,SpecialTopicsMiscellanyNeutral,0
faced,faced,s,CharTraitsNeutral,0
the,the,s,CharTraitsNeutral,1
challenge,challenge,s,CharTraitsNeutral,2
of,of,s,OtherOrphanedOther,0
reconstructing,reconstructing,s,DescriptChangePos,0
their,their,s,CharTypesNeutral,0
identity,identity,s,CharTypesNeutral,1
in,in,s,OtherOrphanedOther,0
a,a,s,OtherOrphanedOther,0
Creole,creole,s,SpecialTopicsMiscellanyNeutral,0
and,and,s,OtherSyntacticComplexityOther,0
European-dominated,european-dominated,s,StratCompetitionNeutral,0
society,society,c,PubAdministrationNeutral,0
.,.,s,,0
Over,over,s,NarrOtherNeutral,0
time,time,c,NarrOtherNeutral,1
",",",",s,,0
they,they,s,OtherOrphanedOther,0
established,established,s,NarrBiographyNeutral,0
themselves,themselves,s,NarrBiographyNeutral,1
as,as,s,OtherOrphanedOther,0
an,an,s,OtherOrphanedOther,1
integral,integral,s,PosValuesIntegral,0
part,part,s,PosValuesIntegral,1
of,of,s,OtherOrphanedOther,0
Suriname's,suriname's,s,,0
plural,plural,s,SpecialTopicsMiscellanyNeutral,0
society,society,c,PubAdministrationNeutral,0
",",",",s,,0
contributing,contributing,s,DescriptChangePos,0
significantly,significantly,s,ForcefulIntenseNeutral,0
to,to,s,OtherOrphanedOther,0
the,the,s,PubAdministrationNeutral,0
country's,country's,s,PubAdministrationNeutral,1
socio-economic,socio-economic,s,SpecialTopicsMiscellanyNeutral,0
development,development,c,SpecialTopicsMiscellanyNeutral,1
.,.,n,,0
2,2,c,ExpoOtherNeutral,0
.,.,s,ExpoOtherNeutral,1
*,*,s,,0
*,*,s,,0
Land,land,s,SpecialTopicsPlaceNeutral,0
Ownership,ownership,s,PubLawNeutral,0
and,and,s,OtherSyntacticComplexityOther,0
Agriculture,agriculture,s,SpecialTopicsMiscellanyNeutral,0
*,*,s,,0
*,*,c,,0
:,:,s,,0
With,with,s,OtherSyntacticComplexityOther,0
the,the,s,OtherSyntacticComplexityOther,1
offer,offer,s,FacilitateSponsorNeutral,0
of,of,s,FacilitateSponsorNeutral,1
land,land,s,SpecialTopicsPlaceNeutral,0
after,after,s,ExpoOtherNeutral,0
completing,completing,s,ExpoOtherNeutral,1
their,their,s,CharNamesNeutral,0
contracts,contracts,c,NarrActsNeutral,0
",",",",s,,0
many,many,s,ExpoOtherNeutral,0
indentured,indentured,s,PubLawNeutral,0
labourers,labourers,s,CharTypesNeutral,0
became,became,s,DescriptChangeNeutral,0
small,small,s,DescriptVisualNeutral,0
farmers,farmers,c,CharTypesNeutral,0
",",",",s,,0
helping,helping,s,FacilitateHelpPos,0
to,to,s,FacilitateHelpPos,1
transform,transform,s,FacilitateHelpPos,2
Suriname's,suriname's,s,,0
agricultural,agricultural,s,SpecialTopicsMiscellanyNeutral,0
landscape,landscape,c,DescriptVisualNeutral,0
.,.,s,,0
This,this,s,OtherOrphanedOther,0
shift,shift,s,DescriptChangeNeutral,0
from,from,s,DescriptChangeNeutral,1
plantation,plantation,s,DescriptVisualNeutral,0
labour,labour,s,,0
to,to,s,OtherOrphanedOther,0
smallholder,smallholder,s,CharTypesNeutral,0
farming,farming,s,SpecialTopicsMiscellanyNeutral,0
marked,marked,s,OtherOrphanedOther,0
a,a,s,OtherOrphanedOther,1
significant,significant,s,ForcefulSignificantNeutral,0
socio-economic,socio-economic,s,PubAdministrationNeutral,0
transition,transition,c,DescriptChangeNeutral,0
",",",",s,,0
supporting,supporting,s,PosRelOther,0
the,the,s,OtherOrphanedOther,0
community's,community's,s,,0
economic,economic,s,SpecialTopicsMiscellanyNeutral,0
self-sufficiency,self-sufficiency,c,SpecialTopicsMiscellanyNeutral,1
.,.,n,,0
3,3,c,ExpoOtherNeutral,0
.,.,s,ExpoOtherNeutral,1
*,*,s,,0
*,*,s,,0
Struggle,struggle,s,CharTraitsNeg,0
for,for,s,CharTraitsNeg,1
Rights,rights,s,PubLawNeutral,0
and,and,s,OtherSyntacticComplexityOther,0
Representation,representation,s,SpecialTopicsMiscellanyNeutral,0
*,*,s,,0
*,*,c,,0
:,:,s,,0
Post-World,post-world,s,NarrSequenceNeutral,0
War,war,s,NarrSequenceNeutral,1
II,ii,c,NarrSequenceNeutral,2
",",",",s,,0
the,the,s,CharTypesNeutral,0
Indian,indian,s,CharTypesNeutral,1
community,community,s,SpecialTopicsMiscellanyNeutral,0
in,in,s,OtherOrphanedOther,0
Suriname,suriname,s,SpecialTopicsPlaceNeutral,0
actively,actively,s,CharTraitsNeutral,0
sought,sought,s,CharTraitsNeutral,1
political,political,s,PubPoliticsNeutral,0
integration,integration,s,PubPoliticsNeutral,1
and,and,s,OtherSyntacticComplexityOther,0
equal,equal,s,ForcefulEmphaticNeutral,0
representation,representation,c,SpecialTopicsMiscellanyNeutral,0
",",",",s,,0
striving,striving,s,CharTraitsNeutral,0
to,to,s,CharTraitsNeutral,1
overcome,overcome,s,,0
the,the,s,OtherOrphanedOther,0
legacy,legacy,s,PubAdministrationNeutral,0
of,of,s,PubAdministrationNeutral,1
socio-economic,socio-economic,s,PubAdministrationNeutral,0
marginalization,marginalization,s,NegRelOther,0
perpetuated,perpetuated,s,NarrDurationNeutral,0
by,by,s,OtherOrphanedOther,0
the,the,s,OtherOrphanedOther,0
indenture,indenture,s,SpecialTopicsMiscellanyNeutral,0
system,system,c,SpecialTopicsMiscellanyNeutral,1
.,.,s,NarrActsNeutral,0
They,they,s,NarrActsNeutral,1
have,have,s,UpdatesOtherNeutral,0
since,since,s,UpdatesOtherNeutral,1
played,played,s,OtherOrphanedOther,0
important,important,s,ForcefulSignificantNeutral,0
roles,roles,s,SpecialTopicsMiscellanyNeutral,0
in,in,s,OtherOrphanedOther,0
Surinamese,surinamese,s,CharTypesNeutral,0
politics,politics,s,PubPoliticsNeutral,0
and,and,s,OtherSyntacticComplexityOther,0
society,society,c,PubAdministrationNeutral,0
.,.,n,,0
#,#,s,,0
#,#,s,,0
#,#,c,,0
,,c,,0
#,#,s,,0
#,#,s,,0
#,#,s,,0
Reflection,reflection,s,SpecialTopicsMiscellanyNeutral,0
and,and,s,OtherSyntacticComplexityOther,0
Resilience,resilience,n,PosActsResilience,0
1,1,c,ExpoOtherNeutral,0
.,.,s,ExpoOtherNeutral,1
*,*,s,,0
*,*,s,,0
Historical,historical,s,NarrOtherNeutral,0
Reflection,reflection,s,SpecialTopicsMiscellanyNeutral,0
*,*,s,,0
*,*,c,,0
:,:,s,,0
There's,there's,s,ConfidenceHighNeutral,0
a,a,s,ConfidenceHighNeutral,1
nuanced,nuanced,s,CharSubjectivityPos,0
view,view,s,CharSubjectivityPos,1
of,of,s,OtherOrphanedOther,0
indenture,indenture,s,PubLawNeutral,0
within,within,s,OtherOrphanedOther,0
the,the,s,OtherOrphanedOther,0
Surinamese,surinamese,s,CharTypesNeutral,0
Indian,indian,s,SpecialTopicsMiscellanyNeutral,0
community,community,c,SpecialTopicsMiscellanyNeutral,1
.,.,s,,0
While,while,s,NarrDurationNeutral,0
the,the,s,NarrDurationNeutral,1
system,system,s,SpecialTopicsMiscellanyNeutral,0
brought,brought,s,DescriptChangeNeutral,0
new,new,s,DescriptChangeNeutral,1
opportunities,opportunities,s,FacilitateEnablePos,0
and,and,s,OtherSyntacticComplexityOther,0
economic,economic,s,SpecialTopicsMiscellanyNeutral,0
benefits,benefits,s,SpecialTopicsMiscellanyNeutral,1
for,for,s,OtherOrphanedOther,0
some,some,c,ExpoOtherNeutral,0
",",",",s,,0
it,it,s,OtherSyntacticComplexityOther,0
also,also,s,OtherSyntacticComplexityOther,1
involved,involved,s,NarrActsNeutral,0
hardships,hardships,c,NegActsResist,0
",",",",s,,0
stringent,stringent,s,ContingentPossibilityNeg,0
conditions,conditions,c,ContingentPossibilityNeg,1
",",",",s,,0
and,and,s,OtherSyntacticComplexityOther,0
cultural,cultural,s,SpecialTopicsMiscellanyNeutral,0
dislocation,dislocation,c,NegActsInjure,0
.,.,s,,0
Debates,debates,s,InquiryCuriosityNeutral,0
continue,continue,s,InquiryCuriosityNeutral,1
between,between,s,OtherOrphanedOther,0
perspectives,perspectives,s,SpecialTopicsMiscellanyNeutral,0
viewing,viewing,s,DescriptVisualNeutral,0
it,it,s,DescriptVisualNeutral,1
as,as,s,DescriptVisualNeutral,2
a,a,s,DescriptVisualNeutral,3
form,form,s,SpecialTopicsMiscellanyNeutral,0
of,of,s,SpecialTopicsMiscellanyNeutral,1
“,",c,,0
new,new,s,SpecialTopicsMiscellanyNeutral,0
slavery,slavery,c,SpecialTopicsMiscellanyNeutral,1
”,",s,,0
versus,versus,s,StratCompetitionNeg,0
those,those,s,OtherOrphanedOther,0
emphasizing,emphasizing,s,ForcefulEmphaticNeutral,0
the,the,s,ForcefulEmphaticNeutral,1
agency,agency,s,PubAdministrationNeutral,0
and,and,s,OtherSyntacticComplexityOther,0
opportunity,opportunity,s,FacilitateEnablePos,0
it,it,s,,0
offered,offered,s,FacilitateSponsorNeutral,0
to,to,s,FacilitateSponsorNeutral,1
escape,escape,s,StratActsPos,0
adverse,adverse,s,ContingentPossibilityNeg,0
conditions,conditions,s,ContingentPossibilityNeg,1
in,in,s,OtherOrphanedOther,0
India,india,c,SpecialTopicsPlaceNeutral,0
.,.,n,,0
2,2,c,ExpoOtherNeutral,0
.,.,s,ExpoOtherNeutral,1
*,*,s,,0
*,*,s,,0
Commemoration,commemoration,s,StratCoordinationNeutral,0
and,and,s,OtherSyntacticComplexityOther,0
Research,research,s,,0
*,*,s,,0
*,*,c,,0
:,:,s,,0
The,the,s,OtherOrphanedOther,0
history,history,s,NarrOtherNeutral,0
of,of,s,NarrOtherNeutral,1
indenture,indenture,s,PubLawNeutral,0
is,is,s,StratCoordinationNeutral,0
commemorated,commemorated,s,StratCoordinationNeutral,1
through,through,s,OtherOrphanedOther,0
cultural,cultural,s,NarrActsNeutral,0
events,events,s,NarrActsNeutral,1
and,and,s,OtherSyntacticComplexityOther,0
academic,academic,s,SpecialTopicsMiscellanyNeutral,0
research,research,s,InquiryExplorationNeutral,0
that,that,s,InquiryExplorationNeutral,1
highlight,highlight,s,OtherOrphanedOther,0
the,the,s,OtherOrphanedOther,1
experiences,experiences,s,NarrActsNeutral,0
and,and,s,OtherSyntacticComplexityOther,0
contributions,contributions,s,PosValuesOther,0
of,of,s,OtherOrphanedOther,0
indentured,indentured,s,PubLawNeutral,0
labourers,labourers,s,CharTypesNeutral,0
and,and,s,OtherSyntacticComplexityOther,0
their,their,s,CharNamesNeutral,0
descendants,descendants,c,UncertaintyIndefiniteNeutral,0
.,.,s,ForcefulEmphaticNeutral,0
There,there,s,ForcefulEmphaticNeutral,1
is,is,s,ForcefulEmphaticNeutral,2
growing,growing,s,InquiryCuriosityNeutral,0
interest,interest,s,InquiryCuriosityNeutral,1
in,in,s,InquiryCuriosityNeutral,2
studying,studying,s,SpecialTopicsMiscellanyNeutral,0
women's,women's,s,CharTypesNeutral,0
roles,roles,s,SpecialTopicsMiscellanyNeutral,0
during,during,s,NarrDurationNeutral,0
indenture,indenture,c,PubLawNeutral,0
",",",",s,,0
illustrating,illustrating,s,InterOtherNeutral,0
the,the,s,InterOtherNeutral,1
ongoing,ongoing,s,CharTraitsNeutral,0
effort,effort,s,CharTraitsNeutral,1
to,to,s,PubAdministrationPos,0
recognize,recognize,s,PubAdministrationPos,1
marginalized,marginalized,s,DescriptChangeNeg,0
voices,voices,s,DescriptObjectsNeutral,0
in,in,s,OtherOrphanedOther,0
this,this,s,OtherOrphanedOther,0
historical,historical,s,NarrOtherNeutral,0
narrative,narrative,c,SpecialTopicsMiscellanyNeutral,0
.,.,n,,0
3,3,c,ExpoOtherNeutral,0
.,.,s,ExpoOtherNeutral,1
*,*,s,,0
*,*,s,,0
Legacy,legacy,s,PubAdministrationNeutral,0
of,of,s,PubAdministrationNeutral,1
Resilience,resilience,s,PosActsResilience,0
*,*,s,,0
*,*,c,,0
:,:,s,,0
The,the,s,SpecialTopicsMiscellanyNeutral,0
stories,stories,s,SpecialTopicsMiscellanyNeutral,1
of,of,s,OtherOrphanedOther,0
struggle,struggle,s,,0
and,and,s,OtherSyntacticComplexityOther,0
survival,survival,s,NarrTurningPointNeutral,0
among,among,s,OtherOrphanedOther,0
indentured,indentured,s,PubLawNeutral,0
labourers,labourers,s,CharTypesNeutral,0
serve,serve,s,NarrActsNeutral,0
as,as,s,NarrActsNeutral,1
a,a,s,NarrActsNeutral,2
source,source,s,PosValuesInnovative,0
of,of,s,PosValuesInnovative,1
inspiration,inspiration,s,PosValuesInnovative,2
for,for,s,FutureOtherNeutral,0
future,future,s,FutureOtherNeutral,1
generations,generations,c,SpecialTopicsMiscellanyNeutral,0
.,.,s,NarrActsNeutral,0
They,they,s,NarrActsNeutral,1
underscore,underscore,s,ForcefulEmphaticNeutral,0
themes,themes,s,SpecialTopicsMiscellanyNeutral,0
of,of,s,OtherOrphanedOther,0
resilience,resilience,s,PosActsResilience,0
and,and,s,OtherSyntacticComplexityOther,0
adaptation,adaptation,c,DescriptChangeNeutral,0
",",",",s,,0
central,central,s,ExpoOtherNeutral,0
to,to,s,ExpoOtherNeutral,1
the,the,s,OtherOrphanedOther,0
Indo-Surinamese,indo-surinamese,s,,0
identity,identity,s,SpecialTopicsMiscellanyNeutral,0
today,today,c,NarrImmediacyNeutral,0
.,.,n,,0
In,in,s,MetadiscourseCuesNeutral,0
conclusion,conclusion,c,MetadiscourseCuesNeutral,1
",",",",s,MetadiscourseCuesNeutral,2
the,the,s,OtherOrphanedOther,0
legacy,legacy,s,PubAdministrationNeutral,0
of,of,s,PubAdministrationNeutral,1
the,the,s,OtherOrphanedOther,0
indenture,indenture,s,SpecialTopicsMiscellanyNeutral,0
system,system,s,SpecialTopicsMiscellanyNeutral,1
in,in,s,OtherOrphanedOther,0
Suriname,suriname,s,SpecialTopicsPlaceNeutral,0
is,is,s,OtherOrphanedOther,0
complex,complex,s,SpecialTopicsMiscellanyNeutral,0
and,and,s,OtherSyntacticComplexityOther,0
multifaceted,multifaceted,c,SpecialTopicsMiscellanyNeutral,0
",",",",s,,0
reflecting,reflecting,s,OtherOrphanedOther,0
an,an,s,OtherOrphanedOther,1
intricate,intricate,s,SpecialTopicsMiscellanyNeutral,0
tapestry,tapestry,s,SpecialTopicsMiscellanyNeutral,1
of,of,s,OtherOrphanedOther,0
cultural,cultural,s,SpecialTopicsMiscellanyNeutral,0
preservation,preservation,c,PubAdministrationNeutral,0
",",",",s,,0
social,social,s,SpecialTopicsMiscellanyNeutral,0
integration,integration,c,SpecialTopicsMiscellanyNeutral,1
",",",",s,,0
and,and,s,OtherSyntacticComplexityOther,0
economic,economic,s,SpecialTopicsMiscellanyNeutral,0
transformation,transformation,c,SpecialTopicsMiscellanyNeutral,1
.,.,s,,0
While,while,s,NarrDurationNeutral,0
it,it,s,,0
entailed,entailed,s,ReasoningOtherNeutral,0
significant,significant,s,ForcefulSignificantNeutral,0
struggles,struggles,c,,0
",",",",s,,0
it,it,s,OtherSyntacticComplexityOther,0
also,also,s,OtherSyntacticComplexityOther,1
paved,paved,s,FutureOtherPos,0
the,the,s,FutureOtherPos,1
way,way,s,FutureOtherPos,2
for,for,s,FutureOtherPos,3
the,the,s,OtherOrphanedOther,0
vibrant,vibrant,s,ForcefulEnergizedPos,0
Indo-Surinamese,indo-surinamese,s,,0
community,community,s,SpecialTopicsMiscellanyNeutral,0
and,and,s,OtherSyntacticComplexityOther,0
its,its,s,OtherOrphanedOther,0
lasting,lasting,s,NarrSequenceNeutral,0
contributions,contributions,s,NarrSequenceNeutral,1
to,to,s,OtherOrphanedOther,0
the,the,s,PubAdministrationNeutral,0
country's,country's,s,PubAdministrationNeutral,1
diverse,diverse,s,,0
cultural,cultural,s,SpecialTopicsMiscellanyNeutral,0
and,and,s,OtherSyntacticComplexityOther,0
social,social,s,SpecialTopicsMiscellanyNeutral,0
landscape,landscape,c,SpecialTopicsMiscellanyNeutral,1
.,.,n,,0
Sources,sources,s,SpecialTopicsMiscellanyNeutral,0
used,used,c,NarrActsNeutral,0
:,:,n,,0
-,-,s,,0
Bates,bates,c,DescriptMotionNeutral,0
",",",",s,,0
C,c,c,OtherOrphanedOther,0
.,.,s,OtherOrphanedOther,1
(,(,c,OtherOrphanedOther,0
Ed,ed,c,SpecialTopicsMiscellanyNeutral,0
.,.,c,SpecialTopicsMiscellanyNeutral,1
),),c,OtherOrphanedOther,0
.,.,s,,0
(,(,c,OtherOrphanedOther,0
2024,2024,c,NarrDurationNeutral,0
),),c,OtherOrphanedOther,0
.,.,s,,0
Beyond,beyond,s,OtherOrphanedOther,0
Indenture,indenture,c,PubLawNeutral,0
.,.,s,,0
txt,txt,n,,0
-,-,s,,0
Benton,benton,c,CharNamesNeutral,0
",",",",s,,0
G,g,c,OtherOrphanedOther,0
.,.,s,OtherOrphanedOther,1
(,(,c,OtherOrphanedOther,0
2022,2022,c,CitationReferenceNeutral,0
),),c,CitationReferenceNeutral,1
.,.,s,,0
Chinese,chinese,s,CharTypesNeutral,0
Indentured,indentured,s,PubLawNeutral,0
Labour,labour,s,,0
in,in,s,OtherOrphanedOther,0
the,the,s,OtherOrphanedOther,0
Dutch,dutch,s,CharTypesNeutral,0
East,east,s,SpecialTopicsPlaceNeutral,0
Indies,indies,c,SpecialTopicsPlaceNeutral,1
.,.,s,,0
txt,txt,n,,0
-,-,s,,0
Buddingh,buddingh,c,,0
’,',c,,0
",",",",s,,0
H,h,c,OtherOrphanedOther,0
.,.,s,OtherOrphanedOther,1
(,(,c,CitationReferenceNeutral,0
1995,1995,c,CitationReferenceNeutral,1
),),c,CitationReferenceNeutral,2
.,.,s,,0
A,a,s,OtherOrphanedOther,0
history,history,s,NarrOtherNeutral,0
of,of,s,NarrOtherNeutral,1
Suriname,suriname,c,SpecialTopicsPlaceNeutral,0
.,.,s,,0
txt,txt,n,,0
-,-,s,,0
Hassankhan,hassankhan,c,,0
",",",",s,,0
M,m,c,OtherOrphanedOther,0
.,.,s,OtherOrphanedOther,1
S,s,c,OtherOrphanedOther,0
.,.,c,OtherOrphanedOther,1
",",",",s,,0
Roopnarine,roopnarine,c,,0
",",",",s,,0
L,l,c,OtherOrphanedOther,0
.,.,c,OtherOrphanedOther,1
",",",",s,,0
&,&,s,,0
Mahase,mahase,c,,0
",",",",s,,0
R,r,c,OtherOrphanedOther,0
.,.,s,OtherOrphanedOther,1
(,(,c,OtherOrphanedOther,0
2016,2016,c,CitationReferenceNeutral,0
),),c,CitationReferenceNeutral,1
.,.,s,,0
Social,social,s,,0
and,and,s,OtherSyntacticComplexityOther,0
cultural,cultural,s,SpecialTopicsMiscellanyNeutral,0
dimensions,dimensions,s,SpecialTopicsMiscellanyNeutral,0
of,of,s,OtherOrphanedOther,0
Indian,indian,s,PubLawNeutral,0
indentured,indentured,s,PubLawNeutral,1
labour,labour,s,,0
and,and,s,OtherSyntacticComplexityOther,0
its,its,s,OtherOrphanedOther,0
diaspora,diaspora,c,SpecialTopicsMiscellanyNeutral,0
.,.,s,,0
txt,txt,n,,0
-,-,s,,0
Hassankhan,hassankhan,c,,0
",",",",s,,0
M,m,c,OtherOrphanedOther,0
.,.,s,OtherOrphanedOther,1
S,s,c,OtherOrphanedOther,0
.,.,c,OtherOrphanedOther,1
",",",",s,,0
Roopnarine,roopnarine,c,,0
",",",",s,,0
L,l,c,OtherOrphanedOther,0
.,.,c,OtherOrphanedOther,1
",",",",s,,0
White,white,c,DescriptVisualNeutral,0
",",",",s,,0
C,c,c,OtherOrphanedOther,0
.,.,c,OtherOrphanedOther,1
",",",",s,,0
&,&,s,,0
Mahase,mahase,c,,0
",",",",s,,0
R,r,c,OtherOrphanedOther,0
.,.,s,OtherOrphanedOther,1
(,(,c,OtherOrphanedOther,0
Eds,eds,c,SpecialTopicsMiscellanyNeutral,0
.,.,c,,0
),),c,OtherOrphanedOther,0
.,.,s,,0
(,(,c,OtherOrphanedOther,0
2016,2016,c,CitationReferenceNeutral,0
),),c,CitationReferenceNeutral,1
.,.,s,,0
Legacy,legacy,s,PubAdministrationNeutral,0
of,of,s,PubAdministrationNeutral,1
Slavery,slavery,s,NegRelServility,0
and,and,s,OtherSyntacticComplexityOther,0
Indentured,indentured,s,PubLawNeutral,0
Labour,labour,c,,0
.,.,s,,0
txt,txt,n,,0
-,-,s,,0
Hoefte,hoefte,c,,0
",",",",s,,0
R,r,c,OtherOrphanedOther,0
.,.,s,OtherOrphanedOther,1
(,(,c,CitationReferenceNeutral,0
2013,2013,c,CitationReferenceNeutral,1
),),c,CitationReferenceNeutral,2
.,.,s,,0
Suriname,suriname,s,SpecialTopicsPlaceNeutral,0
in,in,s,OtherOrphanedOther,0
the,the,s,OtherOrphanedOther,0
long,long,s,DescriptVisualNeutral,0
twentieth,twentieth,s,NarrDurationNeutral,0
century,century,c,NarrDurationNeutral,1
:,:,s,,0
domination,domination,c,StratCompetitionNeutral,0
",",",",s,,0
contestation,contestation,c,StratCompetitionNeutral,0
",",",",s,,0
globalization,globalization,c,SpecialTopicsMiscellanyNeutral,0
.,.,s,,0
txt,txt,n,,0
-,-,s,,0
Khan,khan,c,CharTypesNeutral,0
",",",",s,,0
A,a,c,OtherOrphanedOther,0
.,.,s,OtherOrphanedOther,1
(,(,c,OtherOrphanedOther,0
2021,2021,c,NarrDurationNeutral,0
),),c,OtherOrphanedOther,0
.,.,s,,0
The,the,s,OtherOrphanedOther,0
Deepest,deepest,s,DescriptObjectsNeutral,0
Dye,dye,c,DescriptObjectsNeutral,1
:,:,s,,0
Obeah,obeah,c,SpecialTopicsMiscellanyNeutral,0
",",",",s,,0
Hosay,hosay,c,,0
",",",",s,,0
and,and,s,OtherSyntacticComplexityOther,0
Race,race,s,DescriptMotionNeutral,0
in,in,s,DescriptVisualNeutral,0
the,the,s,DescriptVisualNeutral,1
Atlantic,atlantic,s,DescriptVisualNeutral,2
World,world,c,SpecialTopicsPlaceNeutral,0
.,.,s,,0
txt,txt,n,,0
-,-,s,,0
Kumar,kumar,c,CharNamesNeutral,0
",",",",s,,0
A,a,c,OtherOrphanedOther,0
.,.,c,OtherOrphanedOther,1
",",",",s,,0
&,&,s,,0
Bates,bates,c,DescriptMotionNeutral,0
",",",",s,,0
C,c,c,OtherOrphanedOther,0
.,.,s,OtherOrphanedOther,1
(,(,c,OtherOrphanedOther,0
Eds,eds,c,SpecialTopicsMiscellanyNeutral,0
.,.,c,,0
),),c,OtherOrphanedOther,0
.,.,s,,0
(,(,c,OtherOrphanedOther,0
2024,2024,c,NarrDurationNeutral,0
),),c,OtherOrphanedOther,0
.,.,s,,0
Girmitiyas,girmitiyas,s,,0
and,and,s,OtherSyntacticComplexityOther,0
the,the,s,OtherSyntacticComplexityOther,1
Global,global,s,SpecialTopicsMiscellanyNeutral,0
Indian,indian,s,CharTypesNeutral,0
Diaspora,diaspora,c,SpecialTopicsMiscellanyNeutral,0
:,:,s,,0
Origins,origins,c,NarrSequenceNeutral,0
",",",",s,,0
Memories,memories,c,CharMentalStatesNeutral,0
",",",",s,,0
and,and,s,OtherSyntacticComplexityOther,0
Identity,identity,c,SpecialTopicsMiscellanyNeutral,0
.,.,s,,0
txt,txt,n,,0
-,-,s,,0
Kumar,kumar,c,CharNamesNeutral,0
",",",",s,,0
V,v,c,OtherOrphanedOther,0
.,.,s,OtherOrphanedOther,1
(,(,c,CitationReferenceNeutral,0
1979,1979,c,CitationReferenceNeutral,1
),),c,CitationReferenceNeutral,2
.,.,s,,0
Girmit,girmit,s,,0
—,—,s,,0
The,the,s,OtherOrphanedOther,0
indenture,indenture,s,PubLawNeutral,0
experience,experience,s,StratOtherPos,0
in,in,s,StratOtherPos,1
Fiji,fiji,c,SpecialTopicsPlaceNeutral,0
.,.,s,,0
txt,txt,n,,0
-,-,s,,0
Lai,lai,c,CharNamesNeutral,0
",",",",s,,0
W,w,c,OtherOrphanedOther,0
.,.,s,OtherOrphanedOther,1
L,l,c,OtherOrphanedOther,0
.,.,s,OtherOrphanedOther,1
(,(,c,CitationReferenceNeutral,0
1998,1998,c,CitationReferenceNeutral,1
),),c,CitationReferenceNeutral,2
.,.,s,,0
The,the,s,OtherOrphanedOther,0
Chinese,chinese,s,CharTypesNeutral,0
in,in,s,DescriptVisualNeutral,0
the,the,s,DescriptVisualNeutral,1
West,west,s,DescriptVisualNeutral,2
Indies,indies,c,SpecialTopicsMiscellanyNeutral,0
.,.,s,,0
txt,txt,n,,0
-,-,s,,0
Neus,neus,c,,0
",",",",s,,0
H,h,c,OtherOrphanedOther,0
.,.,s,OtherOrphanedOther,1
(,(,c,OtherOrphanedOther,0
2022,2022,c,CitationReferenceNeutral,0
),),c,CitationReferenceNeutral,1
.,.,s,,0
Collective,collective,s,PubCognitionNeutral,0
Memory,memory,c,PubCognitionNeutral,1
",",",",s,,0
Identity,identity,s,SpecialTopicsMiscellanyNeutral,0
and,and,s,OtherSyntacticComplexityOther,0
the,the,s,OtherSyntacticComplexityOther,1
Legacies,legacies,s,PubAdministrationNeutral,0
of,of,s,PubAdministrationNeutral,1
Slavery,slavery,s,NegRelServility,0
and,and,s,OtherSyntacticComplexityOther,0
Indenture,indenture,c,PubLawNeutral,0
.,.,s,,0
txt,txt,n,,0
-,-,s,,0
Oostindie,oostindie,c,,0
",",",",s,,0
G,g,c,OtherOrphanedOther,0
.,.,c,OtherOrphanedOther,1
",",",",s,,0
&,&,s,,0
Klinkers,klinkers,c,,0
",",",",s,,0
I,i,c,OtherOrphanedOther,0
.,.,s,OtherOrphanedOther,1
(,(,c,CitationReferenceNeutral,0
2003,2003,c,CitationReferenceNeutral,1
),),c,CitationReferenceNeutral,2
.,.,s,,0
Decolonising,decolonising,s,,0
the,the,s,OtherOrphanedOther,0
Caribbean,caribbean,c,SpecialTopicsPlaceNeutral,0
.,.,s,,0
txt,txt,n,,0
-,-,s,,0
V,v,s,OtherOrphanedOther,0
Lal,lal,c,CharNamesNeutral,0
",",",",s,,0
B,b,c,OtherOrphanedOther,0
.,.,s,OtherOrphanedOther,1
(,(,c,CitationReferenceNeutral,0
2012,2012,c,CitationReferenceNeutral,1
),),c,CitationReferenceNeutral,2
.,.,s,,0
Chalo,chalo,s,,0
Jahaji,jahaji,c,,0
:,:,s,,0
On,on,s,NarrDurationNeutral,0
a,a,s,NarrDurationNeutral,1
journey,journey,s,NarrDurationNeutral,2
through,through,s,OtherOrphanedOther,0
indenture,indenture,s,PubLawNeutral,0
in,in,s,OtherOrphanedOther,0
Fiji,fiji,c,SpecialTopicsPlaceNeutral,0
.,.,s,,0
txt,txt,n,,0
The,the,s,OtherOrphanedOther,0
indentured,indentured,s,PubLawNeutral,0
labor,labor,s,SpecialTopicsMiscellanyNeutral,0
system,system,c,SpecialTopicsMiscellanyNeutral,1
",",",",s,OtherOrphanedOther,0
which,which,s,OtherOrphanedOther,1
replaced,replaced,s,ExpoOtherNeutral,0
the,the,s,ExpoOtherNeutral,1
cheap,cheap,s,SpecialTopicsMiscellanyNeutral,0
labor,labor,s,SpecialTopicsMiscellanyNeutral,0
void,void,s,DescriptChangeNeg,0
left,left,s,SpecialTopicsMiscellanyNeutral,0
by,by,s,OtherOrphanedOther,0
the,the,s,OtherOrphanedOther,0
abolition,abolition,s,NegActsResist,0
of,of,s,OtherOrphanedOther,0
slavery,slavery,s,NegRelServility,0
in,in,s,OtherOrphanedOther,0
the,the,s,OtherOrphanedOther,0
British,british,s,SpecialTopicsMiscellanyNeutral,0
Empire,empire,c,SpecialTopicsMiscellanyNeutral,1
",",",",s,,0
officially,officially,s,PubAdministrationNeutral,0
came,came,s,NarrSequenceNeutral,0
to,to,s,NarrSequenceNeutral,1
an,an,s,NarrSequenceNeutral,2
end,end,s,NarrSequenceNeutral,3
primarily,primarily,s,ForcefulEmphaticNeutral,0
between,between,s,NarrDurationNeutral,0
1917,1917,s,NarrDurationNeutral,1
and,and,s,OtherSyntacticComplexityOther,0
1920,1920,c,NarrOtherNeutral,0
.,.,s,,0
This,this,s,OtherOrphanedOther,0
conclusion,conclusion,s,ReasoningConcludeNeutral,0
was,was,s,NarrOtherNeutral,0
the,the,s,NarrOtherNeutral,1
result,result,s,NarrOtherNeutral,2
of,of,s,OtherOrphanedOther,0
multiple,multiple,s,SpecialTopicsMiscellanyNeutral,0
converging,converging,s,OtherOrphanedOther,0
factors,factors,c,SpecialTopicsMiscellanyNeutral,0
",",",",s,,0
social,social,s,StratActsNeutral,0
movements,movements,c,StratActsNeutral,1
",",",",s,,0
and,and,s,OtherSyntacticComplexityOther,0
international,international,s,NegEmotionsPressure,0
pressures,pressures,c,NegEmotionsPressure,1
.,.,n,,0
#,#,s,,0
#,#,s,,0
#,#,c,,0
,,c,,0
#,#,s,,0
#,#,s,,0
#,#,s,,0
End,end,s,NarrSequenceNeutral,0
of,of,s,NarrSequenceNeutral,1
the,the,s,NarrSequenceNeutral,2
Indentured,indentured,s,PubLawNeutral,0
System,system,n,SpecialTopicsMiscellanyNeutral,0
1,1,c,SpecialTopicsMiscellanyNeutral,1
.,.,s,,0
*,*,s,,0
*,*,s,,0
Abolition,abolition,s,NegActsResist,0
Timeline,timeline,c,NarrOtherNeutral,0
:,:,s,,0
*,*,s,,0
*,*,n,,0
-,-,s,,0
The,the,s,OtherOrphanedOther,0
indenture,indenture,s,SpecialTopicsMiscellanyNeutral,0
system,system,s,SpecialTopicsMiscellanyNeutral,1
formally,formally,s,SpecialTopicsMiscellanyNeutral,0
ended,ended,s,NarrSequenceNeutral,0
in,in,s,NarrSequenceNeutral,1
most,most,s,ExpoComparisonNeutral,0
British,british,s,CharTypesNeutral,0
colonies,colonies,s,SpecialTopicsMiscellanyNeutral,0
on,on,s,NarrDurationNeutral,0
March,march,s,NarrDurationNeutral,1
12,12,c,NarrDurationNeutral,2
",",",",s,,0
1917,1917,c,NarrOtherNeutral,0
",",",",s,,0
when,when,s,OtherOrphanedOther,0
the,the,s,OtherOrphanedOther,0
British,british,s,PubAdministrationNeutral,0
government,government,s,PubAdministrationNeutral,1
decided,decided,s,StratCognitionNeutral,0
to,to,s,StratCognitionNeutral,1
terminate,terminate,s,NegActsAggressive,0
the,the,s,NegActsAggressive,1
system,system,c,SpecialTopicsMiscellanyNeutral,0
.,.,s,,0
This,this,s,OtherOrphanedOther,0
decision,decision,s,StratCognitionNeutral,0
was,was,s,NarrOtherNeutral,0
influenced,influenced,s,NarrBiographyNeutral,0
by,by,s,NarrBiographyNeutral,1
global,global,s,SpecialTopicsMiscellanyNeutral,0
political,political,s,PubPoliticsNeutral,0
changes,changes,c,DescriptChangeNeutral,0
",",",",s,,0
World,world,s,SpecialTopicsMiscellanyNeutral,0
War,war,s,SpecialTopicsMiscellanyNeutral,1
I,i,s,SpecialTopicsMiscellanyNeutral,2
exigencies,exigencies,c,ForcefulEmphaticNeutral,0
",",",",s,,0
growing,growing,s,DescriptChangeNeutral,0
Indian,indian,s,CharTypesNeutral,0
nationalist,nationalist,s,CharTypesNeutral,0
protests,protests,c,NegActsPlaintive,0
",",",",s,,0
and,and,s,OtherSyntacticComplexityOther,0
significant,significant,s,NegEmotionsPressure,0
pressure,pressure,s,NegEmotionsPressure,1
from,from,s,OtherOrphanedOther,0
Indian,indian,s,CharTypesNeutral,0
nationalists,nationalists,s,CharTypesNeutral,0
and,and,s,OtherSyntacticComplexityOther,0
the,the,s,OtherSyntacticComplexityOther,1
Indian,indian,s,PubAdministrationNeutral,0
government,government,c,PubAdministrationNeutral,1
",",",",s,,0
particularly,particularly,s,ForcefulEmphaticNeutral,0
vocal,vocal,s,ForcefulEmphaticNeutral,1
figures,figures,s,OtherOrphanedOther,0
like,like,s,OtherOrphanedOther,0
Mohandas,mohandas,s,CharNamesNeutral,0
K,k,c,OtherOrphanedOther,0
.,.,s,OtherOrphanedOther,1
Gandhi,gandhi,s,CharNamesNeutral,0
and,and,s,OtherSyntacticComplexityOther,0
Gopal,gopal,s,,0
Krishna,krishna,s,CharNamesNeutral,0
Gokhale,gokhale,c,,0
.,.,n,,0
-,-,s,,0
In,in,s,OtherOrphanedOther,0
the,the,s,OtherOrphanedOther,0
Dutch,dutch,s,CharTypesNeutral,0
colony,colony,s,SpecialTopicsMiscellanyNeutral,0
of,of,s,OtherOrphanedOther,0
Suriname,suriname,c,SpecialTopicsPlaceNeutral,0
",",",",s,MetadiscourseContrastNeutral,0
however,however,c,MetadiscourseContrastNeutral,1
",",",",s,MetadiscourseContrastNeutral,2
the,the,s,OtherOrphanedOther,0
system,system,s,SpecialTopicsMiscellanyNeutral,0
persisted,persisted,s,NarrDurationNeutral,0
slightly,slightly,s,ConfidenceHedgedNeutral,0
longer,longer,c,ExpoComparisonNeutral,0
",",",",s,,0
with,with,s,OtherOrphanedOther,0
contract,contract,s,NarrActsNeutral,0
renewals,renewals,s,DescriptChangePos,0
occurring,occurring,s,ContingentEventNeutral,0
until,until,s,NarrTimeShiftNeutral,0
1929,1929,c,NarrOtherNeutral,0
",",",",s,,0
when,when,s,OtherOrphanedOther,0
the,the,s,OtherOrphanedOther,0
International,international,s,SpecialTopicsMiscellanyNeutral,0
Labour,labour,s,,0
Organisation,organisation,s,PubAdministrationNeutral,0
intervened,intervened,s,NegActsAggressive,0
to,to,s,OtherOrphanedOther,0
halt,halt,s,NarrSequenceNeutral,0
it,it,s,,0
definitively,definitively,c,ConfidenceHighNeutral,0
.,.,n,,0
2,2,c,ExpoOtherNeutral,0
.,.,s,ExpoOtherNeutral,1
*,*,s,,0
*,*,s,,0
Contributing,contributing,s,DescriptChangePos,0
Factors,factors,c,SpecialTopicsMiscellanyNeutral,0
:,:,s,,0
*,*,s,,0
*,*,n,,0
-,-,s,,0
*,*,s,,0
*,*,s,,0
Humanitarian,humanitarian,s,PosValuesOther,0
Concerns,concerns,c,OtherOrphanedOther,0
:,:,s,,0
*,*,s,,0
*,*,s,,0
The,the,s,OtherOrphanedOther,0
advocacy,advocacy,s,StratActsNeutral,0
from,from,s,OtherOrphanedOther,0
British,british,s,CharTypesNeutral,0
abolitionists,abolitionists,s,CharTypesNeutral,0
and,and,s,OtherSyntacticComplexityOther,0
figures,figures,s,OtherOrphanedOther,0
like,like,s,OtherOrphanedOther,0
Gandhi,gandhi,s,CharNamesNeutral,0
brought,brought,s,CharTraitsNeutral,0
attention,attention,s,CharTraitsNeutral,1
to,to,s,CharTraitsNeutral,2
the,the,s,OtherOrphanedOther,0
oppressive,oppressive,s,ContingentPossibilityNeg,0
conditions,conditions,s,ContingentPossibilityNeg,1
akin,akin,s,ExpoComparisonNeutral,0
to,to,s,ExpoComparisonNeutral,1
slavery,slavery,s,NegRelServility,0
under,under,s,OtherOrphanedOther,0
which,which,s,OtherSyntacticComplexityOther,0
indentured,indentured,s,PubLawNeutral,0
laborers,laborers,s,CharTypesNeutral,0
worked,worked,c,OtherOrphanedOther,0
.,.,n,,0
-,-,s,,0
*,*,s,,0
*,*,s,,0
Economic,economic,s,SpecialTopicsMiscellanyNeutral,0
Factors,factors,c,SpecialTopicsMiscellanyNeutral,1
:,:,s,,0
*,*,s,,0
*,*,s,,0
As,as,s,OtherOrphanedOther,0
the,the,s,OtherOrphanedOther,1
system,system,s,SpecialTopicsMiscellanyNeutral,0
became,became,s,DescriptChangeNeutral,0
less,less,s,ExpoComparisonNeutral,0
profitable,profitable,s,PosValuesProfitable,0
due,due,s,ReasoningOtherNeutral,0
to,to,s,ReasoningOtherNeutral,1
increased,increased,s,DescriptChangeNeutral,0
administration,administration,s,DescriptChangeNeutral,1
and,and,s,OtherSyntacticComplexityOther,0
reform,reform,s,InterCommandNeutral,0
demands,demands,c,InterCommandNeutral,1
",",",",s,,0
colonial,colonial,s,SpecialTopicsMiscellanyNeutral,0
powers,powers,s,SpecialTopicsMiscellanyNeutral,1
started,started,s,NarrSequenceNeutral,0
reconsidering,reconsidering,s,CharMentalStatesNeutral,0
its,its,s,OtherOrphanedOther,0
viability,viability,c,PosValuesViability,0
.,.,n,,0
-,-,s,,0
*,*,s,,0
*,*,s,,0
Nationalist,nationalist,s,CharTypesNeutral,0
Movements,movements,c,DescriptMotionNeutral,0
:,:,s,,0
*,*,s,,0
*,*,s,,0
Indian,indian,s,CharTypesNeutral,0
leaders,leaders,s,CharTypesNeutral,0
mounted,mounted,s,DescriptMotionNeutral,0
political,political,s,NegEmotionsPressure,0
pressure,pressure,s,NegEmotionsPressure,1
to,to,s,OtherOrphanedOther,0
cease,cease,s,NarrActsNeutral,0
emigration,emigration,s,NarrSceneShiftNeutral,0
under,under,s,DescriptVisualNeutral,0
the,the,s,DescriptVisualNeutral,1
indenture,indenture,s,SpecialTopicsMiscellanyNeutral,0
system,system,s,SpecialTopicsMiscellanyNeutral,1
citing,citing,s,CitationOtherNeutral,0
human,human,s,NegValuesOther,0
rights,rights,s,NegValuesOther,1
violations,violations,s,NegValuesOther,2
and,and,s,OtherSyntacticComplexityOther,0
national,national,s,PubAdministrationNeutral,0
dignity,dignity,c,PosValuesDignity,0
.,.,n,,0
-,-,s,,0
*,*,s,,0
*,*,s,,0
Legislative,legislative,s,PubAdministrationNeutral,0
Pressure,pressure,c,SpecialTopicsMiscellanyNeutral,0
:,:,s,,0
*,*,s,,0
*,*,s,,0
Resolutions,resolutions,s,,0
like,like,s,DescriptVisualNeutral,0
the,the,s,DescriptVisualNeutral,1
one,one,s,,0
moved,moved,s,OtherOrphanedOther,0
by,by,s,OtherOrphanedOther,0
Gopal,gopal,s,,0
Krishna,krishna,s,CharNamesNeutral,0
Gokhale,gokhale,s,,0
in,in,s,NarrTimeShiftNeutral,0
1912,1912,s,NarrTimeShiftNeutral,1
brought,brought,s,CharTraitsNeutral,0
attention,attention,s,CharTraitsNeutral,1
to,to,s,CharTraitsNeutral,2
the,the,s,NegEmotionsOther,0
heavy,heavy,s,NegEmotionsOther,1
mortality,mortality,s,PubAdministrationNeutral,0
rates,rates,s,PubAdministrationNeutral,1
among,among,s,OtherOrphanedOther,0
overseas,overseas,s,NarrSceneShiftNeutral,0
workers,workers,s,CharTypesNeutral,0
and,and,s,OtherSyntacticComplexityOther,0
other,other,s,NegValuesInjustice,0
injustices,injustices,c,NegValuesInjustice,1
",",",",s,,0
pushing,pushing,s,StratActsNeutral,0
for,for,s,StratActsNeutral,1
the,the,s,OtherOrphanedOther,0
system's,system's,s,SpecialTopicsMiscellanyNeutral,0
prohibition,prohibition,c,NegActsResist,0
.,.,n,,0
#,#,s,,0
#,#,s,,0
#,#,c,,0
,,c,,0
#,#,s,,0
#,#,s,,0
#,#,s,,0
Aftermath,aftermath,s,FutureOtherNeg,0
for,for,s,OtherOrphanedOther,0
the,the,s,CharTypesNeutral,0
Indian,indian,s,CharTypesNeutral,1
Population,population,n,PubAdministrationNeutral,0
1,1,c,ExpoOtherNeutral,0
.,.,s,ExpoOtherNeutral,1
*,*,s,,0
*,*,s,,0
Settlement,settlement,s,PosRelAgree,0
and,and,s,OtherSyntacticComplexityOther,0
Social,social,s,SpecialTopicsMiscellanyNeutral,0
Changes,changes,c,SpecialTopicsMiscellanyNeutral,1
:,:,s,,0
*,*,s,,0
*,*,n,,0
-,-,s,,0
A,a,s,OtherOrphanedOther,0
significant,significant,s,ExpoOtherNeutral,0
number,number,s,ExpoOtherNeutral,1
of,of,s,OtherOrphanedOther,0
Indians,indians,s,CharTypesNeutral,0
who,who,s,OtherOrphanedOther,0
worked,worked,s,NarrActsNeutral,0
under,under,s,NarrActsNeutral,1
the,the,s,NarrActsNeutral,2
indenture,indenture,s,SpecialTopicsMiscellanyNeutral,0
system,system,s,SpecialTopicsMiscellanyNeutral,1
chose,chose,s,CharSubjectivityNeutral,0
to,to,s,CharSubjectivityNeutral,1
remain,remain,s,NarrDurationNeutral,0
in,in,s,OtherOrphanedOther,0
the,the,s,OtherOrphanedOther,0
colonies,colonies,s,SpecialTopicsMiscellanyNeutral,0
instead,instead,s,MetadiscourseOtherNeutral,0
of,of,s,MetadiscourseOtherNeutral,1
returning,returning,s,MetadiscourseOtherNeutral,2
to,to,s,NarrSceneShiftNeutral,0
India,india,c,NarrSceneShiftNeutral,1
.,.,s,,0
This,this,s,MetadiscourseOtherNeutral,0
was,was,s,MetadiscourseOtherNeutral,1
often,often,s,NarrDurationNeutral,0
due,due,s,ReasoningOtherNeutral,0
to,to,s,ReasoningOtherNeutral,1
the,the,s,ReasoningOtherNeutral,2
relatively,relatively,s,ExpoComparisonNeutral,0
better,better,s,ExpoComparisonNeutral,0
economic,economic,s,SpecialTopicsMiscellanyNeutral,0
opportunities,opportunities,s,SpecialTopicsMiscellanyNeutral,1
abroad,abroad,s,NarrSceneShiftNeutral,0
compared,compared,s,ExpoComparisonNeutral,0
to,to,s,ExpoComparisonNeutral,1
the,the,s,OtherOrphanedOther,0
dire,dire,s,ContingentPossibilityNeg,0
conditions,conditions,s,ContingentPossibilityNeg,1
in,in,s,OtherOrphanedOther,0
India,india,s,SpecialTopicsPlaceNeutral,0
or,or,s,OtherSyntacticComplexityOther,0
the,the,s,NegEmotionsFear,0
dread,dread,s,NegEmotionsFear,1
of,of,s,OtherSyntacticComplexityOther,0
the,the,s,OtherSyntacticComplexityOther,1
return,return,s,NarrDurationNeutral,0
sea,sea,s,NarrSceneShiftNeutral,0
voyage,voyage,c,NarrSceneShiftNeutral,1
.,.,n,,0
-,-,s,,0
They,they,s,OtherOrphanedOther,0
established,established,s,PubAdministrationNeutral,0
permanent,permanent,s,SpecialTopicsMiscellanyNeutral,0
communities,communities,s,SpecialTopicsMiscellanyNeutral,1
in,in,s,OtherOrphanedOther,0
these,these,s,OtherOrphanedOther,0
regions,regions,c,SpecialTopicsPlaceNeutral,0
",",",",s,,0
with,with,s,OtherOrphanedOther,0
large,large,s,DescriptVisualNeutral,0
populations,populations,s,PubAdministrationNeutral,0
in,in,s,OtherOrphanedOther,0
countries,countries,s,ExpoExampleNeutral,0
like,like,s,ExpoExampleNeutral,1
Trinidad,trinidad,c,SpecialTopicsPlaceNeutral,0
",",",",s,,0
Guyana,guyana,c,SpecialTopicsPlaceNeutral,0
",",",",s,,0
Fiji,fiji,c,SpecialTopicsPlaceNeutral,0
",",",",s,,0
and,and,s,OtherSyntacticComplexityOther,0
Suriname,suriname,c,SpecialTopicsPlaceNeutral,0
",",",",s,,0
contributing,contributing,s,DescriptChangePos,0
to,to,s,DescriptChangePos,1
the,the,s,OtherOrphanedOther,0
cultural,cultural,s,SpecialTopicsMiscellanyNeutral,0
and,and,s,OtherSyntacticComplexityOther,0
social,social,s,SpecialTopicsMiscellanyNeutral,0
diversity,diversity,s,SpecialTopicsMiscellanyNeutral,1
of,of,s,OtherOrphanedOther,0
these,these,s,OtherOrphanedOther,0
societies,societies,c,PubAdministrationNeutral,0
.,.,n,,0
2,2,c,ExpoOtherNeutral,0
.,.,s,ExpoOtherNeutral,1
*,*,s,,0
*,*,s,,0
Cultural,cultural,s,NarrOtherNeutral,0
Legacy,legacy,c,NarrOtherNeutral,1
:,:,s,,0
*,*,s,,0
*,*,n,,0
-,-,s,,0
The,the,s,NarrTimeShiftNeutral,0
descendants,descendants,s,NarrTimeShiftNeutral,1
of,of,s,NarrTimeShiftNeutral,2
indentured,indentured,s,PubLawNeutral,0
laborers,laborers,s,CharTypesNeutral,0
maintained,maintained,s,NarrDurationNeutral,0
aspects,aspects,s,SpecialTopicsMiscellanyNeutral,0
of,of,s,SpecialTopicsMiscellanyNeutral,1
Indian,indian,s,SpecialTopicsMiscellanyNeutral,0
culture,culture,c,SpecialTopicsMiscellanyNeutral,1
",",",",s,,0
including,including,s,NarrActsNeutral,0
religious,religious,s,CharTraitsNeutral,0
practices,practices,c,OtherOrphanedGenericActivity,0
",",",",s,,0
languages,languages,c,SpecialTopicsMiscellanyNeutral,0
",",",",s,,0
and,and,s,OtherSyntacticComplexityOther,0
social,social,s,SpecialTopicsMiscellanyNeutral,0
customs,customs,c,SpecialTopicsMiscellanyNeutral,1
.,.,s,,0
Over,over,s,NarrOtherNeutral,0
time,time,c,NarrOtherNeutral,1
",",",",s,,0
there,there,s,NarrOtherNeutral,0
was,was,s,NarrOtherNeutral,1
a,a,s,OtherOrphanedOther,0
fusion,fusion,s,SpecialTopicsMiscellanyNeutral,0
of,of,s,OtherOrphanedOther,0
Indian,indian,s,NarrOtherNeutral,0
traditions,traditions,s,NarrOtherNeutral,1
with,with,s,OtherOrphanedOther,0
local,local,s,SpecialTopicsMiscellanyNeutral,0
cultures,cultures,c,SpecialTopicsMiscellanyNeutral,1
.,.,n,,0
-,-,s,,0
Indentured,indentured,s,PubLawNeutral,0
communities,communities,s,SpecialTopicsMiscellanyNeutral,0
were,were,s,NarrDurationNeutral,0
frequently,frequently,s,NarrDurationNeutral,1
marginalized,marginalized,s,DescriptChangeNeg,0
and,and,s,OtherSyntacticComplexityOther,0
had,had,s,NegActsResist,0
to,to,s,NegActsResist,1
navigate,navigate,s,DescriptMotionNeutral,0
complex,complex,s,SpecialTopicsMiscellanyNeutral,0
racial,racial,s,SpecialTopicsMiscellanyNeutral,0
and,and,s,OtherSyntacticComplexityOther,0
ethnic,ethnic,s,SpecialTopicsMiscellanyNeutral,0
dynamics,dynamics,c,ForcefulEnergizedNeutral,0
",",",",s,,0
especially,especially,s,ForcefulEmphaticNeutral,0
in,in,s,OtherOrphanedOther,0
post-colonial,post-colonial,s,NarrDurationNeutral,0
periods,periods,c,NarrDurationNeutral,1
.,.,s,,0
The,the,s,OtherOrphanedOther,0
intersections,intersections,s,DescriptVisualNeutral,0
with,with,s,OtherOrphanedOther,0
African,african,s,CharTypesNeutral,0
and,and,s,OtherSyntacticComplexityOther,0
native,native,s,PubAdministrationNeutral,0
populations,populations,s,PubAdministrationNeutral,0
led,led,s,ReasoningOtherNeutral,0
to,to,s,ReasoningOtherNeutral,1
unique,unique,s,ForcefulEmphaticNeutral,0
hybrid,hybrid,s,ForcefulEmphaticNeutral,1
cultures,cultures,c,SpecialTopicsMiscellanyNeutral,0
.,.,n,,0
3,3,c,ExpoOtherNeutral,0
.,.,s,ExpoOtherNeutral,1
*,*,s,,0
*,*,s,,0
Continued,continued,s,NegValuesOther,0
Struggles,struggles,c,NegValuesOther,1
:,:,s,,0
*,*,s,,0
*,*,n,,0
-,-,s,,0
The,the,s,NarrSequenceNeutral,0
end,end,s,NarrSequenceNeutral,1
of,of,s,NarrSequenceNeutral,2
indenture,indenture,s,PubLawNeutral,0
left,left,s,SpecialTopicsMiscellanyNeutral,0
many,many,s,ExpoOtherNeutral,0
laborers,laborers,s,CharTypesNeutral,0
and,and,s,OtherSyntacticComplexityOther,0
their,their,s,CharNamesNeutral,0
descendants,descendants,s,UncertaintyIndefiniteNeutral,0
in,in,s,OtherOrphanedOther,0
poverty,poverty,c,NegValuesPoverty,0
",",",",s,,0
without,without,s,ForcefulEmphaticNeutral,0
significant,significant,s,PubAdministrationNeutral,0
infrastructure,infrastructure,s,PubAdministrationNeutral,1
or,or,s,OtherSyntacticComplexityOther,0
support,support,s,SpecialTopicsMiscellanyNeutral,0
systems,systems,s,SpecialTopicsMiscellanyNeutral,1
from,from,s,OtherOrphanedOther,0
the,the,s,OtherOrphanedOther,0
colonial,colonial,s,SpecialTopicsMiscellanyNeutral,0
powers,powers,s,SpecialTopicsMiscellanyNeutral,1
that,that,s,NarrOtherNeutral,0
had,had,s,NarrOtherNeutral,1
utilized,utilized,s,StratCoordinationNeutral,0
their,their,s,CharNamesNeutral,0
labor,labor,c,SpecialTopicsMiscellanyNeutral,0
.,.,n,,0
-,-,s,,0
Issues,issues,s,NegActsResist,0
of,of,s,NegActsResist,1
citizenship,citizenship,c,PubAdministrationNeutral,0
",",",",s,,0
land,land,s,PubLawNeutral,0
rights,rights,c,PubLawNeutral,1
",",",",s,,0
and,and,s,OtherSyntacticComplexityOther,0
political,political,s,PubPoliticsNeutral,0
representation,representation,s,PubPoliticsNeutral,1
plagued,plagued,s,NegActsDiseaseTransmission,0
these,these,s,OtherOrphanedOther,0
communities,communities,s,SpecialTopicsMiscellanyNeutral,0
for,for,s,NarrDurationNeutral,0
decades,decades,c,NarrDurationNeutral,1
",",",",s,,0
with,with,s,OtherOrphanedOther,0
descendants,descendants,s,UncertaintyIndefiniteNeutral,0
often,often,s,NarrDurationNeutral,0
striving,striving,s,CharTraitsNeutral,0
for,for,s,CharTraitsNeutral,1
equality,equality,s,PosValuesEquality,0
and,and,s,OtherSyntacticComplexityOther,0
the,the,s,OtherSyntacticComplexityOther,1
rights,rights,s,PubLawNeutral,0
denied,denied,s,NegEmotionsOther,0
to,to,s,NegEmotionsOther,1
their,their,s,NarrOtherNeutral,0
ancestors,ancestors,c,NarrOtherNeutral,1
.,.,n,,0
4,4,c,ExpoOtherNeutral,0
.,.,s,ExpoOtherNeutral,1
*,*,s,,0
*,*,s,,0
Political,political,s,PubPoliticsNeutral,0
and,and,s,OtherSyntacticComplexityOther,0
Economic,economic,s,SpecialTopicsMiscellanyNeutral,0
Integration,integration,c,SpecialTopicsMiscellanyNeutral,1
:,:,s,,0
*,*,s,,0
*,*,n,,0
-,-,s,,0
Over,over,s,NarrDurationNeutral,0
the,the,s,NarrDurationNeutral,1
decades,decades,c,NarrDurationNeutral,2
",",",",s,,0
these,these,s,OtherOrphanedOther,0
Indian,indian,s,CharTypesNeutral,0
diasporic,diasporic,s,SpecialTopicsMiscellanyNeutral,0
communities,communities,s,SpecialTopicsMiscellanyNeutral,1
have,have,s,NarrActsNeutral,0
gradually,gradually,s,FutureOtherNeutral,0
integrated,integrated,s,DescriptChangeNeutral,0
into,into,s,DescriptChangeNeutral,1
the,the,s,OtherOrphanedOther,0
socio-political,socio-political,s,SpecialTopicsMiscellanyNeutral,0
frameworks,frameworks,s,SpecialTopicsMiscellanyNeutral,0
of,of,s,OtherSyntacticComplexityOther,0
their,their,s,OtherSyntacticComplexityOther,1
respective,respective,s,ExpoOtherNeutral,0
countries,countries,c,SpecialTopicsPlaceNeutral,0
",",",",s,,0
often,often,s,NarrDurationNeutral,0
striving,striving,s,CharTraitsNeutral,0
for,for,s,CharTraitsNeutral,1
better,better,s,ExpoComparisonNeutral,0
economic,economic,s,SpecialTopicsMiscellanyNeutral,0
opportunities,opportunities,s,SpecialTopicsMiscellanyNeutral,1
and,and,s,OtherSyntacticComplexityOther,0
political,political,s,PubPoliticsNeutral,0
influence,influence,c,PubPoliticsNeutral,1
.,.,n,,0
-,-,s,,0
Despite,despite,s,MetadiscourseContrastNeutral,0
improvements,improvements,c,DescriptChangePos,0
",",",",s,,0
many,many,s,ExpoOtherNeutral,0
descendants,descendants,s,UncertaintyIndefiniteNeutral,0
of,of,s,OtherOrphanedOther,0
indentured,indentured,s,PubLawNeutral,0
laborers,laborers,s,CharTypesNeutral,0
continue,continue,s,NarrDurationNeutral,0
to,to,s,NarrDurationNeutral,1
face,face,s,NegRelFace,0
challenges,challenges,s,NegRelFace,1
related,related,s,ExpoComparisonNeutral,0
to,to,s,ExpoComparisonNeutral,1
identity,identity,c,SpecialTopicsMiscellanyNeutral,0
",",",",s,,0
socio-economic,socio-economic,s,SpecialTopicsMiscellanyNeutral,0
status,status,c,SpecialTopicsMiscellanyNeutral,1
",",",",s,,0
and,and,s,OtherSyntacticComplexityOther,0
the,the,s,OtherSyntacticComplexityOther,1
remnants,remnants,s,NarrOtherNeutral,0
of,of,s,NarrOtherNeutral,1
colonial,colonial,s,SpecialTopicsMiscellanyNeutral,0
racial,racial,s,PubAdministrationNeutral,0
policies,policies,c,PubAdministrationNeutral,1
.,.,n,,0
In,in,s,NarrSequenceNeutral,0
summary,summary,c,NarrSequenceNeutral,1
",",",",s,NarrSequenceNeutral,2
the,the,s,OtherOrphanedOther,0
abolition,abolition,s,NegActsResist,0
of,of,s,OtherSyntacticComplexityOther,0
the,the,s,OtherSyntacticComplexityOther,1
indentured,indentured,s,PubLawNeutral,0
labor,labor,s,SpecialTopicsMiscellanyNeutral,0
system,system,s,SpecialTopicsMiscellanyNeutral,1
marked,marked,s,OtherOrphanedOther,0
the,the,s,OtherOrphanedOther,1
beginning,beginning,s,NarrTimeShiftNeutral,0
of,of,s,NarrTimeShiftNeutral,1
a,a,s,NarrTimeShiftNeutral,2
complex,complex,s,NarrOtherNeutral,0
legacy,legacy,s,NarrOtherNeutral,1
for,for,s,OtherOrphanedOther,0
the,the,s,CharTypesNeutral,0
Indian,indian,s,CharTypesNeutral,1
diaspora,diaspora,s,SpecialTopicsMiscellanyNeutral,0
in,in,s,OtherOrphanedOther,0
the,the,s,NarrSequenceNeutral,0
former,former,s,NarrSequenceNeutral,1
colonies,colonies,c,SpecialTopicsMiscellanyNeutral,0
.,.,s,,0
While,while,s,NarrDurationNeutral,0
it,it,s,NarrSequenceNeutral,0
ended,ended,s,NarrSequenceNeutral,1
a,a,s,OtherOrphanedOther,0
harsh,harsh,s,NegValuesHarshJudgment,0
and,and,s,OtherSyntacticComplexityOther,0
exploitative,exploitative,s,NegRelOther,0
labor,labor,s,SpecialTopicsMiscellanyNeutral,0
system,system,c,SpecialTopicsMiscellanyNeutral,1
",",",",s,,0
it,it,s,,0
ushered,ushered,s,NarrSequenceNeutral,0
in,in,s,NarrSequenceNeutral,1
a,a,s,NarrSequenceNeutral,2
new,new,s,NarrSequenceNeutral,3
era,era,s,NarrSequenceNeutral,4
of,of,s,OtherOrphanedOther,0
cultural,cultural,s,CharTraitsNeutral,0
persistence,persistence,s,CharTraitsNeutral,1
blended,blended,s,SpecialTopicsMiscellanyNeutral,0
with,with,s,OtherOrphanedOther,0
struggles,struggles,s,CharTraitsNeg,0
for,for,s,CharTraitsNeg,1
integration,integration,s,SpecialTopicsMiscellanyNeutral,0
and,and,s,OtherSyntacticComplexityOther,0
recognition,recognition,s,,0
in,in,s,OtherSyntacticComplexityOther,0
their,their,s,OtherSyntacticComplexityOther,1
adopted,adopted,s,NarrActsNeutral,0
homelands,homelands,c,SpecialTopicsPlaceNeutral,0
.,.,n,,0
Sources,sources,s,SpecialTopicsMiscellanyNeutral,0
used,used,c,NarrActsNeutral,0
:,:,n,,0
-,-,s,,0
Bates,bates,c,DescriptMotionNeutral,0
",",",",s,,0
C,c,c,OtherOrphanedOther,0
.,.,s,OtherOrphanedOther,1
(,(,c,OtherOrphanedOther,0
Ed,ed,c,SpecialTopicsMiscellanyNeutral,0
.,.,c,SpecialTopicsMiscellanyNeutral,1
),),c,OtherOrphanedOther,0
.,.,s,,0
(,(,c,OtherOrphanedOther,0
2024,2024,c,NarrDurationNeutral,0
),),c,OtherOrphanedOther,0
.,.,s,,0
Beyond,beyond,s,OtherOrphanedOther,0
Indenture,indenture,c,PubLawNeutral,0
.,.,s,,0
txt,txt,n,,0
-,-,s,,0
Benton,benton,c,CharNamesNeutral,0
",",",",s,,0
G,g,c,OtherOrphanedOther,0
.,.,s,OtherOrphanedOther,1
(,(,c,OtherOrphanedOther,0
2022,2022,c,CitationReferenceNeutral,0
),),c,CitationReferenceNeutral,1
.,.,s,,0
Chinese,chinese,s,CharTypesNeutral,0
Indentured,indentured,s,PubLawNeutral,0
Labour,labour,s,,0
in,in,s,OtherOrphanedOther,0
the,the,s,OtherOrphanedOther,0
Dutch,dutch,s,CharTypesNeutral,0
East,east,s,SpecialTopicsPlaceNeutral,0
Indies,indies,c,SpecialTopicsPlaceNeutral,1
.,.,s,,0
txt,txt,n,,0
-,-,s,,0
Harvard,harvard,s,PubLawNeutral,0
Law,law,s,PubLawNeutral,1
Review,review,s,InquiryExplorationNeutral,0
Association,association,c,,0
.,.,s,,0
(,(,c,OtherOrphanedOther,0
2021,2021,c,NarrDurationNeutral,0
),),c,OtherOrphanedOther,0
.,.,s,,0
The,the,s,OtherOrphanedOther,0
agreement,agreement,s,PosRelAgree,0
and,and,s,OtherSyntacticComplexityOther,0
the,the,s,OtherSyntacticComplexityOther,1
girmitiya,girmitiya,c,,0
.,.,s,,0
txt,txt,n,,0
-,-,s,,0
Hassankhan,hassankhan,c,,0
",",",",s,,0
M,m,c,OtherOrphanedOther,0
.,.,s,OtherOrphanedOther,1
S,s,c,OtherOrphanedOther,0
.,.,c,OtherOrphanedOther,1
",",",",s,,0
Roopnarine,roopnarine,c,,0
",",",",s,,0
L,l,c,OtherOrphanedOther,0
.,.,c,OtherOrphanedOther,1
",",",",s,,0
White,white,c,DescriptVisualNeutral,0
",",",",s,,0
C,c,c,OtherOrphanedOther,0
.,.,c,OtherOrphanedOther,1
",",",",s,,0
&,&,s,,0
Mahase,mahase,c,,0
",",",",s,,0
R,r,c,OtherOrphanedOther,0
.,.,s,OtherOrphanedOther,1
(,(,c,OtherOrphanedOther,0
Eds,eds,c,SpecialTopicsMiscellanyNeutral,0
.,.,c,,0
),),c,OtherOrphanedOther,0
.,.,s,,0
(,(,c,OtherOrphanedOther,0
2016,2016,c,CitationReferenceNeutral,0
),),c,CitationReferenceNeutral,1
.,.,s,,0
Legacy,legacy,s,PubAdministrationNeutral,0
of,of,s,PubAdministrationNeutral,1
Slavery,slavery,s,NegRelServility,0
and,and,s,OtherSyntacticComplexityOther,0
Indentured,indentured,s,PubLawNeutral,0
Labour,labour,c,,0
.,.,s,,0
txt,txt,n,,0
-,-,s,,0
Hegde,hegde,c,,0
",",",",s,,0
R,r,c,OtherOrphanedOther,0
.,.,s,OtherOrphanedOther,1
S,s,c,OtherOrphanedOther,0
.,.,c,OtherOrphanedOther,1
",",",",s,,0
&,&,s,,0
Sahoo,sahoo,c,,0
",",",",s,,0
A,a,c,OtherOrphanedOther,0
.,.,s,OtherOrphanedOther,1
K,k,c,OtherOrphanedOther,0
.,.,s,OtherOrphanedOther,1
(,(,c,OtherOrphanedOther,0
Eds,eds,c,SpecialTopicsMiscellanyNeutral,0
.,.,c,,0
),),c,OtherOrphanedOther,0
.,.,s,,0
(,(,c,OtherOrphanedOther,0
2018,2018,c,CitationReferenceNeutral,0
),),c,CitationReferenceNeutral,1
.,.,s,,0
Routledge,routledge,s,CharNamesNeutral,0
handbook,handbook,s,PubAdministrationNeutral,0
of,of,s,PubAdministrationNeutral,1
the,the,s,CharTypesNeutral,0
Indian,indian,s,CharTypesNeutral,1
diaspora,diaspora,c,SpecialTopicsMiscellanyNeutral,0
.,.,s,,0
txt,txt,n,,0
-,-,s,,0
Hyles,hyles,c,,0
",",",",s,,0
J,j,c,OtherOrphanedOther,0
.,.,s,OtherOrphanedOther,1
R,r,c,OtherOrphanedOther,0
.,.,s,OtherOrphanedOther,1
(,(,c,CitationReferenceNeutral,0
2013,2013,c,CitationReferenceNeutral,1
),),c,CitationReferenceNeutral,2
.,.,s,,0
Guiana,guiana,s,SpecialTopicsPlaceNeutral,0
and,and,s,OtherSyntacticComplexityOther,0
the,the,s,OtherSyntacticComplexityOther,1
Shadows,shadows,s,DescriptVisualNeutral,0
of,of,s,OtherOrphanedOther,0
Empire,empire,c,PubAdministrationNeutral,0
.,.,s,,0
txt,txt,n,,0
-,-,s,,0
Khan,khan,c,CharTypesNeutral,0
",",",",s,,0
A,a,c,OtherOrphanedOther,0
.,.,s,OtherOrphanedOther,1
(,(,c,OtherOrphanedOther,0
2021,2021,c,NarrDurationNeutral,0
),),c,OtherOrphanedOther,0
.,.,s,,0
The,the,s,OtherOrphanedOther,0
Deepest,deepest,s,DescriptObjectsNeutral,0
Dye,dye,c,DescriptObjectsNeutral,1
:,:,s,,0
Obeah,obeah,c,SpecialTopicsMiscellanyNeutral,0
",",",",s,,0
Hosay,hosay,c,,0
",",",",s,,0
and,and,s,OtherSyntacticComplexityOther,0
Race,race,s,DescriptMotionNeutral,0
in,in,s,DescriptVisualNeutral,0
the,the,s,DescriptVisualNeutral,1
Atlantic,atlantic,s,DescriptVisualNeutral,2
World,world,c,SpecialTopicsPlaceNeutral,0
.,.,s,,0
txt,txt,n,,0
-,-,s,,0
Kumar,kumar,c,CharNamesNeutral,0
",",",",s,,0
A,a,c,OtherOrphanedOther,0
.,.,c,OtherOrphanedOther,1
",",",",s,,0
&,&,s,,0
Bates,bates,c,DescriptMotionNeutral,0
",",",",s,,0
C,c,c,OtherOrphanedOther,0
.,.,s,OtherOrphanedOther,1
(,(,c,OtherOrphanedOther,0
Eds,eds,c,SpecialTopicsMiscellanyNeutral,0
.,.,c,,0
),),c,OtherOrphanedOther,0
.,.,s,,0
(,(,c,OtherOrphanedOther,0
2024,2024,c,NarrDurationNeutral,0
),),c,OtherOrphanedOther,0
.,.,s,,0
Girmitiyas,girmitiyas,s,,0
and,and,s,OtherSyntacticComplexityOther,0
the,the,s,OtherSyntacticComplexityOther,1
Global,global,s,SpecialTopicsMiscellanyNeutral,0
Indian,indian,s,CharTypesNeutral,0
Diaspora,diaspora,c,SpecialTopicsMiscellanyNeutral,0
:,:,s,,0
Origins,origins,c,NarrSequenceNeutral,0
",",",",s,,0
Memories,memories,c,CharMentalStatesNeutral,0
",",",",s,,0
and,and,s,OtherSyntacticComplexityOther,0
Identity,identity,c,SpecialTopicsMiscellanyNeutral,0
.,.,s,,0
txt,txt,n,,0
-,-,s,,0
Neus,neus,c,,0
",",",",s,,0
H,h,c,OtherOrphanedOther,0
.,.,s,OtherOrphanedOther,1
(,(,c,OtherOrphanedOther,0
2022,2022,c,CitationReferenceNeutral,0
),),c,CitationReferenceNeutral,1
.,.,s,,0
Collective,collective,s,PubCognitionNeutral,0
Memory,memory,c,PubCognitionNeutral,1
",",",",s,,0
Identity,identity,s,SpecialTopicsMiscellanyNeutral,0
and,and,s,OtherSyntacticComplexityOther,0
the,the,s,OtherSyntacticComplexityOther,1
Legacies,legacies,s,PubAdministrationNeutral,0
of,of,s,PubAdministrationNeutral,1
Slavery,slavery,s,NegRelServility,0
and,and,s,OtherSyntacticComplexityOther,0
Indenture,indenture,c,PubLawNeutral,0
.,.,s,,0
txt,txt,n,,0
-,-,s,,0
V,v,s,OtherOrphanedOther,0
Lal,lal,c,CharNamesNeutral,0
",",",",s,,0
B,b,c,OtherOrphanedOther,0
.,.,s,OtherOrphanedOther,1
(,(,c,CitationReferenceNeutral,0
2012,2012,c,CitationReferenceNeutral,1
),),c,CitationReferenceNeutral,2
.,.,s,,0
Chalo,chalo,s,,0
Jahaji,jahaji,c,,0
:,:,s,,0
On,on,s,NarrDurationNeutral,0
a,a,s,NarrDurationNeutral,1
journey,journey,s,NarrDurationNeutral,2
through,through,s,OtherOrphanedOther,0
indenture,indenture,s,PubLawNeutral,0
in,in,s,OtherOrphanedOther,0
Fiji,fiji,c,SpecialTopicsPlaceNeutral,0
.,.,s,,0
txt,txt,n,,0
-,-,s,,0
Valdez,valdez,c,,0
",",",",s,,0
I,i,c,OtherOrphanedOther,0
.,.,s,OtherOrphanedOther,1
(,(,c,OtherOrphanedOther,0
2021,2021,c,NarrDurationNeutral,0
),),c,OtherOrphanedOther,0
.,.,s,,0
Socialism,socialism,s,PubPoliticsNeutral,0
and,and,s,OtherSyntacticComplexityOther,0
empire,empire,c,PubAdministrationNeutral,0
:,:,s,InterCommandNeutral,0
labor,labor,s,InterCommandNeutral,1
mobility,mobility,c,PosValuesOther,0
",",",",s,,0
racial,racial,s,PubPoliticsNeutral,0
capitalism,capitalism,c,PubPoliticsNeutral,1
",",",",s,,0
and,and,s,OtherSyntacticComplexityOther,0
the,the,s,OtherSyntacticComplexityOther,1
political,political,s,SpecialTopicsMiscellanyNeutral,0
theory,theory,s,SpecialTopicsMiscellanyNeutral,1
of,of,s,OtherOrphanedOther,0
migration,migration,c,NarrSceneShiftNeutral,0
.,.,s,,0
txt,txt,n,,0
-,-,s,,0
Ward,ward,c,SpecialTopicsPlaceNeutral,0
",",",",s,,0
A,a,c,OtherOrphanedOther,0
.,.,s,OtherOrphanedOther,1
(,(,c,CitationReferenceNeutral,0
2013,2013,c,CitationReferenceNeutral,1
),),c,CitationReferenceNeutral,2
.,.,s,,0
Assuming,assuming,s,ResponsibilityAcceptNeutral,0
the,the,s,ResponsibilityAcceptNeutral,1
burden,burden,s,ResponsibilityAcceptNeutral,2
of,of,s,OtherOrphanedOther,0
memory,memory,c,CharMentalStatesNeutral,0
:,:,s,,0
The,the,s,OtherOrphanedOther,0
translation,translation,s,SpecialTopicsMiscellanyNeutral,0
of,of,s,OtherOrphanedOther,0
Indian,indian,s,PubLawNeutral,0
indenture,indenture,s,PubLawNeutral,1
in,in,s,OtherOrphanedOther,0
Peggy,peggy,s,CharNamesNeutral,0
Mohan’s,mohan’s,s,,0
Jahajin,jahajin,c,,0
.,.,s,,0
txt,txt,n,,0
The,the,s,ExpoComparisonNeutral,0
difference,difference,s,ExpoComparisonNeutral,1
between,between,s,ExpoComparisonNeutral,2
written,written,s,NarrOtherNeutral,0
history,history,s,NarrOtherNeutral,1
and,and,s,OtherSyntacticComplexityOther,0
collective,collective,s,StratCoordinationNeutral,0
remembering,remembering,s,StratCoordinationNeutral,1
about,about,s,OtherOrphanedOther,0
indenture,indenture,s,PubLawNeutral,0
primarily,primarily,s,ForcefulEmphaticNeutral,0
involves,involves,s,ReasoningOtherNeutral,0
the,the,s,ReasoningOtherNeutral,1
sources,sources,c,SpecialTopicsMiscellanyNeutral,0
",",",",s,,0
perspective,perspective,c,SpecialTopicsMiscellanyNeutral,0
",",",",s,,0
and,and,s,OtherSyntacticComplexityOther,0
purpose,purpose,s,FutureOtherNeutral,0
of,of,s,OtherSyntacticComplexityOther,0
the,the,s,OtherSyntacticComplexityOther,1
narratives,narratives,c,SpecialTopicsMiscellanyNeutral,0
.,.,n,,0
*,*,s,,0
*,*,s,,0
Written,written,s,NarrOtherNeutral,0
History,history,c,NarrOtherNeutral,1
:,:,s,,0
*,*,s,,0
*,*,n,,0
1,1,c,ExpoOtherNeutral,0
.,.,s,ExpoOtherNeutral,1
*,*,s,,0
*,*,s,,0
Sources,sources,c,SpecialTopicsMiscellanyNeutral,0
:,:,s,,0
*,*,s,,0
*,*,s,,0
Written,written,s,InterOtherNeutral,0
histories,histories,s,NarrOtherNeutral,0
of,of,s,NarrOtherNeutral,1
indenture,indenture,s,PubLawNeutral,0
typically,typically,s,NarrDurationNeutral,0
rely,rely,s,NarrActsNeutral,0
on,on,s,NarrActsNeutral,1
formal,formal,s,SpecialTopicsMiscellanyNeutral,0
documents,documents,s,DescriptObjectsNeutral,0
such,such,s,ExpoExampleNeutral,0
as,as,s,ExpoExampleNeutral,1
government,government,s,PubAdministrationNeutral,0
records,records,c,DescriptObjectsNeutral,0
",",",",s,,0
contracts,contracts,c,NarrActsNeutral,0
",",",",s,,0
laws,laws,c,PubAdministrationNeutral,0
",",",",s,PubAdministrationNeutral,1
regulations,regulations,c,PubAdministrationNeutral,2
",",",",s,,0
plantation,plantation,s,DescriptVisualNeutral,0
reports,reports,c,NarrActsNeutral,0
",",",",s,,0
and,and,s,OtherSyntacticComplexityOther,0
archived,archived,s,SpecialTopicsMiscellanyNeutral,0
material,material,s,SpecialTopicsMiscellanyNeutral,0
produced,produced,s,NarrActsNeutral,0
by,by,s,OtherOrphanedOther,0
colonial,colonial,s,SpecialTopicsMiscellanyNeutral,0
authorities,authorities,c,PubAdministrationNeutral,0
.,.,s,,0
These,these,s,OtherOrphanedOther,0
sources,sources,s,SpecialTopicsMiscellanyNeutral,0
are,are,s,NarrDurationNeutral,0
often,often,s,NarrDurationNeutral,1
housed,housed,s,DescriptVisualNeutral,0
in,in,s,DescriptVisualNeutral,1
national,national,s,PubAdministrationNeutral,0
archives,archives,s,SpecialTopicsMiscellanyNeutral,0
and,and,s,OtherSyntacticComplexityOther,0
libraries,libraries,s,DescriptObjectsNeutral,0
and,and,s,OtherSyntacticComplexityOther,0
reflect,reflect,s,OtherOrphanedOther,0
the,the,s,OtherOrphanedOther,1
official,official,s,PubAdministrationNeutral,0
perspective,perspective,s,SpecialTopicsMiscellanyNeutral,0
of,of,s,NarrOtherNeutral,0
the,the,s,NarrOtherNeutral,1
time,time,c,NarrOtherNeutral,2
.,.,n,,0
2,2,c,ExpoOtherNeutral,0
.,.,s,ExpoOtherNeutral,1
*,*,s,,0
*,*,s,,0
Perspective,perspective,c,SpecialTopicsMiscellanyNeutral,0
:,:,s,,0
*,*,s,,0
*,*,s,,0
Written,written,s,NarrOtherNeutral,0
history,history,s,NarrOtherNeutral,1
tends,tends,s,ConfidenceHedgedNeutral,0
to,to,s,ConfidenceHedgedNeutral,1
present,present,s,ConfidenceHedgedNeutral,2
a,a,s,OtherOrphanedOther,0
top-down,top-down,s,CharSubjectivityNeutral,0
view,view,c,CharSubjectivityNeutral,1
",",",",s,,0
influenced,influenced,s,CharTraitsNeutral,0
by,by,s,CharTraitsNeutral,1
the,the,s,CharTraitsNeutral,2
priorities,priorities,s,StratCoordinationNeutral,0
and,and,s,OtherSyntacticComplexityOther,0
biases,biases,s,NegRelBias,0
of,of,s,OtherSyntacticComplexityOther,0
the,the,s,OtherSyntacticComplexityOther,1
colonial,colonial,s,SpecialTopicsMiscellanyNeutral,0
regime,regime,c,PubAdministrationNeutral,0
.,.,s,,0
This,this,s,OtherOrphanedOther,0
perspective,perspective,s,SpecialTopicsMiscellanyNeutral,0
might,might,s,ConfidenceHedgedNeutral,0
emphasize,emphasize,s,ConfidenceHedgedNeutral,1
regulations,regulations,c,PubAdministrationNeutral,0
",",",",s,,0
administrative,administrative,s,PubAdministrationNeutral,0
processes,processes,c,PubAdministrationNeutral,1
",",",",s,,0
and,and,s,OtherSyntacticComplexityOther,0
economic,economic,s,SpecialTopicsMiscellanyNeutral,0
outcomes,outcomes,c,SpecialTopicsMiscellanyNeutral,1
",",",",s,,0
often,often,s,NarrDurationNeutral,0
overlooking,overlooking,s,NegEmotionsOther,0
the,the,s,OtherOrphanedOther,0
personal,personal,s,CharSubjectivityNeutral,0
experiences,experiences,s,CharSubjectivityNeutral,1
of,of,s,OtherOrphanedOther,0
indentured,indentured,s,PubLawNeutral,0
laborers,laborers,c,CharTypesNeutral,0
.,.,s,,0
The,the,s,OtherOrphanedOther,0
colonial,colonial,s,SpecialTopicsMiscellanyNeutral,0
accounts,accounts,s,SpecialTopicsMiscellanyNeutral,0
could,could,s,ContingentRelationshipNeutral,0
reflect,reflect,s,OtherOrphanedOther,0
a,a,s,OtherOrphanedOther,1
paternalistic,paternalistic,s,CharSubjectivityNeg,0
view,view,c,CharSubjectivityNeg,1
",",",",s,,0
depicting,depicting,s,DescriptVisualNeutral,0
the,the,s,DescriptVisualNeutral,1
indenture,indenture,s,SpecialTopicsMiscellanyNeutral,0
system,system,s,SpecialTopicsMiscellanyNeutral,1
as,as,s,OtherOrphanedOther,0
a,a,s,OtherOrphanedOther,1
regulated,regulated,s,PubAdministrationNeutral,0
labor,labor,s,SpecialTopicsMiscellanyNeutral,0
scheme,scheme,s,StratCoordinationNeutral,0
offering,offering,s,StratCoordinationNeutral,1
protection,protection,s,StratCoordinationNeutral,2
and,and,s,OtherSyntacticComplexityOther,0
care,care,c,PosRelBondOverNegative,0
",",",",s,,0
as,as,s,OtherOrphanedOther,0
suggested,suggested,s,InterOtherNeutral,0
by,by,s,OtherOrphanedOther,0
official,official,s,PubAdministrationNeutral,0
reports,reports,s,PubAdministrationNeutral,1
describing,describing,s,SpecialTopicsMiscellanyNeutral,0
medical,medical,s,SpecialTopicsMiscellanyNeutral,0
care,care,c,SpecialTopicsMiscellanyNeutral,1
",",",",s,,0
wages,wages,c,SpecialTopicsMiscellanyNeutral,0
",",",",s,,0
and,and,s,OtherSyntacticComplexityOther,0
supervision,supervision,c,ResponsibilitySuperviseNeutral,0
.,.,n,,0
3,3,c,ExpoOtherNeutral,0
.,.,s,ExpoOtherNeutral,1
*,*,s,,0
*,*,s,,0
Purpose,purpose,c,FutureOtherNeutral,0
:,:,s,,0
*,*,s,,0
*,*,s,,0
The,the,s,MetadiscoursePurposeNonFirstPerson,0
goal,goal,s,MetadiscoursePurposeNonFirstPerson,1
of,of,s,MetadiscoursePurposeNonFirstPerson,2
such,such,s,OtherOrphanedOther,0
narratives,narratives,s,SpecialTopicsMiscellanyNeutral,0
often,often,s,NarrDurationNeutral,0
aims,aims,s,StratCognitionNeutral,0
at,at,s,StratCognitionNeutral,1
documenting,documenting,s,StratCognitionNeutral,0
and,and,s,OtherSyntacticComplexityOther,0
rationalizing,rationalizing,s,ReasoningCriticizeNeg,0
the,the,s,OtherOrphanedOther,0
functioning,functioning,s,SpecialTopicsMiscellanyNeutral,0
of,of,s,OtherSyntacticComplexityOther,0
the,the,s,OtherSyntacticComplexityOther,1
colonial,colonial,s,SpecialTopicsMiscellanyNeutral,0
labor,labor,s,SpecialTopicsMiscellanyNeutral,0
system,system,c,SpecialTopicsMiscellanyNeutral,1
.,.,s,,0
It,it,s,ConfidenceHedgedNeutral,0
might,might,s,ConfidenceHedgedNeutral,1
highlight,highlight,s,OtherOrphanedOther,0
the,the,s,OtherOrphanedOther,1
economic,economic,s,SpecialTopicsMiscellanyNeutral,0
contributions,contributions,s,SpecialTopicsMiscellanyNeutral,1
of,of,s,OtherOrphanedOther,0
indentured,indentured,s,PubLawNeutral,0
laborers,laborers,s,CharTypesNeutral,0
while,while,s,NarrDurationNeutral,0
minimizing,minimizing,s,DescriptChangeNeutral,0
or,or,s,OtherSyntacticComplexityOther,0
ignoring,ignoring,s,NegRelIgnore,0
abuses,abuses,s,NegActsAggressive,0
and,and,s,OtherSyntacticComplexityOther,0
hardships,hardships,s,NegActsResist,0
they,they,s,NegValuesOther,0
faced,faced,c,NegValuesOther,1
.,.,n,,0
*,*,s,,0
*,*,s,,0
Collective,collective,s,StratCoordinationNeutral,0
Remembering,remembering,c,StratCoordinationNeutral,1
:,:,s,,0
*,*,s,,0
*,*,n,,0
1,1,c,ExpoOtherNeutral,0
.,.,s,ExpoOtherNeutral,1
*,*,s,,0
*,*,s,,0
Sources,sources,c,SpecialTopicsMiscellanyNeutral,0
:,:,s,,0
*,*,s,,0
*,*,s,,0
Collective,collective,s,StratCoordinationNeutral,0
remembering,remembering,s,StratCoordinationNeutral,1
generally,generally,s,ConfidenceHedgedNeutral,0
draws,draws,s,StratActsPos,0
from,from,s,StratActsPos,1
oral,oral,s,NarrOtherNeutral,0
traditions,traditions,c,NarrOtherNeutral,1
",",",",s,,0
folk,folk,s,DescriptSoundNeutral,0
songs,songs,c,DescriptSoundNeutral,1
",",",",s,,0
testimonios,testimonios,c,,0
",",",",s,,0
personal,personal,s,NarrSequenceNeutral,0
stories,stories,c,NarrSequenceNeutral,1
",",",",s,,0
and,and,s,OtherSyntacticComplexityOther,0
cultural,cultural,s,SpecialTopicsMiscellanyNeutral,0
expressions,expressions,s,ExpoComparisonNeutral,0
like,like,s,ExpoComparisonNeutral,1
music,music,s,DescriptSoundNeutral,0
and,and,s,OtherSyntacticComplexityOther,0
festivals,festivals,s,PosEmotionsFestive,0
that,that,s,OtherSyntacticComplexityOther,0
have,have,s,OtherSyntacticComplexityOther,1
been,been,s,PubCommunicationNeutral,0
passed,passed,s,PubCommunicationNeutral,1
down,down,s,PubCommunicationNeutral,2
through,through,s,OtherOrphanedOther,0
generations,generations,c,SpecialTopicsMiscellanyNeutral,0
.,.,s,,0
These,these,s,OtherOrphanedOther,0
narratives,narratives,s,SpecialTopicsMiscellanyNeutral,0
are,are,s,OtherOrphanedOther,0
embedded,embedded,s,DescriptVisualNeutral,0
in,in,s,DescriptVisualNeutral,1
cultural,cultural,s,SpecialTopicsMiscellanyNeutral,0
practices,practices,s,OtherOrphanedGenericActivity,0
and,and,s,OtherSyntacticComplexityOther,0
everyday,everyday,s,OtherOrphanedGenericActivity,0
life,life,c,OtherOrphanedGenericActivity,1
",",",",s,,0
as,as,s,OtherSyntacticComplexityOther,0
well,well,s,OtherSyntacticComplexityOther,1
as,as,s,OtherSyntacticComplexityOther,2
personal,personal,s,CharSubjectivityNeutral,0
memories,memories,s,CharMentalStatesNeutral,0
and,and,s,OtherSyntacticComplexityOther,0
community,community,s,SpecialTopicsMiscellanyNeutral,0
history,history,c,SpecialTopicsMiscellanyNeutral,1
.,.,n,,0
2,2,c,ExpoOtherNeutral,0
.,.,s,ExpoOtherNeutral,1
*,*,s,,0
*,*,s,,0
Perspective,perspective,c,SpecialTopicsMiscellanyNeutral,0
:,:,s,,0
*,*,s,,0
*,*,s,,0
This,this,s,OtherOrphanedOther,0
form,form,s,SpecialTopicsMiscellanyNeutral,0
of,of,s,SpecialTopicsMiscellanyNeutral,1
memory,memory,s,CharMentalStatesNeutral,0
provides,provides,s,FacilitateSponsorNeutral,0
a,a,s,FacilitateSponsorNeutral,1
bottom-up,bottom-up,s,,0
view,view,c,OtherOrphanedOther,0
",",",",s,,0
focusing,focusing,s,CharMentalStatesPos,0
on,on,s,CharMentalStatesPos,1
the,the,s,CharMentalStatesPos,2
lived,lived,s,StratOtherPos,0
experiences,experiences,s,StratOtherPos,1
of,of,s,OtherSyntacticComplexityOther,0
the,the,s,OtherSyntacticComplexityOther,1
indentured,indentured,s,PubLawNeutral,0
laborers,laborers,s,CharTypesNeutral,0
and,and,s,OtherSyntacticComplexityOther,0
their,their,s,CharNamesNeutral,0
descendants,descendants,c,UncertaintyIndefiniteNeutral,0
.,.,s,,0
It,it,s,,0
highlights,highlights,s,OtherOrphanedOther,0
the,the,s,OtherOrphanedOther,1
emotional,emotional,c,SpecialTopicsMiscellanyNeutral,0
",",",",s,,0
psychological,psychological,c,SpecialTopicsMiscellanyNeutral,0
",",",",s,,0
and,and,s,OtherSyntacticComplexityOther,0
social,social,s,SpecialTopicsMiscellanyNeutral,0
dimensions,dimensions,s,SpecialTopicsMiscellanyNeutral,1
of,of,s,OtherSyntacticComplexityOther,0
their,their,s,OtherSyntacticComplexityOther,1
experiences,experiences,c,NarrActsNeutral,0
",",",",s,,0
including,including,s,OtherOrphanedOther,0
the,the,s,OtherOrphanedOther,1
sense,sense,s,SpecialTopicsMiscellanyNeutral,0
of,of,s,SpecialTopicsMiscellanyNeutral,1
alienation,alienation,c,NegRelAlienate,0
",",",",s,,0
identity,identity,c,SpecialTopicsMiscellanyNeutral,0
",",",",s,,0
resilience,resilience,c,PosActsResilience,0
",",",",s,,0
and,and,s,OtherSyntacticComplexityOther,0
community,community,s,SpecialTopicsMiscellanyNeutral,0
dynamics,dynamics,c,SpecialTopicsMiscellanyNeutral,1
.,.,s,,0
It,it,s,ConfidenceHedgedNeutral,0
may,may,s,ConfidenceHedgedNeutral,1
also,also,s,MetadiscourseAdditionNeutral,0
address,address,s,InterOtherNeutral,0
the,the,s,InterOtherNeutral,1
preservation,preservation,s,PubAdministrationNeutral,0
of,of,s,OtherOrphanedOther,0
cultural,cultural,s,SpecialTopicsMiscellanyNeutral,0
identity,identity,s,SpecialTopicsMiscellanyNeutral,1
and,and,s,OtherSyntacticComplexityOther,0
adaptation,adaptation,s,DescriptChangeNeutral,0
in,in,s,OtherOrphanedOther,0
the,the,s,OtherOrphanedOther,0
diaspora,diaspora,c,SpecialTopicsMiscellanyNeutral,0
.,.,n,,0
3,3,c,ExpoOtherNeutral,0
.,.,s,ExpoOtherNeutral,1
*,*,s,,0
*,*,s,,0
Purpose,purpose,c,FutureOtherNeutral,0
:,:,s,,0
*,*,s,,0
*,*,s,,0
Collective,collective,s,PubCognitionNeutral,0
memories,memories,s,PubCognitionNeutral,1
aim,aim,s,,0
to,to,s,OtherOrphanedOther,0
retain,retain,s,NarrActsNeutral,0
and,and,s,OtherSyntacticComplexityOther,0
honor,honor,s,PosValuesHonor,0
the,the,s,PosValuesHonor,1
heritage,heritage,s,PosValuesHonor,2
of,of,s,OtherSyntacticComplexityOther,0
the,the,s,OtherSyntacticComplexityOther,1
indentured,indentured,s,PubLawNeutral,0
communities,communities,c,SpecialTopicsMiscellanyNeutral,0
.,.,s,NarrActsNeutral,0
They,they,s,NarrActsNeutral,1
serve,serve,s,OtherOrphanedOther,0
to,to,s,OtherOrphanedOther,1
reinforce,reinforce,s,DescriptChangePos,0
cultural,cultural,s,SpecialTopicsMiscellanyNeutral,0
identity,identity,c,SpecialTopicsMiscellanyNeutral,1
",",",",s,,0
commemorate,commemorate,s,StratCoordinationNeutral,0
the,the,s,OtherOrphanedOther,0
struggles,struggles,s,,0
and,and,s,OtherSyntacticComplexityOther,0
resilience,resilience,s,PosActsResilience,0
of,of,s,OtherOrphanedOther,0
ancestors,ancestors,c,NarrOtherNeutral,0
",",",",s,,0
and,and,s,OtherSyntacticComplexityOther,0
provide,provide,s,FacilitateSponsorNeutral,0
a,a,s,FacilitateSponsorNeutral,1
counter-narrative,counter-narrative,s,NegActsResist,0
to,to,s,OtherOrphanedOther,0
official,official,s,PubAdministrationNeutral,0
histories,histories,c,NarrOtherNeutral,0
.,.,s,NarrActsNeutral,0
They,they,s,NarrActsNeutral,1
may,may,s,ConfidenceHedgedNeutral,0
also,also,s,ConfidenceHedgedNeutral,1
play,play,s,StratCoordinationNeutral,0
a,a,s,StratCoordinationNeutral,1
role,role,s,StratCoordinationNeutral,2
in,in,s,StratCoordinationNeutral,3
shaping,shaping,s,OtherOrphanedOther,0
contemporary,contemporary,s,NarrSimultaneityNeutral,0
cultural,cultural,s,SpecialTopicsMiscellanyNeutral,0
identity,identity,s,SpecialTopicsMiscellanyNeutral,1
and,and,s,OtherSyntacticComplexityOther,0
social,social,s,SpecialTopicsMiscellanyNeutral,0
dynamics,dynamics,s,SpecialTopicsMiscellanyNeutral,1
within,within,s,OtherOrphanedOther,0
diaspora,diaspora,s,SpecialTopicsMiscellanyNeutral,0
communities,communities,c,SpecialTopicsMiscellanyNeutral,1
.,.,n,,0
In,in,s,NarrSequenceNeutral,0
summary,summary,c,NarrSequenceNeutral,1
",",",",s,NarrSequenceNeutral,2
while,while,s,NarrDurationNeutral,0
written,written,s,NarrOtherNeutral,0
history,history,s,NarrOtherNeutral,1
on,on,s,OtherOrphanedOther,0
indenture,indenture,s,PubLawNeutral,0
often,often,s,NarrDurationNeutral,0
presents,presents,s,InterOtherNeutral,0
a,a,s,InterOtherNeutral,1
structured,structured,c,SpecialTopicsMiscellanyNeutral,0
",",",",s,,0
institutional,institutional,s,CharSubjectivityNeutral,0
view,view,s,CharSubjectivityNeutral,1
that,that,s,ContingentRelationshipNeutral,0
could,could,s,ContingentRelationshipNeutral,1
be,be,s,ContingentRelationshipNeutral,2
limited,limited,s,StratActsNeg,0
by,by,s,StratActsNeg,1
official,official,s,PubAdministrationNeutral,0
narratives,narratives,c,SpecialTopicsMiscellanyNeutral,0
",",",",s,,0
collective,collective,s,StratCoordinationNeutral,0
remembering,remembering,s,StratCoordinationNeutral,1
offers,offers,s,FacilitateSponsorNeutral,0
a,a,s,FacilitateSponsorNeutral,1
more,more,s,ReasoningAnalyzeNeutral,0
nuanced,nuanced,c,ReasoningAnalyzeNeutral,1
",",",",s,,0
human-centered,human-centered,s,PosValuesOther,0
understanding,understanding,c,InquiryLearningNeutral,0
",",",",s,,0
emphasizing,emphasizing,s,ForcefulEmphaticNeutral,0
the,the,s,ForcefulEmphaticNeutral,1
complexity,complexity,c,SpecialTopicsMiscellanyNeutral,0
",",",",s,,0
continuity,continuity,c,NarrOtherNeutral,0
",",",",s,,0
and,and,s,OtherSyntacticComplexityOther,0
richness,richness,s,PosEmotionsOther,0
of,of,s,OtherSyntacticComplexityOther,0
the,the,s,OtherSyntacticComplexityOther,1
indentured,indentured,s,PubLawNeutral,0
labor,labor,s,StratOtherPos,0
experience,experience,s,StratOtherPos,1
as,as,s,OtherOrphanedOther,0
lived,lived,s,NarrBiographyNeutral,0
and,and,s,OtherSyntacticComplexityOther,0
retold,retold,s,InterOtherNeutral,0
within,within,s,OtherOrphanedOther,0
communities,communities,c,SpecialTopicsMiscellanyNeutral,0
.,.,s,,0
This,this,s,OtherOrphanedOther,0
duality,duality,s,SpecialTopicsMiscellanyNeutral,0
allows,allows,s,FacilitateExpediteNeutral,0
for,for,s,FacilitateExpediteNeutral,1
a,a,s,ExpoComparisonNeutral,0
more,more,s,ExpoComparisonNeutral,1
comprehensive,comprehensive,s,PosRelGratitude,0
appreciation,appreciation,s,PosRelGratitude,1
of,of,s,OtherOrphanedOther,0
indenture's,indenture's,s,,0
legacy,legacy,c,NarrOtherNeutral,0
",",",",s,,0
as,as,s,OtherOrphanedOther,0
both,both,s,MetadiscourseOtherNeutral,0
a,a,s,MetadiscourseOtherNeutral,1
historical,historical,s,NarrOtherNeutral,0
and,and,s,OtherSyntacticComplexityOther,0
ongoing,ongoing,s,NarrImmediacyNeutral,0
socioeconomic,socioeconomic,s,PubAdministrationNeutral,0
and,and,s,OtherSyntacticComplexityOther,0
cultural,cultural,s,SpecialTopicsMiscellanyNeutral,0
phenomenon,phenomenon,c,SpecialTopicsMiscellanyNeutral,0
.,.,n,,0
Sources,sources,s,SpecialTopicsMiscellanyNeutral,0
used,used,c,NarrActsNeutral,0
:,:,n,,0
-,-,s,,0
Bates,bates,c,DescriptMotionNeutral,0
",",",",s,,0
C,c,c,OtherOrphanedOther,0
.,.,s,OtherOrphanedOther,1
(,(,c,OtherOrphanedOther,0
Ed,ed,c,SpecialTopicsMiscellanyNeutral,0
.,.,c,SpecialTopicsMiscellanyNeutral,1
),),c,OtherOrphanedOther,0
.,.,s,,0
(,(,c,OtherOrphanedOther,0
2024,2024,c,NarrDurationNeutral,0
),),c,OtherOrphanedOther,0
.,.,s,,0
Beyond,beyond,s,OtherOrphanedOther,0
Indenture,indenture,c,PubLawNeutral,0
.,.,s,,0
txt,txt,n,,0
-,-,s,,0
Benton,benton,c,CharNamesNeutral,0
",",",",s,,0
G,g,c,OtherOrphanedOther,0
.,.,s,OtherOrphanedOther,1
(,(,c,OtherOrphanedOther,0
2022,2022,c,CitationReferenceNeutral,0
),),c,CitationReferenceNeutral,1
.,.,s,,0
Chinese,chinese,s,CharTypesNeutral,0
Indentured,indentured,s,PubLawNeutral,0
Labour,labour,s,,0
in,in,s,OtherOrphanedOther,0
the,the,s,OtherOrphanedOther,0
Dutch,dutch,s,CharTypesNeutral,0
East,east,s,SpecialTopicsPlaceNeutral,0
Indies,indies,c,SpecialTopicsPlaceNeutral,1
.,.,s,,0
txt,txt,n,,0
-,-,s,,0
Harvard,harvard,s,PubLawNeutral,0
Law,law,s,PubLawNeutral,1
Review,review,s,InquiryExplorationNeutral,0
Association,association,c,,0
.,.,s,,0
(,(,c,OtherOrphanedOther,0
2021,2021,c,NarrDurationNeutral,0
),),c,OtherOrphanedOther,0
.,.,s,,0
The,the,s,OtherOrphanedOther,0
agreement,agreement,s,PosRelAgree,0
and,and,s,OtherSyntacticComplexityOther,0
the,the,s,OtherSyntacticComplexityOther,1
girmitiya,girmitiya,c,,0
.,.,s,,0
txt,txt,n,,0
-,-,s,,0
Hassankhan,hassankhan,c,,0
",",",",s,,0
M,m,c,OtherOrphanedOther,0
.,.,s,OtherOrphanedOther,1
S,s,c,OtherOrphanedOther,0
.,.,c,OtherOrphanedOther,1
",",",",s,,0
Roopnarine,roopnarine,c,,0
",",",",s,,0
L,l,c,OtherOrphanedOther,0
.,.,c,OtherOrphanedOther,1
",",",",s,,0
&,&,s,,0
Mahase,mahase,c,,0
",",",",s,,0
R,r,c,OtherOrphanedOther,0
.,.,s,OtherOrphanedOther,1
(,(,c,OtherOrphanedOther,0
2016,2016,c,CitationReferenceNeutral,0
),),c,CitationReferenceNeutral,1
.,.,s,,0
Social,social,s,,0
and,and,s,OtherSyntacticComplexityOther,0
cultural,cultural,s,SpecialTopicsMiscellanyNeutral,0
dimensions,dimensions,s,SpecialTopicsMiscellanyNeutral,0
of,of,s,OtherOrphanedOther,0
Indian,indian,s,PubLawNeutral,0
indentured,indentured,s,PubLawNeutral,1
labour,labour,s,,0
and,and,s,OtherSyntacticComplexityOther,0
its,its,s,OtherOrphanedOther,0
diaspora,diaspora,c,SpecialTopicsMiscellanyNeutral,0
.,.,s,,0
txt,txt,n,,0
-,-,s,,0
Hay,hay,c,DescriptObjectsNeutral,0
",",",",s,,0
D,d,c,OtherOrphanedOther,0
.,.,c,OtherOrphanedOther,1
",",",",s,,0
&,&,s,,0
Craven,craven,c,NegActsCowardly,0
",",",",s,,0
P,p,c,OtherOrphanedOther,0
.,.,s,OtherOrphanedOther,1
(,(,c,OtherOrphanedOther,0
Eds,eds,c,SpecialTopicsMiscellanyNeutral,0
.,.,c,,0
),),c,OtherOrphanedOther,0
.,.,s,,0
(,(,c,CitationReferenceNeutral,0
2005,2005,c,CitationReferenceNeutral,1
),),c,CitationReferenceNeutral,2
.,.,s,,0
Masters,masters,c,PosValuesOther,0
",",",",s,,0
servants,servants,c,CharTypesNeutral,0
",",",",s,,0
and,and,s,OtherSyntacticComplexityOther,0
magistrates,magistrates,s,CharTypesNeutral,0
in,in,s,OtherOrphanedOther,0
Britain,britain,s,CharNamesNeutral,0
and,and,s,OtherSyntacticComplexityOther,0
the,the,s,OtherSyntacticComplexityOther,1
Empire,empire,c,PubAdministrationNeutral,0
.,.,s,,0
txt,txt,n,,0
-,-,s,,0
Hegde,hegde,c,,0
",",",",s,,0
R,r,c,OtherOrphanedOther,0
.,.,s,OtherOrphanedOther,1
S,s,c,OtherOrphanedOther,0
.,.,c,OtherOrphanedOther,1
",",",",s,,0
&,&,s,,0
Sahoo,sahoo,c,,0
",",",",s,,0
A,a,c,OtherOrphanedOther,0
.,.,s,OtherOrphanedOther,1
K,k,c,OtherOrphanedOther,0
.,.,s,OtherOrphanedOther,1
(,(,c,OtherOrphanedOther,0
Eds,eds,c,SpecialTopicsMiscellanyNeutral,0
.,.,c,,0
),),c,OtherOrphanedOther,0
.,.,s,,0
(,(,c,OtherOrphanedOther,0
2018,2018,c,CitationReferenceNeutral,0
),),c,CitationReferenceNeutral,1
.,.,s,,0
Routledge,routledge,s,CharNamesNeutral,0
handbook,handbook,s,PubAdministrationNeutral,0
of,of,s,PubAdministrationNeutral,1
the,the,s,CharTypesNeutral,0
Indian,indian,s,CharTypesNeutral,1
diaspora,diaspora,c,SpecialTopicsMiscellanyNeutral,0
.,.,s,,0
txt,txt,n,,0
-,-,s,,0
Khan,khan,c,CharTypesNeutral,0
",",",",s,,0
A,a,c,OtherOrphanedOther,0
.,.,s,OtherOrphanedOther,1
(,(,c,OtherOrphanedOther,0
2021,2021,c,NarrDurationNeutral,0
),),c,OtherOrphanedOther,0
.,.,s,,0
The,the,s,OtherOrphanedOther,0
Deepest,deepest,s,DescriptObjectsNeutral,0
Dye,dye,c,DescriptObjectsNeutral,1
:,:,s,,0
Obeah,obeah,c,SpecialTopicsMiscellanyNeutral,0
",",",",s,,0
Hosay,hosay,c,,0
",",",",s,,0
and,and,s,OtherSyntacticComplexityOther,0
Race,race,s,DescriptMotionNeutral,0
in,in,s,DescriptVisualNeutral,0
the,the,s,DescriptVisualNeutral,1
Atlantic,atlantic,s,DescriptVisualNeutral,2
World,world,c,SpecialTopicsPlaceNeutral,0
.,.,s,,0
txt,txt,n,,0
-,-,s,,0
Kumar,kumar,c,CharNamesNeutral,0
",",",",s,,0
V,v,c,OtherOrphanedOther,0
.,.,s,OtherOrphanedOther,1
(,(,c,CitationReferenceNeutral,0
1979,1979,c,CitationReferenceNeutral,1
),),c,CitationReferenceNeutral,2
.,.,s,,0
Girmit,girmit,s,,0
—,—,s,,0
The,the,s,OtherOrphanedOther,0
indenture,indenture,s,PubLawNeutral,0
experience,experience,s,StratOtherPos,0
in,in,s,StratOtherPos,1
Fiji,fiji,c,SpecialTopicsPlaceNeutral,0
.,.,s,,0
txt,txt,n,,0
-,-,s,,0
Lal,lal,c,CharNamesNeutral,0
",",",",s,,0
B,b,c,OtherOrphanedOther,0
.,.,s,OtherOrphanedOther,1
V,v,c,OtherOrphanedOther,0
.,.,c,OtherOrphanedOther,1
",",",",s,,0
Munro,munro,c,CharNamesNeutral,0
",",",",s,,0
D,d,c,OtherOrphanedOther,0
.,.,c,OtherOrphanedOther,1
",",",",s,,0
&,&,s,,0
Beechert,beechert,c,,0
",",",",s,,0
E,e,c,OtherOrphanedOther,0
.,.,s,OtherOrphanedOther,1
D,d,c,OtherOrphanedOther,0
.,.,s,OtherOrphanedOther,1
(,(,c,OtherOrphanedOther,0
Eds,eds,c,SpecialTopicsMiscellanyNeutral,0
.,.,c,,0
),),c,OtherOrphanedOther,0
.,.,s,,0
(,(,c,CitationReferenceNeutral,0
1993,1993,c,CitationReferenceNeutral,1
),),c,CitationReferenceNeutral,2
.,.,s,,0
Plantation,plantation,s,DescriptVisualNeutral,0
Workers,workers,c,CharTypesNeutral,0
:,:,s,,0
resistance,resistance,s,NegActsResist,0
and,and,s,OtherSyntacticComplexityOther,0
accommodation,accommodation,c,FacilitateAccommodatePos,0
.,.,s,,0
txt,txt,n,,0
-,-,s,,0
Neus,neus,c,,0
",",",",s,,0
H,h,c,OtherOrphanedOther,0
.,.,s,OtherOrphanedOther,1
(,(,c,OtherOrphanedOther,0
2022,2022,c,CitationReferenceNeutral,0
),),c,CitationReferenceNeutral,1
.,.,s,,0
Collective,collective,s,PubCognitionNeutral,0
Memory,memory,c,PubCognitionNeutral,1
",",",",s,,0
Identity,identity,s,SpecialTopicsMiscellanyNeutral,0
and,and,s,OtherSyntacticComplexityOther,0
the,the,s,OtherSyntacticComplexityOther,1
Legacies,legacies,s,PubAdministrationNeutral,0
of,of,s,PubAdministrationNeutral,1
Slavery,slavery,s,NegRelServility,0
and,and,s,OtherSyntacticComplexityOther,0
Indenture,indenture,c,PubLawNeutral,0
.,.,s,,0
txt,txt,n,,0
-,-,s,,0
V,v,s,OtherOrphanedOther,0
Lal,lal,c,CharNamesNeutral,0
",",",",s,,0
B,b,c,OtherOrphanedOther,0
.,.,s,OtherOrphanedOther,1
(,(,c,CitationReferenceNeutral,0
2012,2012,c,CitationReferenceNeutral,1
),),c,CitationReferenceNeutral,2
.,.,s,,0
Chalo,chalo,s,,0
Jahaji,jahaji,c,,0
:,:,s,,0
On,on,s,NarrDurationNeutral,0
a,a,s,NarrDurationNeutral,1
journey,journey,s,NarrDurationNeutral,2
through,through,s,OtherOrphanedOther,0
indenture,indenture,s,PubLawNeutral,0
in,in,s,OtherOrphanedOther,0
Fiji,fiji,c,SpecialTopicsPlaceNeutral,0
.,.,s,,0
txt,txt,n,,0
-,-,s,,0
Ward,ward,c,SpecialTopicsPlaceNeutral,0
",",",",s,,0
A,a,c,OtherOrphanedOther,0
.,.,s,OtherOrphanedOther,1
(,(,c,CitationReferenceNeutral,0
2013,2013,c,CitationReferenceNeutral,1
),),c,CitationReferenceNeutral,2
.,.,s,,0
Assuming,assuming,s,ResponsibilityAcceptNeutral,0
the,the,s,ResponsibilityAcceptNeutral,1
burden,burden,s,ResponsibilityAcceptNeutral,2
of,of,s,OtherOrphanedOther,0
memory,memory,c,CharMentalStatesNeutral,0
:,:,s,,0
The,the,s,OtherOrphanedOther,0
translation,translation,s,SpecialTopicsMiscellanyNeutral,0
of,of,s,OtherOrphanedOther,0
Indian,indian,s,PubLawNeutral,0
indenture,indenture,s,PubLawNeutral,1
in,in,s,OtherOrphanedOther,0
Peggy,peggy,s,CharNamesNeutral,0
Mohan’s,mohan’s,s,,0
Jahajin,jahajin,c,,0
.,.,s,,0
txt,txt,n,,0
The,the,s,OtherOrphanedOther,0
indenture,indenture,s,SpecialTopicsMiscellanyNeutral,0
system,system,s,SpecialTopicsMiscellanyNeutral,1
in,in,s,OtherOrphanedOther,0
Suriname,suriname,s,SpecialTopicsPlaceNeutral,0
led,led,s,ReasoningOtherNeutral,0
to,to,s,ReasoningOtherNeutral,1
a,a,s,ReasoningOtherNeutral,2
complex,complex,s,SpecialTopicsMiscellanyNeutral,0
and,and,s,OtherSyntacticComplexityOther,0
multifaceted,multifaceted,s,SpecialTopicsMiscellanyNeutral,0
integration,integration,s,SpecialTopicsMiscellanyNeutral,0
of,of,s,OtherOrphanedOther,0
Dutch,dutch,c,CharTypesNeutral,0
",",",",s,,0
Surinamese,surinamese,c,CharTypesNeutral,0
",",",",s,,0
and,and,s,OtherSyntacticComplexityOther,0
Indian,indian,s,SpecialTopicsMiscellanyNeutral,0
cultures,cultures,c,SpecialTopicsMiscellanyNeutral,1
",",",",s,,0
marked,marked,s,ForcefulEmphaticNeutral,0
by,by,s,ForcefulEmphaticNeutral,1
various,various,s,SpecialTopicsMiscellanyNeutral,0
socio-cultural,socio-cultural,s,SpecialTopicsMiscellanyNeutral,0
and,and,s,OtherSyntacticComplexityOther,0
economic,economic,s,SpecialTopicsMiscellanyNeutral,0
interactions,interactions,c,SpecialTopicsMiscellanyNeutral,1
.,.,n,,0
#,#,s,,0
#,#,s,,0
#,#,c,,0
,,c,,0
#,#,s,,0
#,#,s,,0
#,#,s,,0
Cultural,cultural,s,SpecialTopicsMiscellanyNeutral,0
Integration,integration,s,SpecialTopicsMiscellanyNeutral,0
and,and,s,OtherSyntacticComplexityOther,0
Linguistic,linguistic,s,SpecialTopicsMiscellanyNeutral,0
Developments,developments,n,SpecialTopicsMiscellanyNeutral,0
1,1,c,ExpoOtherNeutral,0
.,.,s,ExpoOtherNeutral,1
*,*,s,,0
*,*,s,,0
Language,language,s,SpecialTopicsMiscellanyNeutral,0
and,and,s,OtherSyntacticComplexityOther,0
Communication,communication,s,SpecialTopicsMiscellanyNeutral,0
*,*,s,,0
*,*,c,,0
:,:,s,,0
The,the,s,OtherOrphanedOther,0
multicultural,multicultural,s,SpecialTopicsMiscellanyNeutral,0
environment,environment,s,SpecialTopicsMiscellanyNeutral,0
of,of,s,OtherOrphanedOther,0
Suriname,suriname,c,SpecialTopicsPlaceNeutral,0
",",",",s,,0
fostered,fostered,s,FacilitateEncouragePos,0
by,by,s,OtherOrphanedOther,0
the,the,s,OtherOrphanedOther,0
colonial,colonial,s,SpecialTopicsMiscellanyNeutral,0
administration's,administration's,s,PubAdministrationNeutral,0
policies,policies,c,PubAdministrationNeutral,0
",",",",s,,0
led,led,s,ReasoningOtherNeutral,0
to,to,s,ReasoningOtherNeutral,1
linguistic,linguistic,s,SpecialTopicsMiscellanyNeutral,0
integration,integration,s,SpecialTopicsMiscellanyNeutral,0
as,as,s,OtherOrphanedOther,0
necessity,necessity,s,NarrSequenceNeutral,0
dictated,dictated,s,NarrActsNeutral,0
communication,communication,s,SpecialTopicsMiscellanyNeutral,0
across,across,s,OtherOrphanedOther,0
ethnic,ethnic,s,SpecialTopicsMiscellanyNeutral,0
groups,groups,c,SpecialTopicsMiscellanyNeutral,0
.,.,s,,0
Indentured,indentured,s,PubLawNeutral,0
laborers,laborers,s,CharTypesNeutral,0
from,from,s,OtherOrphanedOther,0
India,india,s,SpecialTopicsPlaceNeutral,0
and,and,s,OtherSyntacticComplexityOther,0
Java,java,c,DescriptObjectsNeutral,0
",",",",s,,0
alongside,alongside,s,DescriptVisualNeutral,0
their,their,s,DescriptVisualNeutral,1
African,african,s,CharTypesNeutral,0
and,and,s,OtherSyntacticComplexityOther,0
Creole,creole,s,SpecialTopicsMiscellanyNeutral,0
counterparts,counterparts,c,ExpoComparisonNeutral,0
",",",",s,,0
contributed,contributed,s,DescriptChangePos,0
to,to,s,DescriptChangePos,1
the,the,s,NarrTimeShiftNeutral,0
development,development,s,NarrTimeShiftNeutral,1
of,of,s,NarrTimeShiftNeutral,2
Sranan,sranan,s,,0
Tongo,tongo,c,,0
",",",",s,,0
a,a,s,OtherOrphanedOther,0
creole,creole,s,SpecialTopicsMiscellanyNeutral,0
language,language,s,SpecialTopicsMiscellanyNeutral,1
that,that,s,OtherOrphanedOther,0
facilitated,facilitated,s,FacilitateOtherNeutral,0
everyday,everyday,s,NarrDurationNeutral,0
communication,communication,c,SpecialTopicsMiscellanyNeutral,0
.,.,s,,0
Similarly,similarly,c,MetadiscourseOtherNeutral,0
",",",",s,MetadiscourseOtherNeutral,1
the,the,s,OtherOrphanedOther,0
Bhojpuri-speaking,bhojpuri-speaking,s,,0
Indian,indian,s,SpecialTopicsMiscellanyNeutral,0
community,community,s,SpecialTopicsMiscellanyNeutral,1
also,also,s,MetadiscourseAdditionNeutral,0
contributed,contributed,s,DescriptChangePos,0
to,to,s,DescriptChangePos,1
the,the,s,OtherOrphanedOther,0
linguistic,linguistic,s,SpecialTopicsMiscellanyNeutral,0
landscape,landscape,c,DescriptVisualNeutral,0
",",",",s,,0
leading,leading,s,ReasoningOtherNeutral,0
to,to,s,ReasoningOtherNeutral,1
the,the,s,ReasoningOtherNeutral,2
emergence,emergence,s,ReasoningOtherNeutral,3
of,of,s,OtherOrphanedOther,0
Sarnami,sarnami,c,,0
",",",",s,,0
a,a,s,OtherOrphanedOther,0
dialect,dialect,s,SpecialTopicsMiscellanyNeutral,0
that,that,s,OtherOrphanedOther,0
amalgamated,amalgamated,s,StratCoordinationNeutral,0
elements,elements,s,SpecialTopicsMiscellanyNeutral,0
of,of,s,SpecialTopicsMiscellanyNeutral,1
Bhojpuri,bhojpuri,s,,0
and,and,s,OtherSyntacticComplexityOther,0
local,local,s,SpecialTopicsPlaceNeutral,0
languages,languages,c,SpecialTopicsMiscellanyNeutral,0
.,.,s,,0
This,this,s,OtherOrphanedOther,0
linguistic,linguistic,s,SpecialTopicsMiscellanyNeutral,0
creolization,creolization,s,SpecialTopicsMiscellanyNeutral,0
was,was,s,NarrOtherNeutral,0
symbolic,symbolic,s,ExpoExampleNeutral,0
of,of,s,ExpoExampleNeutral,1
broader,broader,s,ExpoComparisonNeutral,0
cultural,cultural,s,SpecialTopicsMiscellanyNeutral,0
syntheses,syntheses,s,ReasoningAnalyzeNeutral,0
at,at,s,OtherOrphanedOther,0
play,play,c,OtherOrphanedOther,0
.,.,n,,0
2,2,c,ExpoOtherNeutral,0
.,.,s,ExpoOtherNeutral,1
*,*,s,,0
*,*,s,,0
Religious,religious,s,CharTraitsNeutral,0
and,and,s,OtherSyntacticComplexityOther,0
Social,social,s,SpecialTopicsMiscellanyNeutral,0
Practices,practices,s,SpecialTopicsMiscellanyNeutral,1
*,*,s,,0
*,*,c,,0
:,:,s,,0
Although,although,s,MetadiscourseContrastNeutral,0
indentured,indentured,s,PubLawNeutral,0
laborers,laborers,s,CharTypesNeutral,0
were,were,s,FacilitateEncouragePos,0
encouraged,encouraged,s,FacilitateEncouragePos,1
to,to,s,OtherOrphanedOther,0
assimilate,assimilate,s,DescriptChangeNeutral,0
into,into,s,DescriptChangeNeutral,1
the,the,s,OtherOrphanedOther,0
colonial,colonial,s,SpecialTopicsMiscellanyNeutral,0
society,society,s,PubAdministrationNeutral,0
through,through,s,OtherOrphanedOther,0
pressure,pressure,s,NegActsCoercive,0
to,to,s,NegActsCoercive,1
adopt,adopt,s,NegActsCoercive,2
Christianity,christianity,s,SpecialTopicsMiscellanyNeutral,0
and,and,s,OtherSyntacticComplexityOther,0
Western,western,s,SpecialTopicsPlaceNeutral,0
customs,customs,c,PubAdministrationNeutral,0
",",",",s,,0
they,they,s,OtherOrphanedOther,0
retained,retained,s,NarrActsNeutral,0
significant,significant,s,ForcefulSignificantNeutral,0
elements,elements,s,SpecialTopicsMiscellanyNeutral,0
of,of,s,SpecialTopicsMiscellanyNeutral,1
their,their,s,NarrBiographyNeutral,0
native,native,s,NarrBiographyNeutral,1
cultural,cultural,s,SpecialTopicsMiscellanyNeutral,0
and,and,s,OtherSyntacticComplexityOther,0
religious,religious,s,CharTraitsNeutral,0
practices,practices,c,OtherOrphanedGenericActivity,0
.,.,s,,0
The,the,s,OtherOrphanedOther,0
persistence,persistence,s,NarrDurationNeutral,0
of,of,s,NarrDurationNeutral,1
Hindu,hindu,s,SpecialTopicsMiscellanyNeutral,0
and,and,s,OtherSyntacticComplexityOther,0
Islamic,islamic,s,NarrOtherNeutral,0
traditions,traditions,c,NarrOtherNeutral,1
",",",",s,,0
despite,despite,s,MetadiscourseContrastNeutral,0
the,the,s,OtherOrphanedOther,0
pressure,pressure,s,SpecialTopicsMiscellanyNeutral,0
from,from,s,OtherOrphanedOther,0
colonial,colonial,s,SpecialTopicsMiscellanyNeutral,0
and,and,s,OtherSyntacticComplexityOther,0
Christian,christian,s,PubAdministrationNeutral,0
institutions,institutions,c,PubAdministrationNeutral,1
",",",",s,,0
highlights,highlights,s,OtherOrphanedOther,0
a,a,s,OtherOrphanedOther,1
degree,degree,s,SpecialTopicsMiscellanyNeutral,0
of,of,s,SpecialTopicsMiscellanyNeutral,1
cultural,cultural,s,PosActsResilience,0
resilience,resilience,s,PosActsResilience,1
and,and,s,OtherSyntacticComplexityOther,0
integration,integration,s,SpecialTopicsMiscellanyNeutral,0
on,on,s,NarrBiographyNeutral,0
their,their,s,NarrBiographyNeutral,1
own,own,s,NarrBiographyNeutral,2
terms,terms,c,SpecialTopicsMiscellanyNeutral,0
.,.,s,,0
The,the,s,PubAdministrationNeutral,0
establishment,establishment,s,PubAdministrationNeutral,1
of,of,s,OtherOrphanedOther,0
mandirs,mandirs,s,DescriptVisualNeutral,0
(,(,c,OtherOrphanedOther,0
Hindu,hindu,s,SpecialTopicsMiscellanyNeutral,0
temples,temples,c,DescriptVisualNeutral,0
),),s,OtherOrphanedOther,0
and,and,s,OtherSyntacticComplexityOther,0
masjids,masjids,s,DescriptVisualNeutral,0
demonstrates,demonstrates,s,ConfidenceHighNeutral,0
the,the,s,ConfidenceHighNeutral,1
preservation,preservation,s,PubAdministrationNeutral,0
and,and,s,OtherSyntacticComplexityOther,0
adaptation,adaptation,s,DescriptChangeNeutral,0
of,of,s,OtherOrphanedOther,0
religious,religious,s,CharTraitsNeutral,0
practices,practices,s,OtherOrphanedGenericActivity,0
in,in,s,OtherOrphanedOther,0
the,the,s,UpdatesOtherNeutral,0
new,new,s,UpdatesOtherNeutral,1
environment,environment,c,SpecialTopicsMiscellanyNeutral,0
.,.,n,,0
3,3,c,ExpoOtherNeutral,0
.,.,s,ExpoOtherNeutral,1
*,*,s,,0
*,*,s,,0
Ethnic,ethnic,s,SpecialTopicsMiscellanyNeutral,0
Associations,associations,s,,0
and,and,s,OtherSyntacticComplexityOther,0
Community,community,s,PosRelSolidarity,0
Solidarity,solidarity,s,PosRelSolidarity,1
*,*,s,,0
*,*,c,,0
:,:,s,,0
As,as,s,OtherOrphanedOther,0
immigrants,immigrants,s,CharTypesNeutral,0
began,began,s,NarrSequenceNeutral,0
to,to,s,NarrSequenceNeutral,1
see,see,s,DescriptVisualNeutral,0
Suriname,suriname,s,SpecialTopicsPlaceNeutral,0
as,as,s,OtherOrphanedOther,0
a,a,s,OtherOrphanedOther,1
permanent,permanent,s,NarrSequenceNeutral,0
home,home,c,SpecialTopicsPlaceNeutral,0
",",",",s,,0
they,they,s,OtherOrphanedOther,0
organized,organized,s,OtherOrphanedOther,0
themselves,themselves,s,CharNamesNeutral,0
into,into,s,OtherOrphanedOther,0
ethnic,ethnic,s,SpecialTopicsMiscellanyNeutral,0
associations,associations,c,,0
",",",",s,OtherOrphanedOther,0
which,which,s,OtherOrphanedOther,1
became,became,s,DescriptChangeNeutral,0
instrumental,instrumental,s,SpecialTopicsMiscellanyNeutral,0
in,in,s,OtherOrphanedOther,0
promoting,promoting,s,FacilitateSponsorNeutral,0
cultural,cultural,s,SpecialTopicsMiscellanyNeutral,0
cohesion,cohesion,s,PosValuesOther,0
and,and,s,OtherSyntacticComplexityOther,0
solidarity,solidarity,s,PosRelSolidarity,0
within,within,s,OtherOrphanedOther,0
their,their,s,CharNamesNeutral,0
communities,communities,c,SpecialTopicsMiscellanyNeutral,0
.,.,s,,0
These,these,s,OtherOrphanedOther,0
organizations,organizations,s,PubAdministrationNeutral,0
played,played,s,OtherOrphanedOther,0
a,a,s,OtherOrphanedOther,0
dual,dual,s,SpecialTopicsMiscellanyNeutral,0
role,role,s,SpecialTopicsMiscellanyNeutral,0
in,in,s,OtherOrphanedOther,0
integrating,integrating,s,StratCoordinationNeutral,0
ethnic,ethnic,s,NarrOtherNeutral,0
traditions,traditions,s,NarrOtherNeutral,1
into,into,s,DescriptChangeNeutral,0
the,the,s,DescriptChangeNeutral,1
broader,broader,s,ExpoComparisonNeutral,0
Surinamese,surinamese,s,CharTypesNeutral,0
fabric,fabric,s,DescriptObjectsNeutral,0
while,while,s,NarrDurationNeutral,0
simultaneously,simultaneously,s,NarrSimultaneityNeutral,0
maintaining,maintaining,s,NarrDurationNeutral,0
distinct,distinct,s,ExpoComparisonNeutral,0
cultural,cultural,s,SpecialTopicsMiscellanyNeutral,0
identities,identities,c,SpecialTopicsMiscellanyNeutral,1
.,.,s,,0
The,the,s,PubAdministrationNeutral,0
government,government,s,PubAdministrationNeutral,1
supported,supported,s,PosRelOther,0
these,these,s,OtherOrphanedOther,0
associations,associations,s,,0
as,as,s,OtherOrphanedOther,0
a,a,s,OtherOrphanedOther,1
means,means,s,OtherOrphanedOther,2
to,to,s,OtherOrphanedOther,3
manage,manage,s,ResponsibilitySuperviseNeutral,0
the,the,s,ResponsibilitySuperviseNeutral,1
diverse,diverse,s,,0
populace,populace,s,SpecialTopicsMiscellanyNeutral,0
without,without,s,ForcefulEmphaticNeutral,0
directly,directly,s,,0
integrating,integrating,s,StratCoordinationNeutral,0
them,them,s,StratCoordinationNeutral,1
into,into,s,DescriptChangeNeutral,0
the,the,s,DescriptChangeNeutral,1
colonial,colonial,s,SpecialTopicsMiscellanyNeutral,0
system,system,c,SpecialTopicsMiscellanyNeutral,1
.,.,n,,0
#,#,s,,0
#,#,s,,0
#,#,c,,0
,,c,,0
#,#,s,,0
#,#,s,,0
#,#,s,,0
Social,social,s,SpecialTopicsMiscellanyNeutral,0
Dynamics,dynamics,s,SpecialTopicsMiscellanyNeutral,1
and,and,s,OtherSyntacticComplexityOther,0
Interethnic,interethnic,s,,0
Relations,relations,n,SpecialTopicsMiscellanyNeutral,0
1,1,c,ExpoOtherNeutral,0
.,.,s,ExpoOtherNeutral,1
*,*,s,,0
*,*,s,,0
Housing,housing,s,DescriptVisualNeutral,0
and,and,s,OtherSyntacticComplexityOther,0
Social,social,s,PubAdministrationNeutral,0
Interaction,interaction,s,PubAdministrationNeutral,1
*,*,s,,0
*,*,c,,0
:,:,s,,0
The,the,s,OtherOrphanedOther,0
enforced,enforced,s,StratOtherNeutral,0
close,close,s,OtherOrphanedOther,0
living,living,s,DescriptVisualNeutral,0
quarters,quarters,s,DescriptVisualNeutral,1
on,on,s,OtherOrphanedOther,0
plantations,plantations,s,DescriptVisualNeutral,0
meant,meant,s,ReasoningInferNeutral,0
that,that,c,ReasoningInferNeutral,1
",",",",s,,0
although,although,s,MetadiscourseContrastNeutral,0
housing,housing,s,DescriptVisualNeutral,0
was,was,s,NarrDurationNeutral,0
often,often,s,NarrDurationNeutral,1
segregated,segregated,s,NarrSceneShiftNeutral,0
by,by,s,OtherOrphanedOther,0
ethnic,ethnic,s,SpecialTopicsMiscellanyNeutral,0
groups,groups,c,SpecialTopicsMiscellanyNeutral,0
",",",",s,,0
daily,daily,s,NarrDurationNeutral,0
interactions,interactions,s,SpecialTopicsMiscellanyNeutral,0
were,were,s,FutureOtherNeutral,0
inevitable,inevitable,c,FutureOtherNeutral,1
.,.,s,,0
Shared,shared,s,PosRelShare,0
experiences,experiences,s,PosRelShare,1
in,in,s,NegValuesHarshJudgment,0
harsh,harsh,s,NegValuesHarshJudgment,1
working,working,s,ContingentEventNeutral,0
conditions,conditions,s,ContingentEventNeutral,1
fostered,fostered,s,FacilitateEncouragePos,0
a,a,s,FacilitateEncouragePos,1
sense,sense,s,SpecialTopicsMiscellanyNeutral,0
of,of,s,SpecialTopicsMiscellanyNeutral,1
unity,unity,s,StratCoordinationPos,0
among,among,s,OtherSyntacticComplexityOther,0
the,the,s,OtherSyntacticComplexityOther,1
laborers,laborers,c,CharTypesNeutral,0
",",",",s,,0
despite,despite,s,MetadiscourseContrastNeutral,0
underlying,underlying,s,OtherOrphanedOther,0
social,social,s,SpecialTopicsMiscellanyNeutral,0
divisions,divisions,c,SpecialTopicsMiscellanyNeutral,1
.,.,s,,0
Opportunities,opportunities,s,FacilitateEnablePos,0
for,for,s,FacilitateEnablePos,1
interaction,interaction,s,SpecialTopicsMiscellanyNeutral,0
continued,continued,s,NarrDurationNeutral,0
in,in,s,NarrDurationNeutral,1
spaces,spaces,s,DescriptVisualNeutral,0
used,used,s,DescriptVisualNeutral,1
by,by,s,ReasoningOtherNeutral,0
all,all,c,ReasoningOtherNeutral,1
",",",",s,ExpoExampleNeutral,0
such,such,s,ExpoExampleNeutral,1
as,as,s,ExpoExampleNeutral,2
streets,streets,s,DescriptVisualNeutral,0
and,and,s,OtherSyntacticComplexityOther,0
factories,factories,c,SpecialTopicsMiscellanyNeutral,0
",",",",s,,0
encouraging,encouraging,s,FacilitateEncouragePos,0
a,a,s,OtherOrphanedOther,0
blending,blending,s,SpecialTopicsMiscellanyNeutral,0
of,of,s,OtherOrphanedOther,0
experiences,experiences,s,NarrActsNeutral,0
and,and,c,OtherSyntacticComplexityOther,0
",",",",s,,0
over,over,s,NarrOtherNeutral,0
time,time,c,NarrOtherNeutral,1
",",",",s,,0
cultures,cultures,c,SpecialTopicsMiscellanyNeutral,0
.,.,n,,0
2,2,c,ExpoOtherNeutral,0
.,.,s,ExpoOtherNeutral,1
*,*,s,,0
*,*,s,,0
Creolization,creolization,s,SpecialTopicsMiscellanyNeutral,0
and,and,s,OtherSyntacticComplexityOther,0
Blended,blended,s,SpecialTopicsMiscellanyNeutral,0
Social,social,s,SpecialTopicsMiscellanyNeutral,0
Practices,practices,s,SpecialTopicsMiscellanyNeutral,1
*,*,s,,0
*,*,c,,0
:,:,s,,0
Aside,aside,s,ExpoOtherNeutral,0
from,from,s,ExpoOtherNeutral,1
linguistic,linguistic,s,SpecialTopicsMiscellanyNeutral,0
creolization,creolization,c,SpecialTopicsMiscellanyNeutral,0
",",",",s,,0
other,other,s,,0
aspects,aspects,s,SpecialTopicsMiscellanyNeutral,0
of,of,s,SpecialTopicsMiscellanyNeutral,1
culture,culture,c,SpecialTopicsMiscellanyNeutral,0
",",",",s,ExpoExampleNeutral,0
such,such,s,ExpoExampleNeutral,1
as,as,s,ExpoExampleNeutral,2
agricultural,agricultural,s,SpecialTopicsMiscellanyNeutral,0
practices,practices,c,OtherOrphanedGenericActivity,0
",",",",s,,0
culinary,culinary,s,NarrOtherNeutral,0
traditions,traditions,c,NarrOtherNeutral,1
",",",",s,,0
and,and,s,OtherSyntacticComplexityOther,0
arts,arts,c,SpecialTopicsMiscellanyNeutral,0
",",",",s,,0
were,were,s,NarrOtherNeutral,0
creolized,creolized,c,SpecialTopicsMiscellanyNeutral,0
",",",",s,,0
drawing,drawing,s,StratActsPos,0
from,from,s,StratActsPos,1
Dutch,dutch,c,CharTypesNeutral,0
",",",",s,,0
Indian,indian,c,CharTypesNeutral,0
",",",",s,,0
and,and,s,OtherSyntacticComplexityOther,0
indigenous,indigenous,s,SpecialTopicsMiscellanyNeutral,0
African,african,s,CharTypesNeutral,0
influences,influences,c,StratCoordinationNeutral,0
.,.,s,,0
Initiatives,initiatives,s,StratActsNeutral,0
like,like,s,OtherOrphanedOther,0
cricket,cricket,s,DescriptObjectsNeutral,0
matches,matches,s,DescriptObjectsNeutral,0
or,or,s,OtherSyntacticComplexityOther,0
gamelans,gamelans,s,SpecialTopicsMiscellanyNeutral,0
(,(,c,OtherOrphanedOther,0
Indonesian,indonesian,s,CharTypesNeutral,0
musical,musical,s,DescriptSoundNeutral,0
ensembles,ensembles,c,StratCoordinationNeutral,0
),),s,OtherOrphanedOther,0
promoted,promoted,s,FacilitateSponsorNeutral,0
by,by,s,OtherOrphanedOther,0
plantations,plantations,s,DescriptVisualNeutral,0
and,and,s,OtherSyntacticComplexityOther,0
colonial,colonial,s,PubAdministrationNeutral,0
administrations,administrations,s,PubAdministrationNeutral,1
contributed,contributed,s,DescriptChangePos,0
to,to,s,DescriptChangePos,1
cultural,cultural,s,SpecialTopicsMiscellanyNeutral,0
exchanges,exchanges,s,NarrActsNeutral,0
and,and,s,OtherSyntacticComplexityOther,0
shared,shared,s,PosRelShare,0
experiences,experiences,c,PosRelShare,1
.,.,n,,0
#,#,s,,0
#,#,s,,0
#,#,c,,0
,,c,,0
#,#,s,,0
#,#,s,,0
#,#,s,,0
Government,government,s,PubAdministrationNeutral,0
Policies,policies,s,PubAdministrationNeutral,1
and,and,s,OtherSyntacticComplexityOther,0
Colonial,colonial,s,SpecialTopicsMiscellanyNeutral,0
Structures,structures,n,SpecialTopicsMiscellanyNeutral,0
1,1,c,ExpoOtherNeutral,0
.,.,s,ExpoOtherNeutral,1
*,*,s,,0
*,*,s,,0
Government,government,s,PubAdministrationNeutral,0
Assimilation,assimilation,s,PubAdministrationNeutral,0
Policies,policies,s,PubAdministrationNeutral,1
*,*,s,,0
*,*,c,,0
:,:,s,,0
Initially,initially,c,NarrSequenceNeutral,0
",",",",s,,0
the,the,s,OtherOrphanedOther,0
Dutch,dutch,s,SpecialTopicsMiscellanyNeutral,0
colonial,colonial,s,SpecialTopicsMiscellanyNeutral,1
government,government,s,PubAdministrationNeutral,0
encouraged,encouraged,s,FacilitateEncouragePos,0
assimilation,assimilation,s,DescriptChangeNeutral,0
into,into,s,OtherOrphanedOther,0
Dutch,dutch,s,SpecialTopicsMiscellanyNeutral,0
culture,culture,c,SpecialTopicsMiscellanyNeutral,1
",",",",s,,0
promoting,promoting,s,FacilitateSponsorNeutral,0
Dutch,dutch,s,CharTypesNeutral,0
language,language,c,SpecialTopicsMiscellanyNeutral,0
",",",",s,,0
law,law,c,PubLawNeutral,0
",",",",s,,0
and,and,s,OtherSyntacticComplexityOther,0
customs,customs,c,PubAdministrationNeutral,0
.,.,s,MetadiscourseContrastNeutral,0
However,however,c,MetadiscourseContrastNeutral,1
",",",",s,,0
the,the,s,NegValuesOther,0
lack,lack,s,NegValuesOther,1
of,of,s,NegValuesOther,2
a,a,s,OtherOrphanedOther,0
coherent,coherent,s,PosValuesOther,0
integration,integration,s,PubAdministrationNeutral,0
policy,policy,s,PubAdministrationNeutral,1
meant,meant,s,OtherOrphanedOther,0
practices,practices,s,OtherOrphanedGenericActivity,0
were,were,s,NarrDurationNeutral,0
often,often,s,NarrDurationNeutral,1
pragmatic,pragmatic,s,StratCoordinationNeutral,0
and,and,s,OtherSyntacticComplexityOther,0
ad,ad,s,SpecialTopicsMiscellanyNeutral,0
hoc,hoc,c,SpecialTopicsMiscellanyNeutral,1
",",",",s,,0
adjusted,adjusted,s,DescriptChangeNeutral,0
as,as,s,OtherOrphanedOther,0
circumstances,circumstances,s,ContingentEventNeutral,0
and,and,s,OtherSyntacticComplexityOther,0
colonial,colonial,s,NegEmotionsIdentifyGaps,0
needs,needs,s,NegEmotionsIdentifyGaps,1
changed,changed,c,DescriptChangeNeutral,0
.,.,s,,0
Education,education,s,PubAdministrationNeutral,0
policies,policies,s,PubAdministrationNeutral,1
saw,saw,s,DescriptVisualNeutral,0
shifts,shifts,s,DescriptChangeNeutral,0
from,from,s,DescriptChangeNeutral,1
imposition,imposition,s,NegRelImpose,0
of,of,s,OtherOrphanedOther,0
Dutch-centric,dutch-centric,s,,0
systems,systems,s,SpecialTopicsMiscellanyNeutral,0
to,to,s,OtherOrphanedOther,0
more,more,s,ExpoComparisonNeutral,0
inclusive,inclusive,s,ExpoOtherNeutral,0
approaches,approaches,s,ExpoOtherNeutral,1
that,that,s,OtherOrphanedOther,0
allowed,allowed,s,FacilitateExpediteNeutral,0
scope,scope,s,SpecialTopicsMiscellanyNeutral,0
for,for,s,SpecialTopicsMiscellanyNeutral,1
cultural,cultural,s,NarrOtherNeutral,0
continuities,continuities,c,NarrOtherNeutral,1
.,.,n,,0
2,2,c,ExpoOtherNeutral,0
.,.,s,ExpoOtherNeutral,1
*,*,s,,0
*,*,s,,0
Settlement,settlement,s,PosRelAgree,0
Schemes,schemes,s,StratCoordinationNeutral,0
*,*,s,,0
*,*,c,,0
:,:,s,,0
The,the,s,PubAdministrationNeutral,0
government,government,s,PubAdministrationNeutral,1
implemented,implemented,s,PubAdministrationNeutral,0
policies,policies,s,PubAdministrationNeutral,1
that,that,s,OtherOrphanedOther,0
encouraged,encouraged,s,FacilitateEncouragePos,0
permanent,permanent,s,PosRelAgree,0
settlement,settlement,s,PosRelAgree,1
through,through,s,OtherOrphanedOther,0
land,land,s,StratOtherNeutral,0
allocations,allocations,c,StratOtherNeutral,1
",",",",s,,0
intending,intending,s,CharTraitsNeutral,0
to,to,s,CharTraitsNeutral,1
transition,transition,s,DescriptChangeNeutral,0
immigrants,immigrants,s,CharTypesNeutral,0
from,from,s,OtherOrphanedOther,0
plantation,plantation,s,DescriptVisualNeutral,0
workers,workers,s,CharTypesNeutral,0
to,to,s,OtherOrphanedOther,0
smallholders,smallholders,c,CharTypesNeutral,0
.,.,s,,0
While,while,s,NarrDurationNeutral,0
this,this,s,ForcefulIntenseNeutral,0
did,did,s,ForcefulIntenseNeutral,1
not,not,s,NegActsResist,0
immediately,immediately,s,NarrImmediacyNeutral,0
lead,lead,s,ReasoningOtherNeutral,0
to,to,s,ReasoningOtherNeutral,1
widespread,widespread,s,ForcefulEmphaticNeutral,0
assimilation,assimilation,c,DescriptChangeNeutral,0
",",",",s,,0
it,it,s,,0
marked,marked,s,OtherOrphanedOther,0
a,a,s,OtherOrphanedOther,1
shift,shift,s,DescriptChangeNeutral,0
from,from,s,DescriptChangeNeutral,1
temporary,temporary,s,NarrDurationNeutral,0
labor,labor,s,PubAdministrationNeutral,0
policy,policy,s,PubAdministrationNeutral,1
to,to,s,OtherOrphanedOther,0
fostering,fostering,s,FacilitateEncouragePos,0
a,a,s,FacilitateEncouragePos,1
more,more,s,ExpoComparisonNeutral,0
permanent,permanent,c,NarrSequenceNeutral,0
",",",",s,MetadiscourseContrastNeutral,0
though,though,s,MetadiscourseContrastNeutral,1
pluralistic,pluralistic,c,PubAdministrationNeutral,0
",",",",s,,0
society,society,c,PubAdministrationNeutral,0
.,.,n,,0
3,3,c,ExpoOtherNeutral,0
.,.,s,ExpoOtherNeutral,1
*,*,s,,0
*,*,s,,0
Political,political,s,PubPoliticsNeutral,0
and,and,s,OtherSyntacticComplexityOther,0
Legislative,legislative,s,PubAdministrationNeutral,0
Integration,integration,s,SpecialTopicsMiscellanyNeutral,0
*,*,s,,0
*,*,c,,0
:,:,s,,0
Despite,despite,s,MetadiscourseContrastNeutral,0
cultural,cultural,s,SpecialTopicsMiscellanyNeutral,0
contributions,contributions,c,PosValuesOther,0
",",",",s,,0
political,political,s,PubPoliticsNeutral,0
integration,integration,s,PubPoliticsNeutral,1
proved,proved,s,ReasoningCriticizeNeg,0
more,more,s,ExpoComparisonNeutral,0
challenging,challenging,s,CharTraitsNeutral,0
for,for,s,OtherOrphanedOther,0
the,the,s,CharTypesNeutral,0
Indian,indian,s,CharTypesNeutral,1
community,community,c,SpecialTopicsMiscellanyNeutral,0
.,.,s,,0
While,while,s,NarrDurationNeutral,0
legislative,legislative,s,PubAdministrationNeutral,0
changes,changes,c,DescriptChangeNeutral,0
",",",",s,ExpoComparisonNeutral,0
like,like,s,ExpoComparisonNeutral,1
the,the,s,ExpoComparisonNeutral,2
law,law,s,PubLawNeutral,0
on,on,s,OtherOrphanedOther,0
Dutch,dutch,s,CharTypesNeutral,0
citizenship,citizenship,s,PubAdministrationNeutral,0
in,in,s,NarrTimeShiftNeutral,0
1927,1927,c,NarrTimeShiftNeutral,1
",",",",s,,0
improved,improved,s,DescriptChangePos,0
the,the,s,OtherOrphanedOther,0
legal,legal,s,PubLawNeutral,0
status,status,s,SpecialTopicsMiscellanyNeutral,0
of,of,s,OtherOrphanedOther,0
Indians,indians,s,CharTypesNeutral,0
in,in,s,OtherOrphanedOther,0
Suriname,suriname,c,SpecialTopicsPlaceNeutral,0
",",",",s,,0
political,political,s,PubPoliticsNeutral,0
representation,representation,s,PubPoliticsNeutral,1
remained,remained,s,InquiryCuriosityNeg,0
limited,limited,c,InquiryCuriosityNeg,1
.,.,s,,0
Creoles,creoles,c,SpecialTopicsMiscellanyNeutral,0
",",",",s,,0
being,being,s,OtherOrphanedOther,0
more,more,s,ExpoComparisonNeutral,0
politically,politically,s,PubPoliticsNeutral,0
active,active,s,SpecialTopicsMiscellanyNeutral,0
and,and,s,OtherSyntacticComplexityOther,0
integrated,integrated,c,StratCoordinationNeutral,0
",",",",s,,0
dominated,dominated,s,StratCompetitionNeutral,0
political,political,s,PubPoliticsNeutral,0
leadership,leadership,c,PubPoliticsNeutral,1
",",",",s,,0
leading,leading,s,ReasoningOtherNeutral,0
to,to,s,ReasoningOtherNeutral,1
political,political,s,PubPoliticsNeutral,0
stratification,stratification,s,DescriptChangeNeutral,0
and,and,s,OtherSyntacticComplexityOther,0
less,less,s,ExpoComparisonNeutral,0
representation,representation,s,SpecialTopicsMiscellanyNeutral,0
for,for,s,OtherOrphanedOther,0
Hindustanis,hindustanis,c,,0
.,.,n,,0
#,#,s,,0
#,#,s,,0
#,#,c,,0
,,c,,0
#,#,s,,0
#,#,s,,0
#,#,s,,0
Economic,economic,s,SpecialTopicsMiscellanyNeutral,0
Contributions,contributions,s,SpecialTopicsMiscellanyNeutral,1
and,and,s,OtherSyntacticComplexityOther,0
Adaptations,adaptations,n,DescriptChangeNeutral,0
1,1,c,ExpoOtherNeutral,0
.,.,s,ExpoOtherNeutral,1
*,*,s,,0
*,*,s,,0
Agricultural,agricultural,s,SpecialTopicsMiscellanyNeutral,0
Integration,integration,s,SpecialTopicsMiscellanyNeutral,0
*,*,s,,0
*,*,c,,0
:,:,s,,0
The,the,s,OtherOrphanedOther,0
arrival,arrival,s,NarrSceneShiftNeutral,0
of,of,s,NarrSceneShiftNeutral,1
Indian,indian,s,CharTypesNeutral,0
and,and,s,OtherSyntacticComplexityOther,0
Javanese,javanese,s,SpecialTopicsPlaceNeutral,0
indentured,indentured,s,PubLawNeutral,0
laborers,laborers,s,CharTypesNeutral,0
revitalized,revitalized,s,DescriptChangePos,0
Suriname's,suriname's,s,,0
agricultural,agricultural,s,SpecialTopicsMiscellanyNeutral,0
sector,sector,c,SpecialTopicsMiscellanyNeutral,0
",",",",s,,0
as,as,s,OtherOrphanedOther,0
their,their,s,CharNamesNeutral,0
skills,skills,s,PosValuesAbility,0
were,were,s,NarrOtherNeutral,0
efficiently,efficiently,s,PosValuesEfficient,0
utilized,utilized,s,StratCoordinationNeutral,0
in,in,s,OtherOrphanedOther,0
sugarcane,sugarcane,s,DescriptObjectsNeutral,0
plantations,plantations,c,DescriptVisualNeutral,0
",",",",s,,0
and,and,s,NarrSequenceNeutral,0
later,later,s,NarrSequenceNeutral,1
in,in,s,OtherOrphanedOther,0
rice,rice,s,DescriptObjectsNeutral,0
cultivation,cultivation,s,PosValuesEnlighten,0
as,as,s,OtherOrphanedOther,0
smallholders,smallholders,c,CharTypesNeutral,0
",",",",s,OtherOrphanedOther,0
which,which,s,OtherOrphanedOther,1
contributed,contributed,s,DescriptChangePos,0
to,to,s,DescriptChangePos,1
the,the,s,OtherOrphanedOther,0
colony's,colony's,s,,0
economic,economic,s,PosValuesOther,0
sustenance,sustenance,c,PosValuesOther,1
.,.,n,,0
2,2,c,ExpoOtherNeutral,0
.,.,s,ExpoOtherNeutral,1
*,*,s,,0
*,*,s,,0
Role,role,s,SpecialTopicsMiscellanyNeutral,0
of,of,s,OtherOrphanedOther,0
Plantation,plantation,s,SpecialTopicsMiscellanyNeutral,0
Economy,economy,s,SpecialTopicsMiscellanyNeutral,1
*,*,s,,0
*,*,c,,0
:,:,s,,0
The,the,s,OtherOrphanedOther,0
Dutch,dutch,s,SpecialTopicsMiscellanyNeutral,0
colonial,colonial,s,SpecialTopicsMiscellanyNeutral,1
quest,quest,s,StratCognitionNeutral,0
for,for,s,StratCognitionNeutral,1
labor,labor,s,CharTraitsNeutral,0
to,to,s,CharTraitsNeutral,1
support,support,s,PosRelOther,0
plantation,plantation,s,DescriptVisualNeutral,0
agriculture,agriculture,s,SpecialTopicsMiscellanyNeutral,0
initially,initially,s,CharTraitsNeutral,0
drove,drove,s,CharTraitsNeutral,1
the,the,s,OtherOrphanedOther,0
influx,influx,s,NarrSceneShiftNeutral,0
of,of,s,NarrSceneShiftNeutral,1
diverse,diverse,s,,0
groups,groups,c,SpecialTopicsMiscellanyNeutral,0
.,.,s,,0
While,while,s,NarrDurationNeutral,0
the,the,s,NarrDurationNeutral,1
planters,planters,c,CharTypesNeutral,0
’,',s,CharTypesNeutral,1
economic,economic,s,SpecialTopicsMiscellanyNeutral,0
priorities,priorities,s,SpecialTopicsMiscellanyNeutral,1
spurred,spurred,s,OtherOrphanedOther,0
a,a,s,OtherOrphanedOther,0
rigid,rigid,s,SpecialTopicsMiscellanyNeutral,0
division,division,s,SpecialTopicsMiscellanyNeutral,1
of,of,s,OtherOrphanedOther,0
labor,labor,c,SpecialTopicsMiscellanyNeutral,0
",",",",s,,0
they,they,s,OtherOrphanedOther,0
also,also,s,MetadiscourseAdditionNeutral,0
inadvertently,inadvertently,s,CharMentalStatesNeg,0
laid,laid,s,NarrSequenceNeutral,0
the,the,s,NarrSequenceNeutral,1
foundation,foundation,s,NarrSequenceNeutral,2
for,for,s,OtherOrphanedOther,0
long-term,long-term,s,FutureOtherNeutral,0
demographic,demographic,s,SpecialTopicsMiscellanyNeutral,0
and,and,s,OtherSyntacticComplexityOther,0
cultural,cultural,s,DescriptChangePos,0
diversification,diversification,s,DescriptChangePos,1
of,of,s,OtherOrphanedOther,0
Suriname,suriname,c,SpecialTopicsPlaceNeutral,0
.,.,n,,0
In,in,s,MetadiscourseCuesNeutral,0
conclusion,conclusion,c,MetadiscourseCuesNeutral,1
",",",",s,MetadiscourseCuesNeutral,2
the,the,s,OtherOrphanedOther,0
indenture,indenture,s,SpecialTopicsMiscellanyNeutral,0
system,system,s,SpecialTopicsMiscellanyNeutral,1
in,in,s,OtherOrphanedOther,0
Suriname,suriname,s,SpecialTopicsPlaceNeutral,0
led,led,s,ReasoningOtherNeutral,0
to,to,s,ReasoningOtherNeutral,1
a,a,s,ReasoningOtherNeutral,2
unique,unique,s,ForcefulEmphaticNeutral,0
integration,integration,s,ForcefulEmphaticNeutral,1
of,of,s,OtherOrphanedOther,0
Dutch,dutch,c,CharTypesNeutral,0
",",",",s,,0
Surinamese,surinamese,c,CharTypesNeutral,0
",",",",s,,0
and,and,s,OtherSyntacticComplexityOther,0
Indian,indian,s,SpecialTopicsMiscellanyNeutral,0
cultures,cultures,s,SpecialTopicsMiscellanyNeutral,1
through,through,s,OtherOrphanedOther,0
shared,shared,s,PosRelShare,0
experiences,experiences,c,PosRelShare,1
",",",",s,,0
linguistic,linguistic,s,SpecialTopicsMiscellanyNeutral,0
developments,developments,c,SpecialTopicsMiscellanyNeutral,0
",",",",s,,0
government,government,s,PubAdministrationNeutral,0
policies,policies,c,PubAdministrationNeutral,1
",",",",s,,0
and,and,s,OtherSyntacticComplexityOther,0
economic,economic,s,SpecialTopicsMiscellanyNeutral,0
interactions,interactions,c,SpecialTopicsMiscellanyNeutral,1
",",",",s,,0
despite,despite,s,MetadiscourseContrastNeutral,0
ongoing,ongoing,s,NegEmotionsIdentifyGaps,0
challenges,challenges,s,NegEmotionsIdentifyGaps,1
in,in,s,OtherOrphanedOther,0
political,political,s,PubPoliticsNeutral,0
representation,representation,s,PubPoliticsNeutral,1
and,and,s,OtherSyntacticComplexityOther,0
social,social,s,SpecialTopicsMiscellanyNeutral,0
stratification,stratification,c,SpecialTopicsMiscellanyNeutral,1
.,.,s,,0
This,this,s,ReasoningConcludeNeutral,0
resulted,resulted,s,ReasoningConcludeNeutral,1
in,in,s,OtherOrphanedOther,0
the,the,s,PubAdministrationNeutral,0
establishment,establishment,s,PubAdministrationNeutral,1
of,of,s,OtherSyntacticComplexityOther,0
a,a,s,OtherSyntacticComplexityOther,1
deeply,deeply,s,ForcefulEmphaticNeutral,0
pluralistic,pluralistic,s,PubAdministrationNeutral,0
society,society,s,PubAdministrationNeutral,0
that,that,s,OtherSyntacticComplexityOther,0
has,has,s,OtherSyntacticComplexityOther,1
maintained,maintained,s,NarrDurationNeutral,0
distinct,distinct,s,ExpoComparisonNeutral,0
cultural,cultural,s,SpecialTopicsMiscellanyNeutral,0
identities,identities,s,SpecialTopicsMiscellanyNeutral,1
while,while,s,NarrDurationNeutral,0
fostering,fostering,s,FacilitateEncouragePos,0
a,a,s,FacilitateEncouragePos,1
degree,degree,s,SpecialTopicsMiscellanyNeutral,0
of,of,s,SpecialTopicsMiscellanyNeutral,1
socio-cultural,socio-cultural,s,SpecialTopicsMiscellanyNeutral,0
synthesis,synthesis,c,ReasoningAnalyzeNeutral,0
.,.,n,,0
Sources,sources,s,SpecialTopicsMiscellanyNeutral,0
used,used,c,NarrActsNeutral,0
:,:,n,,0
-,-,s,,0
Benton,benton,c,CharNamesNeutral,0
",",",",s,,0
G,g,c,OtherOrphanedOther,0
.,.,s,OtherOrphanedOther,1
(,(,c,OtherOrphanedOther,0
2022,2022,c,CitationReferenceNeutral,0
),),c,CitationReferenceNeutral,1
.,.,s,,0
Chinese,chinese,s,CharTypesNeutral,0
Indentured,indentured,s,PubLawNeutral,0
Labour,labour,s,,0
in,in,s,OtherOrphanedOther,0
the,the,s,OtherOrphanedOther,0
Dutch,dutch,s,CharTypesNeutral,0
East,east,s,SpecialTopicsPlaceNeutral,0
Indies,indies,c,SpecialTopicsPlaceNeutral,1
.,.,s,,0
txt,txt,n,,0
-,-,s,,0
Buddingh,buddingh,c,,0
’,',c,,0
",",",",s,,0
H,h,c,OtherOrphanedOther,0
.,.,s,OtherOrphanedOther,1
(,(,c,CitationReferenceNeutral,0
1995,1995,c,CitationReferenceNeutral,1
),),c,CitationReferenceNeutral,2
.,.,s,,0
A,a,s,OtherOrphanedOther,0
history,history,s,NarrOtherNeutral,0
of,of,s,NarrOtherNeutral,1
Suriname,suriname,c,SpecialTopicsPlaceNeutral,0
.,.,s,,0
txt,txt,n,,0
-,-,s,,0
Fatah-Black,fatah-black,c,,0
",",",",s,,0
K,k,c,OtherOrphanedOther,0
.,.,s,OtherOrphanedOther,1
(,(,c,CitationReferenceNeutral,0
2015,2015,c,CitationReferenceNeutral,1
),),c,CitationReferenceNeutral,2
.,.,s,,0
White,white,s,NegActsLaxWithTruth,0
lies,lies,s,NegActsLaxWithTruth,1
and,and,s,OtherSyntacticComplexityOther,0
black,black,s,NegValuesBlackMarket,0
markets,markets,c,NegValuesBlackMarket,1
:,:,s,,0
Evading,evading,s,ResponsibilityHoldNeg,0
metropolitan,metropolitan,s,SpecialTopicsPlaceNeutral,0
authority,authority,s,PubAdministrationNeutral,0
in,in,s,OtherOrphanedOther,0
colonial,colonial,s,SpecialTopicsMiscellanyNeutral,0
Suriname,suriname,c,SpecialTopicsPlaceNeutral,0
.,.,s,,0
txt,txt,n,,0
-,-,s,,0
Goslinga,goslinga,c,,0
",",",",s,,0
C,c,c,OtherOrphanedOther,0
.,.,s,OtherOrphanedOther,1
C,c,c,OtherOrphanedOther,0
.,.,s,OtherOrphanedOther,1
(,(,c,CitationReferenceNeutral,0
2012,2012,c,CitationReferenceNeutral,1
),),c,CitationReferenceNeutral,2
.,.,s,,0
A,a,s,OtherOrphanedOther,0
short,short,s,NarrOtherNeutral,0
history,history,s,NarrOtherNeutral,1
of,of,s,OtherSyntacticComplexityOther,0
the,the,s,OtherSyntacticComplexityOther,1
Netherlands,netherlands,s,SpecialTopicsPlaceNeutral,0
Antilles,antilles,s,,0
and,and,s,OtherSyntacticComplexityOther,0
Surinam,surinam,c,,0
.,.,s,,0
txt,txt,n,,0
-,-,s,,0
Hassankhan,hassankhan,c,,0
",",",",s,,0
M,m,c,OtherOrphanedOther,0
.,.,s,OtherOrphanedOther,1
S,s,c,OtherOrphanedOther,0
.,.,c,OtherOrphanedOther,1
",",",",s,,0
Roopnarine,roopnarine,c,,0
",",",",s,,0
L,l,c,OtherOrphanedOther,0
.,.,c,OtherOrphanedOther,1
",",",",s,,0
&,&,s,,0
Mahase,mahase,c,,0
",",",",s,,0
R,r,c,OtherOrphanedOther,0
.,.,s,OtherOrphanedOther,1
(,(,c,OtherOrphanedOther,0
2016,2016,c,CitationReferenceNeutral,0
),),c,CitationReferenceNeutral,1
.,.,s,,0
Social,social,s,,0
and,and,s,OtherSyntacticComplexityOther,0
cultural,cultural,s,SpecialTopicsMiscellanyNeutral,0
dimensions,dimensions,s,SpecialTopicsMiscellanyNeutral,0
of,of,s,OtherOrphanedOther,0
Indian,indian,s,PubLawNeutral,0
indentured,indentured,s,PubLawNeutral,1
labour,labour,s,,0
and,and,s,OtherSyntacticComplexityOther,0
its,its,s,OtherOrphanedOther,0
diaspora,diaspora,c,SpecialTopicsMiscellanyNeutral,0
.,.,s,,0
txt,txt,n,,0
-,-,s,,0
Hassankhan,hassankhan,c,,0
",",",",s,,0
M,m,c,OtherOrphanedOther,0
.,.,s,OtherOrphanedOther,1
S,s,c,OtherOrphanedOther,0
.,.,c,OtherOrphanedOther,1
",",",",s,,0
Roopnarine,roopnarine,c,,0
",",",",s,,0
L,l,c,OtherOrphanedOther,0
.,.,c,OtherOrphanedOther,1
",",",",s,,0
White,white,c,DescriptVisualNeutral,0
",",",",s,,0
C,c,c,OtherOrphanedOther,0
.,.,c,OtherOrphanedOther,1
",",",",s,,0
&,&,s,,0
Mahase,mahase,c,,0
",",",",s,,0
R,r,c,OtherOrphanedOther,0
.,.,s,OtherOrphanedOther,1
(,(,c,OtherOrphanedOther,0
Eds,eds,c,SpecialTopicsMiscellanyNeutral,0
.,.,c,,0
),),c,OtherOrphanedOther,0
.,.,s,,0
(,(,c,OtherOrphanedOther,0
2016,2016,c,CitationReferenceNeutral,0
),),c,CitationReferenceNeutral,1
.,.,s,,0
Legacy,legacy,s,PubAdministrationNeutral,0
of,of,s,PubAdministrationNeutral,1
Slavery,slavery,s,NegRelServility,0
and,and,s,OtherSyntacticComplexityOther,0
Indentured,indentured,s,PubLawNeutral,0
Labour,labour,c,,0
.,.,s,,0
txt,txt,n,,0
-,-,s,,0
Hegde,hegde,c,,0
",",",",s,,0
R,r,c,OtherOrphanedOther,0
.,.,s,OtherOrphanedOther,1
S,s,c,OtherOrphanedOther,0
.,.,c,OtherOrphanedOther,1
",",",",s,,0
&,&,s,,0
Sahoo,sahoo,c,,0
",",",",s,,0
A,a,c,OtherOrphanedOther,0
.,.,s,OtherOrphanedOther,1
K,k,c,OtherOrphanedOther,0
.,.,s,OtherOrphanedOther,1
(,(,c,OtherOrphanedOther,0
Eds,eds,c,SpecialTopicsMiscellanyNeutral,0
.,.,c,,0
),),c,OtherOrphanedOther,0
.,.,s,,0
(,(,c,OtherOrphanedOther,0
2018,2018,c,CitationReferenceNeutral,0
),),c,CitationReferenceNeutral,1
.,.,s,,0
Routledge,routledge,s,CharNamesNeutral,0
handbook,handbook,s,PubAdministrationNeutral,0
of,of,s,PubAdministrationNeutral,1
the,the,s,CharTypesNeutral,0
Indian,indian,s,CharTypesNeutral,1
diaspora,diaspora,c,SpecialTopicsMiscellanyNeutral,0
.,.,s,,0
txt,txt,n,,0
-,-,s,,0
Hoefte,hoefte,c,,0
",",",",s,,0
R,r,c,OtherOrphanedOther,0
.,.,s,OtherOrphanedOther,1
(,(,c,CitationReferenceNeutral,0
2013,2013,c,CitationReferenceNeutral,1
),),c,CitationReferenceNeutral,2
.,.,s,,0
Suriname,suriname,s,SpecialTopicsPlaceNeutral,0
in,in,s,OtherOrphanedOther,0
the,the,s,OtherOrphanedOther,0
long,long,s,DescriptVisualNeutral,0
twentieth,twentieth,s,NarrDurationNeutral,0
century,century,c,NarrDurationNeutral,1
:,:,s,,0
domination,domination,c,StratCompetitionNeutral,0
",",",",s,,0
contestation,contestation,c,StratCompetitionNeutral,0
",",",",s,,0
globalization,globalization,c,SpecialTopicsMiscellanyNeutral,0
.,.,s,,0
txt,txt,n,,0
-,-,s,,0
Hyles,hyles,c,,0
",",",",s,,0
J,j,c,OtherOrphanedOther,0
.,.,s,OtherOrphanedOther,1
R,r,c,OtherOrphanedOther,0
.,.,s,OtherOrphanedOther,1
(,(,c,CitationReferenceNeutral,0
2013,2013,c,CitationReferenceNeutral,1
),),c,CitationReferenceNeutral,2
.,.,s,,0
Guiana,guiana,s,SpecialTopicsPlaceNeutral,0
and,and,s,OtherSyntacticComplexityOther,0
the,the,s,OtherSyntacticComplexityOther,1
Shadows,shadows,s,DescriptVisualNeutral,0
of,of,s,OtherOrphanedOther,0
Empire,empire,c,PubAdministrationNeutral,0
.,.,s,,0
txt,txt,n,,0
-,-,s,,0
Klooster,klooster,c,,0
",",",",s,,0
W,w,c,OtherOrphanedOther,0
.,.,s,OtherOrphanedOther,1
(,(,c,CitationReferenceNeutral,0
2009,2009,c,CitationReferenceNeutral,1
),),c,CitationReferenceNeutral,2
.,.,s,,0
Migration,migration,c,NarrSceneShiftNeutral,0
",",",",s,,0
trade,trade,c,SpecialTopicsMiscellanyNeutral,0
",",",",s,,0
and,and,s,OtherSyntacticComplexityOther,0
slavery,slavery,s,NegRelServility,0
in,in,s,OtherOrphanedOther,0
an,an,s,OtherOrphanedOther,0
expanding,expanding,s,DescriptChangePos,0
world,world,c,DescriptChangePos,1
.,.,s,,0
txt,txt,n,,0
-,-,s,,0
Klooster,klooster,c,,0
",",",",s,,0
W,w,c,OtherOrphanedOther,0
.,.,s,OtherOrphanedOther,1
(,(,c,OtherOrphanedOther,0
2016,2016,c,CitationReferenceNeutral,0
),),c,CitationReferenceNeutral,1
.,.,s,,0
The,the,s,OtherOrphanedOther,0
Dutch,dutch,s,CharTypesNeutral,0
moment,moment,c,NarrDurationNeutral,0
:,:,s,InterCommandNeutral,0
war,war,c,InterCommandNeutral,1
",",",",s,,0
trade,trade,c,SpecialTopicsMiscellanyNeutral,0
",",",",s,,0
and,and,s,OtherSyntacticComplexityOther,0
settlement,settlement,s,PosRelAgree,0
in,in,s,NarrDurationNeutral,0
the,the,s,NarrDurationNeutral,1
Seventeenth-Century,seventeenth-century,s,NarrDurationNeutral,2
Atlantic,atlantic,s,SpecialTopicsPlaceNeutral,0
World,world,c,SpecialTopicsPlaceNeutral,0
.,.,s,,0
txt,txt,n,,0
-,-,s,,0
Klooster,klooster,c,,0
",",",",s,,0
W,w,c,OtherOrphanedOther,0
.,.,c,OtherOrphanedOther,1
",",",",s,,0
&,&,s,,0
Oostindie,oostindie,c,,0
",",",",s,,0
G,g,c,OtherOrphanedOther,0
.,.,s,OtherOrphanedOther,1
(,(,c,OtherOrphanedOther,0
2018,2018,c,CitationReferenceNeutral,0
),),c,CitationReferenceNeutral,1
.,.,s,,0
Realm,realm,s,SpecialTopicsMiscellanyNeutral,0
between,between,s,OtherOrphanedOther,0
empires,empires,c,PubAdministrationNeutral,0
:,:,s,,0
the,the,s,OtherOrphanedOther,0
second,second,s,,0
Dutch,dutch,s,CharTypesNeutral,0
Atlantic,atlantic,c,SpecialTopicsPlaceNeutral,0
.,.,s,,0
txt,txt,n,,0
-,-,s,,0
Kumar,kumar,c,CharNamesNeutral,0
",",",",s,,0
A,a,c,OtherOrphanedOther,0
.,.,c,OtherOrphanedOther,1
",",",",s,,0
&,&,s,,0
Bates,bates,c,DescriptMotionNeutral,0
",",",",s,,0
C,c,c,OtherOrphanedOther,0
.,.,s,OtherOrphanedOther,1
(,(,c,OtherOrphanedOther,0
Eds,eds,c,SpecialTopicsMiscellanyNeutral,0
.,.,c,,0
),),c,OtherOrphanedOther,0
.,.,s,,0
(,(,c,OtherOrphanedOther,0
2024,2024,c,NarrDurationNeutral,0
),),c,OtherOrphanedOther,0
.,.,s,,0
Girmitiyas,girmitiyas,s,,0
and,and,s,OtherSyntacticComplexityOther,0
the,the,s,OtherSyntacticComplexityOther,1
Global,global,s,SpecialTopicsMiscellanyNeutral,0
Indian,indian,s,CharTypesNeutral,0
Diaspora,diaspora,c,SpecialTopicsMiscellanyNeutral,0
:,:,s,,0
Origins,origins,c,NarrSequenceNeutral,0
",",",",s,,0
Memories,memories,c,CharMentalStatesNeutral,0
",",",",s,,0
and,and,s,OtherSyntacticComplexityOther,0
Identity,identity,c,SpecialTopicsMiscellanyNeutral,0
.,.,s,,0
txt,txt,n,,0
-,-,s,,0
Neus,neus,c,,0
",",",",s,,0
H,h,c,OtherOrphanedOther,0
.,.,s,OtherOrphanedOther,1
(,(,c,OtherOrphanedOther,0
2022,2022,c,CitationReferenceNeutral,0
),),c,CitationReferenceNeutral,1
.,.,s,,0
Collective,collective,s,PubCognitionNeutral,0
Memory,memory,c,PubCognitionNeutral,1
",",",",s,,0
Identity,identity,s,SpecialTopicsMiscellanyNeutral,0
and,and,s,OtherSyntacticComplexityOther,0
the,the,s,OtherSyntacticComplexityOther,1
Legacies,legacies,s,PubAdministrationNeutral,0
of,of,s,PubAdministrationNeutral,1
Slavery,slavery,s,NegRelServility,0
and,and,s,OtherSyntacticComplexityOther,0
Indenture,indenture,c,PubLawNeutral,0
.,.,s,,0
txt,txt,n,,0
-,-,s,,0
Oostindie,oostindie,c,,0
",",",",s,,0
G,g,c,OtherOrphanedOther,0
.,.,c,OtherOrphanedOther,1
",",",",s,,0
&,&,s,,0
Klinkers,klinkers,c,,0
",",",",s,,0
I,i,c,OtherOrphanedOther,0
.,.,s,OtherOrphanedOther,1
(,(,c,CitationReferenceNeutral,0
2003,2003,c,CitationReferenceNeutral,1
),),c,CitationReferenceNeutral,2
.,.,s,,0
Decolonising,decolonising,s,,0
the,the,s,OtherOrphanedOther,0
Caribbean,caribbean,c,SpecialTopicsPlaceNeutral,0
.,.,s,,0
txt,txt,n,,0
-,-,s,,0
Snelders,snelders,c,,0
",",",",s,,0
S,s,c,OtherOrphanedOther,0
.,.,s,OtherOrphanedOther,1
(,(,c,OtherOrphanedOther,0
2017,2017,c,CitationReferenceNeutral,0
),),c,CitationReferenceNeutral,1
.,.,s,,0
Leprosy,leprosy,s,SpecialTopicsMiscellanyNeutral,0
and,and,s,OtherSyntacticComplexityOther,0
colonialism,colonialism,c,SpecialTopicsMiscellanyNeutral,0
:,:,s,,0
Suriname,suriname,s,SpecialTopicsPlaceNeutral,0
under,under,s,OtherOrphanedOther,0
Dutch,dutch,s,PubAdministrationNeutral,0
rule,rule,c,PubAdministrationNeutral,1
.,.,s,,0
txt,txt,n,,0
-,-,s,,0
V,v,s,OtherOrphanedOther,0
Lal,lal,c,CharNamesNeutral,0
",",",",s,,0
B,b,c,OtherOrphanedOther,0
.,.,s,OtherOrphanedOther,1
(,(,c,CitationReferenceNeutral,0
2012,2012,c,CitationReferenceNeutral,1
),),c,CitationReferenceNeutral,2
.,.,s,,0
Chalo,chalo,s,,0
Jahaji,jahaji,c,,0
:,:,s,,0
On,on,s,NarrDurationNeutral,0
a,a,s,NarrDurationNeutral,1
journey,journey,s,NarrDurationNeutral,2
through,through,s,OtherOrphanedOther,0
indenture,indenture,s,PubLawNeutral,0
in,in,s,OtherOrphanedOther,0
Fiji,fiji,c,SpecialTopicsPlaceNeutral,0
.,.,s,,0
txt,txt,n,,0
-,-,s,,0
van,van,s,DescriptObjectsNeutral,0
Lier,lier,c,,0
",",",",s,,0
R,r,c,OtherOrphanedOther,0
.,.,s,OtherOrphanedOther,1
A,a,c,OtherOrphanedOther,0
.,.,s,OtherOrphanedOther,1
J,j,c,OtherOrphanedOther,0
.,.,s,OtherOrphanedOther,1
(,(,c,OtherOrphanedOther,0
2024,2024,c,NarrDurationNeutral,0
),),c,OtherOrphanedOther,0
.,.,s,,0
Frontier,frontier,s,DescriptVisualNeutral,0
society,society,c,PubAdministrationNeutral,0
:,:,s,,0
a,a,s,OtherOrphanedOther,0
social,social,s,ReasoningAnalyzeNeutral,0
analysis,analysis,s,ReasoningAnalyzeNeutral,1
of,of,s,OtherSyntacticComplexityOther,0
the,the,s,OtherSyntacticComplexityOther,1
history,history,s,NarrOtherNeutral,0
of,of,s,NarrOtherNeutral,1
Surinam,surinam,c,,0
.,.,s,,0
txt,txt,n,,0
In,in,s,OtherOrphanedOther,0
Suriname,suriname,c,SpecialTopicsPlaceNeutral,0
",",",",s,,0
the,the,s,OtherOrphanedOther,0
policy,policy,s,PubAdministrationNeutral,0
surrounding,surrounding,s,DescriptVisualNeutral,0
land,land,s,PubAdministrationNeutral,0
grants,grants,s,PubAdministrationNeutral,1
to,to,s,OtherOrphanedOther,0
indentured,indentured,s,PubLawNeutral,0
laborers,laborers,s,CharTypesNeutral,0
was,was,s,NarrOtherNeutral,0
introduced,introduced,s,MetadiscourseOtherNeutral,0
as,as,s,OtherSyntacticComplexityOther,0
part,part,s,OtherSyntacticComplexityOther,1
of,of,s,OtherSyntacticComplexityOther,2
efforts,efforts,s,CharTraitsNeutral,0
to,to,s,CharTraitsNeutral,1
transition,transition,s,DescriptChangeNeutral,0
from,from,s,DescriptChangeNeutral,1
a,a,s,OtherOrphanedOther,0
temporary,temporary,s,NarrDurationNeutral,0
labor,labor,s,SpecialTopicsMiscellanyNeutral,0
system,system,s,SpecialTopicsMiscellanyNeutral,1
to,to,s,OtherOrphanedOther,0
one,one,s,,0
encouraging,encouraging,s,FacilitateEncouragePos,0
permanent,permanent,s,PosRelAgree,0
settlement,settlement,c,PosRelAgree,1
",",",",s,,0
particularly,particularly,s,ExpoSpecificationNeutral,0
as,as,s,OtherOrphanedOther,0
a,a,s,OtherOrphanedOther,1
response,response,s,InterResponseNeutral,0
to,to,s,InterResponseNeutral,1
the,the,s,InterResponseNeutral,2
challenges,challenges,s,NegRelChallenge,0
faced,faced,s,NegRelChallenge,1
by,by,s,OtherOrphanedOther,0
the,the,s,OtherOrphanedOther,0
colony's,colony's,s,,0
economy,economy,s,SpecialTopicsMiscellanyNeutral,0
after,after,s,NarrSequenceNeutral,0
the,the,s,NarrSequenceNeutral,1
abolition,abolition,s,NegActsResist,0
of,of,s,OtherOrphanedOther,0
slavery,slavery,s,NegRelServility,0
in,in,s,NarrTimeShiftNeutral,0
1863,1863,c,NarrTimeShiftNeutral,1
.,.,s,NarrDurationNeutral,0
As,as,s,NarrDurationNeutral,1
the,the,s,NarrDurationNeutral,2
colonial,colonial,s,PubAdministrationNeutral,0
government,government,s,PubAdministrationNeutral,1
shifted,shifted,s,DescriptMotionNeutral,0
its,its,s,DescriptMotionNeutral,1
focus,focus,s,SpecialTopicsMiscellanyNeutral,0
from,from,s,OtherOrphanedOther,0
saving,saving,s,OtherOrphanedOther,0
large,large,s,DescriptVisualNeutral,0
plantations,plantations,s,DescriptVisualNeutral,0
to,to,s,OtherOrphanedOther,0
promoting,promoting,s,FacilitateSponsorNeutral,0
permanent,permanent,s,PosRelAgree,0
settlements,settlements,s,PosRelAgree,1
and,and,s,OtherSyntacticComplexityOther,0
smallholder,smallholder,s,CharTypesNeutral,0
agriculture,agriculture,s,SpecialTopicsMiscellanyNeutral,0
in,in,s,NarrDurationNeutral,0
the,the,s,NarrDurationNeutral,1
late,late,s,NarrDurationNeutral,2
nineteenth,nineteenth,s,,0
and,and,s,OtherSyntacticComplexityOther,0
early,early,s,NarrSequenceNeutral,0
twentieth,twentieth,s,,0
centuries,centuries,c,NarrDurationNeutral,0
",",",",s,,0
land,land,s,PubAdministrationNeutral,0
grants,grants,s,PubAdministrationNeutral,1
became,became,s,DescriptChangeNeutral,0
a,a,s,DescriptChangeNeutral,1
strategic,strategic,s,StratCognitionNeutral,0
tool,tool,s,DescriptObjectsNeutral,0
to,to,s,OtherOrphanedOther,0
encourage,encourage,s,FacilitateEncouragePos,0
indentured,indentured,s,PubLawNeutral,0
laborers,laborers,c,CharTypesNeutral,0
",",",",s,,0
particularly,particularly,s,ExpoSpecificationNeutral,0
those,those,s,ExpoSpecificationNeutral,1
from,from,s,OtherOrphanedOther,0
Asia,asia,c,SpecialTopicsPlaceNeutral,0
",",",",s,,0
to,to,s,OtherOrphanedOther,0
stay,stay,s,NarrDurationNeutral,0
in,in,s,NarrDurationNeutral,1
Suriname,suriname,s,SpecialTopicsPlaceNeutral,0
after,after,s,ExpoOtherNeutral,0
completing,completing,s,ExpoOtherNeutral,1
their,their,s,CharNamesNeutral,0
contracts,contracts,c,NarrActsNeutral,0
.,.,n,,0
The,the,s,OtherOrphanedOther,0
system,system,s,SpecialTopicsMiscellanyNeutral,0
worked,worked,s,OtherOrphanedOther,0
as,as,s,OtherOrphanedOther,1
follows,follows,c,MetadiscourseOtherNeutral,0
:,:,n,MetadiscourseOtherNeutral,1
1,1,c,ExpoOtherNeutral,0
.,.,s,ExpoOtherNeutral,1
*,*,s,,0
*,*,s,,0
Purpose,purpose,s,FutureOtherNeutral,0
and,and,s,OtherSyntacticComplexityOther,0
Policy,policy,s,DescriptChangeNeutral,0
Shift,shift,s,DescriptChangeNeutral,1
*,*,s,,0
*,*,c,,0
:,:,s,,0
Initially,initially,c,NarrSequenceNeutral,0
",",",",s,,0
the,the,s,MetadiscoursePurposeNonFirstPerson,0
primary,primary,s,MetadiscoursePurposeNonFirstPerson,1
aim,aim,s,MetadiscoursePurposeNonFirstPerson,2
was,was,s,NarrOtherNeutral,0
to,to,s,NarrOtherNeutral,1
save,save,s,PosValuesOther,0
the,the,s,PosValuesOther,1
colony,colony,s,SpecialTopicsMiscellanyNeutral,0
by,by,s,OtherOrphanedOther,0
supporting,supporting,s,PosRelOther,0
large-scale,large-scale,s,ForcefulEmphaticNeutral,0
plantations,plantations,s,DescriptVisualNeutral,0
through,through,s,OtherOrphanedOther,0
indentured,indentured,s,PubLawNeutral,0
labor,labor,c,SpecialTopicsMiscellanyNeutral,0
",",",",s,,0
predominantly,predominantly,s,StratCompetitionNeutral,0
from,from,s,OtherOrphanedOther,0
British,british,s,CharTypesNeutral,0
India,india,s,SpecialTopicsPlaceNeutral,0
and,and,s,NarrSequenceNeutral,0
later,later,s,NarrSequenceNeutral,1
from,from,s,OtherOrphanedOther,0
Java,java,c,DescriptObjectsNeutral,0
.,.,s,MetadiscourseContrastNeutral,0
However,however,c,MetadiscourseContrastNeutral,1
",",",",s,,0
as,as,s,OtherOrphanedOther,0
economic,economic,s,SpecialTopicsMiscellanyNeutral,0
strategies,strategies,s,SpecialTopicsMiscellanyNeutral,1
evolved,evolved,s,DescriptChangePos,0
and,and,s,OtherSyntacticComplexityOther,0
the,the,s,OtherSyntacticComplexityOther,1
fashion,fashion,s,DescriptObjectsNeutral,0
of,of,s,OtherOrphanedOther,0
equating,equating,s,ForcefulEmphaticNeutral,0
progress,progress,s,ForcefulEmphaticNeutral,1
with,with,s,ForcefulEmphaticNeutral,2
population,population,s,SpecialTopicsMiscellanyNeutral,0
growth,growth,s,SpecialTopicsMiscellanyNeutral,1
gained,gained,s,DescriptChangePos,0
popularity,popularity,c,DescriptChangePos,1
",",",",s,,0
the,the,s,PubAdministrationNeutral,0
government,government,s,PubAdministrationNeutral,1
began,began,s,NarrSequenceNeutral,0
promoting,promoting,s,StratActsNeutral,0
the,the,s,StratActsNeutral,1
idea,idea,s,StratActsNeutral,2
of,of,s,OtherOrphanedOther,0
populating,populating,s,OtherOrphanedOther,0
Suriname,suriname,s,SpecialTopicsPlaceNeutral,0
with,with,s,OtherOrphanedOther,0
smallholders,smallholders,c,CharTypesNeutral,0
.,.,s,,0
This,this,s,ReasoningConcludeNeutral,0
led,led,s,ReasoningConcludeNeutral,1
to,to,s,ReasoningConcludeNeutral,2
policies,policies,s,PubAdministrationNeutral,0
that,that,s,OtherOrphanedOther,0
facilitated,facilitated,s,FacilitateOtherNeutral,0
land,land,s,SpecialTopicsPlaceNeutral,0
acquisition,acquisition,s,SpecialTopicsMiscellanyNeutral,0
for,for,s,OtherOrphanedOther,0
migrants,migrants,c,NarrSceneShiftNeutral,0
",",",",s,,0
intending,intending,s,FutureExpectNeutral,0
for,for,s,FutureExpectNeutral,1
them,them,s,NarrActsNeutral,0
to,to,s,OtherOrphanedOther,0
also,also,s,MetadiscourseAdditionNeutral,0
serve,serve,s,OtherOrphanedOther,0
as,as,s,OtherOrphanedOther,1
auxiliary,auxiliary,s,SpecialTopicsMiscellanyNeutral,0
labor,labor,s,OtherOrphanedOther,0
for,for,s,OtherOrphanedOther,1
the,the,s,OtherOrphanedOther,0
plantations,plantations,c,DescriptVisualNeutral,0
.,.,n,,0
2,2,c,ExpoOtherNeutral,0
.,.,s,ExpoOtherNeutral,1
*,*,s,,0
*,*,s,,0
Land,land,s,SpecialTopicsPlaceNeutral,0
Acquisition,acquisition,s,SpecialTopicsMiscellanyNeutral,0
Conditions,conditions,s,ContingentEventNeutral,0
*,*,s,,0
*,*,c,,0
:,:,s,,0
Asian,asian,s,SpecialTopicsPlaceNeutral,0
immigrants,immigrants,s,CharTypesNeutral,0
who,who,s,OtherOrphanedOther,0
completed,completed,s,NarrSequenceNeutral,0
their,their,s,NarrSequenceNeutral,1
labor,labor,s,PubAdministrationNeutral,0
contracts,contracts,s,PubAdministrationNeutral,1
and,and,s,OtherSyntacticComplexityOther,0
possessed,possessed,s,NarrActsNeutral,0
a,a,s,OtherOrphanedOther,0
certificate,certificate,s,PubAdministrationNeutral,0
of,of,s,OtherOrphanedOther,0
good,good,s,PosActsAchieve,0
behavior,behavior,s,PosActsAchieve,1
could,could,s,ContingentRelationshipNeutral,0
obtain,obtain,s,NarrActsNeutral,0
uncultivated,uncultivated,s,NegValuesOther,0
plots,plots,s,DescriptVisualNeutral,0
of,of,s,DescriptVisualNeutral,1
land,land,s,DescriptVisualNeutral,2
under,under,s,ContingentRelationshipPos,0
favorable,favorable,s,ContingentRelationshipPos,1
conditions,conditions,c,ContingentRelationshipPos,2
.,.,s,,0
These,these,s,OtherOrphanedOther,0
plots,plots,s,SpecialTopicsMiscellanyNeutral,0
were,were,s,FacilitateSponsorNeutral,0
granted,granted,s,FacilitateSponsorNeutral,1
free,free,s,PosValuesFree,0
of,of,s,PosValuesFree,1
charge,charge,s,PosValuesFree,2
for,for,s,NarrDurationNeutral,0
a,a,s,NarrDurationNeutral,1
period,period,s,NarrDurationNeutral,2
of,of,s,NarrDurationNeutral,3
six,six,s,NarrDurationNeutral,0
years,years,c,NarrDurationNeutral,1
.,.,s,MetadiscourseContrastNeutral,0
However,however,c,MetadiscourseContrastNeutral,1
",",",",s,,0
the,the,s,ResponsibilityOtherNeutral,0
responsibility,responsibility,s,ResponsibilityOtherNeutral,1
lay,lay,s,DescriptVisualNeutral,0
with,with,s,DescriptVisualNeutral,1
the,the,s,OtherOrphanedOther,0
settlers,settlers,s,CharTypesNeutral,0
to,to,s,OtherOrphanedOther,0
cultivate,cultivate,s,StratCognitionNeutral,0
the,the,s,StratCognitionNeutral,1
land,land,s,SpecialTopicsPlaceNeutral,0
and,and,s,OtherSyntacticComplexityOther,0
maintain,maintain,s,NarrDurationNeutral,0
crucial,crucial,s,ForcefulEmphaticNeutral,0
infrastructure,infrastructure,s,ForcefulEmphaticNeutral,1
like,like,s,OtherOrphanedOther,0
dikes,dikes,s,DescriptObjectsNeutral,0
and,and,s,OtherSyntacticComplexityOther,0
sluices,sluices,c,DescriptMotionNeutral,0
",",",",s,OtherOrphanedOther,0
which,which,s,OtherOrphanedOther,1
were,were,s,ExpoOtherNeutral,0
essential,essential,s,ExpoOtherNeutral,1
due,due,s,ReasoningOtherNeutral,0
to,to,s,ReasoningOtherNeutral,1
the,the,s,ReasoningOtherNeutral,2
low-lying,low-lying,s,DescriptVisualNeutral,0
geography,geography,s,SpecialTopicsMiscellanyNeutral,0
of,of,s,OtherSyntacticComplexityOther,0
the,the,s,OtherSyntacticComplexityOther,1
Guianas,guianas,c,CharTypesNeutral,0
.,.,n,,0
3,3,c,ExpoOtherNeutral,0
.,.,s,ExpoOtherNeutral,1
*,*,s,,0
*,*,s,,0
Challenges,challenges,s,CharTraitsNeutral,0
and,and,s,OtherSyntacticComplexityOther,0
Incentives,incentives,s,FacilitateSponsorNeutral,0
*,*,s,,0
*,*,c,,0
:,:,s,,0
There,there,s,NarrOtherNeutral,0
was,was,s,NarrOtherNeutral,1
a,a,s,OtherOrphanedOther,0
significant,significant,s,ForcefulSignificantNeutral,0
catch,catch,s,OtherOrphanedOther,0
to,to,s,OtherOrphanedOther,0
accepting,accepting,s,NarrActsNeutral,0
the,the,s,NarrActsNeutral,1
land,land,s,NarrActsNeutral,2
offer,offer,c,InterOtherNeutral,0
:,:,s,InterOtherNeutral,1
migrants,migrants,s,NarrSceneShiftNeutral,0
who,who,s,OtherOrphanedOther,0
opted,opted,s,CharSubjectivityNeutral,0
for,for,s,CharSubjectivityNeutral,1
land,land,s,PubAdministrationNeutral,0
grants,grants,s,PubAdministrationNeutral,1
forfeited,forfeited,s,NegRelForego,0
their,their,s,CharNamesNeutral,0
entitlement,entitlement,s,StratActsPos,0
to,to,s,OtherOrphanedOther,0
a,a,s,OtherOrphanedOther,0
free,free,s,FacilitateUnobstructNeutral,0
return,return,s,NarrDurationNeutral,0
passage,passage,s,DescriptObjectsNeutral,0
to,to,s,OtherOrphanedOther,0
their,their,s,CharNamesNeutral,0
homelands,homelands,c,SpecialTopicsPlaceNeutral,0
",",",",s,OtherOrphanedOther,0
which,which,s,OtherOrphanedOther,1
was,was,s,NarrSequenceNeutral,0
originally,originally,s,NarrSequenceNeutral,1
one,one,s,OtherSyntacticComplexityOther,0
of,of,s,OtherSyntacticComplexityOther,1
the,the,s,OtherSyntacticComplexityOther,2
incentives,incentives,s,FacilitateSponsorNeutral,0
provided,provided,s,FacilitateSponsorNeutral,0
under,under,s,OtherOrphanedOther,0
their,their,s,CharNamesNeutral,0
contracts,contracts,c,NarrActsNeutral,0
.,.,s,,0
This,this,s,OtherOrphanedOther,0
deterred,deterred,s,StratCoordinationNeutral,0
many,many,s,ExpoOtherNeutral,0
laborers,laborers,s,CharTypesNeutral,0
from,from,s,OtherOrphanedOther,0
taking,taking,s,NarrActsNeutral,0
up,up,s,NarrActsNeutral,1
the,the,s,NarrActsNeutral,2
offer,offer,c,NarrActsNeutral,3
",",",",s,ContingentRelationshipNeutral,0
given,given,s,ContingentRelationshipNeutral,1
the,the,s,ContingentRelationshipNeutral,2
potential,potential,s,UncertaintyOtherNeutral,0
risks,risks,s,UncertaintyOtherNeutral,1
and,and,s,OtherSyntacticComplexityOther,0
economic,economic,s,NegEmotionsPressure,0
pressures,pressures,s,NegEmotionsPressure,1
back,back,s,NarrSceneShiftNeutral,0
home,home,s,NarrSceneShiftNeutral,1
that,that,s,NarrOtherNeutral,0
had,had,s,NarrOtherNeutral,1
originally,originally,s,CharTraitsNeutral,0
driven,driven,s,CharTraitsNeutral,1
them,them,s,NarrActsNeutral,0
to,to,s,StratCognitionNeutral,0
seek,seek,s,StratCognitionNeutral,1
work,work,s,OtherOrphanedOther,0
overseas,overseas,c,NarrSceneShiftNeutral,0
.,.,n,,0
4,4,c,ExpoOtherNeutral,0
.,.,s,ExpoOtherNeutral,1
*,*,s,,0
*,*,s,,0
Economic,economic,s,FacilitateSponsorNeutral,0
Incentive,incentive,s,FacilitateSponsorNeutral,1
*,*,s,,0
*,*,c,,0
:,:,s,,0
In,in,s,MetadiscourseAdditionNeutral,0
addition,addition,s,MetadiscourseAdditionNeutral,1
to,to,s,MetadiscourseAdditionNeutral,2
land,land,c,SpecialTopicsPlaceNeutral,0
",",",",s,,0
a,a,s,OtherOrphanedOther,0
premium,premium,s,ForcefulEmphaticNeutral,0
was,was,s,ForcefulEmphaticNeutral,1
sometimes,sometimes,s,ContingentRelationshipNeutral,0
offered,offered,s,FacilitateSponsorNeutral,0
to,to,s,FacilitateSponsorNeutral,1
those,those,s,ExpoSpecificationNeutral,0
who,who,s,ExpoSpecificationNeutral,1
renounced,renounced,s,InterConversationNeg,0
their,their,s,CharNamesNeutral,0
return,return,s,PubLawNeutral,0
rights,rights,s,PubLawNeutral,1
and,and,s,OtherSyntacticComplexityOther,0
settled,settled,s,PosActsConfirm,0
on,on,s,PosActsConfirm,1
government,government,s,DescriptVisualNeutral,0
farms,farms,c,DescriptVisualNeutral,1
.,.,s,,0
For,for,s,ExpoExampleNeutral,0
instance,instance,c,ExpoExampleNeutral,1
",",",",s,ExpoExampleNeutral,2
a,a,s,OtherOrphanedOther,0
decree,decree,s,PubLawNeutral,0
in,in,s,NarrTimeShiftNeutral,0
1895,1895,s,NarrTimeShiftNeutral,1
allowed,allowed,s,FacilitateExpediteNeutral,0
settlers,settlers,s,CharTypesNeutral,0
to,to,s,OtherOrphanedOther,0
retain,retain,s,NarrActsNeutral,0
the,the,s,NarrActsNeutral,1
right,right,s,NarrActsNeutral,2
to,to,s,OtherOrphanedOther,0
return,return,s,NarrDurationNeutral,0
after,after,s,NarrSequenceNeutral,0
settlement,settlement,s,PosRelAgree,0
and,and,s,OtherSyntacticComplexityOther,0
offered,offered,s,FacilitateSponsorNeutral,0
them,them,s,FacilitateSponsorNeutral,1
a,a,s,OtherOrphanedOther,0
financial,financial,s,SpecialTopicsMiscellanyNeutral,0
premium,premium,c,SpecialTopicsMiscellanyNeutral,1
.,.,s,MetadiscourseAdditionNeutral,0
Additionally,additionally,c,MetadiscourseAdditionNeutral,1
",",",",s,,0
land,land,s,PubAdministrationNeutral,0
use,use,s,PubAdministrationNeutral,1
was,was,s,NarrOtherNeutral,0
rent-free,rent-free,s,PosValuesSafeguard,0
for,for,s,NarrDurationNeutral,0
six,six,s,NarrDurationNeutral,1
years,years,c,NarrDurationNeutral,2
",",",",s,,0
providing,providing,s,FacilitateSponsorNeutral,0
migrant,migrant,s,NarrSceneShiftNeutral,0
farmers,farmers,s,CharTypesNeutral,0
with,with,s,OtherSyntacticComplexityOther,0
a,a,s,OtherSyntacticComplexityOther,1
financial,financial,s,PosValuesSafeguard,0
cushion,cushion,c,PosValuesSafeguard,1
.,.,n,,0
5,5,c,ExpoOtherNeutral,0
.,.,s,ExpoOtherNeutral,1
*,*,s,,0
*,*,s,,0
Impact,impact,s,StratCoordinationNeutral,0
on,on,s,StratCoordinationNeutral,1
Immigration,immigration,s,PubAdministrationNeutral,0
Policy,policy,s,PubAdministrationNeutral,1
*,*,s,,0
*,*,c,,0
:,:,s,,0
The,the,s,DescriptObjectsNeutral,0
land,land,s,DescriptObjectsNeutral,1
grant,grant,s,SpecialTopicsMiscellanyNeutral,0
system,system,s,SpecialTopicsMiscellanyNeutral,1
reflected,reflected,s,NarrOtherNeutral,0
the,the,s,NarrOtherNeutral,1
broader,broader,s,NarrOtherNeutral,0
trend,trend,s,NarrOtherNeutral,1
of,of,s,OtherOrphanedOther,0
moving,moving,s,NarrSceneShiftNeutral,0
from,from,s,NarrSceneShiftNeutral,1
immediate,immediate,s,NarrImmediacyNeutral,0
labor,labor,s,NegEmotionsIdentifyGaps,0
needs,needs,s,NegEmotionsIdentifyGaps,1
to,to,s,OtherOrphanedOther,0
long-term,long-term,s,PosRelAgree,0
settlement,settlement,s,PosRelAgree,1
goals,goals,c,StratCognitionNeutral,0
.,.,s,,0
It,it,s,,0
partly,partly,s,ConfidenceHedgedNeutral,0
addressed,addressed,s,InterOtherNeutral,0
labor,labor,s,NegValuesOther,0
shortages,shortages,s,NegValuesOther,1
by,by,s,OtherOrphanedOther,0
turning,turning,s,OtherOrphanedOther,0
temporary,temporary,s,NarrDurationNeutral,0
laborers,laborers,s,CharTypesNeutral,0
into,into,s,OtherOrphanedOther,0
permanent,permanent,s,NarrSequenceNeutral,0
residents,residents,c,SpecialTopicsPlaceNeutral,0
.,.,s,,0
Over,over,s,NarrOtherNeutral,0
time,time,c,NarrOtherNeutral,1
",",",",s,,0
many,many,s,ExpoOtherNeutral,0
indentured,indentured,s,PubLawNeutral,0
laborers,laborers,s,CharTypesNeutral,0
and,and,s,OtherSyntacticComplexityOther,0
their,their,s,CharNamesNeutral,0
descendants,descendants,s,UncertaintyIndefiniteNeutral,0
settled,settled,s,NarrActsNeutral,0
permanently,permanently,s,NarrSequenceNeutral,0
in,in,s,OtherOrphanedOther,0
Suriname,suriname,c,SpecialTopicsPlaceNeutral,0
",",",",s,,0
contributing,contributing,s,DescriptChangePos,0
significantly,significantly,s,ForcefulIntenseNeutral,0
to,to,s,OtherOrphanedOther,0
its,its,s,OtherOrphanedOther,0
demographic,demographic,s,SpecialTopicsMiscellanyNeutral,0
diversity,diversity,c,SpecialTopicsMiscellanyNeutral,1
.,.,n,,0
In,in,s,NarrSequenceNeutral,0
summary,summary,c,NarrSequenceNeutral,1
",",",",s,NarrSequenceNeutral,2
land,land,s,PubAdministrationNeutral,0
grants,grants,s,PubAdministrationNeutral,1
in,in,s,OtherOrphanedOther,0
Suriname,suriname,s,SpecialTopicsPlaceNeutral,0
were,were,s,ExpoOtherNeutral,0
designed,designed,s,ExpoOtherNeutral,1
as,as,s,OtherOrphanedOther,0
an,an,s,OtherOrphanedOther,1
incentive,incentive,s,OtherOrphanedOther,0
for,for,s,OtherOrphanedOther,1
indentured,indentured,s,PubLawNeutral,0
laborers,laborers,s,CharTypesNeutral,0
to,to,s,OtherOrphanedOther,0
transition,transition,s,DescriptChangeNeutral,0
into,into,s,OtherOrphanedOther,0
permanent,permanent,s,NarrSequenceNeutral,0
settlers,settlers,c,CharTypesNeutral,0
",",",",s,,0
thus,thus,s,ReasoningConcludeNeutral,0
aiding,aiding,s,PosActsHelp,0
the,the,s,PosActsHelp,1
colony's,colony's,s,,0
shift,shift,s,DescriptChangeNeutral,0
from,from,s,DescriptChangeNeutral,1
plantation-based,plantation-based,s,SpecialTopicsMiscellanyNeutral,0
economy,economy,s,SpecialTopicsMiscellanyNeutral,1
to,to,s,OtherOrphanedOther,0
one,one,s,,0
where,where,s,OtherOrphanedOther,0
smallholder,smallholder,s,CharTypesNeutral,0
agriculture,agriculture,s,SpecialTopicsMiscellanyNeutral,0
played,played,s,ForcefulSignificantNeutral,0
a,a,s,ForcefulSignificantNeutral,1
central,central,s,ForcefulSignificantNeutral,2
role,role,c,ForcefulSignificantNeutral,3
.,.,s,,0
While,while,s,NarrDurationNeutral,0
initially,initially,s,NarrSequenceNeutral,0
met,met,s,DescriptVisualNeutral,0
with,with,s,DescriptVisualNeutral,1
hesitance,hesitance,s,CharTypesNeg,0
due,due,s,ReasoningOtherNeutral,0
to,to,s,ReasoningOtherNeutral,1
the,the,s,ReasoningOtherNeutral,2
loss,loss,s,NegEmotionsLoss,0
of,of,s,NegEmotionsLoss,1
repatriation,repatriation,s,PubLawNeutral,0
rights,rights,c,PubLawNeutral,1
",",",",s,,0
these,these,s,OtherOrphanedOther,0
grants,grants,s,PubLawNeutral,0
ultimately,ultimately,s,ConfidenceHighNeutral,0
contributed,contributed,s,DescriptChangePos,0
to,to,s,DescriptChangePos,1
the,the,s,OtherOrphanedOther,0
ethnic,ethnic,s,SpecialTopicsMiscellanyNeutral,0
and,and,s,OtherSyntacticComplexityOther,0
cultural,cultural,s,SpecialTopicsMiscellanyNeutral,0
diversity,diversity,s,SpecialTopicsMiscellanyNeutral,1
characteristic,characteristic,s,ExpoExampleNeutral,0
of,of,s,ExpoExampleNeutral,1
modern,modern,s,NarrOtherNeutral,0
Suriname,suriname,c,SpecialTopicsPlaceNeutral,0
.,.,n,,0
Sources,sources,s,SpecialTopicsMiscellanyNeutral,0
used,used,c,NarrActsNeutral,0
:,:,n,,0
-,-,s,,0
Bates,bates,c,DescriptMotionNeutral,0
",",",",s,,0
C,c,c,OtherOrphanedOther,0
.,.,s,OtherOrphanedOther,1
(,(,c,OtherOrphanedOther,0
Ed,ed,c,SpecialTopicsMiscellanyNeutral,0
.,.,c,SpecialTopicsMiscellanyNeutral,1
),),c,OtherOrphanedOther,0
.,.,s,,0
(,(,c,OtherOrphanedOther,0
2024,2024,c,NarrDurationNeutral,0
),),c,OtherOrphanedOther,0
.,.,s,,0
Beyond,beyond,s,OtherOrphanedOther,0
Indenture,indenture,c,PubLawNeutral,0
.,.,s,,0
txt,txt,n,,0
-,-,s,,0
Benton,benton,c,CharNamesNeutral,0
",",",",s,,0
G,g,c,OtherOrphanedOther,0
.,.,s,OtherOrphanedOther,1
(,(,c,OtherOrphanedOther,0
2022,2022,c,CitationReferenceNeutral,0
),),c,CitationReferenceNeutral,1
.,.,s,,0
Chinese,chinese,s,CharTypesNeutral,0
Indentured,indentured,s,PubLawNeutral,0
Labour,labour,s,,0
in,in,s,OtherOrphanedOther,0
the,the,s,OtherOrphanedOther,0
Dutch,dutch,s,CharTypesNeutral,0
East,east,s,SpecialTopicsPlaceNeutral,0
Indies,indies,c,SpecialTopicsPlaceNeutral,1
.,.,s,,0
txt,txt,n,,0
-,-,s,,0
Buddingh,buddingh,c,,0
’,',c,,0
",",",",s,,0
H,h,c,OtherOrphanedOther,0
.,.,s,OtherOrphanedOther,1
(,(,c,CitationReferenceNeutral,0
1995,1995,c,CitationReferenceNeutral,1
),),c,CitationReferenceNeutral,2
.,.,s,,0
A,a,s,OtherOrphanedOther,0
history,history,s,NarrOtherNeutral,0
of,of,s,NarrOtherNeutral,1
Suriname,suriname,c,SpecialTopicsPlaceNeutral,0
.,.,s,,0
txt,txt,n,,0
-,-,s,,0
Fat,fat,c,CharTypesNeutral,0
",",",",s,,0
P,p,c,OtherOrphanedOther,0
.,.,s,OtherOrphanedOther,1
B,b,c,OtherOrphanedOther,0
.,.,s,OtherOrphanedOther,1
T,t,c,OtherOrphanedOther,0
.,.,s,OtherOrphanedOther,1
S,s,c,OtherOrphanedOther,0
.,.,s,OtherOrphanedOther,1
(,(,c,CitationReferenceNeutral,0
2009,2009,c,CitationReferenceNeutral,1
),),c,CitationReferenceNeutral,2
.,.,s,,0
Chinese,chinese,s,CharTypesNeutral,0
new,new,s,NarrImmediacyNeutral,0
migrants,migrants,s,NarrSceneShiftNeutral,0
in,in,s,OtherOrphanedOther,0
Suriname,suriname,c,SpecialTopicsPlaceNeutral,0
.,.,s,,0
txt,txt,n,,0
-,-,s,,0
Fatah-Black,fatah-black,c,,0
",",",",s,,0
K,k,c,OtherOrphanedOther,0
.,.,s,OtherOrphanedOther,1
(,(,c,CitationReferenceNeutral,0
2015,2015,c,CitationReferenceNeutral,1
),),c,CitationReferenceNeutral,2
.,.,s,,0
White,white,s,NegActsLaxWithTruth,0
lies,lies,s,NegActsLaxWithTruth,1
and,and,s,OtherSyntacticComplexityOther,0
black,black,s,NegValuesBlackMarket,0
markets,markets,c,NegValuesBlackMarket,1
:,:,s,,0
Evading,evading,s,ResponsibilityHoldNeg,0
metropolitan,metropolitan,s,SpecialTopicsPlaceNeutral,0
authority,authority,s,PubAdministrationNeutral,0
in,in,s,OtherOrphanedOther,0
colonial,colonial,s,SpecialTopicsMiscellanyNeutral,0
Suriname,suriname,c,SpecialTopicsPlaceNeutral,0
.,.,s,,0
txt,txt,n,,0
-,-,s,,0
Hassankhan,hassankhan,c,,0
",",",",s,,0
M,m,c,OtherOrphanedOther,0
.,.,s,OtherOrphanedOther,1
S,s,c,OtherOrphanedOther,0
.,.,c,OtherOrphanedOther,1
",",",",s,,0
Roopnarine,roopnarine,c,,0
",",",",s,,0
L,l,c,OtherOrphanedOther,0
.,.,c,OtherOrphanedOther,1
",",",",s,,0
White,white,c,DescriptVisualNeutral,0
",",",",s,,0
C,c,c,OtherOrphanedOther,0
.,.,c,OtherOrphanedOther,1
",",",",s,,0
&,&,s,,0
Mahase,mahase,c,,0
",",",",s,,0
R,r,c,OtherOrphanedOther,0
.,.,s,OtherOrphanedOther,1
(,(,c,OtherOrphanedOther,0
Eds,eds,c,SpecialTopicsMiscellanyNeutral,0
.,.,c,,0
),),c,OtherOrphanedOther,0
.,.,s,,0
(,(,c,OtherOrphanedOther,0
2016,2016,c,CitationReferenceNeutral,0
),),c,CitationReferenceNeutral,1
.,.,s,,0
Legacy,legacy,s,PubAdministrationNeutral,0
of,of,s,PubAdministrationNeutral,1
Slavery,slavery,s,NegRelServility,0
and,and,s,OtherSyntacticComplexityOther,0
Indentured,indentured,s,PubLawNeutral,0
Labour,labour,c,,0
.,.,s,,0
txt,txt,n,,0
-,-,s,,0
Hoefte,hoefte,c,,0
",",",",s,,0
R,r,c,OtherOrphanedOther,0
.,.,s,OtherOrphanedOther,1
(,(,c,CitationReferenceNeutral,0
2013,2013,c,CitationReferenceNeutral,1
),),c,CitationReferenceNeutral,2
.,.,s,,0
Suriname,suriname,s,SpecialTopicsPlaceNeutral,0
in,in,s,OtherOrphanedOther,0
the,the,s,OtherOrphanedOther,0
long,long,s,DescriptVisualNeutral,0
twentieth,twentieth,s,NarrDurationNeutral,0
century,century,c,NarrDurationNeutral,1
:,:,s,,0
domination,domination,c,StratCompetitionNeutral,0
",",",",s,,0
contestation,contestation,c,StratCompetitionNeutral,0
",",",",s,,0
globalization,globalization,c,SpecialTopicsMiscellanyNeutral,0
.,.,s,,0
txt,txt,n,,0
-,-,s,,0
Hyles,hyles,c,,0
",",",",s,,0
J,j,c,OtherOrphanedOther,0
.,.,s,OtherOrphanedOther,1
R,r,c,OtherOrphanedOther,0
.,.,s,OtherOrphanedOther,1
(,(,c,CitationReferenceNeutral,0
2013,2013,c,CitationReferenceNeutral,1
),),c,CitationReferenceNeutral,2
.,.,s,,0
Guiana,guiana,s,SpecialTopicsPlaceNeutral,0
and,and,s,OtherSyntacticComplexityOther,0
the,the,s,OtherSyntacticComplexityOther,1
Shadows,shadows,s,DescriptVisualNeutral,0
of,of,s,OtherOrphanedOther,0
Empire,empire,c,PubAdministrationNeutral,0
.,.,s,,0
txt,txt,n,,0
-,-,s,,0
Kumar,kumar,c,CharNamesNeutral,0
",",",",s,,0
A,a,c,OtherOrphanedOther,0
.,.,c,OtherOrphanedOther,1
",",",",s,,0
&,&,s,,0
Bates,bates,c,DescriptMotionNeutral,0
",",",",s,,0
C,c,c,OtherOrphanedOther,0
.,.,s,OtherOrphanedOther,1
(,(,c,OtherOrphanedOther,0
Eds,eds,c,SpecialTopicsMiscellanyNeutral,0
.,.,c,,0
),),c,OtherOrphanedOther,0
.,.,s,,0
(,(,c,OtherOrphanedOther,0
2024,2024,c,NarrDurationNeutral,0
),),c,OtherOrphanedOther,0
.,.,s,,0
Girmitiyas,girmitiyas,s,,0
and,and,s,OtherSyntacticComplexityOther,0
the,the,s,OtherSyntacticComplexityOther,1
Global,global,s,SpecialTopicsMiscellanyNeutral,0
Indian,indian,s,CharTypesNeutral,0
Diaspora,diaspora,c,SpecialTopicsMiscellanyNeutral,0
:,:,s,,0
Origins,origins,c,NarrSequenceNeutral,0
",",",",s,,0
Memories,memories,c,CharMentalStatesNeutral,0
",",",",s,,0
and,and,s,OtherSyntacticComplexityOther,0
Identity,identity,c,SpecialTopicsMiscellanyNeutral,0
.,.,s,,0
txt,txt,n,,0
-,-,s,,0
Lai,lai,c,CharNamesNeutral,0
",",",",s,,0
W,w,c,OtherOrphanedOther,0
.,.,s,OtherOrphanedOther,1
L,l,c,OtherOrphanedOther,0
.,.,s,OtherOrphanedOther,1
(,(,c,CitationReferenceNeutral,0
1998,1998,c,CitationReferenceNeutral,1
),),c,CitationReferenceNeutral,2
.,.,s,,0
The,the,s,OtherOrphanedOther,0
Chinese,chinese,s,CharTypesNeutral,0
in,in,s,DescriptVisualNeutral,0
the,the,s,DescriptVisualNeutral,1
West,west,s,DescriptVisualNeutral,2
Indies,indies,c,SpecialTopicsMiscellanyNeutral,0
.,.,s,,0
txt,txt,n,,0
-,-,s,,0
Neus,neus,c,,0
",",",",s,,0
H,h,c,OtherOrphanedOther,0
.,.,s,OtherOrphanedOther,1
(,(,c,OtherOrphanedOther,0
2022,2022,c,CitationReferenceNeutral,0
),),c,CitationReferenceNeutral,1
.,.,s,,0
Collective,collective,s,PubCognitionNeutral,0
Memory,memory,c,PubCognitionNeutral,1
",",",",s,,0
Identity,identity,s,SpecialTopicsMiscellanyNeutral,0
and,and,s,OtherSyntacticComplexityOther,0
the,the,s,OtherSyntacticComplexityOther,1
Legacies,legacies,s,PubAdministrationNeutral,0
of,of,s,PubAdministrationNeutral,1
Slavery,slavery,s,NegRelServility,0
and,and,s,OtherSyntacticComplexityOther,0
Indenture,indenture,c,PubLawNeutral,0
.,.,s,,0
txt,txt,n,,0
-,-,s,,0
Oostindie,oostindie,c,,0
",",",",s,,0
G,g,c,OtherOrphanedOther,0
.,.,c,OtherOrphanedOther,1
",",",",s,,0
&,&,s,,0
Klinkers,klinkers,c,,0
",",",",s,,0
I,i,c,OtherOrphanedOther,0
.,.,s,OtherOrphanedOther,1
(,(,c,CitationReferenceNeutral,0
2003,2003,c,CitationReferenceNeutral,1
),),c,CitationReferenceNeutral,2
.,.,s,,0
Decolonising,decolonising,s,,0
the,the,s,OtherOrphanedOther,0
Caribbean,caribbean,c,SpecialTopicsPlaceNeutral,0
.,.,s,,0
txt,txt,n,,0
-,-,s,,0
Snelders,snelders,c,,0
",",",",s,,0
S,s,c,OtherOrphanedOther,0
.,.,s,OtherOrphanedOther,1
(,(,c,OtherOrphanedOther,0
2017,2017,c,CitationReferenceNeutral,0
),),c,CitationReferenceNeutral,1
.,.,s,,0
Leprosy,leprosy,s,SpecialTopicsMiscellanyNeutral,0
and,and,s,OtherSyntacticComplexityOther,0
colonialism,colonialism,c,SpecialTopicsMiscellanyNeutral,0
:,:,s,,0
Suriname,suriname,s,SpecialTopicsPlaceNeutral,0
under,under,s,OtherOrphanedOther,0
Dutch,dutch,s,PubAdministrationNeutral,0
rule,rule,c,PubAdministrationNeutral,1
.,.,s,,0
txt,txt,n,,0
-,-,s,,0
van,van,s,DescriptObjectsNeutral,0
Lier,lier,c,,0
",",",",s,,0
R,r,c,OtherOrphanedOther,0
.,.,s,OtherOrphanedOther,1
A,a,c,OtherOrphanedOther,0
.,.,s,OtherOrphanedOther,1
J,j,c,OtherOrphanedOther,0
.,.,s,OtherOrphanedOther,1
(,(,c,OtherOrphanedOther,0
2024,2024,c,NarrDurationNeutral,0
),),c,OtherOrphanedOther,0
.,.,s,,0
Frontier,frontier,s,DescriptVisualNeutral,0
society,society,c,PubAdministrationNeutral,0
:,:,s,,0
a,a,s,OtherOrphanedOther,0
social,social,s,ReasoningAnalyzeNeutral,0
analysis,analysis,s,ReasoningAnalyzeNeutral,1
of,of,s,OtherSyntacticComplexityOther,0
the,the,s,OtherSyntacticComplexityOther,1
history,history,s,NarrOtherNeutral,0
of,of,s,NarrOtherNeutral,1
Surinam,surinam,c,,0
.,.,s,,0
txt,txt,n,,0
The,the,s,PosRelIntimate,0
relationship,relationship,s,PosRelIntimate,1
between,between,s,OtherOrphanedOther,0
identity,identity,s,SpecialTopicsMiscellanyNeutral,0
and,and,s,OtherSyntacticComplexityOther,0
memory,memory,s,CharMentalStatesNeutral,0
in,in,s,NarrDurationNeutral,0
the,the,s,NarrDurationNeutral,1
context,context,s,NarrDurationNeutral,2
of,of,s,NarrDurationNeutral,3
indentured,indentured,s,PubLawNeutral,0
labor,labor,s,SpecialTopicsMiscellanyNeutral,0
is,is,s,OtherOrphanedOther,0
complex,complex,s,SpecialTopicsMiscellanyNeutral,0
and,and,s,OtherSyntacticComplexityOther,0
multifaceted,multifaceted,c,SpecialTopicsMiscellanyNeutral,0
.,.,s,,0
Indentured,indentured,s,PubLawNeutral,0
laborers,laborers,s,CharTypesNeutral,0
from,from,s,OtherOrphanedOther,0
India,india,c,SpecialTopicsPlaceNeutral,0
",",",",s,CharNamesNeutral,0
who,who,s,CharNamesNeutral,1
were,were,s,CharNamesNeutral,2
transported,transported,s,NarrSceneShiftNeutral,0
to,to,s,NarrSceneShiftNeutral,1
various,various,s,SpecialTopicsMiscellanyNeutral,0
colonies,colonies,s,SpecialTopicsMiscellanyNeutral,0
including,including,s,NarrActsNeutral,0
Suriname,suriname,c,SpecialTopicsPlaceNeutral,0
",",",",s,,0
faced,faced,s,DescriptVisualNeutral,0
profound,profound,s,NegRelDisrupt,0
disruptions,disruptions,s,NegRelDisrupt,1
and,and,s,OtherSyntacticComplexityOther,0
challenges,challenges,s,CharTraitsNeutral,0
that,that,s,OtherOrphanedOther,0
shaped,shaped,s,OtherOrphanedOther,0
their,their,s,CharNamesNeutral,0
identities,identities,s,,0
in,in,s,OtherOrphanedOther,0
lasting,lasting,s,NarrSequenceNeutral,0
ways,ways,c,NarrSequenceNeutral,1
.,.,s,,0
This,this,s,OtherOrphanedOther,0
identity,identity,s,SpecialTopicsMiscellanyNeutral,0
transformation,transformation,s,DescriptChangeNeutral,0
was,was,s,NarrOtherNeutral,0
deeply,deeply,s,ForcefulEmphaticNeutral,0
intertwined,intertwined,s,DescriptVisualNeutral,0
with,with,s,DescriptVisualNeutral,1
communal,communal,s,SpecialTopicsMiscellanyNeutral,0
memory,memory,c,SpecialTopicsMiscellanyNeutral,1
",",",",s,,0
cultural,cultural,s,NarrOtherNeutral,0
continuity,continuity,c,NarrOtherNeutral,1
",",",",s,,0
and,and,s,OtherSyntacticComplexityOther,0
adaptation,adaptation,s,DescriptChangeNeutral,0
in,in,s,OtherSyntacticComplexityOther,0
foreign,foreign,s,OtherSyntacticComplexityOther,1
lands,lands,c,SpecialTopicsPlaceNeutral,0
.,.,n,,0
#,#,s,,0
#,#,s,,0
#,#,c,,0
,,c,,0
#,#,s,,0
#,#,s,,0
#,#,s,,0
Identity,identity,s,SpecialTopicsMiscellanyNeutral,0
Formation,formation,s,SpecialTopicsMiscellanyNeutral,0
Through,through,s,OtherOrphanedOther,0
Memory,memory,n,CharMentalStatesNeutral,0
1,1,c,ExpoOtherNeutral,0
.,.,s,ExpoOtherNeutral,1
*,*,s,,0
*,*,s,,0
Collective,collective,s,PubCognitionNeutral,0
Memory,memory,s,PubCognitionNeutral,1
and,and,s,OtherSyntacticComplexityOther,0
Cultural,cultural,s,NarrOtherNeutral,0
Continuity,continuity,s,NarrOtherNeutral,1
*,*,s,,0
*,*,c,,0
:,:,s,,0
Indentured,indentured,s,PubLawNeutral,0
laborers,laborers,c,CharTypesNeutral,0
",",",",s,,0
despite,despite,s,MetadiscourseContrastNeutral,0
being,being,s,MetadiscourseContrastNeutral,1
physically,physically,s,SpecialTopicsMiscellanyNeutral,0
displaced,displaced,c,NegRelEvict,0
",",",",s,,0
maintained,maintained,s,NarrDurationNeutral,0
a,a,s,NarrDurationNeutral,1
strong,strong,s,PubAdministrationNeutral,0
collective,collective,s,PubAdministrationNeutral,1
memory,memory,s,NarrOtherNeutral,0
of,of,s,NarrOtherNeutral,1
their,their,s,CharNamesNeutral,0
homeland,homeland,c,,0
.,.,s,,0
This,this,s,MetadiscourseOtherNeutral,0
was,was,s,MetadiscourseOtherNeutral,1
evident,evident,s,ReasoningDefendPos,0
in,in,s,OtherSyntacticComplexityOther,0
their,their,s,OtherSyntacticComplexityOther,1
songs,songs,c,DescriptSoundNeutral,0
",",",",s,,0
stories,stories,c,NarrSequenceNeutral,0
",",",",s,,0
and,and,s,OtherSyntacticComplexityOther,0
cultural,cultural,s,SpecialTopicsMiscellanyNeutral,0
practices,practices,s,OtherOrphanedGenericActivity,0
that,that,s,OtherOrphanedOther,0
harked,harked,s,NarrOtherNeutral,0
back,back,s,NarrOtherNeutral,1
to,to,s,NarrOtherNeutral,2
India,india,c,SpecialTopicsPlaceNeutral,0
.,.,s,ReasoningConcludeNeutral,0
Such,such,s,ReasoningConcludeNeutral,1
memories,memories,s,CharMentalStatesNeutral,0
were,were,s,NarrOtherNeutral,0
not,not,s,ForcefulEmphaticNeutral,0
just,just,s,ForcefulEmphaticNeutral,1
about,about,s,OtherOrphanedOther,0
nostalgia,nostalgia,c,CharMentalStatesPos,0
;,;,s,,0
they,they,s,NarrActsNeutral,0
served,served,s,NarrActsNeutral,1
as,as,s,NarrActsNeutral,2
a,a,s,OtherOrphanedOther,0
bedrock,bedrock,s,DescriptObjectsNeutral,0
for,for,s,OtherOrphanedOther,0
cultural,cultural,s,NarrOtherNeutral,0
continuity,continuity,c,NarrOtherNeutral,1
",",",",s,,0
helping,helping,s,PosActsHelp,0
laborers,laborers,s,PosActsHelp,1
to,to,s,StratCognitionNeutral,0
preserve,preserve,s,StratCognitionNeutral,1
traditional,traditional,s,CitationAuthoritativePos,0
customs,customs,s,CitationAuthoritativePos,1
and,and,s,OtherSyntacticComplexityOther,0
religious,religious,s,CharTraitsNeutral,0
practices,practices,s,OtherOrphanedGenericActivity,0
despite,despite,s,MetadiscourseContrastNeutral,0
the,the,s,OtherOrphanedOther,0
alien,alien,s,UncertaintyUnknownNeutral,0
environment,environment,c,SpecialTopicsMiscellanyNeutral,0
.,.,s,NarrActsNeutral,0
They,they,s,NarrActsNeutral,1
often,often,s,NarrDurationNeutral,0
recreated,recreated,s,NarrSequenceNeutral,0
community,community,s,PubAdministrationNeutral,0
institutions,institutions,s,PubAdministrationNeutral,1
like,like,s,DescriptVisualNeutral,0
the,the,s,DescriptVisualNeutral,1
family,family,s,DescriptVisualNeutral,2
structure,structure,s,SpecialTopicsMiscellanyNeutral,0
and,and,s,OtherSyntacticComplexityOther,0
religious,religious,s,CharTraitsNeutral,0
festivals,festivals,c,PosEmotionsFestive,0
",",",",s,MetadiscourseContrastNeutral,0
though,though,s,MetadiscourseContrastNeutral,1
modified,modified,s,DescriptChangeNeutral,0
by,by,s,OtherOrphanedOther,0
their,their,s,CharNamesNeutral,0
new,new,s,NarrImmediacyNeutral,0
environment,environment,c,SpecialTopicsMiscellanyNeutral,0
.,.,n,,0
2,2,c,ExpoOtherNeutral,0
.,.,s,ExpoOtherNeutral,1
*,*,s,,0
*,*,s,,0
Memory,memory,s,CharMentalStatesNeutral,0
as,as,s,OtherOrphanedOther,0
Resistance,resistance,s,NegActsResist,0
and,and,s,OtherSyntacticComplexityOther,0
Assertion,assertion,s,ReasoningOtherNeutral,0
*,*,s,,0
*,*,c,,0
:,:,s,,0
While,while,s,NarrDurationNeutral,0
indentured,indentured,s,PubLawNeutral,0
laborers,laborers,s,CharTypesNeutral,0
faced,faced,s,DescriptVisualNeutral,0
exploitation,exploitation,s,NegActsAggressive,0
similar,similar,s,ExpoComparisonNeutral,0
to,to,s,ExpoComparisonNeutral,1
slavery,slavery,c,NegRelServility,0
",",",",s,SpecialTopicsMiscellanyNeutral,0
their,their,s,SpecialTopicsMiscellanyNeutral,1
collective,collective,s,PubCognitionNeutral,0
memory,memory,s,PubCognitionNeutral,1
became,became,s,DescriptChangeNeutral,0
a,a,s,DescriptChangeNeutral,1
tool,tool,s,DescriptObjectsNeutral,0
for,for,s,OtherOrphanedOther,0
resistance,resistance,s,NegActsResist,0
and,and,s,OtherSyntacticComplexityOther,0
assertion,assertion,s,ReasoningOtherNeutral,0
of,of,s,ReasoningOtherNeutral,1
identity,identity,c,SpecialTopicsMiscellanyNeutral,0
.,.,s,,0
For,for,s,ExpoExampleNeutral,0
example,example,c,ExpoExampleNeutral,1
",",",",s,ExpoExampleNeutral,2
playing,playing,s,OtherOrphanedOther,0
Ramleela,ramleela,s,,0
and,and,s,OtherSyntacticComplexityOther,0
celebrating,celebrating,s,PosEmotionsCelebrate,0
Indian,indian,s,CharTypesNeutral,0
festivals,festivals,s,PosEmotionsFestive,0
in,in,s,OtherSyntacticComplexityOther,0
places,places,s,OtherSyntacticComplexityOther,1
like,like,s,OtherOrphanedOther,0
Trinidad,trinidad,s,SpecialTopicsPlaceNeutral,0
and,and,s,OtherSyntacticComplexityOther,0
Suriname,suriname,s,SpecialTopicsPlaceNeutral,0
were,were,s,NarrActsNeutral,0
acts,acts,s,NarrActsNeutral,1
of,of,s,OtherOrphanedOther,0
cultural,cultural,s,SpecialTopicsMiscellanyNeutral,0
assertion,assertion,s,ReasoningOtherNeutral,0
in,in,s,OtherOrphanedOther,0
a,a,s,DescriptObjectsNeutral,0
land,land,s,DescriptObjectsNeutral,1
that,that,s,OtherOrphanedOther,0
viewed,viewed,s,OtherOrphanedOther,0
them,them,s,OtherOrphanedOther,1
as,as,s,OtherOrphanedOther,0
merely,merely,s,CharSubjectivityNeutral,0
labor,labor,s,SpecialTopicsMiscellanyNeutral,0
resources,resources,c,SpecialTopicsMiscellanyNeutral,1
.,.,s,,0
By,by,s,OtherOrphanedOther,0
fostering,fostering,s,StratActsNeutral,0
solidarity,solidarity,s,StratActsNeutral,1
through,through,s,OtherOrphanedOther,0
shared,shared,s,OtherOrphanedOther,0
memories,memories,s,CharMentalStatesNeutral,0
and,and,s,OtherSyntacticComplexityOther,0
cultural,cultural,s,SpecialTopicsMiscellanyNeutral,0
practices,practices,c,OtherOrphanedGenericActivity,0
",",",",s,,0
these,these,s,OtherOrphanedOther,0
communities,communities,s,SpecialTopicsMiscellanyNeutral,0
resisted,resisted,s,NegActsResist,0
total,total,s,NegActsUnrestrained,0
assimilation,assimilation,s,DescriptChangeNeutral,0
into,into,s,DescriptChangeNeutral,0
the,the,s,DescriptChangeNeutral,1
colonial,colonial,s,SpecialTopicsMiscellanyNeutral,0
economic,economic,s,SpecialTopicsMiscellanyNeutral,0
machinery,machinery,c,SpecialTopicsMiscellanyNeutral,1
.,.,n,,0
3,3,c,ExpoOtherNeutral,0
.,.,s,ExpoOtherNeutral,1
*,*,s,,0
*,*,s,,0
Transformative,transformative,s,DescriptChangeNeutral,0
Identity,identity,s,SpecialTopicsMiscellanyNeutral,0
and,and,s,OtherSyntacticComplexityOther,0
Adaptation,adaptation,s,DescriptChangeNeutral,0
*,*,s,,0
*,*,c,,0
:,:,s,,0
Although,although,s,MetadiscourseContrastNeutral,0
memory,memory,s,CharMentalStatesNeutral,0
served,served,s,NarrActsNeutral,0
as,as,s,NarrActsNeutral,1
a,a,s,NarrActsNeutral,2
connection,connection,s,SpecialTopicsMiscellanyNeutral,0
to,to,s,OtherOrphanedOther,0
an,an,s,NarrOtherNeutral,0
ancestral,ancestral,s,NarrOtherNeutral,1
past,past,c,SpecialTopicsMiscellanyNeutral,0
",",",",s,,0
the,the,s,OtherOrphanedOther,0
experience,experience,s,NarrActsNeutral,0
of,of,s,OtherOrphanedOther,0
indenture,indenture,s,PubLawNeutral,0
transformed,transformed,s,DescriptChangeNeutral,0
identities,identities,c,,0
.,.,s,,0
Identity,identity,s,SpecialTopicsMiscellanyNeutral,0
became,became,s,DescriptChangeNeutral,0
more,more,s,ExpoComparisonNeutral,0
fluid,fluid,c,DescriptObjectsNeutral,0
",",",",s,,0
adapting,adapting,s,PosValuesOther,0
to,to,s,PosValuesOther,1
new,new,s,NarrImmediacyNeutral,0
social,social,s,SpecialTopicsMiscellanyNeutral,0
structures,structures,s,SpecialTopicsMiscellanyNeutral,1
and,and,s,OtherSyntacticComplexityOther,0
realities,realities,c,SpecialTopicsMiscellanyNeutral,0
.,.,s,,0
Laborers,laborers,s,CharTypesNeutral,0
often,often,s,NarrDurationNeutral,0
developed,developed,s,DescriptChangeNeutral,0
new,new,s,NarrImmediacyNeutral,0
values,values,s,,0
characterized,characterized,s,ExpoSpecificationNeutral,0
by,by,s,ExpoSpecificationNeutral,1
individualism,individualism,s,SpecialTopicsMiscellanyNeutral,0
and,and,s,OtherSyntacticComplexityOther,0
egalitarianism,egalitarianism,c,PosValuesFree,0
",",",",s,,0
as,as,s,ReasoningOtherNeutral,0
they,they,s,ReasoningOtherNeutral,1
negotiated,negotiated,s,PubDiplomacyNeutral,0
their,their,s,CharNamesNeutral,0
cultural,cultural,s,SpecialTopicsMiscellanyNeutral,0
identity,identity,s,SpecialTopicsMiscellanyNeutral,1
against,against,s,NegActsResist,0
the,the,s,NegActsResist,1
imperial,imperial,s,NegValuesOther,0
backdrop,backdrop,c,DescriptVisualNeutral,0
.,.,s,,0
New,new,s,NarrImmediacyNeutral,0
languages,languages,s,SpecialTopicsMiscellanyNeutral,0
and,and,s,OtherSyntacticComplexityOther,0
syncretic,syncretic,s,,0
cultural,cultural,s,SpecialTopicsMiscellanyNeutral,0
practices,practices,s,OtherOrphanedGenericActivity,0
emerged,emerged,c,ContingentEventNeutral,0
",",",",s,,0
blending,blending,s,SpecialTopicsMiscellanyNeutral,0
Indian,indian,s,NarrOtherNeutral,0
traditions,traditions,s,NarrOtherNeutral,1
with,with,s,OtherSyntacticComplexityOther,0
those,those,s,OtherSyntacticComplexityOther,1
of,of,s,OtherOrphanedOther,0
other,other,s,,0
groups,groups,s,SpecialTopicsMiscellanyNeutral,0
in,in,s,OtherOrphanedOther,0
the,the,s,OtherOrphanedOther,0
diaspora,diaspora,c,SpecialTopicsMiscellanyNeutral,0
.,.,n,,0
#,#,s,,0
#,#,s,,0
#,#,c,,0
,,c,,0
#,#,s,,0
#,#,s,,0
#,#,s,,0
Reception,reception,s,DescriptObjectsNeutral,0
by,by,s,OtherOrphanedOther,0
New,new,s,NarrImmediacyNeutral,0
Generations,generations,n,SpecialTopicsMiscellanyNeutral,0
1,1,c,ExpoOtherNeutral,0
.,.,s,ExpoOtherNeutral,1
*,*,s,,0
*,*,s,,0
Identification,identification,s,OtherOrphanedGenericActivity,0
with,with,s,OtherOrphanedOther,0
Ancestral,ancestral,s,NarrOtherNeutral,0
Legacy,legacy,s,NarrOtherNeutral,1
*,*,s,,0
*,*,c,,0
:,:,s,,0
New,new,s,NarrImmediacyNeutral,0
generations,generations,s,SpecialTopicsMiscellanyNeutral,0
born,born,s,NarrBiographyNeutral,0
in,in,s,NarrBiographyNeutral,1
these,these,s,OtherOrphanedOther,0
diaspora,diaspora,s,SpecialTopicsMiscellanyNeutral,0
communities,communities,s,SpecialTopicsMiscellanyNeutral,1
often,often,s,NarrDurationNeutral,0
inherited,inherited,s,,0
these,these,s,NarrOtherNeutral,0
memories,memories,c,NarrOtherNeutral,1
",",",",s,MetadiscourseContrastNeutral,0
though,though,s,MetadiscourseContrastNeutral,1
interpreted,interpreted,s,ReasoningAnalyzeNeutral,0
them,them,s,NarrActsNeutral,0
in,in,s,NarrDurationNeutral,0
the,the,s,NarrDurationNeutral,1
context,context,s,NarrDurationNeutral,2
of,of,s,NarrDurationNeutral,3
their,their,s,CharNamesNeutral,0
current,current,s,NarrImmediacyNeutral,0
realities,realities,c,SpecialTopicsMiscellanyNeutral,0
.,.,s,,0
Their,their,s,CharNamesNeutral,0
identities,identities,s,,0
were,were,s,NarrOtherNeutral,0
both,both,s,MetadiscourseOtherNeutral,0
a,a,s,MetadiscourseOtherNeutral,1
continuation,continuation,s,NarrDurationNeutral,0
of,of,s,OtherOrphanedOther,0
and,and,s,OtherSyntacticComplexityOther,0
a,a,s,OtherSyntacticComplexityOther,1
departure,departure,s,NarrSceneShiftNeutral,0
from,from,s,NarrSceneShiftNeutral,1
their,their,s,NarrOtherNeutral,0
ancestors,ancestors,s,NarrOtherNeutral,1
',',s,,0
experiences,experiences,c,NarrActsNeutral,0
.,.,s,,0
While,while,s,NarrDurationNeutral,0
maintaining,maintaining,s,NarrDurationNeutral,0
pride,pride,s,PosEmotionsPride,0
in,in,s,OtherOrphanedOther,0
Indian,indian,s,CharTypesNeutral,0
heritage,heritage,s,NarrOtherNeutral,0
and,and,s,OtherSyntacticComplexityOther,0
traditions,traditions,c,NarrOtherNeutral,0
",",",",s,,0
newer,newer,s,ExpoComparisonNeutral,0
generations,generations,s,SpecialTopicsMiscellanyNeutral,0
navigated,navigated,s,NarrOtherNeutral,0
a,a,s,NarrOtherNeutral,1
dual,dual,s,SpecialTopicsMiscellanyNeutral,0
identity,identity,s,SpecialTopicsMiscellanyNeutral,0
—,—,s,,0
that,that,s,OtherSyntacticComplexityOther,0
of,of,s,OtherSyntacticComplexityOther,1
their,their,s,CharNamesNeutral,0
ancestral,ancestral,s,CharTypesNeutral,0
roots,roots,s,CharTypesNeutral,1
and,and,s,OtherSyntacticComplexityOther,0
their,their,s,CharNamesNeutral,0
local,local,s,SpecialTopicsPlaceNeutral,0
identity,identity,s,SpecialTopicsMiscellanyNeutral,0
in,in,s,OtherOrphanedOther,0
the,the,s,OtherOrphanedOther,0
post-colonial,post-colonial,s,SpecialTopicsMiscellanyNeutral,0
nation-state,nation-state,c,PubAdministrationNeutral,0
.,.,n,,0
2,2,c,ExpoOtherNeutral,0
.,.,s,ExpoOtherNeutral,1
*,*,s,,0
*,*,s,,0
Memory,memory,s,CharMentalStatesNeutral,0
and,and,s,OtherSyntacticComplexityOther,0
Identity,identity,s,PubDiplomacyNeutral,0
Negotiation,negotiation,s,PubDiplomacyNeutral,1
*,*,s,,0
*,*,c,,0
:,:,s,,0
New,new,s,NarrImmediacyNeutral,0
generations,generations,s,SpecialTopicsMiscellanyNeutral,0
continually,continually,s,NarrDurationNeutral,0
negotiate,negotiate,s,PubDiplomacyNeutral,0
their,their,s,CharTypesNeutral,0
identity,identity,s,CharTypesNeutral,1
through,through,s,OtherOrphanedOther,0
the,the,s,OtherOrphanedOther,0
lens,lens,s,SpecialTopicsMiscellanyNeutral,0
of,of,s,OtherOrphanedOther,0
memory,memory,c,CharMentalStatesNeutral,0
.,.,s,,0
As,as,s,OtherOrphanedOther,0
Homi,homi,s,,0
Bhabha,bhabha,s,,0
notes,notes,s,SpecialTopicsMiscellanyNeutral,0
with,with,s,OtherSyntacticComplexityOther,0
the,the,s,OtherSyntacticComplexityOther,1
concept,concept,s,SpecialTopicsMiscellanyNeutral,0
of,of,s,OtherOrphanedOther,0
',',s,,0
third,third,s,,0
space,space,c,SpecialTopicsMiscellanyNeutral,0
",",",",s,,0
',',s,,0
this,this,s,OtherOrphanedOther,0
negotiation,negotiation,s,PubDiplomacyNeutral,0
creates,creates,s,DescriptChangeNeutral,0
a,a,s,DescriptChangeNeutral,1
space,space,s,SpecialTopicsMiscellanyNeutral,0
where,where,s,OtherOrphanedOther,0
hybrid,hybrid,s,SpecialTopicsMiscellanyNeutral,0
identities,identities,s,,0
emerge,emerge,c,ContingentEventNeutral,0
",",",",s,,0
allowing,allowing,s,FacilitateExpediteNeutral,0
new,new,s,NarrImmediacyNeutral,0
generations,generations,s,SpecialTopicsMiscellanyNeutral,0
to,to,s,OtherOrphanedOther,0
imagine,imagine,s,CharMentalStatesNeutral,0
alternative,alternative,s,SpecialTopicsMiscellanyNeutral,0
futures,futures,s,FutureOtherNeutral,0
that,that,s,OtherOrphanedOther,0
incorporate,incorporate,s,OtherOrphanedOther,0
yet,yet,s,MetadiscourseContrastNeutral,0
transcend,transcend,s,NarrActsNeutral,0
the,the,s,OtherOrphanedOther,0
binary,binary,s,NegRelOpposition,0
oppositions,oppositions,s,NegRelOpposition,1
of,of,s,OtherSyntacticComplexityOther,0
their,their,s,OtherSyntacticComplexityOther,1
antecedents,antecedents,s,NarrSequenceNeutral,0
',',s,,0
realities,realities,c,SpecialTopicsMiscellanyNeutral,0
.,.,n,,0
3,3,c,ExpoOtherNeutral,0
.,.,s,ExpoOtherNeutral,1
*,*,s,,0
*,*,s,,0
Media,media,s,PubMediaNeutral,0
and,and,s,OtherSyntacticComplexityOther,0
Modern,modern,s,NarrOtherNeutral,0
Narratives,narratives,s,SpecialTopicsMiscellanyNeutral,0
*,*,s,,0
*,*,c,,0
:,:,s,,0
Today,today,c,NarrImmediacyNeutral,0
",",",",s,,0
media,media,s,PubMediaNeutral,0
and,and,s,OtherSyntacticComplexityOther,0
political,political,s,PubPoliticsNeutral,0
narratives,narratives,s,PubPoliticsNeutral,1
play,play,s,ReasoningOtherNeutral,0
significant,significant,s,ReasoningOtherNeutral,1
roles,roles,s,ReasoningOtherNeutral,2
in,in,s,OtherOrphanedOther,0
reshaping,reshaping,s,NarrDurationNeutral,0
these,these,s,NarrOtherNeutral,0
memories,memories,c,NarrOtherNeutral,1
.,.,s,,0
Some,some,s,ExpoOtherNeutral,0
communities,communities,s,SpecialTopicsMiscellanyNeutral,0
experience,experience,s,NarrActsNeutral,0
a,a,s,NarrActsNeutral,1
revival,revival,s,NarrTurningPointPos,0
of,of,s,OtherOrphanedOther,0
cultural,cultural,s,SpecialTopicsMiscellanyNeutral,0
expressions,expressions,s,DescriptVisualNeutral,0
tied,tied,s,ExpoSpecificationNeutral,0
to,to,s,ExpoSpecificationNeutral,1
India,india,c,SpecialTopicsPlaceNeutral,0
",",",",s,,0
while,while,s,NarrDurationNeutral,0
others,others,s,,0
might,might,s,ConfidenceHedgedNeutral,0
distance,distance,s,ConfidenceHedgedNeutral,1
themselves,themselves,c,CharNamesNeutral,0
",",",",s,,0
identifying,identifying,s,ReasoningAnalyzeNeutral,0
more,more,s,ExpoComparisonNeutral,0
with,with,s,OtherOrphanedOther,0
their,their,s,CharNamesNeutral,0
place,place,s,DescriptVisualNeutral,0
of,of,s,DescriptVisualNeutral,1
birth,birth,c,NarrSequenceNeutral,0
.,.,s,,0
The,the,s,OtherOrphanedOther,0
media,media,s,PubMediaNeutral,0
often,often,s,NarrDurationNeutral,0
emphasizes,emphasizes,s,ForcefulEmphaticNeutral,0
differences,differences,c,ExpoComparisonNeutral,0
",",",",s,,0
reinforcing,reinforcing,s,DescriptChangePos,0
ethnic,ethnic,s,SpecialTopicsMiscellanyNeutral,0
divides,divides,s,FacilitateSponsorNeutral,0
at,at,s,NarrDurationNeutral,0
times,times,c,NarrDurationNeutral,1
",",",",s,NegActsResist,0
yet,yet,s,NegActsResist,1
it,it,s,ConfidenceHighNeutral,0
is,is,s,ConfidenceHighNeutral,1
also,also,s,MetadiscourseAdditionNeutral,0
a,a,s,OtherOrphanedOther,0
tool,tool,s,DescriptObjectsNeutral,0
for,for,s,OtherOrphanedOther,0
young,young,s,SpecialTopicsMiscellanyNeutral,0
generations,generations,s,SpecialTopicsMiscellanyNeutral,1
to,to,s,StratCognitionNeutral,0
engage,engage,s,StratCognitionNeutral,1
with,with,s,OtherOrphanedOther,0
their,their,s,CharNamesNeutral,0
heritage,heritage,c,NarrOtherNeutral,0
.,.,n,,0
4,4,c,ExpoOtherNeutral,0
.,.,s,ExpoOtherNeutral,1
*,*,s,,0
*,*,s,,0
Empathetic,empathetic,s,PosRelBondOverNegative,0
Connections,connections,s,SpecialTopicsMiscellanyNeutral,0
and,and,s,OtherSyntacticComplexityOther,0
Cultural,cultural,s,NegActsTrauma,0
Trauma,trauma,s,NegActsTrauma,1
*,*,s,,0
*,*,c,,0
:,:,s,,0
Contemporary,contemporary,s,NarrSimultaneityNeutral,0
writers,writers,s,CharTypesNeutral,0
and,and,s,OtherSyntacticComplexityOther,0
thinkers,thinkers,c,CharTypesNeutral,0
",",",",s,DescriptVisualNeutral,0
like,like,s,DescriptVisualNeutral,1
Marianne,marianne,s,CharNamesNeutral,0
Hirsch,hirsch,s,CharNamesNeutral,0
with,with,s,OtherOrphanedOther,0
her,her,s,CharNamesNeutral,0
concept,concept,s,SpecialTopicsMiscellanyNeutral,0
of,of,s,OtherOrphanedOther,0
postmemory,postmemory,c,,0
",",",",s,,0
suggest,suggest,s,FacilitateHelpNeutral,0
that,that,s,FacilitateHelpNeutral,1
the,the,s,FacilitateHelpNeutral,2
traumatic,traumatic,s,NegActsTrauma,0
experiences,experiences,s,NegActsTrauma,1
and,and,s,OtherSyntacticComplexityOther,0
memories,memories,s,NarrOtherNeutral,0
of,of,s,NarrOtherNeutral,1
indentured,indentured,s,PubLawNeutral,0
ancestors,ancestors,s,NarrOtherNeutral,0
can,can,s,ContingentRelationshipNeutral,0
be,be,s,ContingentRelationshipNeutral,1
adopted,adopted,s,NarrActsNeutral,0
and,and,s,OtherSyntacticComplexityOther,0
empathetically,empathetically,s,,0
engaged,engaged,s,PosRelOther,0
with,with,s,PosRelOther,1
by,by,s,OtherOrphanedOther,0
descendants,descendants,c,UncertaintyIndefiniteNeutral,0
.,.,s,ReasoningConcludeNeutral,0
Such,such,s,ReasoningConcludeNeutral,1
engagement,engagement,s,OtherOrphanedGenericActivity,0
is,is,s,ForcefulEmphaticNeutral,0
not,not,s,ForcefulEmphaticNeutral,1
without,without,s,ForcefulEmphaticNeutral,2
challenges,challenges,c,CharTraitsNeutral,0
",",",",s,,0
as,as,s,OtherOrphanedOther,0
there,there,s,ContingentRelationshipNeutral,0
can,can,s,ContingentRelationshipNeutral,1
be,be,s,ContingentRelationshipNeutral,2
a,a,s,ContingentRelationshipNeutral,3
risk,risk,s,NegEmotionsFear,0
of,of,s,NegEmotionsFear,1
over-identifying,over-identifying,s,NegActsPrefixOver,0
or,or,s,OtherSyntacticComplexityOther,0
appropriating,appropriating,s,OtherOrphanedOther,0
ancestral,ancestral,s,NegActsTrauma,0
traumas,traumas,c,NegActsTrauma,1
.,.,n,,0
In,in,s,MetadiscourseCuesNeutral,0
conclusion,conclusion,c,MetadiscourseCuesNeutral,1
",",",",s,MetadiscourseCuesNeutral,2
identity,identity,s,SpecialTopicsMiscellanyNeutral,0
in,in,s,ExpoExampleNeutral,0
the,the,s,ExpoExampleNeutral,1
case,case,s,ExpoExampleNeutral,2
of,of,s,ExpoExampleNeutral,3
indentured,indentured,s,PubLawNeutral,0
labor,labor,s,SpecialTopicsMiscellanyNeutral,0
is,is,s,ExpoOtherNeutral,0
intrinsically,intrinsically,s,ExpoOtherNeutral,1
linked,linked,s,NarrActsNeutral,0
with,with,s,OtherOrphanedOther,0
memory,memory,c,CharMentalStatesNeutral,0
",",",",s,,0
serving,serving,s,OtherOrphanedOther,0
both,both,s,OtherSyntacticComplexityOther,0
as,as,s,OtherOrphanedOther,0
a,a,s,OtherOrphanedOther,1
source,source,s,SpecialTopicsMiscellanyNeutral,0
of,of,s,SpecialTopicsMiscellanyNeutral,1
cultural,cultural,s,NarrOtherNeutral,0
continuity,continuity,s,NarrOtherNeutral,1
and,and,s,OtherSyntacticComplexityOther,0
as,as,s,OtherSyntacticComplexityOther,1
a,a,s,OtherOrphanedOther,0
foundation,foundation,s,SpecialTopicsMiscellanyNeutral,0
for,for,s,OtherOrphanedOther,0
the,the,s,DescriptChangePos,0
evolution,evolution,s,DescriptChangePos,1
of,of,s,DescriptChangePos,2
new,new,c,NarrImmediacyNeutral,0
",",",",s,,0
hybrid,hybrid,s,SpecialTopicsMiscellanyNeutral,0
identities,identities,c,,0
.,.,s,,0
For,for,s,OtherOrphanedOther,0
new,new,s,NarrImmediacyNeutral,0
generations,generations,c,SpecialTopicsMiscellanyNeutral,0
",",",",s,,0
this,this,s,OtherOrphanedOther,0
identity,identity,s,SpecialTopicsMiscellanyNeutral,0
is,is,s,OtherOrphanedOther,0
a,a,s,OtherOrphanedOther,0
dynamic,dynamic,s,ForcefulEnergizedNeutral,0
interplay,interplay,s,OtherOrphanedOther,0
of,of,s,OtherOrphanedOther,0
remembering,remembering,c,CharMentalStatesNeutral,0
",",",",s,,0
adapting,adapting,c,DescriptChangeNeutral,0
",",",",s,,0
and,and,s,OtherSyntacticComplexityOther,0
negotiating,negotiating,s,PubDiplomacyNeutral,0
their,their,s,CharNamesNeutral,0
place,place,s,OtherOrphanedOther,0
within,within,s,OtherOrphanedOther,0
both,both,s,MetadiscourseOtherNeutral,0
the,the,s,MetadiscourseOtherNeutral,1
legacy,legacy,s,PubAdministrationNeutral,0
of,of,s,PubAdministrationNeutral,1
their,their,s,NarrOtherNeutral,0
past,past,s,NarrOtherNeutral,1
and,and,s,OtherSyntacticComplexityOther,0
the,the,s,OtherSyntacticComplexityOther,1
reality,reality,s,SpecialTopicsMiscellanyNeutral,0
of,of,s,OtherSyntacticComplexityOther,0
their,their,s,OtherSyntacticComplexityOther,1
present,present,c,SpecialTopicsMiscellanyNeutral,0
.,.,n,,0
Sources,sources,s,SpecialTopicsMiscellanyNeutral,0
used,used,c,NarrActsNeutral,0
:,:,n,,0
-,-,s,,0
Bates,bates,c,DescriptMotionNeutral,0
",",",",s,,0
C,c,c,OtherOrphanedOther,0
.,.,s,OtherOrphanedOther,1
(,(,c,OtherOrphanedOther,0
Ed,ed,c,SpecialTopicsMiscellanyNeutral,0
.,.,c,SpecialTopicsMiscellanyNeutral,1
),),c,OtherOrphanedOther,0
.,.,s,,0
(,(,c,OtherOrphanedOther,0
2024,2024,c,NarrDurationNeutral,0
),),c,OtherOrphanedOther,0
.,.,s,,0
Beyond,beyond,s,OtherOrphanedOther,0
Indenture,indenture,c,PubLawNeutral,0
.,.,s,,0
txt,txt,n,,0
-,-,s,,0
Benton,benton,c,CharNamesNeutral,0
",",",",s,,0
G,g,c,OtherOrphanedOther,0
.,.,s,OtherOrphanedOther,1
(,(,c,OtherOrphanedOther,0
2022,2022,c,CitationReferenceNeutral,0
),),c,CitationReferenceNeutral,1
.,.,s,,0
Chinese,chinese,s,CharTypesNeutral,0
Indentured,indentured,s,PubLawNeutral,0
Labour,labour,s,,0
in,in,s,OtherOrphanedOther,0
the,the,s,OtherOrphanedOther,0
Dutch,dutch,s,CharTypesNeutral,0
East,east,s,SpecialTopicsPlaceNeutral,0
Indies,indies,c,SpecialTopicsPlaceNeutral,1
.,.,s,,0
txt,txt,n,,0
-,-,s,,0
Hassankhan,hassankhan,c,,0
",",",",s,,0
M,m,c,OtherOrphanedOther,0
.,.,s,OtherOrphanedOther,1
S,s,c,OtherOrphanedOther,0
.,.,c,OtherOrphanedOther,1
",",",",s,,0
Roopnarine,roopnarine,c,,0
",",",",s,,0
L,l,c,OtherOrphanedOther,0
.,.,c,OtherOrphanedOther,1
",",",",s,,0
&,&,s,,0
Mahase,mahase,c,,0
",",",",s,,0
R,r,c,OtherOrphanedOther,0
.,.,s,OtherOrphanedOther,1
(,(,c,OtherOrphanedOther,0
2016,2016,c,CitationReferenceNeutral,0
),),c,CitationReferenceNeutral,1
.,.,s,,0
Social,social,s,,0
and,and,s,OtherSyntacticComplexityOther,0
cultural,cultural,s,SpecialTopicsMiscellanyNeutral,0
dimensions,dimensions,s,SpecialTopicsMiscellanyNeutral,0
of,of,s,OtherOrphanedOther,0
Indian,indian,s,PubLawNeutral,0
indentured,indentured,s,PubLawNeutral,1
labour,labour,s,,0
and,and,s,OtherSyntacticComplexityOther,0
its,its,s,OtherOrphanedOther,0
diaspora,diaspora,c,SpecialTopicsMiscellanyNeutral,0
.,.,s,,0
txt,txt,n,,0
-,-,s,,0
Hegde,hegde,c,,0
",",",",s,,0
R,r,c,OtherOrphanedOther,0
.,.,s,OtherOrphanedOther,1
S,s,c,OtherOrphanedOther,0
.,.,c,OtherOrphanedOther,1
",",",",s,,0
&,&,s,,0
Sahoo,sahoo,c,,0
",",",",s,,0
A,a,c,OtherOrphanedOther,0
.,.,s,OtherOrphanedOther,1
K,k,c,OtherOrphanedOther,0
.,.,s,OtherOrphanedOther,1
(,(,c,OtherOrphanedOther,0
Eds,eds,c,SpecialTopicsMiscellanyNeutral,0
.,.,c,,0
),),c,OtherOrphanedOther,0
.,.,s,,0
(,(,c,OtherOrphanedOther,0
2018,2018,c,CitationReferenceNeutral,0
),),c,CitationReferenceNeutral,1
.,.,s,,0
Routledge,routledge,s,CharNamesNeutral,0
handbook,handbook,s,PubAdministrationNeutral,0
of,of,s,PubAdministrationNeutral,1
the,the,s,CharTypesNeutral,0
Indian,indian,s,CharTypesNeutral,1
diaspora,diaspora,c,SpecialTopicsMiscellanyNeutral,0
.,.,s,,0
txt,txt,n,,0
-,-,s,,0
Kumar,kumar,c,CharNamesNeutral,0
",",",",s,,0
A,a,c,OtherOrphanedOther,0
.,.,c,OtherOrphanedOther,1
",",",",s,,0
&,&,s,,0
Bates,bates,c,DescriptMotionNeutral,0
",",",",s,,0
C,c,c,OtherOrphanedOther,0
.,.,s,OtherOrphanedOther,1
(,(,c,OtherOrphanedOther,0
Eds,eds,c,SpecialTopicsMiscellanyNeutral,0
.,.,c,,0
),),c,OtherOrphanedOther,0
.,.,s,,0
(,(,c,OtherOrphanedOther,0
2024,2024,c,NarrDurationNeutral,0
),),c,OtherOrphanedOther,0
.,.,s,,0
Girmitiyas,girmitiyas,s,,0
and,and,s,OtherSyntacticComplexityOther,0
the,the,s,OtherSyntacticComplexityOther,1
Global,global,s,SpecialTopicsMiscellanyNeutral,0
Indian,indian,s,CharTypesNeutral,0
Diaspora,diaspora,c,SpecialTopicsMiscellanyNeutral,0
:,:,s,,0
Origins,origins,c,NarrSequenceNeutral,0
",",",",s,,0
Memories,memories,c,CharMentalStatesNeutral,0
",",",",s,,0
and,and,s,OtherSyntacticComplexityOther,0
Identity,identity,c,SpecialTopicsMiscellanyNeutral,0
.,.,s,,0
txt,txt,n,,0
-,-,s,,0
Kumar,kumar,c,CharNamesNeutral,0
",",",",s,,0
V,v,c,OtherOrphanedOther,0
.,.,s,OtherOrphanedOther,1
(,(,c,CitationReferenceNeutral,0
1979,1979,c,CitationReferenceNeutral,1
),),c,CitationReferenceNeutral,2
.,.,s,,0
Girmit,girmit,s,,0
—,—,s,,0
The,the,s,OtherOrphanedOther,0
indenture,indenture,s,PubLawNeutral,0
experience,experience,s,StratOtherPos,0
in,in,s,StratOtherPos,1
Fiji,fiji,c,SpecialTopicsPlaceNeutral,0
.,.,s,,0
txt,txt,n,,0
-,-,s,,0
Neus,neus,c,,0
",",",",s,,0
H,h,c,OtherOrphanedOther,0
.,.,s,OtherOrphanedOther,1
(,(,c,OtherOrphanedOther,0
2022,2022,c,CitationReferenceNeutral,0
),),c,CitationReferenceNeutral,1
.,.,s,,0
Collective,collective,s,PubCognitionNeutral,0
Memory,memory,c,PubCognitionNeutral,1
",",",",s,,0
Identity,identity,s,SpecialTopicsMiscellanyNeutral,0
and,and,s,OtherSyntacticComplexityOther,0
the,the,s,OtherSyntacticComplexityOther,1
Legacies,legacies,s,PubAdministrationNeutral,0
of,of,s,PubAdministrationNeutral,1
Slavery,slavery,s,NegRelServility,0
and,and,s,OtherSyntacticComplexityOther,0
Indenture,indenture,c,PubLawNeutral,0
.,.,s,,0
txt,txt,n,,0
-,-,s,,0
V,v,s,OtherOrphanedOther,0
Lal,lal,c,CharNamesNeutral,0
",",",",s,,0
B,b,c,OtherOrphanedOther,0
.,.,s,OtherOrphanedOther,1
(,(,c,CitationReferenceNeutral,0
2012,2012,c,CitationReferenceNeutral,1
),),c,CitationReferenceNeutral,2
.,.,s,,0
Chalo,chalo,s,,0
Jahaji,jahaji,c,,0
:,:,s,,0
On,on,s,NarrDurationNeutral,0
a,a,s,NarrDurationNeutral,1
journey,journey,s,NarrDurationNeutral,2
through,through,s,OtherOrphanedOther,0
indenture,indenture,s,PubLawNeutral,0
in,in,s,OtherOrphanedOther,0
Fiji,fiji,c,SpecialTopicsPlaceNeutral,0
.,.,s,,0
txt,txt,n,,0
-,-,s,,0
Ward,ward,c,SpecialTopicsPlaceNeutral,0
",",",",s,,0
A,a,c,OtherOrphanedOther,0
.,.,s,OtherOrphanedOther,1
(,(,c,CitationReferenceNeutral,0
2013,2013,c,CitationReferenceNeutral,1
),),c,CitationReferenceNeutral,2
.,.,s,,0
Assuming,assuming,s,ResponsibilityAcceptNeutral,0
the,the,s,ResponsibilityAcceptNeutral,1
burden,burden,s,ResponsibilityAcceptNeutral,2
of,of,s,OtherOrphanedOther,0
memory,memory,c,CharMentalStatesNeutral,0
:,:,s,,0
The,the,s,OtherOrphanedOther,0
translation,translation,s,SpecialTopicsMiscellanyNeutral,0
of,of,s,OtherOrphanedOther,0
Indian,indian,s,PubLawNeutral,0
indenture,indenture,s,PubLawNeutral,1
in,in,s,OtherOrphanedOther,0
Peggy,peggy,s,CharNamesNeutral,0
Mohan’s,mohan’s,s,,0
Jahajin,jahajin,c,,0
.,.,s,,0
txt,txt,n,,0
The,the,s,OtherOrphanedOther,0
Dutch,dutch,s,CharTypesNeutral,0
government's,government's,s,PubAdministrationNeutral,0
recognition,recognition,s,,0
of,of,s,OtherSyntacticComplexityOther,0
the,the,s,OtherSyntacticComplexityOther,1
violence,violence,s,NegActsViolence,0
inherent,inherent,s,SpecialTopicsMiscellanyNeutral,0
in,in,s,SpecialTopicsMiscellanyNeutral,1
its,its,s,OtherOrphanedOther,0
colonial,colonial,s,SpecialTopicsMiscellanyNeutral,0
systems,systems,s,SpecialTopicsMiscellanyNeutral,1
and,and,s,OtherSyntacticComplexityOther,0
efforts,efforts,s,CharTraitsNeutral,0
at,at,s,OtherOrphanedOther,0
reparations,reparations,s,ResponsibilityAcceptNeg,0
are,are,s,OtherOrphanedOther,0
complex,complex,s,SpecialTopicsMiscellanyNeutral,0
and,and,s,OtherSyntacticComplexityOther,0
multifaceted,multifaceted,c,SpecialTopicsMiscellanyNeutral,0
",",",",s,,0
reflecting,reflecting,s,OtherOrphanedOther,0
a,a,s,OtherOrphanedOther,1
gradual,gradual,s,FutureOtherNeutral,0
and,and,s,OtherSyntacticComplexityOther,0
ongoing,ongoing,s,NarrImmediacyNeutral,0
process,process,s,NarrImmediacyNeutral,1
of,of,s,OtherOrphanedOther,0
historical,historical,s,NarrOtherNeutral,0
reappraisal,reappraisal,s,NarrDurationNeutral,0
and,and,s,OtherSyntacticComplexityOther,0
limited,limited,s,SpecialTopicsMiscellanyNeutral,0
redress,redress,c,DescriptChangePos,0
.,.,n,,0
#,#,s,,0
#,#,s,,0
#,#,c,,0
,,c,,0
#,#,s,,0
#,#,s,,0
#,#,s,,0
Recognition,recognition,s,,0
of,of,s,OtherOrphanedOther,0
Violence,violence,c,NegActsViolence,0
:,:,n,,0
1,1,c,ExpoOtherNeutral,0
.,.,s,ExpoOtherNeutral,1
*,*,s,,0
*,*,s,,0
Rhemrev’s,rhemrev’s,s,,0
Investigation,investigation,c,InquiryExplorationNeutral,0
:,:,s,,0
*,*,s,,0
*,*,n,,0
-,-,s,,0
In,in,s,NarrDurationNeutral,0
the,the,s,NarrDurationNeutral,1
early,early,s,NarrDurationNeutral,2
20th,20th,s,NarrDurationNeutral,0
century,century,c,NarrDurationNeutral,1
",",",",s,,0
the,the,s,OtherOrphanedOther,0
Dutch,dutch,s,PubAdministrationNeutral,0
government,government,s,PubAdministrationNeutral,1
commissioned,commissioned,s,SpecialTopicsMiscellanyNeutral,0
J,j,c,OtherOrphanedOther,0
.,.,s,OtherOrphanedOther,1
L,l,c,OtherOrphanedOther,0
.,.,s,OtherOrphanedOther,1
T,t,c,OtherOrphanedOther,0
.,.,s,OtherOrphanedOther,1
Rhemrev,rhemrev,s,,0
to,to,s,InquiryCuriosityNeutral,0
investigate,investigate,s,InquiryCuriosityNeutral,1
labor,labor,s,NegActsAggressive,0
abuses,abuses,s,NegActsAggressive,1
in,in,s,OtherOrphanedOther,0
the,the,s,OtherOrphanedOther,0
Dutch,dutch,s,CharTypesNeutral,0
East,east,s,SpecialTopicsPlaceNeutral,0
Indies,indies,c,SpecialTopicsPlaceNeutral,1
.,.,s,,0
Rhemrev’s,rhemrev’s,s,,0
report,report,s,NarrActsNeutral,0
was,was,s,NegEmotionsDevastate,0
a,a,s,NegEmotionsDevastate,1
devastating,devastating,s,NegEmotionsDevastate,2
critique,critique,s,SpecialTopicsMiscellanyNeutral,0
of,of,s,SpecialTopicsMiscellanyNeutral,1
the,the,s,OtherOrphanedOther,0
indentured,indentured,s,PubLawNeutral,0
labor,labor,s,SpecialTopicsMiscellanyNeutral,0
system,system,c,SpecialTopicsMiscellanyNeutral,1
",",",",s,,0
documenting,documenting,s,StratCognitionNeutral,0
severe,severe,s,NegEmotionsSevere,0
abuses,abuses,c,NegActsAggressive,0
",",",",s,,0
including,including,s,NarrActsNeutral,0
physical,physical,s,SpecialTopicsMiscellanyNeutral,0
torture,torture,s,NegRelTorture,0
and,and,s,OtherSyntacticComplexityOther,0
manslaughter,manslaughter,c,NegActsAggressive,0
.,.,s,MetadiscourseContrastNeutral,0
However,however,c,MetadiscourseContrastNeutral,1
",",",",s,,0
meaningful,meaningful,s,ForcefulSignificantNeutral,0
reform,reform,s,ForcefulSignificantNeutral,1
was,was,s,NegActsResist,0
obstructed,obstructed,s,NegActsResist,1
by,by,s,OtherOrphanedOther,0
vested,vested,s,StratCoordinationNeutral,0
interests,interests,s,StratCoordinationNeutral,1
and,and,s,OtherSyntacticComplexityOther,0
administrative,administrative,s,PubAdministrationNeutral,0
inertia,inertia,c,PubAdministrationNeutral,1
.,.,n,,0
2,2,c,ExpoOtherNeutral,0
.,.,s,ExpoOtherNeutral,1
*,*,s,,0
*,*,s,,0
Decolonization,decolonization,s,DescriptChangeNeutral,0
Trauma,trauma,c,NegActsTrauma,0
:,:,s,,0
*,*,s,,0
*,*,n,,0
-,-,s,,0
The,the,s,OtherOrphanedOther,0
term,term,s,SpecialTopicsMiscellanyNeutral,0
',',s,,0
decolonization,decolonization,s,DescriptChangeNeutral,0
trauma,trauma,s,NegActsTrauma,0
',',s,,0
has,has,s,NarrOtherNeutral,0
been,been,s,NarrOtherNeutral,1
used,used,s,NarrOtherNeutral,2
to,to,s,OtherOrphanedOther,0
describe,describe,s,SpecialTopicsMiscellanyNeutral,0
Dutch,dutch,s,NegEmotionsReluctance,0
reluctance,reluctance,s,NegEmotionsReluctance,1
to,to,s,OtherOrphanedOther,0
relinquish,relinquish,s,NegEmotionsHelpless,0
control,control,s,NegEmotionsHelpless,1
over,over,s,NegEmotionsHelpless,2
its,its,s,OtherOrphanedOther,0
colonies,colonies,c,SpecialTopicsMiscellanyNeutral,0
",",",",s,,0
especially,especially,s,ForcefulEmphaticNeutral,0
Indonesia,indonesia,c,SpecialTopicsPlaceNeutral,0
.,.,s,,0
This,this,s,OtherOrphanedOther,0
period,period,s,SpecialTopicsMiscellanyNeutral,0
was,was,s,ForcefulEmphaticNeutral,0
marked,marked,s,ForcefulEmphaticNeutral,1
by,by,s,ForcefulEmphaticNeutral,2
significant,significant,s,NegActsViolence,0
violence,violence,s,NegActsViolence,1
during,during,s,NarrDurationNeutral,0
the,the,s,NarrDurationNeutral,1
so-called,so-called,s,ConfidenceHedgedNeg,0
',',s,,0
police,police,s,OtherOrphanedGenericActivity,0
actions,actions,c,OtherOrphanedGenericActivity,1
",",",",s,,0
',',s,,0
which,which,s,OtherSyntacticComplexityOther,0
many,many,s,ExpoOtherNeutral,0
international,international,s,CharTypesNeutral,0
observers,observers,s,CharTypesNeutral,1
labeled,labeled,s,OtherOrphanedOther,0
as,as,s,OtherOrphanedOther,0
colonial,colonial,s,SpecialTopicsMiscellanyNeutral,0
warfare,warfare,c,SpecialTopicsMiscellanyNeutral,1
.,.,s,,0
The,the,s,OtherOrphanedOther,0
Dutch,dutch,s,CharTypesNeutral,0
struggled,struggled,s,CharTraitsNeg,0
to,to,s,CharTraitsNeg,1
come,come,s,CharTraitsNeg,2
to,to,s,OtherOrphanedOther,0
terms,terms,s,SpecialTopicsMiscellanyNeutral,0
with,with,s,OtherSyntacticComplexityOther,0
this,this,s,OtherSyntacticComplexityOther,1
violent,violent,s,NegActsViolence,0
past,past,c,NegActsViolence,1
",",",",s,,0
with,with,s,OtherOrphanedOther,0
debates,debates,s,PubCommunicationNeutral,0
persisting,persisting,s,NarrDurationNeutral,0
into,into,s,DescriptChangeNeutral,0
the,the,s,DescriptChangeNeutral,1
late,late,s,ExpoOtherNeutral,0
20th,20th,s,ExpoOtherNeutral,1
century,century,s,NarrDurationNeutral,0
over,over,s,OtherSyntacticComplexityOther,0
how,how,s,OtherSyntacticComplexityOther,1
to,to,s,OtherOrphanedOther,0
address,address,s,InterOtherNeutral,0
historical,historical,s,NegValuesWrong,0
wrongs,wrongs,c,NegValuesWrong,1
.,.,n,,0
3,3,c,ExpoOtherNeutral,0
.,.,s,ExpoOtherNeutral,1
*,*,s,,0
*,*,s,,0
Ethical,ethical,s,PubAdministrationNeutral,0
Policy,policy,c,PubAdministrationNeutral,1
:,:,s,,0
*,*,s,,0
*,*,n,,0
-,-,s,,0
The,the,s,OtherOrphanedOther,0
ethical,ethical,s,PubAdministrationNeutral,0
policy,policy,s,PubAdministrationNeutral,1
movement,movement,c,SpecialTopicsMiscellanyNeutral,0
",",",",s,OtherOrphanedOther,0
which,which,s,OtherOrphanedOther,1
gained,gained,s,DescriptChangePos,0
traction,traction,s,DescriptChangePos,1
in,in,s,NarrDurationNeutral,0
the,the,s,NarrDurationNeutral,1
early,early,s,NarrDurationNeutral,2
20th,20th,s,NarrDurationNeutral,0
century,century,c,NarrDurationNeutral,1
",",",",s,,0
was,was,s,NarrOtherNeutral,0
partly,partly,s,ConfidenceHedgedNeutral,0
a,a,s,OtherOrphanedOther,0
response,response,s,InterResponseNeutral,0
to,to,s,OtherOrphanedOther,0
critiques,critiques,s,ReasoningCriticizeNeg,0
like,like,s,ExpoComparisonNeutral,0
those,those,s,ExpoComparisonNeutral,1
from,from,s,OtherOrphanedOther,0
Van,van,s,DescriptObjectsNeutral,0
Deventer,deventer,c,,0
",",",",s,CharNamesNeutral,0
who,who,s,CharNamesNeutral,1
highlighted,highlighted,s,OtherOrphanedOther,0
“,",c,,0
diminished,diminished,s,DescriptChangeNeg,0
prosperity,prosperity,c,DescriptChangeNeg,1
”,",s,,0
among,among,s,OtherOrphanedOther,0
colonized,colonized,s,OtherOrphanedOther,0
populations,populations,s,PubAdministrationNeutral,0
due,due,s,ReasoningOtherNeutral,0
to,to,s,ReasoningOtherNeutral,1
exploitative,exploitative,s,NegRelOther,0
practices,practices,c,OtherOrphanedGenericActivity,0
.,.,s,,0
This,this,s,OtherOrphanedOther,0
acknowledgment,acknowledgment,s,PosRelAcknowledgement,0
led,led,s,ReasoningOtherNeutral,0
to,to,s,ReasoningOtherNeutral,1
some,some,s,ExpoOtherNeutral,0
investments,investments,s,SpecialTopicsMiscellanyNeutral,0
in,in,s,SpecialTopicsMiscellanyNeutral,1
improving,improving,s,DescriptChangePos,0
conditions,conditions,c,DescriptChangePos,1
",",",",s,,0
although,although,s,MetadiscourseContrastNeutral,0
it,it,s,,0
fell,fell,s,NegActsFallShort,0
short,short,s,NegActsFallShort,1
of,of,s,NegActsFallShort,2
a,a,s,OtherOrphanedOther,0
full,full,s,SpecialTopicsMiscellanyNeutral,0
embrace,embrace,s,PosRelOther,0
of,of,s,OtherSyntacticComplexityOther,0
the,the,s,OtherSyntacticComplexityOther,1
violence,violence,s,NegActsViolence,0
and,and,s,OtherSyntacticComplexityOther,0
exploitation,exploitation,s,NegActsAggressive,0
within,within,s,OtherOrphanedOther,0
the,the,s,OtherOrphanedOther,0
system,system,c,SpecialTopicsMiscellanyNeutral,0
.,.,n,,0
#,#,s,,0
#,#,s,,0
#,#,c,,0
,,c,,0
#,#,s,,0
#,#,s,,0
#,#,s,,0
Attempts,attempts,s,CharTraitsNeutral,0
at,at,s,OtherOrphanedOther,0
Reparations,reparations,c,ResponsibilityAcceptNeg,0
:,:,n,,0
1,1,c,ExpoOtherNeutral,0
.,.,s,ExpoOtherNeutral,1
*,*,s,,0
*,*,s,,0
Monuments,monuments,s,NarrOtherNeutral,0
and,and,s,OtherSyntacticComplexityOther,0
Solemn,solemn,s,CharTraitsNeutral,0
Declarations,declarations,c,PubCommunicationNeutral,0
:,:,s,,0
*,*,s,,0
*,*,n,,0
-,-,s,,0
Since,since,s,NarrDurationNeutral,0
the,the,s,NarrDurationNeutral,1
late,late,s,NarrDurationNeutral,2
1990s,1990s,c,NarrOtherNeutral,0
",",",",s,,0
the,the,s,OtherOrphanedOther,0
Dutch,dutch,s,PubAdministrationNeutral,0
government,government,s,PubAdministrationNeutral,1
has,has,s,PosRelReceiveSupport,0
supported,supported,s,PosRelReceiveSupport,1
initiatives,initiatives,s,StratActsNeutral,0
to,to,s,OtherOrphanedOther,0
commemorate,commemorate,s,StratCoordinationNeutral,0
the,the,s,OtherOrphanedOther,0
Atlantic,atlantic,s,SpecialTopicsPlaceNeutral,0
slave,slave,s,SpecialTopicsMiscellanyNeutral,0
trade,trade,s,SpecialTopicsMiscellanyNeutral,1
and,and,s,OtherSyntacticComplexityOther,0
slavery,slavery,c,NegRelServility,0
.,.,s,,0
Monuments,monuments,s,NarrOtherNeutral,0
in,in,s,OtherOrphanedOther,0
Amsterdam,amsterdam,s,SpecialTopicsPlaceNeutral,0
and,and,s,OtherSyntacticComplexityOther,0
initiatives,initiatives,s,StratActsNeutral,0
by,by,s,OtherOrphanedOther,0
NiNsee,ninsee,s,,0
reflect,reflect,s,OtherOrphanedOther,0
a,a,s,OtherOrphanedOther,1
public,public,s,PubAdministrationNeutral,0
acknowledgment,acknowledgment,s,PubAdministrationNeutral,1
of,of,s,OtherSyntacticComplexityOther,0
the,the,s,OtherSyntacticComplexityOther,1
historical,historical,s,NarrOtherNeutral,0
atrocities,atrocities,s,NegActsAggressive,0
tied,tied,s,ExpoSpecificationNeutral,0
to,to,s,ExpoSpecificationNeutral,1
slavery,slavery,c,NegRelServility,0
.,.,s,,0
Public,public,s,CharTypesNeutral,0
figures,figures,c,CharTypesNeutral,1
",",",",s,,0
including,including,s,NarrActsNeutral,0
members,members,s,SpecialTopicsMiscellanyNeutral,0
of,of,s,OtherSyntacticComplexityOther,0
the,the,s,OtherSyntacticComplexityOther,1
royal,royal,s,SpecialTopicsMiscellanyNeutral,0
family,family,c,SpecialTopicsMiscellanyNeutral,1
",",",",s,,0
have,have,s,NarrActsNeutral,0
expressed,expressed,s,InterConversationNeg,0
remorse,remorse,c,InterConversationNeg,1
",",",",s,,0
although,although,s,MetadiscourseContrastNeutral,0
official,official,s,PubAdministrationNeutral,0
apologies,apologies,s,InterConversationNeg,0
have,have,s,NarrOtherNeutral,0
been,been,s,NarrOtherNeutral,1
inconsistent,inconsistent,c,NegEmotionsIdentifyGaps,0
.,.,n,,0
2,2,c,ExpoOtherNeutral,0
.,.,s,ExpoOtherNeutral,1
*,*,s,,0
*,*,s,,0
Financial,financial,s,SpecialTopicsMiscellanyNeutral,0
Assistance,assistance,s,SpecialTopicsMiscellanyNeutral,1
and,and,s,OtherSyntacticComplexityOther,0
Development,development,s,SpecialTopicsMiscellanyNeutral,0
Aid,aid,c,PosActsHelp,0
:,:,s,,0
*,*,s,,0
*,*,n,,0
-,-,s,,0
The,the,s,OtherOrphanedOther,0
decolonization,decolonization,s,DescriptChangeNeutral,0
of,of,s,OtherOrphanedOther,0
Suriname,suriname,s,SpecialTopicsPlaceNeutral,0
included,included,s,NarrActsNeutral,0
substantial,substantial,s,PosValuesAbundant,0
financial,financial,s,SpecialTopicsMiscellanyNeutral,0
aid,aid,s,SpecialTopicsMiscellanyNeutral,1
packages,packages,c,DescriptObjectsNeutral,0
",",",",s,ExpoExampleNeutral,0
such,such,s,ExpoExampleNeutral,1
as,as,s,ExpoExampleNeutral,2
the,the,s,OtherOrphanedOther,0
final,final,s,PosRelAgree,0
settlement,settlement,s,PosRelAgree,1
of,of,s,OtherOrphanedOther,0
over,over,s,OtherOrphanedOther,0
3.5,3.5,s,,0
billion,billion,s,ExpoOtherNeutral,0
guilders,guilders,c,CharTypesNeutral,0
",",",",s,OtherOrphanedOther,0
which,which,c,OtherOrphanedOther,1
",",",",s,,0
although,although,s,MetadiscourseContrastNeutral,0
framed,framed,s,OtherOrphanedOther,0
partly,partly,s,ConfidenceHedgedNeutral,0
as,as,s,OtherOrphanedOther,0
development,development,s,SpecialTopicsMiscellanyNeutral,0
assistance,assistance,c,SpecialTopicsMiscellanyNeutral,1
",",",",s,MetadiscourseOtherNeutral,0
also,also,s,MetadiscourseOtherNeutral,1
implicitly,implicitly,s,ExpoOtherNeutral,0
recognized,recognized,s,NegEmotionsIdentifyGaps,0
the,the,s,NegEmotionsIdentifyGaps,1
need,need,s,NegEmotionsIdentifyGaps,2
to,to,s,NegEmotionsIdentifyGaps,3
address,address,s,InterOtherNeutral,0
colonial,colonial,s,NarrOtherNeutral,0
legacies,legacies,c,NarrOtherNeutral,1
.,.,s,MetadiscourseContrastNeutral,0
However,however,c,MetadiscourseContrastNeutral,1
",",",",s,,0
the,the,s,OtherOrphanedOther,0
amounts,amounts,s,ExpoOtherNeutral,0
and,and,s,OtherSyntacticComplexityOther,0
conditions,conditions,s,ContingentRelationshipNeutral,0
of,of,s,ContingentRelationshipNeutral,1
aid,aid,s,PosActsHelp,0
were,were,s,NarrOtherNeutral,0
contentious,contentious,c,NegRelDefiant,0
",",",",s,,0
with,with,s,OtherOrphanedOther,0
criticisms,criticisms,s,NegValuesOther,0
that,that,s,OtherOrphanedOther,0
they,they,s,OtherOrphanedOther,0
mostly,mostly,s,ConfidenceHedgedNeutral,0
fostered,fostered,s,FacilitateEncourageNeg,0
dependency,dependency,s,FacilitateEncourageNeg,1
rather,rather,s,ExpoOtherNeutral,0
than,than,s,ExpoOtherNeutral,1
genuine,genuine,s,PosValuesGenuine,0
reparations,reparations,c,ResponsibilityAcceptNeg,0
.,.,n,,0
3,3,c,ExpoOtherNeutral,0
.,.,s,ExpoOtherNeutral,1
*,*,s,,0
*,*,s,,0
Continued,continued,s,PubCommunicationNeutral,0
Debates,debates,s,PubCommunicationNeutral,1
on,on,s,OtherOrphanedOther,0
Reparations,reparations,c,ResponsibilityAcceptNeg,0
:,:,s,,0
*,*,s,,0
*,*,n,,0
-,-,s,,0
Public,public,s,PubCommunicationNeutral,0
debates,debates,s,PubCommunicationNeutral,1
around,around,s,DescriptVisualNeutral,0
the,the,s,DescriptVisualNeutral,1
legacy,legacy,s,PubAdministrationNeutral,0
of,of,s,PubAdministrationNeutral,1
colonialism,colonialism,s,SpecialTopicsMiscellanyNeutral,0
and,and,s,OtherSyntacticComplexityOther,0
slavery,slavery,s,NegRelServility,0
are,are,s,NarrImmediacyNeutral,0
ongoing,ongoing,c,NarrImmediacyNeutral,1
",",",",s,,0
with,with,s,OtherOrphanedOther,0
increasing,increasing,s,DescriptChangeNeutral,0
calls,calls,s,DescriptChangeNeutral,1
for,for,s,OtherOrphanedOther,0
reparations,reparations,s,ResponsibilityAcceptNeg,0
and,and,s,OtherSyntacticComplexityOther,0
apologies,apologies,c,InterConversationNeg,0
.,.,s,,0
Figures,figures,s,OtherOrphanedOther,0
like,like,s,OtherOrphanedOther,0
Dutch,dutch,s,CharTypesNeutral,0
politicians,politicians,s,CharTypesNeutral,0
and,and,s,ForcefulEmphaticNeutral,0
even,even,s,ForcefulEmphaticNeutral,1
scholars,scholars,s,CharTypesNeutral,0
have,have,s,UpdatesOtherNeutral,0
engaged,engaged,s,UpdatesOtherNeutral,1
with,with,s,OtherOrphanedOther,0
these,these,s,OtherOrphanedOther,0
issues,issues,c,OtherOrphanedOther,0
",",",",s,MetadiscourseContrastNeutral,0
but,but,s,MetadiscourseContrastNeutral,1
there,there,s,MetadiscourseAdditionNeutral,0
remains,remains,s,NarrDurationNeutral,0
significant,significant,s,ForcefulSignificantNeutral,0
resistance,resistance,c,NegActsResist,0
",",",",s,,0
as,as,s,OtherOrphanedOther,0
reflected,reflected,s,OtherOrphanedOther,0
in,in,s,OtherOrphanedOther,1
public,public,s,SpecialTopicsMiscellanyNeutral,0
discourse,discourse,s,SpecialTopicsMiscellanyNeutral,1
and,and,s,OtherSyntacticComplexityOther,0
political,political,s,PubPoliticsNeutral,0
rhetoric,rhetoric,c,PubPoliticsNeutral,1
.,.,n,,0
The,the,s,OtherOrphanedOther,0
Dutch,dutch,s,CharTypesNeutral,0
government's,government's,s,PubAdministrationNeutral,0
actions,actions,s,NarrActsNeutral,0
thus,thus,s,ReasoningConcludeNeutral,0
reflect,reflect,s,OtherOrphanedOther,0
a,a,s,OtherOrphanedOther,1
mix,mix,s,DescriptMotionNeutral,0
of,of,s,OtherOrphanedOther,0
acknowledgment,acknowledgment,s,PosRelAcknowledgement,0
without,without,s,ForcefulEmphaticNeutral,0
full,full,s,SpecialTopicsMiscellanyNeutral,0
apologies,apologies,s,InterConversationNeg,0
or,or,s,OtherSyntacticComplexityOther,0
comprehensive,comprehensive,s,PosValuesOther,0
reparative,reparative,s,PosValuesJustice,0
justice,justice,c,PosValuesJustice,1
.,.,s,OtherSyntacticComplexityOther,0
There,there,s,OtherSyntacticComplexityOther,1
have,have,s,NarrOtherNeutral,0
been,been,s,NarrOtherNeutral,1
symbolic,symbolic,s,SpecialTopicsMiscellanyNeutral,0
gestures,gestures,s,SpecialTopicsMiscellanyNeutral,1
and,and,s,OtherSyntacticComplexityOther,0
some,some,s,ExpoOtherNeutral,0
financial,financial,s,SpecialTopicsMiscellanyNeutral,0
measures,measures,c,SpecialTopicsMiscellanyNeutral,1
",",",",s,MetadiscourseContrastNeutral,0
but,but,s,MetadiscourseContrastNeutral,1
these,these,s,OtherOrphanedOther,0
often,often,s,NarrDurationNeutral,0
have,have,s,NegActsResist,0
not,not,s,NegActsResist,1
matched,matched,s,NarrOtherNeutral,0
the,the,s,NarrOtherNeutral,1
demands,demands,s,PosRelOther,0
for,for,s,PosRelOther,1
genuine,genuine,s,PosValuesGenuine,0
reparations,reparations,s,ResponsibilityAcceptNeg,0
or,or,s,OtherSyntacticComplexityOther,0
fully,fully,s,ForcefulIntenseNeutral,0
addressed,addressed,s,InterOtherNeutral,0
the,the,s,InterOtherNeutral,1
violence,violence,s,NegActsViolence,0
of,of,s,OtherOrphanedOther,0
colonial,colonial,s,SpecialTopicsMiscellanyNeutral,0
systems,systems,c,SpecialTopicsMiscellanyNeutral,1
.,.,s,,0
The,the,s,OtherOrphanedOther,0
process,process,s,SpecialTopicsMiscellanyNeutral,0
remains,remains,s,NarrDurationNeutral,0
contentious,contentious,s,NegRelDefiant,0
and,and,s,OtherSyntacticComplexityOther,0
unresolved,unresolved,s,UncertaintyUnresolvedNeg,0
in,in,s,OtherSyntacticComplexityOther,0
many,many,s,OtherSyntacticComplexityOther,1
aspects,aspects,c,SpecialTopicsMiscellanyNeutral,0
.,.,n,,0
Sources,sources,s,SpecialTopicsMiscellanyNeutral,0
used,used,c,NarrActsNeutral,0
:,:,n,,0
-,-,s,,0
Benton,benton,c,CharNamesNeutral,0
",",",",s,,0
G,g,c,OtherOrphanedOther,0
.,.,s,OtherOrphanedOther,1
(,(,c,OtherOrphanedOther,0
2022,2022,c,CitationReferenceNeutral,0
),),c,CitationReferenceNeutral,1
.,.,s,,0
Chinese,chinese,s,CharTypesNeutral,0
Indentured,indentured,s,PubLawNeutral,0
Labour,labour,s,,0
in,in,s,OtherOrphanedOther,0
the,the,s,OtherOrphanedOther,0
Dutch,dutch,s,CharTypesNeutral,0
East,east,s,SpecialTopicsPlaceNeutral,0
Indies,indies,c,SpecialTopicsPlaceNeutral,1
.,.,s,,0
txt,txt,n,,0
-,-,s,,0
Buddingh,buddingh,c,,0
’,',c,,0
",",",",s,,0
H,h,c,OtherOrphanedOther,0
.,.,s,OtherOrphanedOther,1
(,(,c,CitationReferenceNeutral,0
1995,1995,c,CitationReferenceNeutral,1
),),c,CitationReferenceNeutral,2
.,.,s,,0
A,a,s,OtherOrphanedOther,0
history,history,s,NarrOtherNeutral,0
of,of,s,NarrOtherNeutral,1
Suriname,suriname,c,SpecialTopicsPlaceNeutral,0
.,.,s,,0
txt,txt,n,,0
-,-,s,,0
Goslinga,goslinga,c,,0
",",",",s,,0
C,c,c,OtherOrphanedOther,0
.,.,s,OtherOrphanedOther,1
C,c,c,OtherOrphanedOther,0
.,.,s,OtherOrphanedOther,1
(,(,c,CitationReferenceNeutral,0
2012,2012,c,CitationReferenceNeutral,1
),),c,CitationReferenceNeutral,2
.,.,s,,0
A,a,s,OtherOrphanedOther,0
short,short,s,NarrOtherNeutral,0
history,history,s,NarrOtherNeutral,1
of,of,s,OtherSyntacticComplexityOther,0
the,the,s,OtherSyntacticComplexityOther,1
Netherlands,netherlands,s,SpecialTopicsPlaceNeutral,0
Antilles,antilles,s,,0
and,and,s,OtherSyntacticComplexityOther,0
Surinam,surinam,c,,0
.,.,s,,0
txt,txt,n,,0
-,-,s,,0
Hoefte,hoefte,c,,0
",",",",s,,0
R,r,c,OtherOrphanedOther,0
.,.,s,OtherOrphanedOther,1
(,(,c,CitationReferenceNeutral,0
2013,2013,c,CitationReferenceNeutral,1
),),c,CitationReferenceNeutral,2
.,.,s,,0
Suriname,suriname,s,SpecialTopicsPlaceNeutral,0
in,in,s,OtherOrphanedOther,0
the,the,s,OtherOrphanedOther,0
long,long,s,DescriptVisualNeutral,0
twentieth,twentieth,s,NarrDurationNeutral,0
century,century,c,NarrDurationNeutral,1
:,:,s,,0
domination,domination,c,StratCompetitionNeutral,0
",",",",s,,0
contestation,contestation,c,StratCompetitionNeutral,0
",",",",s,,0
globalization,globalization,c,SpecialTopicsMiscellanyNeutral,0
.,.,s,,0
txt,txt,n,,0
-,-,s,,0
Hoonhout,hoonhout,c,,0
",",",",s,,0
B,b,c,OtherOrphanedOther,0
.,.,s,OtherOrphanedOther,1
(,(,c,OtherOrphanedOther,0
2020,2020,c,NarrDurationNeutral,0
),),c,OtherOrphanedOther,0
.,.,s,,0
Borderless,borderless,s,,0
empire,empire,c,PubAdministrationNeutral,0
.,.,s,,0
txt,txt,n,,0
-,-,s,,0
Hyles,hyles,c,,0
",",",",s,,0
J,j,c,OtherOrphanedOther,0
.,.,s,OtherOrphanedOther,1
R,r,c,OtherOrphanedOther,0
.,.,s,OtherOrphanedOther,1
(,(,c,CitationReferenceNeutral,0
2013,2013,c,CitationReferenceNeutral,1
),),c,CitationReferenceNeutral,2
.,.,s,,0
Guiana,guiana,s,SpecialTopicsPlaceNeutral,0
and,and,s,OtherSyntacticComplexityOther,0
the,the,s,OtherSyntacticComplexityOther,1
Shadows,shadows,s,DescriptVisualNeutral,0
of,of,s,OtherOrphanedOther,0
Empire,empire,c,PubAdministrationNeutral,0
.,.,s,,0
txt,txt,n,,0
-,-,s,,0
Klooster,klooster,c,,0
",",",",s,,0
W,w,c,OtherOrphanedOther,0
.,.,s,OtherOrphanedOther,1
(,(,c,CitationReferenceNeutral,0
2009,2009,c,CitationReferenceNeutral,1
),),c,CitationReferenceNeutral,2
.,.,s,,0
Migration,migration,c,NarrSceneShiftNeutral,0
",",",",s,,0
trade,trade,c,SpecialTopicsMiscellanyNeutral,0
",",",",s,,0
and,and,s,OtherSyntacticComplexityOther,0
slavery,slavery,s,NegRelServility,0
in,in,s,OtherOrphanedOther,0
an,an,s,OtherOrphanedOther,0
expanding,expanding,s,DescriptChangePos,0
world,world,c,DescriptChangePos,1
.,.,s,,0
txt,txt,n,,0
-,-,s,,0
Klooster,klooster,c,,0
",",",",s,,0
W,w,c,OtherOrphanedOther,0
.,.,s,OtherOrphanedOther,1
(,(,c,OtherOrphanedOther,0
2016,2016,c,CitationReferenceNeutral,0
),),c,CitationReferenceNeutral,1
.,.,s,,0
The,the,s,OtherOrphanedOther,0
Dutch,dutch,s,CharTypesNeutral,0
moment,moment,c,NarrDurationNeutral,0
:,:,s,InterCommandNeutral,0
war,war,c,InterCommandNeutral,1
",",",",s,,0
trade,trade,c,SpecialTopicsMiscellanyNeutral,0
",",",",s,,0
and,and,s,OtherSyntacticComplexityOther,0
settlement,settlement,s,PosRelAgree,0
in,in,s,NarrDurationNeutral,0
the,the,s,NarrDurationNeutral,1
Seventeenth-Century,seventeenth-century,s,NarrDurationNeutral,2
Atlantic,atlantic,s,SpecialTopicsPlaceNeutral,0
World,world,c,SpecialTopicsPlaceNeutral,0
.,.,s,,0
txt,txt,n,,0
-,-,s,,0
Kuipers,kuipers,c,,0
",",",",s,,0
M,m,c,OtherOrphanedOther,0
.,.,s,OtherOrphanedOther,1
(,(,c,OtherOrphanedOther,0
2022,2022,c,CitationReferenceNeutral,0
),),c,CitationReferenceNeutral,1
.,.,s,,0
A,a,s,OtherOrphanedOther,0
Metropolitan,metropolitan,s,NarrOtherNeutral,0
History,history,s,NarrOtherNeutral,1
of,of,s,OtherSyntacticComplexityOther,0
the,the,s,OtherSyntacticComplexityOther,1
Dutch,dutch,s,SpecialTopicsMiscellanyNeutral,0
Empire,empire,c,SpecialTopicsMiscellanyNeutral,1
.,.,s,,0
txt,txt,n,,0
-,-,s,,0
Kuitenbrouwer,kuitenbrouwer,c,,0
",",",",s,,0
M,m,c,OtherOrphanedOther,0
.,.,s,OtherOrphanedOther,1
(,(,c,CitationReferenceNeutral,0
2013,2013,c,CitationReferenceNeutral,1
),),c,CitationReferenceNeutral,2
.,.,s,,0
Dutch,dutch,s,SpecialTopicsMiscellanyNeutral,0
scholarship,scholarship,s,SpecialTopicsMiscellanyNeutral,1
in,in,s,NarrDurationNeutral,0
the,the,s,NarrDurationNeutral,1
age,age,s,NarrDurationNeutral,2
of,of,s,NarrDurationNeutral,3
empire,empire,s,PubAdministrationNeutral,0
and,and,s,OtherSyntacticComplexityOther,0
beyond,beyond,c,OtherOrphanedOther,0
.,.,s,,0
txt,txt,n,,0
-,-,s,,0
Oostindie,oostindie,c,,0
",",",",s,,0
G,g,c,OtherOrphanedOther,0
.,.,c,OtherOrphanedOther,1
",",",",s,,0
&,&,s,,0
Klinkers,klinkers,c,,0
",",",",s,,0
I,i,c,OtherOrphanedOther,0
.,.,s,OtherOrphanedOther,1
(,(,c,CitationReferenceNeutral,0
2003,2003,c,CitationReferenceNeutral,1
),),c,CitationReferenceNeutral,2
.,.,s,,0
Decolonising,decolonising,s,,0
the,the,s,OtherOrphanedOther,0
Caribbean,caribbean,c,SpecialTopicsPlaceNeutral,0
.,.,s,,0
txt,txt,n,,0
-,-,s,,0
Snelders,snelders,c,,0
",",",",s,,0
S,s,c,OtherOrphanedOther,0
.,.,s,OtherOrphanedOther,1
(,(,c,OtherOrphanedOther,0
2017,2017,c,CitationReferenceNeutral,0
),),c,CitationReferenceNeutral,1
.,.,s,,0
Leprosy,leprosy,s,SpecialTopicsMiscellanyNeutral,0
and,and,s,OtherSyntacticComplexityOther,0
colonialism,colonialism,c,SpecialTopicsMiscellanyNeutral,0
:,:,s,,0
Suriname,suriname,s,SpecialTopicsPlaceNeutral,0
under,under,s,OtherOrphanedOther,0
Dutch,dutch,s,PubAdministrationNeutral,0
rule,rule,c,PubAdministrationNeutral,1
.,.,s,,0
txt,txt,n,,0
The,the,s,OtherOrphanedOther,0
demand,demand,s,PosRelOther,0
for,for,s,PosRelOther,1
reparations,reparations,s,ResponsibilityAcceptNeg,0
from,from,s,OtherOrphanedOther,0
the,the,s,OtherOrphanedOther,0
indentured,indentured,s,PubLawNeutral,0
community,community,s,SpecialTopicsMiscellanyNeutral,0
is,is,s,OtherOrphanedOther,0
deeply,deeply,s,DescriptVisualNeutral,0
embedded,embedded,s,DescriptVisualNeutral,1
in,in,s,DescriptVisualNeutral,2
the,the,s,OtherOrphanedOther,0
larger,larger,s,ExpoComparisonNeutral,0
narrative,narrative,s,SpecialTopicsMiscellanyNeutral,0
of,of,s,OtherOrphanedOther,0
historical,historical,s,NegValuesInjustice,0
injustices,injustices,s,NegValuesInjustice,1
and,and,s,OtherSyntacticComplexityOther,0
the,the,s,OtherSyntacticComplexityOther,1
acknowledgment,acknowledgment,s,PosRelAcknowledgement,0
of,of,s,OtherOrphanedOther,0
suffering,suffering,s,NegEmotionsSuffer,0
endured,endured,s,CharTraitsNeutral,0
by,by,s,OtherOrphanedOther,0
these,these,s,OtherOrphanedOther,0
laborers,laborers,c,CharTypesNeutral,0
.,.,s,,0
The,the,s,OtherOrphanedOther,0
context,context,s,ContingentEventNeutral,0
you’ve,you’ve,s,,0
provided,provided,s,FacilitateSponsorNeutral,0
offers,offers,s,FacilitateSponsorNeutral,0
an,an,s,FacilitateSponsorNeutral,1
array,array,s,ExpoOtherNeutral,0
of,of,s,ExpoOtherNeutral,1
insights,insights,s,,0
into,into,s,DescriptChangeNeutral,0
the,the,s,DescriptChangeNeutral,1
complex,complex,s,SpecialTopicsMiscellanyNeutral,0
nature,nature,s,SpecialTopicsMiscellanyNeutral,0
of,of,s,OtherOrphanedOther,0
indenture,indenture,c,PubLawNeutral,0
",",",",s,SpecialTopicsMiscellanyNeutral,0
its,its,s,SpecialTopicsMiscellanyNeutral,1
systemic,systemic,s,SpecialTopicsMiscellanyNeutral,0
abuses,abuses,c,NegActsAggressive,0
",",",",s,,0
and,and,s,OtherSyntacticComplexityOther,0
the,the,s,OtherSyntacticComplexityOther,1
multifaceted,multifaceted,s,SpecialTopicsMiscellanyNeutral,0
responses,responses,s,InterResponseNeutral,0
from,from,s,OtherOrphanedOther,0
individuals,individuals,s,CharTypesNeutral,0
and,and,s,OtherSyntacticComplexityOther,0
communities,communities,s,SpecialTopicsMiscellanyNeutral,0
affected,affected,s,CharSubjectivityNeutral,0
by,by,s,CharSubjectivityNeutral,1
it,it,c,,0
.,.,s,,0
Here’s,here’s,s,UpdatesOtherNeutral,0
an,an,s,UpdatesOtherNeutral,1
account,account,s,SpecialTopicsMiscellanyNeutral,0
based,based,s,ReasoningPremiseNeutral,0
on,on,s,ReasoningPremiseNeutral,1
individual,individual,s,CharTypesNeutral,0
and,and,s,OtherSyntacticComplexityOther,0
collective,collective,s,StratCoordinationNeutral,0
narratives,narratives,s,StratCoordinationNeutral,1
from,from,s,OtherOrphanedOther,0
the,the,s,OtherOrphanedOther,0
indentured,indentured,s,PubLawNeutral,0
communities,communities,c,SpecialTopicsMiscellanyNeutral,0
",",",",s,,0
as,as,s,CitationAuthoritativePos,0
detailed,detailed,s,CitationAuthoritativePos,1
in,in,s,CitationAuthoritativePos,2
the,the,s,OtherOrphanedOther,0
context,context,c,ContingentEventNeutral,0
:,:,n,,0
#,#,s,,0
#,#,s,,0
#,#,c,,0
,,c,,0
#,#,s,,0
#,#,s,,0
#,#,s,,0
Historical,historical,s,NarrOtherNeutral,0
Context,context,s,ContingentEventNeutral,0
and,and,s,OtherSyntacticComplexityOther,0
Demands,demands,s,PosRelOther,0
for,for,s,PosRelOther,1
Reparations,reparations,n,ResponsibilityAcceptNeg,0
1,1,c,ExpoOtherNeutral,0
.,.,s,ExpoOtherNeutral,1
*,*,s,,0
*,*,s,,0
Indentured,indentured,s,PubLawNeutral,0
Labor,labor,s,SpecialTopicsMiscellanyNeutral,0
as,as,s,OtherOrphanedOther,0
',',s,,0
New,new,s,SpecialTopicsMiscellanyNeutral,0
Slavery,slavery,s,SpecialTopicsMiscellanyNeutral,1
',',c,,0
:,:,s,,0
*,*,s,,0
*,*,s,,0
The,the,s,OtherOrphanedOther,0
indenture,indenture,s,SpecialTopicsMiscellanyNeutral,0
system,system,s,SpecialTopicsMiscellanyNeutral,1
is,is,s,ExpoComparisonNeutral,0
compared,compared,s,ExpoComparisonNeutral,1
to,to,s,ExpoComparisonNeutral,2
slavery,slavery,c,NegRelServility,0
",",",",s,,0
with,with,s,DescriptVisualNeutral,0
its,its,s,DescriptVisualNeutral,1
elements,elements,s,SpecialTopicsMiscellanyNeutral,0
of,of,s,SpecialTopicsMiscellanyNeutral,1
coercion,coercion,c,NegActsCoercive,0
",",",",s,,0
exploitation,exploitation,c,NegActsAggressive,0
",",",",s,,0
and,and,s,OtherSyntacticComplexityOther,0
severe,severe,s,NegActsResist,0
restrictions,restrictions,s,NegActsResist,1
on,on,s,NegActsResist,2
personal,personal,s,CharSubjectivityNeutral,0
freedoms,freedoms,c,PosValuesFreedom,0
.,.,s,,0
This,this,s,OtherOrphanedOther,0
comparison,comparison,s,ExpoComparisonNeutral,0
forms,forms,s,ReasoningPremiseNeutral,0
the,the,s,ReasoningPremiseNeutral,1
basis,basis,s,ReasoningPremiseNeutral,2
of,of,s,ReasoningPremiseNeutral,3
the,the,s,OtherOrphanedOther,0
call,call,s,StratActsNeutral,0
for,for,s,StratActsNeutral,1
reparations,reparations,c,ResponsibilityAcceptNeg,0
",",",",s,,0
as,as,s,OtherSyntacticComplexityOther,0
it,it,s,OtherSyntacticComplexityOther,1
recognizes,recognizes,s,PosRelOther,0
the,the,s,PosRelOther,1
historical,historical,s,NegValuesWrong,0
wrongs,wrongs,s,NegValuesWrong,1
akin,akin,s,ExpoComparisonNeutral,0
to,to,s,ExpoComparisonNeutral,1
slavery,slavery,s,NegRelServility,0
that,that,s,OtherOrphanedOther,0
need,need,s,StratDirectAppealNeutral,0
to,to,s,StratDirectAppealNeutral,1
be,be,s,StratDirectAppealNeutral,2
addressed,addressed,c,StratDirectAppealNeutral,3
.,.,s,,0
This,this,s,CitationAuthoritativePos,0
view,view,s,CitationAuthoritativePos,1
argues,argues,s,CitationControversyNeutral,0
that,that,c,CitationControversyNeutral,1
",",",",s,,0
much,much,s,DescriptVisualNeutral,0
like,like,s,DescriptVisualNeutral,1
the,the,s,DescriptVisualNeutral,2
descendants,descendants,s,UncertaintyIndefiniteNeutral,0
of,of,s,OtherOrphanedOther,0
African,african,s,CharTypesNeutral,0
slaves,slaves,c,CharTypesNeg,0
",",",",s,,0
the,the,s,NarrTimeShiftNeutral,0
descendants,descendants,s,NarrTimeShiftNeutral,1
of,of,s,NarrTimeShiftNeutral,2
indentured,indentured,s,PubLawNeutral,0
laborers,laborers,s,CharTypesNeutral,0
are,are,s,OtherOrphanedOther,0
owed,owed,s,OtherOrphanedOther,0
reparations,reparations,s,PubAdministrationNeutral,0
for,for,s,PubAdministrationNeutral,1
the,the,s,OtherOrphanedOther,0
systemic,systemic,s,SpecialTopicsMiscellanyNeutral,0
exploitation,exploitation,s,NegActsAggressive,0
and,and,s,OtherSyntacticComplexityOther,0
degradation,degradation,s,DescriptChangeNeg,0
faced,faced,s,DescriptVisualNeutral,0
by,by,s,OtherOrphanedOther,0
their,their,s,NarrOtherNeutral,0
ancestors,ancestors,c,NarrOtherNeutral,1
.,.,n,,0
2,2,c,ExpoOtherNeutral,0
.,.,s,ExpoOtherNeutral,1
*,*,s,,0
*,*,s,,0
Testimonios,testimonios,s,,0
and,and,s,OtherSyntacticComplexityOther,0
Oral,oral,s,DescriptVisualNeutral,0
Narratives,narratives,c,SpecialTopicsMiscellanyNeutral,0
:,:,s,,0
*,*,s,,0
*,*,s,,0
Testimonios,testimonios,c,,0
",",",",s,ExpoExampleNeutral,0
such,such,s,ExpoExampleNeutral,1
as,as,s,ExpoExampleNeutral,2
those,those,s,OtherOrphanedOther,0
from,from,s,OtherOrphanedOther,0
laborers,laborers,s,CharTypesNeutral,0
like,like,s,OtherOrphanedOther,0
Sanadhya,sanadhya,s,,0
and,and,s,OtherSyntacticComplexityOther,0
individuals,individuals,s,CharTypesNeutral,0
involved,involved,s,NarrActsNeutral,0
in,in,s,NarrActsNeutral,1
testifying,testifying,s,PubCommunicationNeutral,0
about,about,s,OtherOrphanedOther,0
their,their,s,NarrBiographyNeutral,0
experiences,experiences,c,NarrBiographyNeutral,1
",",",",s,,0
provide,provide,s,FacilitateSponsorNeutral,0
a,a,s,FacilitateSponsorNeutral,1
poignant,poignant,s,NegEmotionsSadness,0
picture,picture,s,DescriptVisualNeutral,0
of,of,s,DescriptVisualNeutral,1
indenture,indenture,s,PubLawNeutral,0
life,life,c,NarrBiographyNeutral,0
",",",",s,,0
documenting,documenting,s,StratCognitionNeutral,0
the,the,s,StratCognitionNeutral,1
abuses,abuses,s,StratCognitionNeutral,2
faced,faced,s,DescriptVisualNeutral,0
and,and,s,OtherSyntacticComplexityOther,0
forming,forming,s,OtherOrphanedOther,0
a,a,s,OtherOrphanedOther,1
part,part,s,OtherOrphanedOther,2
of,of,s,OtherOrphanedOther,3
the,the,s,StratCoordinationPos,0
collective,collective,s,StratCoordinationPos,1
memory,memory,s,InterCommandNeutral,0
demanding,demanding,s,InterCommandNeutral,1
acknowledgment,acknowledgment,s,PosRelAcknowledgement,0
and,and,s,OtherSyntacticComplexityOther,0
reparations,reparations,c,ResponsibilityAcceptNeg,0
.,.,s,,0
These,these,s,OtherOrphanedOther,0
narratives,narratives,s,SpecialTopicsMiscellanyNeutral,0
highlight,highlight,s,SpecialTopicsMiscellanyNeutral,0
personal,personal,s,CharSubjectivityNeutral,0
grievances,grievances,s,NegActsPlaintive,0
and,and,s,OtherSyntacticComplexityOther,0
the,the,s,OtherSyntacticComplexityOther,1
psychological,psychological,s,SpecialTopicsMiscellanyNeutral,0
scars,scars,s,NegActsInjure,0
left,left,s,SpecialTopicsMiscellanyNeutral,0
by,by,s,OtherOrphanedOther,0
indenture,indenture,c,PubLawNeutral,0
",",",",s,,0
making,making,s,NarrActsNeutral,0
a,a,s,PosValuesCompelling,0
compelling,compelling,s,PosValuesCompelling,1
argument,argument,s,PosValuesCompelling,2
for,for,s,OtherOrphanedOther,0
reparations,reparations,s,ResponsibilityAcceptNeg,0
as,as,s,ReasoningOtherNeutral,0
a,a,s,ReasoningOtherNeutral,1
form,form,s,ReasoningOtherNeutral,2
of,of,s,ReasoningOtherNeutral,3
restorative,restorative,s,PosValuesJustice,0
justice,justice,c,PosValuesJustice,1
.,.,n,,0
3,3,c,ExpoOtherNeutral,0
.,.,s,ExpoOtherNeutral,1
*,*,s,,0
*,*,s,,0
Socio-Economic,socio-economic,s,PubAdministrationNeutral,0
Impact,impact,s,StratCoordinationNeutral,0
and,and,s,OtherSyntacticComplexityOther,0
Cultural,cultural,s,SpecialTopicsMiscellanyNeutral,0
Displacement,displacement,c,NegEmotionsOther,0
:,:,s,,0
*,*,s,,0
*,*,s,,0
The,the,s,NegEmotionsOther,0
fragmentation,fragmentation,s,NegEmotionsOther,1
of,of,s,OtherOrphanedOther,0
traditional,traditional,s,NarrOtherNeutral,0
cultural,cultural,s,SpecialTopicsMiscellanyNeutral,0
practices,practices,c,OtherOrphanedGenericActivity,0
",",",",s,,0
familial,familial,s,NarrOtherNeutral,0
structures,structures,c,SpecialTopicsMiscellanyNeutral,0
",",",",s,,0
and,and,s,OtherSyntacticComplexityOther,0
socio-economic,socio-economic,s,NegValuesInstability,0
instability,instability,c,NegValuesInstability,1
",",",",s,,0
as,as,s,OtherOrphanedOther,0
documented,documented,s,StratCognitionNeutral,0
in,in,s,OtherOrphanedOther,0
these,these,s,OtherOrphanedOther,0
narratives,narratives,c,SpecialTopicsMiscellanyNeutral,0
",",",",s,,0
underscores,underscores,s,ForcefulEmphaticNeutral,0
the,the,s,ForcefulEmphaticNeutral,1
long-term,long-term,s,FutureOtherNeutral,0
impact,impact,s,ForcefulEmphaticNeutral,0
of,of,s,ForcefulEmphaticNeutral,1
indenture,indenture,c,PubLawNeutral,0
.,.,s,,0
This,this,s,OtherOrphanedOther,0
cultural,cultural,s,SpecialTopicsMiscellanyNeutral,0
dislocation,dislocation,s,NegActsInjure,0
and,and,s,OtherSyntacticComplexityOther,0
socio-economic,socio-economic,s,PubAdministrationNeutral,0
marginalization,marginalization,s,NegRelOther,0
have,have,s,NarrActsNeutral,0
fueled,fueled,s,ForcefulEnergizedNeutral,0
demands,demands,s,PosRelOther,0
for,for,s,PosRelOther,1
reparations,reparations,s,ResponsibilityAcceptNeg,0
aimed,aimed,s,StratCognitionNeutral,0
at,at,s,StratCognitionNeutral,1
providing,providing,s,FacilitateSponsorNeutral,0
financial,financial,s,DescriptChangePos,0
restitution,restitution,s,DescriptChangePos,1
and,and,s,OtherSyntacticComplexityOther,0
cultural,cultural,s,SpecialTopicsMiscellanyNeutral,0
rehabilitation,rehabilitation,s,DescriptChangePos,0
for,for,s,OtherOrphanedOther,0
descendant,descendant,s,UncertaintyIndefiniteNeutral,0
communities,communities,c,SpecialTopicsMiscellanyNeutral,0
.,.,n,,0
4,4,c,ExpoOtherNeutral,0
.,.,s,ExpoOtherNeutral,1
*,*,s,,0
*,*,s,,0
Resistance,resistance,s,NegActsResist,0
to,to,s,OtherOrphanedOther,0
Indenture,indenture,s,PubLawNeutral,0
and,and,s,OtherSyntacticComplexityOther,0
Calls,calls,s,StratActsNeutral,0
for,for,s,StratActsNeutral,1
Redress,redress,c,DescriptChangePos,0
:,:,s,,0
*,*,s,,0
*,*,s,,0
The,the,s,OtherOrphanedOther,0
context,context,s,ContingentEventNeutral,0
reveals,reveals,s,InquiryDiscoveryNeutral,0
numerous,numerous,s,ExpoExampleNeutral,0
instances,instances,s,ExpoExampleNeutral,1
of,of,s,OtherOrphanedOther,0
passive,passive,s,CharTypesNeutral,0
and,and,s,OtherSyntacticComplexityOther,0
active,active,s,NegActsResist,0
resistance,resistance,s,NegActsResist,1
by,by,s,OtherOrphanedOther,0
indentured,indentured,s,PubLawNeutral,0
laborers,laborers,c,CharTypesNeutral,0
",",",",s,,0
from,from,s,OtherOrphanedOther,0
strikes,strikes,s,NegEmotionsOther,0
to,to,s,OtherOrphanedOther,0
personal,personal,s,StratDirectAppealNeutral,0
pleas,pleas,s,StratDirectAppealNeutral,1
for,for,s,OtherOrphanedOther,0
justice,justice,c,PosValuesJustice,0
.,.,s,,0
These,these,s,OtherOrphanedOther,0
acts,acts,s,NarrActsNeutral,0
underscore,underscore,s,ForcefulEmphaticNeutral,0
a,a,s,ForcefulEmphaticNeutral,1
historical,historical,s,NarrOtherNeutral,0
continuity,continuity,s,NarrOtherNeutral,1
of,of,s,OtherOrphanedOther,0
seeking,seeking,s,StratCognitionNeutral,0
redress,redress,c,DescriptChangePos,0
",",",",s,OtherOrphanedOther,0
which,which,s,OtherOrphanedOther,1
is,is,s,NarrImmediacyNeutral,0
now,now,s,NarrImmediacyNeutral,1
encapsulated,encapsulated,s,,0
in,in,s,OtherOrphanedOther,0
modern,modern,s,NarrOtherNeutral,0
demands,demands,s,PosRelOther,0
for,for,s,PosRelOther,1
reparations,reparations,c,ResponsibilityAcceptNeg,0
.,.,s,,0
The,the,s,OtherOrphanedOther,0
long-standing,long-standing,s,NarrOtherNeutral,0
pursuit,pursuit,s,StratCognitionNeutral,0
of,of,s,StratCognitionNeutral,1
justice,justice,s,PosValuesJustice,0
reflects,reflects,s,OtherOrphanedOther,0
a,a,s,OtherOrphanedOther,1
communal,communal,s,SpecialTopicsMiscellanyNeutral,0
expectation,expectation,s,SpecialTopicsMiscellanyNeutral,1
that,that,s,OtherOrphanedOther,0
their,their,s,CharNamesNeutral,0
suffering,suffering,s,NegEmotionsSuffer,0
be,be,s,OtherOrphanedOther,0
recognized,recognized,s,ConfidenceHighNeutral,0
through,through,s,OtherOrphanedOther,0
reparations,reparations,c,ResponsibilityAcceptNeg,0
.,.,n,,0
5,5,c,ExpoOtherNeutral,0
.,.,s,ExpoOtherNeutral,1
*,*,s,,0
*,*,s,,0
Analogies,analogies,s,ExpoComparisonNeutral,0
with,with,s,OtherOrphanedOther,0
Slave,slave,s,ResponsibilityAcceptNeg,0
Reparations,reparations,c,ResponsibilityAcceptNeg,1
:,:,s,,0
*,*,s,,0
*,*,s,,0
Historical,historical,s,ForcefulUnprecedentedNeutral,0
accounts,accounts,s,ForcefulUnprecedentedNeutral,1
from,from,s,OtherOrphanedOther,0
indentured,indentured,s,PubLawNeutral,0
laborers,laborers,s,CharTypesNeutral,0
cite,cite,s,CitationOtherNeutral,0
similarities,similarities,s,ExpoComparisonNeutral,0
with,with,s,ContingentRelationshipNeutral,0
the,the,s,ContingentRelationshipNeutral,1
conditions,conditions,s,ContingentRelationshipNeutral,2
of,of,s,OtherOrphanedOther,0
slavery,slavery,c,NegRelServility,0
",",",",s,ExpoExampleNeutral,0
such,such,s,ExpoExampleNeutral,1
as,as,s,ExpoExampleNeutral,2
the,the,s,OtherOrphanedOther,0
coercive,coercive,s,NegActsCoercive,0
nature,nature,s,SpecialTopicsMiscellanyNeutral,0
of,of,s,OtherOrphanedOther,0
contracts,contracts,s,NarrActsNeutral,0
and,and,s,OtherSyntacticComplexityOther,0
the,the,s,OtherSyntacticComplexityOther,1
punitive,punitive,s,PubLawNeg,0
measures,measures,s,SpecialTopicsMiscellanyNeutral,0
for,for,s,OtherOrphanedOther,0
labor,labor,s,NegActsViolate,0
violations,violations,c,NegActsViolate,1
.,.,s,,0
The,the,s,OtherOrphanedOther,0
persistent,persistent,s,CharTraitsNeutral,0
analogy,analogy,s,ExpoComparisonNeutral,0
between,between,s,OtherOrphanedOther,0
indenture,indenture,s,PubLawNeutral,0
and,and,s,OtherSyntacticComplexityOther,0
slavery,slavery,s,NegRelServility,0
in,in,s,OtherOrphanedOther,0
the,the,s,OtherOrphanedOther,0
narrative,narrative,s,SpecialTopicsMiscellanyNeutral,0
strengthens,strengthens,s,DescriptChangePos,0
the,the,s,OtherOrphanedOther,0
demands,demands,s,PosRelOther,0
for,for,s,PosRelOther,1
reparations,reparations,c,ResponsibilityAcceptNeg,0
",",",",s,,0
aligning,aligning,s,ExpoComparisonNeutral,0
it,it,s,,0
with,with,s,OtherOrphanedOther,0
global,global,s,SpecialTopicsMiscellanyNeutral,0
movements,movements,s,DescriptMotionNeutral,0
seeking,seeking,s,FutureOtherNeutral,0
compensation,compensation,s,FutureOtherNeutral,1
for,for,s,OtherOrphanedOther,0
descendants,descendants,s,UncertaintyIndefiniteNeutral,0
of,of,s,OtherOrphanedOther,0
enslaved,enslaved,s,NegActsAggressive,0
peoples,peoples,c,CharTypesNeutral,0
.,.,n,,0
6,6,c,ExpoOtherNeutral,0
.,.,s,ExpoOtherNeutral,1
*,*,s,,0
*,*,s,,0
Post-Colonial,post-colonial,s,SpecialTopicsMiscellanyNeutral,0
Studies,studies,s,SpecialTopicsMiscellanyNeutral,1
and,and,s,OtherSyntacticComplexityOther,0
Reparations,reparations,s,ResponsibilityAcceptNeg,0
Discourse,discourse,c,InterOtherNeutral,0
:,:,s,,0
*,*,s,,0
*,*,s,,0
Recent,recent,s,SpecialTopicsMiscellanyNeutral,0
discourses,discourses,s,SpecialTopicsMiscellanyNeutral,1
in,in,s,OtherOrphanedOther,0
post-colonial,post-colonial,s,SpecialTopicsMiscellanyNeutral,0
studies,studies,s,SpecialTopicsMiscellanyNeutral,1
have,have,s,NarrActsNeutral,0
amplified,amplified,s,DescriptChangeNeutral,0
calls,calls,s,StratActsNeutral,0
for,for,s,StratActsNeutral,1
reparations,reparations,c,ResponsibilityAcceptNeg,0
",",",",s,,0
noting,noting,s,CitationOtherNeutral,0
that,that,s,CitationOtherNeutral,1
while,while,s,NarrDurationNeutral,0
the,the,s,NarrDurationNeutral,1
indentured,indentured,s,PubLawNeutral,0
workers,workers,s,CharTypesNeutral,0
had,had,s,NarrOtherNeutral,0
',',s,,0
legal,legal,s,PubLawNeutral,0
',',s,,0
contracts,contracts,c,NarrActsNeutral,0
",",",",s,,0
the,the,s,ContingentRelationshipNeutral,0
conditions,conditions,s,ContingentRelationshipNeutral,1
they,they,s,OtherOrphanedOther,0
endured,endured,s,CharTraitsNeutral,0
were,were,s,NarrDurationNeutral,0
often,often,s,NarrDurationNeutral,1
dehumanizing,dehumanizing,s,NegRelDehumanize,0
and,and,s,OtherSyntacticComplexityOther,0
exceedingly,exceedingly,s,ForcefulIntenseNeutral,0
exploitative,exploitative,c,ForcefulIntenseNeutral,1
.,.,s,,0
This,this,s,OtherOrphanedOther,0
academic,academic,s,SpecialTopicsMiscellanyNeutral,0
acknowledgment,acknowledgment,s,PosRelAcknowledgement,0
encourages,encourages,s,FacilitateEncouragePos,0
a,a,s,OtherOrphanedOther,0
reevaluation,reevaluation,s,NarrDurationNeutral,0
of,of,s,OtherOrphanedOther,0
historical,historical,s,NarrOtherNeutral,0
narratives,narratives,c,SpecialTopicsMiscellanyNeutral,0
",",",",s,,0
pushing,pushing,s,StratActsNeutral,0
for,for,s,StratActsNeutral,1
reparations,reparations,s,ResponsibilityAcceptNeg,0
to,to,s,OtherOrphanedOther,0
address,address,s,InterOtherNeutral,0
historical,historical,s,NegValuesInjustice,0
injustices,injustices,c,NegValuesInjustice,1
.,.,n,,0
7,7,c,ExpoOtherNeutral,0
.,.,s,ExpoOtherNeutral,1
*,*,s,,0
*,*,s,,0
Modern,modern,s,NarrOtherNeutral,0
Advocacy,advocacy,s,StratActsNeutral,0
and,and,s,OtherSyntacticComplexityOther,0
Representation,representation,c,SpecialTopicsMiscellanyNeutral,0
:,:,s,,0
*,*,s,,0
*,*,s,,0
The,the,s,NarrTimeShiftNeutral,0
descendants,descendants,s,NarrTimeShiftNeutral,1
of,of,s,NarrTimeShiftNeutral,2
indentured,indentured,s,PubLawNeutral,0
laborers,laborers,s,CharTypesNeutral,0
continue,continue,s,NarrDurationNeutral,0
to,to,s,NarrDurationNeutral,1
advocate,advocate,s,StratDirectAppealNeutral,0
for,for,s,StratDirectAppealNeutral,1
reparations,reparations,s,ResponsibilityAcceptNeg,0
through,through,s,OtherOrphanedOther,0
various,various,s,SpecialTopicsMiscellanyNeutral,0
platforms,platforms,c,SpecialTopicsMiscellanyNeutral,0
",",",",s,,0
including,including,s,NarrActsNeutral,0
legal,legal,s,PubLawNeutral,0
and,and,s,OtherSyntacticComplexityOther,0
political,political,s,PubPoliticsNeutral,0
avenues,avenues,c,PubPoliticsNeutral,1
.,.,s,,0
Their,their,s,CharNamesNeutral,0
contemporary,contemporary,s,NarrSimultaneityNeutral,0
struggles,struggles,s,CharTraitsNeg,0
for,for,s,CharTraitsNeg,1
equal,equal,s,PosValuesEqual,0
rights,rights,s,PosValuesEqual,1
and,and,s,OtherSyntacticComplexityOther,0
socio-economic,socio-economic,s,SpecialTopicsMiscellanyNeutral,0
development,development,s,SpecialTopicsMiscellanyNeutral,1
in,in,s,OtherOrphanedOther,0
post-colonial,post-colonial,s,SpecialTopicsMiscellanyNeutral,0
societies,societies,s,PubAdministrationNeutral,0
form,form,s,OtherOrphanedOther,0
part,part,s,OtherOrphanedOther,1
of,of,s,OtherOrphanedOther,2
the,the,s,OtherOrphanedOther,0
broader,broader,s,ExpoComparisonNeutral,0
reparations,reparations,s,ResponsibilityAcceptNeg,0
discourse,discourse,c,InterOtherNeutral,0
",",",",s,,0
demanding,demanding,s,OtherOrphanedOther,0
historical,historical,s,ResponsibilityAcceptNeutral,0
accountability,accountability,s,ResponsibilityAcceptNeutral,1
and,and,s,OtherSyntacticComplexityOther,0
tangible,tangible,s,DescriptVisualNeutral,0
rectification,rectification,s,DescriptChangePos,0
measures,measures,c,SpecialTopicsMiscellanyNeutral,0
.,.,n,,0
In,in,s,MetadiscourseCuesNeutral,0
sum,sum,c,MetadiscourseCuesNeutral,1
",",",",s,,0
the,the,s,OtherOrphanedOther,0
demand,demand,s,PosRelOther,0
for,for,s,PosRelOther,1
reparations,reparations,s,ResponsibilityAcceptNeg,0
by,by,s,OtherOrphanedOther,0
the,the,s,OtherOrphanedOther,0
indentured,indentured,s,PubLawNeutral,0
community,community,s,SpecialTopicsMiscellanyNeutral,0
is,is,s,OtherOrphanedOther,0
deeply,deeply,s,ForcefulEmphaticNeutral,0
intertwined,intertwined,s,DescriptVisualNeutral,0
with,with,s,DescriptVisualNeutral,1
historical,historical,s,NarrOtherNeutral,0
narratives,narratives,s,SpecialTopicsMiscellanyNeutral,0
of,of,s,OtherOrphanedOther,0
exploitation,exploitation,c,NegActsAggressive,0
",",",",s,,0
systemic,systemic,s,NegValuesInjustice,0
injustice,injustice,c,NegValuesInjustice,1
",",",",s,,0
and,and,s,OtherSyntacticComplexityOther,0
the,the,s,OtherSyntacticComplexityOther,1
ongoing,ongoing,s,NarrImmediacyNeutral,0
socio-economic,socio-economic,s,PubAdministrationNeutral,0
struggles,struggles,s,,0
faced,faced,s,DescriptVisualNeutral,0
by,by,s,OtherOrphanedOther,0
descendants,descendants,c,UncertaintyIndefiniteNeutral,0
.,.,s,,0
These,these,s,OtherOrphanedOther,0
narratives,narratives,s,SpecialTopicsMiscellanyNeutral,0
collectively,collectively,s,PubAdministrationNeutral,0
argue,argue,s,CitationControversyNeutral,0
for,for,s,CitationControversyNeutral,1
reparations,reparations,s,ResponsibilityAcceptNeg,0
as,as,s,OtherOrphanedOther,0
a,a,s,OtherOrphanedOther,1
necessary,necessary,s,ExpoOtherNeutral,0
means,means,s,SpecialTopicsMiscellanyNeutral,0
of,of,s,SpecialTopicsMiscellanyNeutral,1
addressing,addressing,s,InterOtherNeutral,0
historical,historical,s,NegValuesWrong,0
wrongs,wrongs,s,NegValuesWrong,1
and,and,s,OtherSyntacticComplexityOther,0
ensuring,ensuring,s,ConfidenceHighNeutral,0
equity,equity,s,PubLawNeutral,0
and,and,s,OtherSyntacticComplexityOther,0
acknowledgement,acknowledgement,s,PosRelAcknowledgement,0
for,for,s,OtherOrphanedOther,0
the,the,s,OtherOrphanedOther,0
enduring,enduring,s,NarrOtherPos,0
legacy,legacy,s,NarrOtherPos,1
of,of,s,OtherOrphanedOther,0
indenture,indenture,c,PubLawNeutral,0
.,.,n,,0
Sources,sources,s,SpecialTopicsMiscellanyNeutral,0
used,used,c,NarrActsNeutral,0
:,:,n,,0
-,-,s,,0
Bates,bates,c,DescriptMotionNeutral,0
",",",",s,,0
C,c,c,OtherOrphanedOther,0
.,.,s,OtherOrphanedOther,1
(,(,c,OtherOrphanedOther,0
Ed,ed,c,SpecialTopicsMiscellanyNeutral,0
.,.,c,SpecialTopicsMiscellanyNeutral,1
),),c,OtherOrphanedOther,0
.,.,s,,0
(,(,c,OtherOrphanedOther,0
2024,2024,c,NarrDurationNeutral,0
),),c,OtherOrphanedOther,0
.,.,s,,0
Beyond,beyond,s,OtherOrphanedOther,0
Indenture,indenture,c,PubLawNeutral,0
.,.,s,,0
txt,txt,n,,0
-,-,s,,0
Benton,benton,c,CharNamesNeutral,0
",",",",s,,0
G,g,c,OtherOrphanedOther,0
.,.,s,OtherOrphanedOther,1
(,(,c,OtherOrphanedOther,0
2022,2022,c,CitationReferenceNeutral,0
),),c,CitationReferenceNeutral,1
.,.,s,,0
Chinese,chinese,s,CharTypesNeutral,0
Indentured,indentured,s,PubLawNeutral,0
Labour,labour,s,,0
in,in,s,OtherOrphanedOther,0
the,the,s,OtherOrphanedOther,0
Dutch,dutch,s,CharTypesNeutral,0
East,east,s,SpecialTopicsPlaceNeutral,0
Indies,indies,c,SpecialTopicsPlaceNeutral,1
.,.,s,,0
txt,txt,n,,0
-,-,s,,0
Harvard,harvard,s,PubLawNeutral,0
Law,law,s,PubLawNeutral,1
Review,review,s,InquiryExplorationNeutral,0
Association,association,c,,0
.,.,s,,0
(,(,c,OtherOrphanedOther,0
2021,2021,c,NarrDurationNeutral,0
),),c,OtherOrphanedOther,0
.,.,s,,0
The,the,s,OtherOrphanedOther,0
agreement,agreement,s,PosRelAgree,0
and,and,s,OtherSyntacticComplexityOther,0
the,the,s,OtherSyntacticComplexityOther,1
girmitiya,girmitiya,c,,0
.,.,s,,0
txt,txt,n,,0
-,-,s,,0
Hassankhan,hassankhan,c,,0
",",",",s,,0
M,m,c,OtherOrphanedOther,0
.,.,s,OtherOrphanedOther,1
S,s,c,OtherOrphanedOther,0
.,.,c,OtherOrphanedOther,1
",",",",s,,0
Roopnarine,roopnarine,c,,0
",",",",s,,0
L,l,c,OtherOrphanedOther,0
.,.,c,OtherOrphanedOther,1
",",",",s,,0
White,white,c,DescriptVisualNeutral,0
",",",",s,,0
C,c,c,OtherOrphanedOther,0
.,.,c,OtherOrphanedOther,1
",",",",s,,0
&,&,s,,0
Mahase,mahase,c,,0
",",",",s,,0
R,r,c,OtherOrphanedOther,0
.,.,s,OtherOrphanedOther,1
(,(,c,OtherOrphanedOther,0
Eds,eds,c,SpecialTopicsMiscellanyNeutral,0
.,.,c,,0
),),c,OtherOrphanedOther,0
.,.,s,,0
(,(,c,OtherOrphanedOther,0
2016,2016,c,CitationReferenceNeutral,0
),),c,CitationReferenceNeutral,1
.,.,s,,0
Legacy,legacy,s,PubAdministrationNeutral,0
of,of,s,PubAdministrationNeutral,1
Slavery,slavery,s,NegRelServility,0
and,and,s,OtherSyntacticComplexityOther,0
Indentured,indentured,s,PubLawNeutral,0
Labour,labour,c,,0
.,.,s,,0
txt,txt,n,,0
-,-,s,,0
Hay,hay,c,DescriptObjectsNeutral,0
",",",",s,,0
D,d,c,OtherOrphanedOther,0
.,.,c,OtherOrphanedOther,1
",",",",s,,0
&,&,s,,0
Craven,craven,c,NegActsCowardly,0
",",",",s,,0
P,p,c,OtherOrphanedOther,0
.,.,s,OtherOrphanedOther,1
(,(,c,OtherOrphanedOther,0
Eds,eds,c,SpecialTopicsMiscellanyNeutral,0
.,.,c,,0
),),c,OtherOrphanedOther,0
.,.,s,,0
(,(,c,CitationReferenceNeutral,0
2005,2005,c,CitationReferenceNeutral,1
),),c,CitationReferenceNeutral,2
.,.,s,,0
Masters,masters,c,PosValuesOther,0
",",",",s,,0
servants,servants,c,CharTypesNeutral,0
",",",",s,,0
and,and,s,OtherSyntacticComplexityOther,0
magistrates,magistrates,s,CharTypesNeutral,0
in,in,s,OtherOrphanedOther,0
Britain,britain,s,CharNamesNeutral,0
and,and,s,OtherSyntacticComplexityOther,0
the,the,s,OtherSyntacticComplexityOther,1
Empire,empire,c,PubAdministrationNeutral,0
.,.,s,,0
txt,txt,n,,0
-,-,s,,0
Hegde,hegde,c,,0
",",",",s,,0
R,r,c,OtherOrphanedOther,0
.,.,s,OtherOrphanedOther,1
S,s,c,OtherOrphanedOther,0
.,.,c,OtherOrphanedOther,1
",",",",s,,0
&,&,s,,0
Sahoo,sahoo,c,,0
",",",",s,,0
A,a,c,OtherOrphanedOther,0
.,.,s,OtherOrphanedOther,1
K,k,c,OtherOrphanedOther,0
.,.,s,OtherOrphanedOther,1
(,(,c,OtherOrphanedOther,0
Eds,eds,c,SpecialTopicsMiscellanyNeutral,0
.,.,c,,0
),),c,OtherOrphanedOther,0
.,.,s,,0
(,(,c,OtherOrphanedOther,0
2018,2018,c,CitationReferenceNeutral,0
),),c,CitationReferenceNeutral,1
.,.,s,,0
Routledge,routledge,s,CharNamesNeutral,0
handbook,handbook,s,PubAdministrationNeutral,0
of,of,s,PubAdministrationNeutral,1
the,the,s,CharTypesNeutral,0
Indian,indian,s,CharTypesNeutral,1
diaspora,diaspora,c,SpecialTopicsMiscellanyNeutral,0
.,.,s,,0
txt,txt,n,,0
-,-,s,,0
Khan,khan,c,CharTypesNeutral,0
",",",",s,,0
A,a,c,OtherOrphanedOther,0
.,.,s,OtherOrphanedOther,1
(,(,c,OtherOrphanedOther,0
2021,2021,c,NarrDurationNeutral,0
),),c,OtherOrphanedOther,0
.,.,s,,0
The,the,s,OtherOrphanedOther,0
Deepest,deepest,s,DescriptObjectsNeutral,0
Dye,dye,c,DescriptObjectsNeutral,1
:,:,s,,0
Obeah,obeah,c,SpecialTopicsMiscellanyNeutral,0
",",",",s,,0
Hosay,hosay,c,,0
",",",",s,,0
and,and,s,OtherSyntacticComplexityOther,0
Race,race,s,DescriptMotionNeutral,0
in,in,s,DescriptVisualNeutral,0
the,the,s,DescriptVisualNeutral,1
Atlantic,atlantic,s,DescriptVisualNeutral,2
World,world,c,SpecialTopicsPlaceNeutral,0
.,.,s,,0
txt,txt,n,,0
-,-,s,,0
Kumar,kumar,c,CharNamesNeutral,0
",",",",s,,0
A,a,c,OtherOrphanedOther,0
.,.,c,OtherOrphanedOther,1
",",",",s,,0
&,&,s,,0
Bates,bates,c,DescriptMotionNeutral,0
",",",",s,,0
C,c,c,OtherOrphanedOther,0
.,.,s,OtherOrphanedOther,1
(,(,c,OtherOrphanedOther,0
Eds,eds,c,SpecialTopicsMiscellanyNeutral,0
.,.,c,,0
),),c,OtherOrphanedOther,0
.,.,s,,0
(,(,c,OtherOrphanedOther,0
2024,2024,c,NarrDurationNeutral,0
),),c,OtherOrphanedOther,0
.,.,s,,0
Girmitiyas,girmitiyas,s,,0
and,and,s,OtherSyntacticComplexityOther,0
the,the,s,OtherSyntacticComplexityOther,1
Global,global,s,SpecialTopicsMiscellanyNeutral,0
Indian,indian,s,CharTypesNeutral,0
Diaspora,diaspora,c,SpecialTopicsMiscellanyNeutral,0
:,:,s,,0
Origins,origins,c,NarrSequenceNeutral,0
",",",",s,,0
Memories,memories,c,CharMentalStatesNeutral,0
",",",",s,,0
and,and,s,OtherSyntacticComplexityOther,0
Identity,identity,c,SpecialTopicsMiscellanyNeutral,0
.,.,s,,0
txt,txt,n,,0
-,-,s,,0
Lai,lai,c,CharNamesNeutral,0
",",",",s,,0
W,w,c,OtherOrphanedOther,0
.,.,s,OtherOrphanedOther,1
L,l,c,OtherOrphanedOther,0
.,.,s,OtherOrphanedOther,1
(,(,c,CitationReferenceNeutral,0
1998,1998,c,CitationReferenceNeutral,1
),),c,CitationReferenceNeutral,2
.,.,s,,0
The,the,s,OtherOrphanedOther,0
Chinese,chinese,s,CharTypesNeutral,0
in,in,s,DescriptVisualNeutral,0
the,the,s,DescriptVisualNeutral,1
West,west,s,DescriptVisualNeutral,2
Indies,indies,c,SpecialTopicsMiscellanyNeutral,0
.,.,s,,0
txt,txt,n,,0
-,-,s,,0
Lal,lal,c,CharNamesNeutral,0
",",",",s,,0
B,b,c,OtherOrphanedOther,0
.,.,s,OtherOrphanedOther,1
V,v,c,OtherOrphanedOther,0
.,.,c,OtherOrphanedOther,1
",",",",s,,0
Munro,munro,c,CharNamesNeutral,0
",",",",s,,0
D,d,c,OtherOrphanedOther,0
.,.,c,OtherOrphanedOther,1
",",",",s,,0
&,&,s,,0
Beechert,beechert,c,,0
",",",",s,,0
E,e,c,OtherOrphanedOther,0
.,.,s,OtherOrphanedOther,1
D,d,c,OtherOrphanedOther,0
.,.,s,OtherOrphanedOther,1
(,(,c,OtherOrphanedOther,0
Eds,eds,c,SpecialTopicsMiscellanyNeutral,0
.,.,c,,0
),),c,OtherOrphanedOther,0
.,.,s,,0
(,(,c,CitationReferenceNeutral,0
1993,1993,c,CitationReferenceNeutral,1
),),c,CitationReferenceNeutral,2
.,.,s,,0
Plantation,plantation,s,DescriptVisualNeutral,0
Workers,workers,c,CharTypesNeutral,0
:,:,s,,0
resistance,resistance,s,NegActsResist,0
and,and,s,OtherSyntacticComplexityOther,0
accommodation,accommodation,c,FacilitateAccommodatePos,0
.,.,s,,0
txt,txt,n,,0
-,-,s,,0
V,v,s,OtherOrphanedOther,0
Lal,lal,c,CharNamesNeutral,0
",",",",s,,0
B,b,c,OtherOrphanedOther,0
.,.,s,OtherOrphanedOther,1
(,(,c,CitationReferenceNeutral,0
2012,2012,c,CitationReferenceNeutral,1
),),c,CitationReferenceNeutral,2
.,.,s,,0
Chalo,chalo,s,,0
Jahaji,jahaji,c,,0
:,:,s,,0
On,on,s,NarrDurationNeutral,0
a,a,s,NarrDurationNeutral,1
journey,journey,s,NarrDurationNeutral,2
through,through,s,OtherOrphanedOther,0
indenture,indenture,s,PubLawNeutral,0
in,in,s,OtherOrphanedOther,0
Fiji,fiji,c,SpecialTopicsPlaceNeutral,0
.,.,s,,0
txt,txt,n,,0
-,-,s,,0
Ward,ward,c,SpecialTopicsPlaceNeutral,0
",",",",s,,0
A,a,c,OtherOrphanedOther,0
.,.,s,OtherOrphanedOther,1
(,(,c,CitationReferenceNeutral,0
2013,2013,c,CitationReferenceNeutral,1
),),c,CitationReferenceNeutral,2
.,.,s,,0
Assuming,assuming,s,ResponsibilityAcceptNeutral,0
the,the,s,ResponsibilityAcceptNeutral,1
burden,burden,s,ResponsibilityAcceptNeutral,2
of,of,s,OtherOrphanedOther,0
memory,memory,c,CharMentalStatesNeutral,0
:,:,s,,0
The,the,s,OtherOrphanedOther,0
translation,translation,s,SpecialTopicsMiscellanyNeutral,0
of,of,s,OtherOrphanedOther,0
Indian,indian,s,PubLawNeutral,0
indenture,indenture,s,PubLawNeutral,1
in,in,s,OtherOrphanedOther,0
Peggy,peggy,s,CharNamesNeutral,0
Mohan’s,mohan’s,s,,0
Jahajin,jahajin,c,,0
.,.,s,,0
txt,txt,n,,0
In,in,s,OtherOrphanedOther,0
the,the,s,OtherOrphanedOther,0
post-colonial,post-colonial,s,SpecialTopicsMiscellanyNeutral,0
context,context,s,ContingentEventNeutral,0
of,of,s,ContingentEventNeutral,1
Suriname,suriname,c,SpecialTopicsPlaceNeutral,0
",",",",s,,0
the,the,s,OtherOrphanedOther,0
politics,politics,s,PubPoliticsNeutral,0
of,of,s,OtherOrphanedOther,0
identity,identity,s,SpecialTopicsMiscellanyNeutral,0
for,for,s,OtherOrphanedOther,0
diasporic,diasporic,s,SpecialTopicsMiscellanyNeutral,0
communities,communities,c,SpecialTopicsMiscellanyNeutral,1
",",",",s,,0
particularly,particularly,s,ExpoSpecificationNeutral,0
those,those,s,ExpoSpecificationNeutral,1
of,of,s,OtherOrphanedOther,0
indentured,indentured,s,PubLawNeutral,0
Indian,indian,s,CharTypesNeutral,0
descent,descent,s,CharTypesNeutral,1
(,(,c,OtherOrphanedOther,0
referred,referred,s,NarrActsNeutral,0
to,to,s,NarrActsNeutral,1
as,as,s,NarrActsNeutral,2
Hindustanis,hindustanis,s,,0
in,in,s,OtherOrphanedOther,0
Suriname,suriname,c,SpecialTopicsPlaceNeutral,0
),),c,OtherOrphanedOther,0
",",",",s,,0
operates,operates,s,OtherOrphanedOther,0
within,within,s,MetadiscourseOtherNeutral,0
a,a,s,MetadiscourseOtherNeutral,1
framework,framework,s,MetadiscourseOtherNeutral,2
of,of,s,MetadiscourseOtherNeutral,3
multiculturalism,multiculturalism,s,SpecialTopicsMiscellanyNeutral,0
and,and,s,OtherSyntacticComplexityOther,0
ethnic,ethnic,s,SpecialTopicsMiscellanyNeutral,0
consociationalism,consociationalism,c,,0
.,.,s,,0
Suriname's,suriname's,s,,0
history,history,s,NarrOtherNeutral,0
of,of,s,NarrOtherNeutral,1
ethnic,ethnic,s,SpecialTopicsMiscellanyNeutral,0
diversity,diversity,c,SpecialTopicsMiscellanyNeutral,1
",",",",s,,0
driven,driven,s,NarrSceneShiftNeutral,0
by,by,s,NarrSceneShiftNeutral,1
the,the,s,OtherOrphanedOther,0
importation,importation,s,NarrSceneShiftNeutral,0
of,of,s,OtherOrphanedOther,0
labor,labor,s,SpecialTopicsMiscellanyNeutral,0
from,from,s,OtherOrphanedOther,0
various,various,s,SpecialTopicsMiscellanyNeutral,0
global,global,s,SpecialTopicsMiscellanyNeutral,0
regions,regions,c,SpecialTopicsPlaceNeutral,0
",",",",s,,0
has,has,s,NarrActsNeutral,0
resulted,resulted,s,ReasoningOtherNeutral,0
in,in,s,ReasoningOtherNeutral,1
a,a,s,ReasoningOtherNeutral,2
complex,complex,s,SpecialTopicsMiscellanyNeutral,0
interplay,interplay,s,OtherOrphanedOther,0
of,of,s,OtherOrphanedOther,0
identities,identities,s,,0
in,in,s,OtherOrphanedOther,0
the,the,s,OtherOrphanedOther,0
nation-state,nation-state,c,PubAdministrationNeutral,0
.,.,s,,0
For,for,s,OtherOrphanedOther,0
diasporic,diasporic,s,SpecialTopicsMiscellanyNeutral,0
communities,communities,c,SpecialTopicsMiscellanyNeutral,1
",",",",s,,0
identity,identity,s,SpecialTopicsMiscellanyNeutral,0
politics,politics,s,PubPoliticsNeutral,0
involve,involve,s,NarrActsNeutral,0
balancing,balancing,s,PosValuesBalanced,0
the,the,s,PosValuesBalanced,1
retention,retention,s,PosValuesBalanced,2
of,of,s,OtherSyntacticComplexityOther,0
their,their,s,OtherSyntacticComplexityOther,1
unique,unique,s,ForcefulEmphaticNeutral,0
cultural,cultural,s,SpecialTopicsMiscellanyNeutral,0
heritage,heritage,s,NarrOtherNeutral,0
with,with,s,OtherOrphanedOther,0
integration,integration,s,SpecialTopicsMiscellanyNeutral,0
into,into,s,DescriptChangeNeutral,0
the,the,s,DescriptChangeNeutral,1
broader,broader,s,ExpoComparisonNeutral,0
Surinamese,surinamese,s,CharTypesNeutral,0
society,society,c,PubAdministrationNeutral,0
.,.,n,,0
#,#,s,,0
#,#,s,,0
#,#,c,,0
,,c,,0
#,#,s,,0
#,#,s,,0
#,#,s,,0
Identity,identity,s,SpecialTopicsMiscellanyNeutral,0
Politics,politics,s,PubPoliticsNeutral,0
for,for,s,OtherOrphanedOther,0
Diasporic,diasporic,s,SpecialTopicsMiscellanyNeutral,0
Communities,communities,s,SpecialTopicsMiscellanyNeutral,1
in,in,s,OtherOrphanedOther,0
Suriname,suriname,n,SpecialTopicsPlaceNeutral,0
1,1,c,ExpoOtherNeutral,0
.,.,s,ExpoOtherNeutral,1
*,*,s,,0
*,*,s,,0
Ethnicity,ethnicity,s,SpecialTopicsMiscellanyNeutral,0
and,and,s,OtherSyntacticComplexityOther,0
Multiculturalism,multiculturalism,c,SpecialTopicsMiscellanyNeutral,0
:,:,s,,0
*,*,s,,0
*,*,n,,0
Suriname,suriname,s,SpecialTopicsPlaceNeutral,0
is,is,s,ExpoSpecificationNeutral,0
characterized,characterized,s,ExpoSpecificationNeutral,1
by,by,s,ExpoSpecificationNeutral,2
its,its,s,OtherOrphanedOther,0
plural,plural,s,SpecialTopicsMiscellanyNeutral,0
society,society,s,PubAdministrationNeutral,0
where,where,s,OtherOrphanedOther,0
multiple,multiple,s,SpecialTopicsMiscellanyNeutral,0
ethnic,ethnic,s,SpecialTopicsMiscellanyNeutral,0
groups,groups,c,SpecialTopicsMiscellanyNeutral,0
",",",",s,ExpoExampleNeutral,0
such,such,s,ExpoExampleNeutral,1
as,as,s,ExpoExampleNeutral,2
Hindustanis,hindustanis,c,,0
",",",",s,,0
Creoles,creoles,c,SpecialTopicsMiscellanyNeutral,0
",",",",s,,0
Javanese,javanese,c,SpecialTopicsPlaceNeutral,0
",",",",s,,0
and,and,s,OtherSyntacticComplexityOther,0
Maroons,maroons,c,DescriptVisualNeutral,0
",",",",s,,0
coexist,coexist,c,CharTypesNeutral,0
.,.,s,,0
Each,each,s,ExpoOtherNeutral,0
group,group,s,SpecialTopicsMiscellanyNeutral,0
maintains,maintains,s,NarrDurationNeutral,0
distinct,distinct,s,ExpoComparisonNeutral,0
cultural,cultural,s,SpecialTopicsMiscellanyNeutral,0
identities,identities,c,SpecialTopicsMiscellanyNeutral,1
.,.,s,,0
Ethnic,ethnic,s,SpecialTopicsMiscellanyNeutral,0
identities,identities,s,,0
are,are,s,OtherOrphanedOther,0
celebrated,celebrated,s,PosEmotionsCelebrate,0
and,and,s,OtherSyntacticComplexityOther,0
preserved,preserved,s,OtherOrphanedOther,0
through,through,s,OtherOrphanedOther,0
cultural,cultural,s,NarrOtherNeutral,0
traditions,traditions,c,NarrOtherNeutral,1
",",",",s,,0
religious,religious,s,CharTraitsNeutral,0
practices,practices,c,OtherOrphanedGenericActivity,0
",",",",s,,0
and,and,s,OtherSyntacticComplexityOther,0
social,social,s,PubAdministrationNeutral,0
institutions,institutions,c,PubAdministrationNeutral,1
.,.,s,,0
The,the,s,OtherOrphanedOther,0
maintenance,maintenance,s,NarrDurationNeutral,0
of,of,s,NarrDurationNeutral,1
ethnic,ethnic,s,SpecialTopicsMiscellanyNeutral,0
boundaries,boundaries,s,SpecialTopicsMiscellanyNeutral,0
has,has,s,NarrOtherNeutral,0
been,been,s,NarrOtherNeutral,1
historically,historically,s,NarrOtherNeutral,2
influenced,influenced,s,NarrBiographyNeutral,0
by,by,s,NarrBiographyNeutral,1
colonial,colonial,s,PubAdministrationNeutral,0
policies,policies,c,PubAdministrationNeutral,1
",",",",s,OtherOrphanedOther,0
which,which,s,OtherOrphanedOther,1
promoted,promoted,s,NegRelDivision,0
division,division,s,NegRelDivision,1
as,as,s,OtherSyntacticComplexityOther,0
a,a,s,OtherSyntacticComplexityOther,1
means,means,s,OtherSyntacticComplexityOther,2
of,of,s,OtherSyntacticComplexityOther,3
control,control,c,StratCoordinationNeutral,0
.,.,n,,0
2,2,c,ExpoOtherNeutral,0
.,.,s,ExpoOtherNeutral,1
*,*,s,,0
*,*,s,,0
Consociationalism,consociationalism,s,,0
and,and,s,OtherSyntacticComplexityOther,0
Power,power,s,SpecialTopicsMiscellanyNeutral,0
Sharing,sharing,c,OtherOrphanedOther,0
:,:,s,,0
*,*,s,,0
*,*,n,,0
The,the,s,OtherOrphanedOther,0
political,political,s,PubPoliticsNeutral,0
landscape,landscape,s,PubPoliticsNeutral,1
in,in,s,OtherOrphanedOther,0
Suriname,suriname,s,SpecialTopicsPlaceNeutral,0
is,is,s,NarrDurationNeutral,0
often,often,s,NarrDurationNeutral,1
described,described,s,SpecialTopicsMiscellanyNeutral,0
through,through,s,OtherOrphanedOther,0
the,the,s,OtherOrphanedOther,0
lens,lens,s,SpecialTopicsMiscellanyNeutral,0
of,of,s,OtherOrphanedOther,0
apanjaht,apanjaht,s,,0
consociationalism,consociationalism,c,,0
.,.,s,,0
This,this,s,OtherOrphanedOther,0
system,system,s,SpecialTopicsMiscellanyNeutral,0
encourages,encourages,s,FacilitateEncouragePos,0
power-sharing,power-sharing,s,PubAdministrationNeutral,0
among,among,s,OtherOrphanedOther,0
ethnic,ethnic,s,SpecialTopicsMiscellanyNeutral,0
elites,elites,s,ForcefulEmphaticNeutral,0
and,and,s,OtherSyntacticComplexityOther,0
affects,affects,s,CharSubjectivityNeutral,0
how,how,s,OtherOrphanedOther,0
identities,identities,s,,0
are,are,s,StratActsNeutral,0
mobilized,mobilized,s,StratActsNeutral,1
politically,politically,c,PubPoliticsNeutral,0
.,.,s,,0
Despite,despite,s,MetadiscourseContrastNeutral,0
the,the,s,OtherOrphanedOther,0
plurality,plurality,c,PubAdministrationNeutral,0
",",",",s,,0
political,political,s,PubPoliticsNeutral,0
parties,parties,s,PubPoliticsNeutral,1
tend,tend,s,ConfidenceHedgedNeutral,0
to,to,s,ConfidenceHedgedNeutral,1
align,align,s,ConfidenceHedgedNeutral,2
with,with,s,OtherOrphanedOther,0
ethnic,ethnic,s,SpecialTopicsMiscellanyNeutral,0
lines,lines,c,OtherOrphanedOther,0
",",",",s,,0
reinforcing,reinforcing,s,DescriptChangePos,0
the,the,s,DescriptChangePos,1
importance,importance,s,ForcefulSignificantNeutral,0
of,of,s,OtherOrphanedOther,0
ethnic,ethnic,s,SpecialTopicsMiscellanyNeutral,0
identity,identity,s,SpecialTopicsMiscellanyNeutral,0
in,in,s,OtherOrphanedOther,0
political,political,s,PubPoliticsNeutral,0
participation,participation,s,PubPoliticsNeutral,1
and,and,s,OtherSyntacticComplexityOther,0
public,public,s,PubAdministrationNeutral,0
life,life,c,PubAdministrationNeutral,1
.,.,n,,0
3,3,c,ExpoOtherNeutral,0
.,.,s,ExpoOtherNeutral,1
*,*,s,,0
*,*,s,,0
Cultural,cultural,s,SpecialTopicsMiscellanyNeutral,0
Integration,integration,s,SpecialTopicsMiscellanyNeutral,0
versus,versus,s,StratCompetitionNeg,0
Assimilation,assimilation,c,DescriptChangeNeutral,0
:,:,s,,0
*,*,s,,0
*,*,n,,0
While,while,s,DescriptVisualNeutral,0
there,there,s,DescriptVisualNeutral,1
is,is,s,OtherOrphanedOther,0
a,a,s,OtherOrphanedOther,0
vibrant,vibrant,s,ForcefulEnergizedPos,0
Hindustani,hindustani,s,,0
cultural,cultural,s,SpecialTopicsMiscellanyNeutral,0
presence,presence,s,SpecialTopicsMiscellanyNeutral,1
that,that,s,OtherOrphanedOther,0
persists,persists,s,CharTraitsNeutral,0
in,in,s,CharTraitsNeutral,1
Suriname,suriname,c,SpecialTopicsPlaceNeutral,0
",",",",s,,0
characterized,characterized,s,ExpoSpecificationNeutral,0
by,by,s,ExpoSpecificationNeutral,1
the,the,s,ExpoSpecificationNeutral,2
use,use,s,SpecialTopicsMiscellanyNeutral,0
of,of,s,SpecialTopicsMiscellanyNeutral,1
the,the,s,OtherOrphanedOther,0
Sarnami,sarnami,s,,0
language,language,c,SpecialTopicsMiscellanyNeutral,0
",",",",s,,0
Indian,indian,s,CharTypesNeutral,0
festivals,festivals,c,PosEmotionsFestive,0
",",",",s,,0
and,and,s,OtherSyntacticComplexityOther,0
religious,religious,s,CharTraitsNeutral,0
practices,practices,c,OtherOrphanedGenericActivity,0
",",",",s,,0
full,full,s,SpecialTopicsMiscellanyNeutral,0
cultural,cultural,s,SpecialTopicsMiscellanyNeutral,0
integration,integration,s,SpecialTopicsMiscellanyNeutral,0
remains,remains,s,NarrDurationNeutral,0
complex,complex,c,SpecialTopicsMiscellanyNeutral,0
.,.,s,,0
Segregated,segregated,s,NarrSceneShiftNeutral,0
living,living,s,NarrBiographyNeutral,0
patterns,patterns,s,OtherOrphanedOther,0
and,and,s,OtherSyntacticComplexityOther,0
low,low,s,SpecialTopicsMiscellanyNeutral,0
inter-ethnic,inter-ethnic,s,SpecialTopicsMiscellanyNeutral,0
marriage,marriage,s,SpecialTopicsMiscellanyNeutral,0
rates,rates,s,SpecialTopicsMiscellanyNeutral,1
indicate,indicate,s,ReasoningOtherNeutral,0
that,that,s,ReasoningOtherNeutral,1
complete,complete,s,ForcefulEmphaticNeutral,0
assimilation,assimilation,s,DescriptChangeNeutral,0
into,into,s,DescriptChangeNeutral,0
a,a,s,DescriptChangeNeutral,1
singular,singular,s,ExpoOtherNeutral,0
Surinamese,surinamese,s,CharTypesNeutral,0
identity,identity,s,SpecialTopicsMiscellanyNeutral,0
has,has,s,NegEmotionsUnfulfilled,0
not,not,s,NegEmotionsUnfulfilled,1
been,been,s,NegEmotionsUnfulfilled,2
achieved,achieved,c,NegEmotionsUnfulfilled,3
.,.,s,,0
Instead,instead,c,MetadiscourseOtherNeutral,0
",",",",s,MetadiscourseOtherNeutral,1
Nor,nor,s,MetadiscourseContrastNeutral,0
have,have,s,MetadiscourseContrastNeutral,1
Hindustanis,hindustanis,s,,0
fully,fully,s,ForcefulIntenseNeutral,0
assimilated,assimilated,s,DescriptChangeNeutral,0
into,into,s,DescriptChangeNeutral,1
the,the,s,OtherOrphanedOther,0
dominant,dominant,s,StratCompetitionNeutral,0
Creole,creole,s,SpecialTopicsMiscellanyNeutral,0
or,or,s,OtherSyntacticComplexityOther,0
national,national,s,SpecialTopicsMiscellanyNeutral,0
culture,culture,c,SpecialTopicsMiscellanyNeutral,1
.,.,s,,0
This,this,s,ReasoningConcludeNeutral,0
reflects,reflects,s,ReasoningConcludeNeutral,1
a,a,s,OtherOrphanedOther,0
broader,broader,s,NarrOtherNeutral,0
trend,trend,s,NarrOtherNeutral,1
in,in,s,OtherOrphanedOther,0
Suriname,suriname,s,SpecialTopicsPlaceNeutral,0
where,where,s,OtherOrphanedOther,0
pluralism,pluralism,s,PubAdministrationNeutral,0
rather,rather,s,ExpoOtherNeutral,0
than,than,s,ExpoOtherNeutral,1
assimilation,assimilation,s,DescriptChangeNeutral,0
defines,defines,s,ExpoDefinitionNeutral,0
the,the,s,ExpoDefinitionNeutral,1
social,social,s,PubAdministrationNeutral,0
fabric,fabric,c,PubAdministrationNeutral,1
.,.,n,,0
4,4,c,ExpoOtherNeutral,0
.,.,s,ExpoOtherNeutral,1
*,*,s,,0
*,*,s,,0
Nationalism,nationalism,s,PubAdministrationNeutral,0
and,and,s,OtherSyntacticComplexityOther,0
Ethnic,ethnic,s,SpecialTopicsMiscellanyNeutral,0
Identity,identity,c,SpecialTopicsMiscellanyNeutral,0
:,:,s,,0
*,*,s,,0
*,*,n,,0
Surinamese,surinamese,s,CharTypesNeutral,0
nationalism,nationalism,s,PubAdministrationNeutral,0
has,has,s,NarrActsNeutral,0
struggled,struggled,s,CharTraitsNeg,0
to,to,s,CharTraitsNeg,1
unify,unify,s,CharTraitsNeg,2
the,the,s,OtherOrphanedOther,0
various,various,s,SpecialTopicsMiscellanyNeutral,0
ethnic,ethnic,s,SpecialTopicsMiscellanyNeutral,0
groups,groups,s,SpecialTopicsMiscellanyNeutral,0
under,under,s,DescriptVisualNeutral,0
a,a,s,DescriptVisualNeutral,1
singular,singular,s,ExpoOtherNeutral,0
national,national,s,PubAdministrationNeutral,0
narrative,narrative,c,SpecialTopicsMiscellanyNeutral,0
.,.,s,,0
Instead,instead,c,MetadiscourseOtherNeutral,0
",",",",s,MetadiscourseOtherNeutral,1
nationalist,nationalist,s,SpecialTopicsMiscellanyNeutral,0
discourse,discourse,s,SpecialTopicsMiscellanyNeutral,1
often,often,s,NarrDurationNeutral,0
defaults,defaults,s,NegEmotionsOther,0
to,to,s,NegEmotionsOther,1
a,a,s,OtherOrphanedOther,0
Creole-based,creole-based,s,,0
understanding,understanding,c,InquiryLearningNeutral,0
",",",",s,OtherOrphanedOther,0
which,which,s,OtherOrphanedOther,1
is,is,s,CharMentalStatesNeutral,0
perceived,perceived,s,CharMentalStatesNeutral,1
as,as,s,OtherOrphanedOther,0
exclusionary,exclusionary,s,NegRelExclude,0
by,by,s,OtherOrphanedOther,0
non-Creole,non-creole,s,,0
groups,groups,s,ExpoExampleNeutral,0
like,like,s,ExpoExampleNeutral,1
the,the,s,OtherOrphanedOther,0
Hindustanis,hindustanis,c,,0
.,.,s,,0
Thus,thus,c,ReasoningConcludeNeutral,0
",",",",s,ReasoningConcludeNeutral,0
for,for,s,ReasoningConcludeNeutral,1
many,many,s,ExpoOtherNeutral,0
Hindustanis,hindustanis,c,,0
",",",",s,,0
national,national,s,PubAdministrationNeutral,0
identity,identity,s,SpecialTopicsMiscellanyNeutral,0
is,is,s,OtherOrphanedOther,0
dual-faceted,dual-faceted,c,,0
",",",",s,,0
involving,involving,s,NarrActsNeutral,0
both,both,s,MetadiscourseOtherNeutral,0
a,a,s,MetadiscourseOtherNeutral,1
sense,sense,s,PosEmotionsOther,0
of,of,s,PosEmotionsOther,1
belonging,belonging,s,PosEmotionsOther,2
to,to,s,OtherOrphanedOther,0
the,the,s,OtherOrphanedOther,0
Surinamese,surinamese,s,CharTypesNeutral,0
state,state,s,OtherOrphanedOther,0
and,and,s,OtherSyntacticComplexityOther,0
an,an,s,OtherSyntacticComplexityOther,1
adherence,adherence,s,PosRelAccept,0
to,to,s,PosRelAccept,1
ethnic,ethnic,s,NarrOtherNeutral,0
traditions,traditions,c,NarrOtherNeutral,1
.,.,n,,0
5,5,c,ExpoOtherNeutral,0
.,.,s,ExpoOtherNeutral,1
*,*,s,,0
*,*,s,,0
Challenges,challenges,s,CharTraitsNeutral,0
of,of,s,OtherOrphanedOther,0
Representation,representation,s,SpecialTopicsMiscellanyNeutral,0
and,and,s,OtherSyntacticComplexityOther,0
Recognition,recognition,c,,0
:,:,s,,0
*,*,s,,0
*,*,n,,0
The,the,s,OtherOrphanedOther,0
Hindustani,hindustani,s,,0
community,community,s,SpecialTopicsMiscellanyNeutral,0
has,has,s,NarrOtherNeutral,0
historically,historically,s,NarrOtherNeutral,1
been,been,s,NarrOtherNeutral,2
underrepresented,underrepresented,s,NegActsPrefixUnder,0
in,in,s,OtherOrphanedOther,0
political,political,s,PubPoliticsNeutral,0
leadership,leadership,c,PubPoliticsNeutral,1
",",",",s,,0
often,often,s,NarrDurationNeutral,0
playing,playing,s,OtherOrphanedOther,0
“,",c,,0
second,second,s,NegValuesInferior,0
fiddle,fiddle,c,NegValuesInferior,1
”,",s,,0
to,to,s,OtherOrphanedOther,0
the,the,s,OtherOrphanedOther,0
Creole,creole,s,SpecialTopicsMiscellanyNeutral,0
group,group,c,SpecialTopicsMiscellanyNeutral,0
.,.,s,,0
Despite,despite,s,MetadiscourseContrastNeutral,0
this,this,c,MetadiscourseContrastNeutral,1
",",",",s,,0
Hindustanis,hindustanis,s,,0
have,have,s,DescriptChangeNeutral,0
developed,developed,s,DescriptChangeNeutral,1
strong,strong,s,PosValuesStrong,0
communal,communal,s,SpecialTopicsMiscellanyNeutral,0
and,and,s,OtherSyntacticComplexityOther,0
cultural,cultural,s,SpecialTopicsMiscellanyNeutral,0
networks,networks,s,SpecialTopicsMiscellanyNeutral,1
within,within,s,OtherOrphanedOther,0
Suriname,suriname,c,SpecialTopicsPlaceNeutral,0
",",",",s,,0
maintaining,maintaining,s,NarrDurationNeutral,0
ties,ties,s,OtherOrphanedOther,0
with,with,s,OtherOrphanedOther,0
other,other,s,,0
Hindustani,hindustani,s,,0
diasporic,diasporic,s,SpecialTopicsMiscellanyNeutral,0
communities,communities,c,SpecialTopicsMiscellanyNeutral,1
",",",",s,,0
and,and,s,OtherSyntacticComplexityOther,0
supporting,supporting,s,PosRelOther,0
education,education,s,SpecialTopicsMiscellanyNeutral,0
and,and,s,OtherSyntacticComplexityOther,0
economic,economic,s,SpecialTopicsMiscellanyNeutral,0
advancement,advancement,s,SpecialTopicsMiscellanyNeutral,1
for,for,s,FutureOtherNeutral,0
future,future,s,FutureOtherNeutral,1
generations,generations,c,SpecialTopicsMiscellanyNeutral,0
.,.,n,,0
6,6,c,ExpoOtherNeutral,0
.,.,s,ExpoOtherNeutral,1
*,*,s,,0
*,*,s,,0
Resistance,resistance,s,NegActsResist,0
to,to,s,OtherOrphanedOther,0
Nationalism,nationalism,c,PubAdministrationNeutral,0
:,:,s,,0
*,*,s,,0
*,*,n,,0
Identity,identity,s,SpecialTopicsMiscellanyNeutral,0
politics,politics,s,PubPoliticsNeutral,0
in,in,s,OtherOrphanedOther,0
Suriname,suriname,s,SpecialTopicsPlaceNeutral,0
often,often,s,NarrDurationNeutral,0
involve,involve,s,ReasoningOtherNeutral,0
a,a,s,ReasoningOtherNeutral,1
resistance,resistance,s,NegActsResist,0
to,to,s,OtherOrphanedOther,0
the,the,s,OtherOrphanedOther,0
Creole-dominated,creole-dominated,s,StratCompetitionNeutral,0
nationalism,nationalism,c,PubAdministrationNeutral,0
.,.,s,,0
The,the,s,DescriptChangeNeutral,0
rise,rise,s,DescriptChangeNeutral,1
of,of,s,DescriptChangeNeutral,2
apanjaht,apanjaht,s,,0
discourses,discourses,c,SpecialTopicsMiscellanyNeutral,0
",",",",s,,0
focused,focused,s,CharMentalStatesPos,0
on,on,s,CharMentalStatesPos,1
power-sharing,power-sharing,s,PubAdministrationNeutral,0
and,and,s,OtherSyntacticComplexityOther,0
ethnic,ethnic,s,SpecialTopicsMiscellanyNeutral,0
group,group,s,SpecialTopicsMiscellanyNeutral,0
recognition,recognition,c,,0
",",",",s,,0
counteracts,counteracts,s,NegRelCounteract,0
pressures,pressures,s,NegRelCounteract,1
to,to,s,OtherOrphanedOther,0
homogenize,homogenize,s,DescriptChangeNeutral,0
into,into,s,DescriptChangeNeutral,0
a,a,s,DescriptChangeNeutral,1
singular,singular,s,ExpoOtherNeutral,0
national,national,s,PubAdministrationNeutral,0
identity,identity,c,SpecialTopicsMiscellanyNeutral,0
.,.,s,,0
This,this,s,OtherOrphanedOther,0
resistance,resistance,s,NegActsResist,0
is,is,s,NegActsResist,0
not,not,s,NegActsResist,1
oriented,oriented,s,OtherOrphanedOther,0
towards,towards,s,OtherSyntacticComplexityOther,0
separatism,separatism,s,SpecialTopicsMiscellanyNeutral,0
but,but,s,MetadiscourseContrastNeutral,0
rather,rather,s,MetadiscourseContrastNeutral,1
towards,towards,s,OtherSyntacticComplexityOther,0
ensuring,ensuring,s,ConfidenceHighNeutral,0
that,that,s,ConfidenceHighNeutral,1
ethnic,ethnic,s,SpecialTopicsMiscellanyNeutral,0
identities,identities,s,,0
are,are,s,OtherOrphanedOther,0
acknowledged,acknowledged,s,PosRelAcknowledgement,0
and,and,s,OtherSyntacticComplexityOther,0
respected,respected,s,PosRelRespect,0
within,within,s,OtherOrphanedOther,0
the,the,s,OtherOrphanedOther,0
political,political,s,PubPoliticsNeutral,0
system,system,c,PubPoliticsNeutral,1
.,.,n,,0
#,#,s,,0
#,#,s,,0
#,#,c,,0
,,c,,0
#,#,s,,0
#,#,s,,0
#,#,s,,0
Affinity,affinity,s,DescriptVisualNeutral,0
of,of,s,DescriptVisualNeutral,1
Indentured,indentured,s,PubLawNeutral,0
Indians,indians,n,CharTypesNeutral,0
Considering,considering,s,CharTraitsNeutral,0
the,the,s,CharTraitsNeutral,1
above,above,s,OtherOrphanedOther,0
dynamics,dynamics,c,ForcefulEnergizedNeutral,0
",",",",s,,0
the,the,s,OtherOrphanedOther,0
indentured,indentured,s,PubLawNeutral,0
Indians,indians,s,CharTypesNeutral,0
in,in,s,OtherOrphanedOther,0
Suriname,suriname,s,SpecialTopicsPlaceNeutral,0
find,find,s,OtherOrphanedOther,0
affinity,affinity,s,PosRelCommunalTies,0
in,in,s,OtherOrphanedOther,0
multiple,multiple,s,SpecialTopicsMiscellanyNeutral,0
layers,layers,s,DescriptVisualNeutral,0
of,of,s,DescriptVisualNeutral,1
identity,identity,c,SpecialTopicsMiscellanyNeutral,0
.,.,s,NarrActsNeutral,0
They,they,s,NarrActsNeutral,1
retain,retain,s,NarrActsNeutral,0
a,a,s,NarrActsNeutral,1
strong,strong,s,PosRelGreatPartnership,0
connection,connection,s,PosRelGreatPartnership,1
to,to,s,OtherOrphanedOther,0
their,their,s,CharNamesNeutral,0
Indian,indian,s,CharTypesNeutral,0
roots,roots,c,CharTypesNeutral,1
",",",",s,,0
cultural,cultural,s,SpecialTopicsMiscellanyNeutral,0
practices,practices,c,OtherOrphanedGenericActivity,0
",",",",s,,0
and,and,s,OtherSyntacticComplexityOther,0
familial,familial,s,SpecialTopicsMiscellanyNeutral,0
networks,networks,c,SpecialTopicsMiscellanyNeutral,1
.,.,s,,0
This,this,s,OtherOrphanedOther,0
connection,connection,s,SpecialTopicsMiscellanyNeutral,0
is,is,s,NegActsResist,0
not,not,s,NegActsResist,1
implied,implied,s,ReasoningImplyNeutral,0
as,as,s,OtherOrphanedOther,0
a,a,s,OtherOrphanedOther,1
direct,direct,s,StratActsNeutral,0
link,link,s,SpecialTopicsMiscellanyNeutral,0
to,to,s,OtherOrphanedOther,0
the,the,s,CharTypesNeutral,0
Indian,indian,s,CharTypesNeutral,1
nation-state,nation-state,s,PubAdministrationNeutral,0
per,per,s,OtherSyntacticComplexityOther,0
se,se,s,OtherSyntacticComplexityOther,1
but,but,s,MetadiscourseContrastNeutral,0
to,to,s,MetadiscourseContrastNeutral,1
the,the,s,OtherOrphanedOther,0
cultural,cultural,s,SpecialTopicsMiscellanyNeutral,0
heritage,heritage,s,NarrOtherNeutral,0
that,that,s,NarrOtherNeutral,0
has,has,s,NarrOtherNeutral,1
been,been,s,NarrOtherNeutral,2
preserved,preserved,s,OtherOrphanedOther,0
over,over,s,OtherOrphanedOther,0
generations,generations,c,SpecialTopicsMiscellanyNeutral,0
.,.,s,,0
Simultaneously,simultaneously,c,NarrSimultaneityNeutral,0
",",",",s,SpecialTopicsMiscellanyNeutral,0
their,their,s,SpecialTopicsMiscellanyNeutral,1
identity,identity,s,SpecialTopicsMiscellanyNeutral,0
as,as,s,OtherOrphanedOther,0
Surinamese,surinamese,s,CharTypesNeutral,0
citizens,citizens,s,PubAdministrationNeutral,0
is,is,s,OtherOrphanedOther,0
shaped,shaped,s,OtherOrphanedOther,0
by,by,s,OtherOrphanedOther,1
the,the,s,OtherOrphanedOther,2
multicultural,multicultural,s,SpecialTopicsMiscellanyNeutral,0
and,and,s,OtherSyntacticComplexityOther,0
multiethnic,multiethnic,s,SpecialTopicsMiscellanyNeutral,0
environment,environment,s,SpecialTopicsMiscellanyNeutral,0
of,of,s,OtherOrphanedOther,0
Suriname,suriname,c,SpecialTopicsPlaceNeutral,0
.,.,n,,0
In,in,s,NarrSequenceNeutral,0
summary,summary,c,NarrSequenceNeutral,1
",",",",s,NarrSequenceNeutral,2
the,the,s,OtherOrphanedOther,0
politics,politics,s,PubPoliticsNeutral,0
of,of,s,OtherOrphanedOther,0
identity,identity,s,SpecialTopicsMiscellanyNeutral,0
for,for,s,OtherOrphanedOther,0
Hindustani,hindustani,s,,0
communities,communities,s,SpecialTopicsMiscellanyNeutral,0
in,in,s,OtherOrphanedOther,0
Suriname,suriname,s,SpecialTopicsPlaceNeutral,0
is,is,s,PubDiplomacyNeutral,0
a,a,s,PubDiplomacyNeutral,1
negotiation,negotiation,s,PubDiplomacyNeutral,2
between,between,s,OtherOrphanedOther,0
preserving,preserving,s,OtherOrphanedOther,0
ethnic,ethnic,s,SpecialTopicsMiscellanyNeutral,0
heritage,heritage,s,NarrOtherNeutral,0
and,and,s,OtherSyntacticComplexityOther,0
integrating,integrating,s,DescriptChangeNeutral,0
into,into,s,DescriptChangeNeutral,1
the,the,s,OtherOrphanedOther,0
Surinamese,surinamese,s,CharTypesNeutral,0
multicultural,multicultural,s,SpecialTopicsMiscellanyNeutral,0
national,national,s,DescriptObjectsNeutral,0
fabric,fabric,c,DescriptObjectsNeutral,1
.,.,s,,0
While,while,s,NarrDurationNeutral,0
the,the,s,NarrDurationNeutral,1
affinity,affinity,s,PosRelCommunalTies,0
with,with,s,PosRelCommunalTies,1
Indian,indian,s,SpecialTopicsMiscellanyNeutral,0
culture,culture,s,SpecialTopicsMiscellanyNeutral,1
remains,remains,s,NarrDurationNeutral,0
significant,significant,c,ForcefulSignificantNeutral,0
",",",",s,,0
the,the,s,OtherOrphanedOther,0
dynamics,dynamics,s,ForcefulEnergizedNeutral,0
of,of,s,OtherOrphanedOther,0
Surinamese,surinamese,s,CharTypesNeutral,0
society,society,s,InterCommandNeutral,0
demand,demand,s,InterCommandNeutral,1
a,a,s,OtherOrphanedOther,0
reconstructed,reconstructed,s,DescriptChangePos,0
identity,identity,s,SpecialTopicsMiscellanyNeutral,0
that,that,s,OtherOrphanedOther,0
respects,respects,s,PosRelRespect,0
both,both,s,OtherSyntacticComplexityOther,0
past,past,s,SpecialTopicsMiscellanyNeutral,0
heritage,heritage,s,NarrOtherNeutral,0
and,and,s,OtherSyntacticComplexityOther,0
present,present,s,SpecialTopicsMiscellanyNeutral,0
home,home,c,SpecialTopicsPlaceNeutral,0
.,.,n,,0
Sources,sources,s,SpecialTopicsMiscellanyNeutral,0
used,used,c,NarrActsNeutral,0
:,:,n,,0
-,-,s,,0
Buddingh,buddingh,c,,0
’,',c,,0
",",",",s,,0
H,h,c,OtherOrphanedOther,0
.,.,s,OtherOrphanedOther,1
(,(,c,CitationReferenceNeutral,0
1995,1995,c,CitationReferenceNeutral,1
),),c,CitationReferenceNeutral,2
.,.,s,,0
A,a,s,OtherOrphanedOther,0
history,history,s,NarrOtherNeutral,0
of,of,s,NarrOtherNeutral,1
Suriname,suriname,c,SpecialTopicsPlaceNeutral,0
.,.,s,,0
txt,txt,n,,0
-,-,s,,0
Fat,fat,c,CharTypesNeutral,0
",",",",s,,0
P,p,c,OtherOrphanedOther,0
.,.,s,OtherOrphanedOther,1
B,b,c,OtherOrphanedOther,0
.,.,s,OtherOrphanedOther,1
T,t,c,OtherOrphanedOther,0
.,.,s,OtherOrphanedOther,1
S,s,c,OtherOrphanedOther,0
.,.,s,OtherOrphanedOther,1
(,(,c,CitationReferenceNeutral,0
2009,2009,c,CitationReferenceNeutral,1
),),c,CitationReferenceNeutral,2
.,.,s,,0
Chinese,chinese,s,CharTypesNeutral,0
new,new,s,NarrImmediacyNeutral,0
migrants,migrants,s,NarrSceneShiftNeutral,0
in,in,s,OtherOrphanedOther,0
Suriname,suriname,c,SpecialTopicsPlaceNeutral,0
.,.,s,,0
txt,txt,n,,0
-,-,s,,0
Hassankhan,hassankhan,c,,0
",",",",s,,0
M,m,c,OtherOrphanedOther,0
.,.,s,OtherOrphanedOther,1
S,s,c,OtherOrphanedOther,0
.,.,c,OtherOrphanedOther,1
",",",",s,,0
Roopnarine,roopnarine,c,,0
",",",",s,,0
L,l,c,OtherOrphanedOther,0
.,.,c,OtherOrphanedOther,1
",",",",s,,0
White,white,c,DescriptVisualNeutral,0
",",",",s,,0
C,c,c,OtherOrphanedOther,0
.,.,c,OtherOrphanedOther,1
",",",",s,,0
&,&,s,,0
Mahase,mahase,c,,0
",",",",s,,0
R,r,c,OtherOrphanedOther,0
.,.,s,OtherOrphanedOther,1
(,(,c,OtherOrphanedOther,0
Eds,eds,c,SpecialTopicsMiscellanyNeutral,0
.,.,c,,0
),),c,OtherOrphanedOther,0
.,.,s,,0
(,(,c,OtherOrphanedOther,0
2016,2016,c,CitationReferenceNeutral,0
),),c,CitationReferenceNeutral,1
.,.,s,,0
Legacy,legacy,s,PubAdministrationNeutral,0
of,of,s,PubAdministrationNeutral,1
Slavery,slavery,s,NegRelServility,0
and,and,s,OtherSyntacticComplexityOther,0
Indentured,indentured,s,PubLawNeutral,0
Labour,labour,c,,0
.,.,s,,0
txt,txt,n,,0
-,-,s,,0
Hegde,hegde,c,,0
",",",",s,,0
R,r,c,OtherOrphanedOther,0
.,.,s,OtherOrphanedOther,1
S,s,c,OtherOrphanedOther,0
.,.,c,OtherOrphanedOther,1
",",",",s,,0
&,&,s,,0
Sahoo,sahoo,c,,0
",",",",s,,0
A,a,c,OtherOrphanedOther,0
.,.,s,OtherOrphanedOther,1
K,k,c,OtherOrphanedOther,0
.,.,s,OtherOrphanedOther,1
(,(,c,OtherOrphanedOther,0
Eds,eds,c,SpecialTopicsMiscellanyNeutral,0
.,.,c,,0
),),c,OtherOrphanedOther,0
.,.,s,,0
(,(,c,OtherOrphanedOther,0
2018,2018,c,CitationReferenceNeutral,0
),),c,CitationReferenceNeutral,1
.,.,s,,0
Routledge,routledge,s,CharNamesNeutral,0
handbook,handbook,s,PubAdministrationNeutral,0
of,of,s,PubAdministrationNeutral,1
the,the,s,CharTypesNeutral,0
Indian,indian,s,CharTypesNeutral,1
diaspora,diaspora,c,SpecialTopicsMiscellanyNeutral,0
.,.,s,,0
txt,txt,n,,0
-,-,s,,0
Hoefte,hoefte,c,,0
",",",",s,,0
R,r,c,OtherOrphanedOther,0
.,.,s,OtherOrphanedOther,1
(,(,c,CitationReferenceNeutral,0
2013,2013,c,CitationReferenceNeutral,1
),),c,CitationReferenceNeutral,2
.,.,s,,0
Suriname,suriname,s,SpecialTopicsPlaceNeutral,0
in,in,s,OtherOrphanedOther,0
the,the,s,OtherOrphanedOther,0
long,long,s,DescriptVisualNeutral,0
twentieth,twentieth,s,NarrDurationNeutral,0
century,century,c,NarrDurationNeutral,1
:,:,s,,0
domination,domination,c,StratCompetitionNeutral,0
",",",",s,,0
contestation,contestation,c,StratCompetitionNeutral,0
",",",",s,,0
globalization,globalization,c,SpecialTopicsMiscellanyNeutral,0
.,.,s,,0
txt,txt,n,,0
-,-,s,,0
Hyles,hyles,c,,0
",",",",s,,0
J,j,c,OtherOrphanedOther,0
.,.,s,OtherOrphanedOther,1
R,r,c,OtherOrphanedOther,0
.,.,s,OtherOrphanedOther,1
(,(,c,CitationReferenceNeutral,0
2013,2013,c,CitationReferenceNeutral,1
),),c,CitationReferenceNeutral,2
.,.,s,,0
Guiana,guiana,s,SpecialTopicsPlaceNeutral,0
and,and,s,OtherSyntacticComplexityOther,0
the,the,s,OtherSyntacticComplexityOther,1
Shadows,shadows,s,DescriptVisualNeutral,0
of,of,s,OtherOrphanedOther,0
Empire,empire,c,PubAdministrationNeutral,0
.,.,s,,0
txt,txt,n,,0
-,-,s,,0
Khan,khan,c,CharTypesNeutral,0
",",",",s,,0
A,a,c,OtherOrphanedOther,0
.,.,s,OtherOrphanedOther,1
(,(,c,OtherOrphanedOther,0
2021,2021,c,NarrDurationNeutral,0
),),c,OtherOrphanedOther,0
.,.,s,,0
The,the,s,OtherOrphanedOther,0
Deepest,deepest,s,DescriptObjectsNeutral,0
Dye,dye,c,DescriptObjectsNeutral,1
:,:,s,,0
Obeah,obeah,c,SpecialTopicsMiscellanyNeutral,0
",",",",s,,0
Hosay,hosay,c,,0
",",",",s,,0
and,and,s,OtherSyntacticComplexityOther,0
Race,race,s,DescriptMotionNeutral,0
in,in,s,DescriptVisualNeutral,0
the,the,s,DescriptVisualNeutral,1
Atlantic,atlantic,s,DescriptVisualNeutral,2
World,world,c,SpecialTopicsPlaceNeutral,0
.,.,s,,0
txt,txt,n,,0
-,-,s,,0
Kumar,kumar,c,CharNamesNeutral,0
",",",",s,,0
A,a,c,OtherOrphanedOther,0
.,.,c,OtherOrphanedOther,1
",",",",s,,0
&,&,s,,0
Bates,bates,c,DescriptMotionNeutral,0
",",",",s,,0
C,c,c,OtherOrphanedOther,0
.,.,s,OtherOrphanedOther,1
(,(,c,OtherOrphanedOther,0
Eds,eds,c,SpecialTopicsMiscellanyNeutral,0
.,.,c,,0
),),c,OtherOrphanedOther,0
.,.,s,,0
(,(,c,OtherOrphanedOther,0
2024,2024,c,NarrDurationNeutral,0
),),c,OtherOrphanedOther,0
.,.,s,,0
Girmitiyas,girmitiyas,s,,0
and,and,s,OtherSyntacticComplexityOther,0
the,the,s,OtherSyntacticComplexityOther,1
Global,global,s,SpecialTopicsMiscellanyNeutral,0
Indian,indian,s,CharTypesNeutral,0
Diaspora,diaspora,c,SpecialTopicsMiscellanyNeutral,0
:,:,s,,0
Origins,origins,c,NarrSequenceNeutral,0
",",",",s,,0
Memories,memories,c,CharMentalStatesNeutral,0
",",",",s,,0
and,and,s,OtherSyntacticComplexityOther,0
Identity,identity,c,SpecialTopicsMiscellanyNeutral,0
.,.,s,,0
txt,txt,n,,0
-,-,s,,0
Neus,neus,c,,0
",",",",s,,0
H,h,c,OtherOrphanedOther,0
.,.,s,OtherOrphanedOther,1
(,(,c,OtherOrphanedOther,0
2022,2022,c,CitationReferenceNeutral,0
),),c,CitationReferenceNeutral,1
.,.,s,,0
Collective,collective,s,PubCognitionNeutral,0
Memory,memory,c,PubCognitionNeutral,1
",",",",s,,0
Identity,identity,s,SpecialTopicsMiscellanyNeutral,0
and,and,s,OtherSyntacticComplexityOther,0
the,the,s,OtherSyntacticComplexityOther,1
Legacies,legacies,s,PubAdministrationNeutral,0
of,of,s,PubAdministrationNeutral,1
Slavery,slavery,s,NegRelServility,0
and,and,s,OtherSyntacticComplexityOther,0
Indenture,indenture,c,PubLawNeutral,0
.,.,s,,0
txt,txt,e,,0
